CustomerID,Churn,Tenure,Gender,HourSpendOnApp,SatisfactionScore,MaritalStatus,NumberOfAddress,Complain,CouponUsed,OrderCount,DaySinceLastOrder,CashbackAmount,Gender_encoded,MaritalStatus_encoded,recency_risk,order_rate,low_order_flag,cashback_per_month,coupon_usage_rate,low_engagement,dissatisfied,engagement_score,churn_risk_score
50001,1,4.0,Female,3.0,2,Single,9,1,1.0,1.0,5.0,159.93,0,2,0,0.2,1,31.986,0.5,0,1,2.6,0.45
50002,1,9.0,Male,3.0,3,Single,7,1,0.0,1.0,0.0,120.9,1,2,0,0.1,1,12.09,0.0,0,1,2.3000000000000003,0.45
50003,1,9.0,Male,2.0,3,Single,6,1,0.0,1.0,3.0,120.28,1,2,0,0.1,1,12.028,0.0,0,1,1.8000000000000003,0.45
50004,1,0.0,Male,2.0,5,Single,8,0,0.0,1.0,3.0,134.07,1,2,0,1.0,1,134.07,0.0,0,0,2.0,0.25
50005,1,0.0,Male,3.0,5,Single,3,0,1.0,1.0,3.0,129.6,1,2,0,1.0,1,129.6,0.5,0,0,2.0,0.25
50006,1,0.0,Female,3.0,5,Single,2,1,4.0,6.0,7.0,139.19,0,2,0,6.0,0,139.19,0.5714285714285714,0,1,4.200000000000001,0.2
50007,1,9.0,Male,2.0,2,Divorced,4,0,0.0,1.0,0.0,120.86,1,0,0,0.1,1,12.086,0.0,0,1,1.6,0.45
50008,1,9.0,Male,3.0,2,Divorced,3,1,2.0,2.0,0.0,122.93,1,0,0,0.2,1,12.293000000000001,0.6666666666666666,0,1,2.5,0.45
50009,1,13.0,Male,3.0,3,Divorced,2,1,0.0,1.0,2.0,126.83,1,0,0,0.07142857142857142,1,9.059285714285714,0.0,0,1,1.8,0.45
50010,1,9.0,Male,2.0,3,Single,2,0,1.0,1.0,1.0,122.93,1,2,0,0.1,1,12.293000000000001,0.5,0,0,1.5000000000000002,0.25
50011,1,4.0,Female,2.0,3,Divorced,2,0,9.0,15.0,8.0,295.45,0,0,0,3.0,0,59.089999999999996,0.5625,0,0,7.9,0.0
50012,1,11.0,Male,3.0,3,Single,10,1,0.0,1.0,0.0,153.81,1,2,0,0.08333333333333333,1,12.8175,0.0,0,1,2.6,0.45
50013,1,0.0,Male,2.0,3,Single,2,1,2.0,2.0,2.0,134.41,1,2,0,2.0,1,134.41,0.6666666666666666,0,1,2.0,0.45
50014,1,0.0,Male,3.0,3,Divorced,1,1,0.0,1.0,0.0,133.88,1,0,0,1.0,1,133.88,0.0,0,1,1.7000000000000002,0.45
50015,1,9.0,Male,3.0,2,Single,2,0,0.0,4.0,7.0,196.19,1,2,0,0.4,0,19.619,0.0,0,1,3.0000000000000004,0.2
50016,1,9.0,Male,3.0,5,Married,5,1,1.0,1.0,2.0,120.73,1,1,0,0.1,1,12.073,0.5,0,1,2.2,0.45
50017,1,0.0,Female,3.0,2,Single,2,1,1.0,1.0,0.0,129.26,0,2,0,1.0,1,129.26,0.5,0,1,1.9000000000000001,0.45
50018,1,0.0,Male,2.0,3,Single,2,1,1.0,1.0,3.0,157.44,1,2,0,1.0,1,157.44,0.5,0,1,1.5000000000000002,0.45
50019,1,0.0,Male,3.0,3,Single,2,1,1.0,1.0,6.0,160.74,1,2,0,1.0,1,160.74,0.5,0,1,1.9000000000000001,0.45
50020,1,19.0,Female,3.0,4,Divorced,10,1,1.0,4.0,3.0,149.63,0,0,0,0.2,0,7.4815,0.2,0,1,3.9000000000000004,0.2
50021,1,0.0,Male,3.0,3,Divorced,5,1,6.0,7.0,7.0,161.72,1,0,0,7.0,0,161.72,0.75,0,1,5.1,0.2
50022,1,20.0,Female,3.0,2,Divorced,2,0,11.0,15.0,6.0,203.12,0,0,0,0.7142857142857143,0,9.672380952380953,0.6875,0,1,8.5,0.2
50023,1,9.0,Male,2.0,3,Single,2,1,0.0,1.0,0.0,116.75,1,2,0,0.1,1,11.675,0.0,0,1,1.4000000000000001,0.45
50024,1,0.0,Female,3.0,3,Divorced,4,1,1.0,2.0,2.0,145.59,0,0,0,2.0,1,145.59,0.3333333333333333,0,1,2.5,0.45
50025,1,14.0,Male,2.0,2,Single,3,0,0.0,1.0,3.0,206.5,1,2,0,0.06666666666666667,1,13.766666666666667,0.0,0,1,1.5000000000000002,0.45
50026,1,0.0,Female,2.0,5,Single,8,0,1.0,1.0,4.0,142.0,0,2,0,1.0,1,142.0,0.5,0,0,2.1,0.25
50027,0,8.0,Male,3.0,4,Divorced,2,0,1.0,1.0,6.0,172.95,1,0,0,0.1111111111111111,1,19.216666666666665,0.5,0,0,1.9000000000000001,0.25
50028,0,9.0,Male,2.0,3,Divorced,3,1,0.0,4.0,5.0,123.06,1,0,0,0.4,0,12.306000000000001,0.0,0,1,2.7,0.2
50029,0,18.0,Male,2.0,4,Married,9,0,1.0,1.0,15.0,123.48,1,1,1,0.05263157894736842,1,6.498947368421053,0.5,0,0,2.2,0.55
50030,0,5.0,Female,2.0,2,Single,2,0,2.0,3.0,7.0,189.98,0,2,0,0.5,0,31.66333333333333,0.5,0,1,2.4000000000000004,0.2
50031,0,2.0,Male,2.0,3,Divorced,2,0,0.0,1.0,9.0,143.19,1,0,0,0.3333333333333333,1,47.73,0.0,0,0,1.4000000000000001,0.25
50032,0,0.0,Male,2.0,3,Divorced,3,0,1.0,1.0,0.0,161.32,1,0,0,1.0,1,161.32,0.5,0,0,1.6000000000000003,0.25
50033,0,30.0,Female,3.0,4,Divorced,5,1,1.0,1.0,0.0,133.46,0,0,0,0.03225806451612903,1,4.305161290322581,0.5,0,1,2.2,0.45
50034,0,13.0,Male,3.0,2,Divorced,8,0,2.0,2.0,11.0,208.55,1,0,1,0.14285714285714285,1,14.896428571428572,0.6666666666666666,0,1,3.0,0.75
50035,0,9.0,Female,3.0,3,Divorced,7,0,1.0,1.0,2.0,122.31,0,0,0,0.1,1,12.231,0.5,0,0,2.4000000000000004,0.25
50036,0,0.0,Male,3.0,2,Divorced,2,0,0.0,2.0,2.0,123.23,1,0,0,2.0,1,123.23,0.0,0,1,2.2,0.45
50037,0,9.0,Male,2.0,4,Married,7,0,0.0,2.0,2.0,120.24,1,1,0,0.2,1,12.024,0.0,0,0,2.3000000000000003,0.25
50038,0,1.0,Male,3.0,2,Divorced,2,0,0.0,1.0,2.0,127.13,1,0,0,0.5,1,63.565,0.0,0,1,1.8,0.45
50039,0,30.0,Male,2.0,2,Married,4,1,1.0,1.0,4.0,194.39,1,1,0,0.03225806451612903,1,6.2706451612903225,0.5,0,1,1.7000000000000002,0.45
50040,0,0.0,Male,3.0,3,Married,2,1,0.0,1.0,1.0,125.66,1,1,0,1.0,1,125.66,0.0,0,1,1.8,0.45
50041,0,23.0,Female,2.0,4,Single,4,0,2.0,4.0,4.0,299.26,0,2,0,0.16666666666666666,0,12.469166666666666,0.4,0,0,3.0000000000000004,0.0
50042,0,14.0,Male,2.0,3,Married,5,0,1.0,1.0,8.0,124.51,1,1,0,0.06666666666666667,1,8.300666666666666,0.5,0,0,1.8000000000000003,0.25
50043,0,3.0,Female,2.0,2,Divorced,3,0,2.0,7.0,4.0,194.19,0,0,0,1.75,0,48.5475,0.25,0,1,4.1000000000000005,0.2
50044,0,11.0,Female,2.0,2,Single,5,0,1.0,1.0,1.0,186.86,0,2,0,0.08333333333333333,1,15.571666666666667,0.5,0,1,1.8000000000000003,0.45
50045,0,5.0,Male,3.0,3,Single,4,0,0.0,1.0,4.0,130.38,1,2,0,0.16666666666666666,1,21.73,0.0,0,0,2.0,0.25
50046,0,0.0,Male,3.0,4,Divorced,1,1,1.0,1.0,1.0,130.58,1,0,0,1.0,1,130.58,0.5,0,1,1.8000000000000003,0.45
50047,1,0.0,Female,3.0,5,Single,1,0,1.0,1.0,0.0,123.25,0,2,0,1.0,1,123.25,0.5,0,0,1.8000000000000003,0.25
50048,0,9.0,Male,1.0,4,Single,5,0,4.0,7.0,2.0,120.88,1,2,0,0.7,0,12.088,0.5,1,0,4.1000000000000005,0.25
50049,0,3.0,Male,3.0,5,Married,2,0,0.0,6.0,10.0,130.72,1,1,0,1.5,0,32.68,0.0,0,0,3.8000000000000007,0.0
50050,0,18.0,Female,1.0,5,Married,5,1,0.0,1.0,3.0,150.06,0,1,0,0.05263157894736842,1,7.8978947368421055,0.0,1,1,1.3,0.7
50051,0,29.0,Female,3.0,5,Married,5,1,1.0,2.0,2.0,142.57,0,1,0,0.06666666666666667,1,4.7523333333333335,0.3333333333333333,0,1,2.6,0.45
50052,0,6.0,Male,2.0,2,Single,1,0,0.0,1.0,2.0,125.0,1,2,0,0.14285714285714285,1,17.857142857142858,0.0,0,1,1.3000000000000003,0.45
50053,1,0.0,Male,2.0,2,Single,2,0,0.0,1.0,0.0,111.02,1,2,0,1.0,1,111.02,0.0,0,1,1.4000000000000001,0.45
50054,0,19.0,Female,3.0,5,Married,2,0,4.0,15.0,7.0,204.53,0,1,0,0.75,0,10.2265,0.25,0,0,7.800000000000001,0.0
50055,0,9.0,Female,3.0,2,Single,2,0,1.0,2.0,1.0,122.88,0,2,0,0.2,1,12.288,0.3333333333333333,0,1,2.3000000000000003,0.45
50056,0,4.0,Female,3.0,2,Divorced,9,1,1.0,1.0,2.0,139.29,0,0,0,0.2,1,27.857999999999997,0.5,0,1,2.6,0.45
50057,0,9.0,Female,3.0,4,Single,3,0,1.0,1.0,2.0,123.11,0,2,0,0.1,1,12.311,0.5,0,0,2.0,0.25
50058,1,4.0,Female,3.0,4,Single,2,1,0.0,1.0,2.0,131.4,0,2,0,0.2,1,26.28,0.0,0,1,1.8,0.45
50059,0,23.0,Male,2.0,3,Divorced,3,0,0.0,1.0,2.0,136.9,1,0,0,0.041666666666666664,1,5.704166666666667,0.0,0,0,1.5000000000000002,0.25
50060,0,26.0,Female,2.0,5,Married,2,0,1.0,1.0,3.0,144.5,0,1,0,0.037037037037037035,1,5.351851851851852,0.5,0,0,1.5000000000000002,0.25
50061,0,6.0,Female,3.0,4,Divorced,2,0,0.0,1.0,6.0,127.56,0,0,0,0.14285714285714285,1,18.222857142857144,0.0,0,0,1.8,0.25
50062,0,13.0,Female,2.0,3,Divorced,2,0,1.0,9.0,9.0,290.33,0,0,0,0.6428571428571429,0,20.73785714285714,0.1,0,0,4.7,0.0
50063,0,28.0,Male,3.0,4,Single,9,0,1.0,2.0,15.0,287.22,1,2,1,0.06896551724137931,1,9.904137931034484,0.3333333333333333,0,0,3.0,0.55
50064,0,7.0,Male,2.0,3,Divorced,2,0,0.0,1.0,9.0,195.47,1,0,0,0.125,1,24.43375,0.0,0,0,1.4000000000000001,0.25
50065,0,24.0,Female,3.0,4,Single,4,0,0.0,2.0,0.0,237.34,0,2,0,0.08,1,9.4936,0.0,0,0,2.4,0.25
50066,0,25.0,Male,3.0,3,Divorced,1,0,1.0,11.0,9.0,299.99,1,0,0,0.4230769230769231,0,11.538076923076924,0.08333333333333333,0,0,5.8,0.0
50067,0,9.0,Female,2.0,4,Single,2,0,1.0,1.0,3.0,122.79,0,2,0,0.1,1,12.279,0.5,0,0,1.5000000000000002,0.25
50068,1,0.0,Male,2.0,3,Divorced,4,1,1.0,1.0,1.0,159.16,1,0,0,1.0,1,159.16,0.5,0,1,1.7000000000000002,0.45
50069,0,9.0,Male,2.0,2,Married,5,0,0.0,2.0,2.0,120.89,1,1,0,0.2,1,12.089,0.0,0,1,2.1,0.45
50070,0,18.0,Male,3.0,2,Divorced,10,0,1.0,11.0,8.0,267.92,1,0,0,0.5789473684210527,0,14.101052631578948,0.08333333333333333,0,1,6.7,0.2
50071,0,10.0,Male,3.0,5,Divorced,2,1,0.0,1.0,7.0,135.64,1,0,0,0.09090909090909091,1,12.33090909090909,0.0,0,1,1.8,0.45
50072,0,8.0,Female,2.0,4,Single,6,0,1.0,1.0,2.0,144.25,0,2,0,0.1111111111111111,1,16.02777777777778,0.5,0,0,1.9000000000000004,0.25
50073,0,15.0,Female,2.0,3,Married,3,0,0.0,1.0,2.0,152.65,0,1,0,0.0625,1,9.540625,0.0,0,0,1.5000000000000002,0.25
50074,0,11.0,Male,2.0,3,Divorced,10,0,0.0,1.0,0.0,165.53,1,0,0,0.08333333333333333,1,13.794166666666667,0.0,0,0,2.2,0.25
50075,0,11.0,Male,2.0,2,Divorced,4,0,0.0,1.0,7.0,162.61,1,0,0,0.08333333333333333,1,13.550833333333335,0.0,0,1,1.6,0.45
50076,0,0.0,Male,2.0,5,Divorced,6,0,0.0,2.0,0.0,142.98,1,0,0,2.0,1,142.98,0.0,0,0,2.2,0.25
50077,0,22.0,Male,3.0,2,Married,2,1,0.0,1.0,7.0,168.04,1,1,0,0.043478260869565216,1,7.306086956521739,0.0,0,1,1.8,0.45
50078,0,7.0,Male,2.0,3,Married,2,1,2.0,2.0,0.0,138.15,1,1,0,0.25,1,17.26875,0.6666666666666666,0,1,2.0,0.45
50079,0,13.0,Male,3.0,2,Divorced,9,1,1.0,3.0,7.0,127.41,1,0,0,0.21428571428571427,0,9.100714285714286,0.25,0,1,3.4000000000000004,0.2
50080,1,1.0,Male,3.0,5,Divorced,8,1,0.0,1.0,0.0,166.73,1,0,0,0.5,1,83.365,0.0,0,1,2.4000000000000004,0.45
50081,1,0.0,Female,2.0,2,Divorced,2,0,1.0,1.0,9.0,176.39,0,0,0,1.0,1,176.39,0.5,0,1,1.5000000000000002,0.45
50082,0,0.0,Male,2.0,4,Married,2,1,0.0,2.0,2.0,123.28,1,1,0,2.0,1,123.28,0.0,0,1,1.8,0.45
50083,0,9.0,Female,3.0,2,Single,2,0,1.0,1.0,7.0,121.53,0,2,0,0.1,1,12.153,0.5,0,1,1.9000000000000001,0.45
50084,0,13.0,Male,3.0,2,Divorced,10,0,1.0,1.0,2.0,148.76,1,0,0,0.07142857142857142,1,10.625714285714285,0.5,0,1,2.7,0.45
50085,0,19.0,Male,3.0,5,Married,8,0,0.0,1.0,3.0,193.96,1,1,0,0.05,1,9.698,0.0,0,0,2.4000000000000004,0.25
50086,1,0.0,Male,2.0,2,Divorced,2,0,7.0,9.0,8.0,204.0,1,0,0,9.0,0,204.0,0.7,0,1,5.300000000000001,0.2
50087,0,3.0,Male,2.0,3,Single,2,0,2.0,5.0,8.0,184.74,1,2,0,1.25,0,46.185,0.3333333333333333,0,0,3.2,0.0
50088,0,0.0,Female,2.0,3,Single,2,0,1.0,1.0,7.0,199.81,0,2,0,1.0,1,199.81,0.5,0,0,1.5000000000000002,0.25
50089,0,24.0,Male,2.0,4,Divorced,6,0,1.0,4.0,3.0,224.9,1,0,0,0.16,0,8.996,0.2,0,0,3.1000000000000005,0.0
50090,1,0.0,Female,2.0,5,Single,6,1,1.0,1.0,4.0,126.57,0,2,0,1.0,1,126.57,0.5,0,1,1.9000000000000004,0.45
50091,0,14.0,Female,3.0,2,Single,4,1,0.0,2.0,0.0,235.91,0,2,0,0.13333333333333333,1,15.727333333333332,0.0,0,1,2.4,0.45
50092,1,0.0,Female,2.0,5,Single,6,0,0.0,1.0,1.0,166.96,0,2,0,1.0,1,166.96,0.0,0,0,1.8000000000000003,0.25
50093,1,9.0,Male,2.0,3,Single,1,0,0.0,1.0,5.0,120.58,1,2,0,0.1,1,12.058,0.0,0,0,1.3000000000000003,0.25
50094,0,18.0,Female,2.0,2,Single,7,0,12.0,12.0,8.0,188.65,0,2,0,0.631578947368421,0,9.928947368421053,0.9230769230769231,0,1,7.500000000000001,0.2
50095,0,27.0,Female,2.0,5,Divorced,3,0,1.0,1.0,5.0,159.4,0,0,0,0.03571428571428571,1,5.692857142857143,0.5,0,0,1.6000000000000003,0.25
50096,0,9.0,Male,3.0,4,Single,9,0,0.0,3.0,7.0,159.14,1,2,0,0.3,0,15.913999999999998,0.0,0,0,3.3000000000000003,0.0
50097,0,6.0,Female,2.0,4,Divorced,7,0,0.0,1.0,1.0,126.22,0,0,0,0.14285714285714285,1,18.03142857142857,0.0,0,0,1.9000000000000004,0.25
50098,0,10.0,Male,2.0,2,Married,2,1,0.0,1.0,3.0,221.85,1,1,0,0.09090909090909091,1,20.168181818181818,0.0,0,1,1.4000000000000001,0.45
50099,0,11.0,Male,3.0,3,Married,1,0,1.0,5.0,13.0,206.09,1,1,1,0.4166666666666667,0,17.174166666666668,0.16666666666666666,0,0,3.4000000000000004,0.3
50100,0,4.0,Male,2.0,3,Divorced,1,0,1.0,1.0,4.0,143.45,1,0,0,0.2,1,28.689999999999998,0.5,0,0,1.4000000000000004,0.25
50101,0,9.0,Male,3.0,2,Divorced,4,0,0.0,1.0,0.0,121.77,1,0,0,0.1,1,12.177,0.0,0,1,2.0,0.45
50102,0,10.0,Male,2.0,2,Married,5,0,1.0,5.0,8.0,0.0,1,1,0,0.45454545454545453,0,0.0,0.16666666666666666,0,1,3.4,0.2
50103,0,2.0,Female,2.0,2,Divorced,2,0,4.0,4.0,1.0,179.18,0,0,0,1.3333333333333333,0,59.72666666666667,0.8,0,1,3.0000000000000004,0.2
50104,0,8.0,Female,3.0,3,Single,2,0,1.0,1.0,8.0,187.89,0,2,0,0.1111111111111111,1,20.876666666666665,0.5,0,0,1.9000000000000001,0.25
50105,1,0.0,Male,2.0,2,Single,2,1,0.0,1.0,1.0,123.89,1,2,0,1.0,1,123.89,0.0,0,1,1.4000000000000001,0.45
50106,0,25.0,Female,2.0,2,Single,8,0,0.0,2.0,2.0,132.12,0,2,0,0.07692307692307693,1,5.081538461538462,0.0,0,1,2.4000000000000004,0.45
50107,0,15.0,Male,2.0,2,Divorced,2,0,0.0,11.0,15.0,292.32,1,0,1,0.6875,0,18.27,0.0,0,1,5.4,0.5
50108,0,9.0,Male,2.0,3,Divorced,9,0,2.0,2.0,2.0,122.67,1,0,0,0.2,1,12.267,0.6666666666666666,0,0,2.7,0.25
50109,0,23.0,Female,3.0,2,Married,4,0,1.0,1.0,6.0,295.17,0,1,0,0.041666666666666664,1,12.29875,0.5,0,1,2.1,0.45
50110,1,0.0,Male,2.0,2,Divorced,6,1,0.0,1.0,4.0,124.36,1,0,0,1.0,1,124.36,0.0,0,1,1.8000000000000003,0.45
50111,0,16.0,Female,3.0,2,Divorced,6,1,0.0,2.0,9.0,260.64,0,0,0,0.11764705882352941,1,15.331764705882351,0.0,0,1,2.6,0.45
50112,1,0.0,Female,3.0,5,Divorced,8,0,1.0,1.0,7.0,127.07,0,0,0,1.0,1,127.07,0.5,0,0,2.5000000000000004,0.25
50113,0,25.0,Male,3.0,3,Single,2,1,1.0,15.0,12.0,290.68,1,2,1,0.5769230769230769,0,11.18,0.0625,0,1,7.5,0.5
50114,0,5.0,Female,2.0,4,Divorced,3,0,1.0,1.0,2.0,139.31,0,0,0,0.16666666666666666,1,23.218333333333334,0.5,0,0,1.6000000000000003,0.25
50115,1,0.0,Male,3.0,3,Single,1,1,1.0,1.0,2.0,137.3,1,2,0,1.0,1,137.3,0.5,0,1,1.8000000000000003,0.45
50116,0,9.0,Female,3.0,3,Married,8,0,0.0,1.0,2.0,122.32,0,1,0,0.1,1,12.232,0.0,0,0,2.4000000000000004,0.25
50117,0,5.0,Male,3.0,2,Divorced,1,0,1.0,2.0,2.0,144.65,1,0,0,0.3333333333333333,1,24.108333333333334,0.3333333333333333,0,1,2.2,0.45
50118,0,14.0,Male,3.0,5,Married,3,0,1.0,1.0,0.0,130.72,1,1,0,0.06666666666666667,1,8.714666666666666,0.5,0,0,2.0,0.25
50119,0,13.0,Male,3.0,2,Married,2,0,2.0,4.0,7.0,133.19,1,1,0,0.2857142857142857,0,9.513571428571428,0.4,0,1,3.2000000000000006,0.2
50120,0,18.0,Male,3.0,2,Divorced,1,0,1.0,1.0,7.0,292.02,1,0,0,0.05263157894736842,1,15.369473684210526,0.5,0,1,1.8000000000000003,0.45
50121,0,4.0,Male,3.0,3,Married,10,0,1.0,2.0,2.0,236.75,1,1,0,0.4,1,47.35,0.3333333333333333,0,0,3.1,0.25
50122,0,6.0,Female,3.0,2,Divorced,2,0,0.0,1.0,2.0,129.11,0,0,0,0.14285714285714285,1,18.444285714285716,0.0,0,1,1.8,0.45
50123,0,7.0,Male,2.0,5,Divorced,7,0,0.0,5.0,9.0,159.57,1,0,0,0.625,0,19.94625,0.0,0,0,3.5,0.0
50124,0,10.0,Female,2.0,5,Divorced,3,0,1.0,1.0,2.0,139.2,0,0,0,0.09090909090909091,1,12.654545454545454,0.5,0,0,1.6000000000000003,0.25
50125,0,18.0,Male,3.0,3,Divorced,5,0,0.0,1.0,2.0,164.34,1,0,0,0.05263157894736842,1,8.649473684210527,0.0,0,0,2.1,0.25
50126,1,0.0,Male,3.0,3,Married,7,0,1.0,1.0,0.0,200.48,1,1,0,1.0,1,200.48,0.5,0,0,2.4000000000000004,0.25
50127,0,12.0,Female,3.0,3,Single,1,0,10.0,11.0,3.0,209.38,0,2,0,0.8461538461538461,0,16.106153846153845,0.8333333333333334,0,0,6.7,0.0
50128,0,2.0,Male,2.0,2,Single,2,0,0.0,1.0,5.0,123.4,1,2,0,0.3333333333333333,1,41.13333333333333,0.0,0,1,1.4000000000000001,0.45
50129,0,15.0,Female,2.0,5,Single,4,1,0.0,1.0,2.0,165.45,0,2,0,0.0625,1,10.340625,0.0,0,1,1.6,0.45
50130,0,2.0,Male,2.0,2,Married,3,0,1.0,1.0,2.0,169.31,1,1,0,0.3333333333333333,1,56.43666666666667,0.5,0,1,1.6000000000000003,0.45
50131,0,0.0,Female,3.0,3,Divorced,1,0,1.0,1.0,2.0,148.98,0,0,0,1.0,1,148.98,0.5,0,0,1.8000000000000003,0.25
50132,0,15.0,Female,2.0,5,Married,1,1,4.0,7.0,8.0,125.93,0,1,0,0.4375,0,7.870625,0.5,0,1,4.1000000000000005,0.2
50133,0,13.0,Male,2.0,3,Married,1,0,0.0,3.0,9.0,294.36,1,1,0,0.21428571428571427,0,21.025714285714287,0.0,0,0,2.1,0.0
50134,0,24.0,Male,3.0,2,Divorced,2,0,1.0,1.0,0.0,127.23,1,0,0,0.04,1,5.0892,0.5,0,1,1.9000000000000001,0.45
50135,1,0.0,Male,3.0,4,Single,1,0,1.0,1.0,4.0,134.79,1,2,0,1.0,1,134.79,0.5,0,0,1.8000000000000003,0.25
50136,0,5.0,Male,3.0,4,Divorced,2,0,0.0,1.0,3.0,127.94,1,0,0,0.16666666666666666,1,21.323333333333334,0.0,0,0,1.8,0.25
50137,0,11.0,Male,2.0,2,Divorced,4,0,6.0,7.0,5.0,152.49,1,0,0,0.5833333333333334,0,12.707500000000001,0.75,0,1,4.600000000000001,0.2
50138,0,9.0,Male,2.0,5,Single,5,0,0.0,1.0,4.0,121.76,1,2,0,0.1,1,12.176,0.0,0,0,1.7000000000000002,0.25
50139,0,19.0,Female,3.0,4,Divorced,4,1,1.0,7.0,7.0,268.72,0,0,0,0.35,0,13.436000000000002,0.125,0,1,4.5,0.2
50140,1,0.0,Male,3.0,3,Single,3,0,1.0,1.0,0.0,134.85,1,2,0,1.0,1,134.85,0.5,0,0,2.0,0.25
50141,0,2.0,Male,3.0,4,Divorced,3,0,0.0,1.0,0.0,166.44,1,0,0,0.3333333333333333,1,55.48,0.0,0,0,1.9000000000000001,0.25
50142,0,4.0,Male,3.0,2,Divorced,1,0,1.0,7.0,8.0,155.82,1,0,0,1.4,0,31.163999999999998,0.125,0,1,4.199999999999999,0.2
50143,0,0.0,Male,2.0,5,Married,2,0,1.0,1.0,5.0,140.0,1,1,0,1.0,1,140.0,0.5,0,0,1.5000000000000002,0.25
50144,0,18.0,Male,3.0,2,Divorced,1,1,0.0,2.0,10.0,234.96,1,0,0,0.10526315789473684,1,12.366315789473685,0.0,0,1,2.1,0.45
50145,0,9.0,Male,2.0,2,Divorced,1,0,4.0,10.0,11.0,132.1,1,0,1,1.0,0,13.209999999999999,0.36363636363636365,0,1,5.3,0.5
50146,0,28.0,Male,2.0,5,Single,1,1,1.0,4.0,13.0,290.45,1,2,1,0.13793103448275862,0,10.01551724137931,0.2,0,1,2.6000000000000005,0.5
50147,1,10.0,Male,2.0,4,Divorced,2,1,5.0,9.0,3.0,218.49,1,0,0,0.8181818181818182,0,19.862727272727273,0.5,0,1,5.1000000000000005,0.2
50148,0,9.0,Male,3.0,2,Divorced,2,0,1.0,1.0,4.0,120.7,1,0,0,0.1,1,12.07,0.5,0,1,1.9000000000000001,0.45
50149,0,10.0,Male,3.0,2,Divorced,5,0,0.0,1.0,1.0,165.02,1,0,0,0.09090909090909091,1,15.001818181818182,0.0,0,1,2.1,0.45
50150,0,0.0,Male,3.0,3,Single,2,0,1.0,1.0,0.0,132.3,1,2,0,1.0,1,132.3,0.5,0,0,1.9000000000000001,0.25
50151,0,10.0,Female,0.0,2,Married,3,1,0.0,2.0,2.0,236.03,0,1,0,0.18181818181818182,1,21.457272727272727,0.0,1,1,1.1,0.7
50152,0,2.0,Female,3.0,4,Married,8,0,5.0,6.0,3.0,219.96,0,1,0,2.0,0,73.32000000000001,0.7142857142857143,0,0,4.9,0.0
50153,0,11.0,Female,2.0,5,Married,2,1,0.0,7.0,7.0,156.05,0,1,0,0.5833333333333334,0,13.004166666666668,0.0,0,1,3.8000000000000007,0.2
50154,0,0.0,Female,2.0,4,Married,2,0,0.0,1.0,4.0,163.97,0,1,0,1.0,1,163.97,0.0,0,0,1.4000000000000001,0.25
50155,0,23.0,Male,3.0,4,Married,4,0,1.0,1.0,6.0,291.44,1,1,0,0.041666666666666664,1,12.143333333333333,0.5,0,0,2.1,0.25
50156,0,26.0,Male,2.0,3,Divorced,4,1,1.0,1.0,3.0,275.84,1,0,0,0.037037037037037035,1,10.216296296296296,0.5,0,1,1.7000000000000002,0.45
50157,0,15.0,Male,2.0,3,Divorced,2,0,4.0,11.0,6.0,149.07,1,0,0,0.6875,0,9.316875,0.3333333333333333,0,0,5.800000000000001,0.0
50158,0,2.0,Male,2.0,2,Single,2,0,0.0,1.0,9.0,145.54,1,2,0,0.3333333333333333,1,48.51333333333333,0.0,0,1,1.4000000000000001,0.45
50159,0,28.0,Male,2.0,2,Divorced,4,1,1.0,1.0,8.0,154.15,1,0,0,0.034482758620689655,1,5.31551724137931,0.5,0,1,1.7000000000000002,0.45
50160,0,0.0,Male,2.0,5,Divorced,2,1,2.0,3.0,3.0,147.41,1,0,0,3.0,0,147.41,0.5,0,1,2.4000000000000004,0.2
50161,0,9.0,Female,2.0,2,Single,2,0,1.0,5.0,7.0,121.15,0,2,0,0.5,0,12.115,0.16666666666666666,0,1,3.1,0.2
50162,1,7.0,Male,3.0,3,Married,4,1,0.0,1.0,0.0,131.61,1,1,0,0.125,1,16.45125,0.0,0,1,2.0,0.45
50163,0,11.0,Male,2.0,2,Married,10,0,0.0,1.0,2.0,157.45,1,1,0,0.08333333333333333,1,13.120833333333332,0.0,0,1,2.2,0.45
50164,1,0.0,Male,2.0,4,Married,3,1,1.0,1.0,2.0,123.73,1,1,0,1.0,1,123.73,0.5,0,1,1.6000000000000003,0.45
50165,0,1.0,Female,3.0,2,Single,2,0,0.0,1.0,2.0,133.1,0,2,0,0.5,1,66.55,0.0,0,1,1.8,0.45
50166,0,22.0,Female,2.0,5,Single,10,1,1.0,1.0,2.0,286.65,0,2,0,0.043478260869565216,1,12.463043478260868,0.5,0,1,2.3000000000000003,0.45
50167,0,9.0,Male,1.0,4,Single,5,0,6.0,7.0,7.0,144.85,1,2,0,0.7,0,14.485,0.75,1,0,4.300000000000001,0.25
50168,0,4.0,Female,3.0,4,Married,2,0,0.0,2.0,2.0,127.89,0,1,0,0.4,1,25.578,0.0,0,0,2.2,0.25
50169,1,0.0,Male,2.0,2,Single,2,1,7.0,7.0,4.0,158.28,1,2,0,7.0,0,158.28,0.875,0,1,4.500000000000001,0.2
50170,0,10.0,Male,2.0,2,Divorced,2,1,0.0,1.0,2.0,123.26,1,0,0,0.09090909090909091,1,11.205454545454545,0.0,0,1,1.4000000000000001,0.45
50171,0,15.0,Female,3.0,4,Divorced,6,0,2.0,2.0,8.0,235.25,0,0,0,0.125,1,14.703125,0.6666666666666666,0,0,2.8000000000000003,0.25
50172,1,9.0,Male,2.0,3,Single,2,0,0.0,1.0,0.0,114.2,1,2,0,0.1,1,11.42,0.0,0,0,1.4000000000000001,0.25
50173,0,8.0,Male,3.0,4,Divorced,1,0,3.0,6.0,9.0,180.2,1,0,0,0.6666666666666666,0,20.022222222222222,0.42857142857142855,0,0,4.000000000000001,0.0
50174,0,9.0,Male,2.0,2,Divorced,5,0,0.0,1.0,0.0,136.88,1,0,0,0.1,1,13.687999999999999,0.0,0,1,1.7000000000000002,0.45
50175,0,24.0,Male,2.0,4,Married,6,0,0.0,1.0,2.0,154.82,1,1,0,0.04,1,6.1928,0.0,0,0,1.8000000000000003,0.25
50176,0,14.0,Male,2.0,4,Single,2,0,1.0,2.0,4.0,260.15,1,2,0,0.13333333333333333,1,17.34333333333333,0.3333333333333333,0,0,1.9000000000000001,0.25
50177,0,0.0,Female,3.0,3,Single,2,0,1.0,1.0,0.0,112.0,0,2,0,1.0,1,112.0,0.5,0,0,1.9000000000000001,0.25
50178,0,1.0,Male,3.0,5,Single,1,0,0.0,1.0,7.0,156.61,1,2,0,0.5,1,78.305,0.0,0,0,1.7000000000000002,0.25
50179,0,4.0,Male,3.0,2,Divorced,5,0,3.0,7.0,7.0,169.29,1,0,0,1.4,0,33.858,0.375,0,1,4.8,0.2
50180,0,12.0,Male,2.0,2,Married,1,0,3.0,3.0,7.0,196.13,1,1,0,0.23076923076923078,0,15.086923076923076,0.75,0,1,2.4000000000000004,0.2
50181,0,9.0,Female,2.0,4,Divorced,8,0,0.0,1.0,8.0,156.74,0,0,0,0.1,1,15.674000000000001,0.0,0,0,2.0,0.25
50182,0,5.0,Male,3.0,3,Divorced,2,0,1.0,4.0,8.0,154.84,1,0,0,0.6666666666666666,0,25.80666666666667,0.2,0,0,3.1000000000000005,0.0
50183,0,11.0,Female,2.0,4,Divorced,4,0,1.0,1.0,3.0,220.61,0,0,0,0.08333333333333333,1,18.38416666666667,0.5,0,0,1.7000000000000002,0.25
50184,0,30.0,Male,2.0,3,Married,3,1,1.0,1.0,2.0,156.6,1,1,0,0.03225806451612903,1,5.051612903225807,0.5,0,1,1.6000000000000003,0.45
50185,0,4.0,Male,2.0,2,Divorced,1,1,0.0,1.0,3.0,148.21,1,0,0,0.2,1,29.642000000000003,0.0,0,1,1.3000000000000003,0.45
50186,0,4.0,Male,3.0,5,Divorced,4,0,0.0,1.0,0.0,164.1,1,0,0,0.2,1,32.82,0.0,0,0,2.0,0.25
50187,0,18.0,Male,3.0,5,Married,2,0,5.0,9.0,11.0,152.1,1,1,1,0.47368421052631576,0,8.005263157894737,0.5,0,0,5.500000000000001,0.3
50188,0,4.0,Male,3.0,2,Married,1,1,1.0,2.0,2.0,126.95,1,1,0,0.4,1,25.39,0.3333333333333333,0,1,2.2,0.45
50189,0,6.0,Female,3.0,4,Divorced,7,0,2.0,8.0,3.0,218.78,0,0,0,1.1428571428571428,0,31.254285714285714,0.2222222222222222,0,0,5.300000000000001,0.0
50190,0,12.0,Male,2.0,5,Divorced,2,1,1.0,11.0,10.0,270.68,1,0,0,0.8461538461538461,0,20.821538461538463,0.08333333333333333,0,1,5.5,0.2
50191,0,16.0,Female,2.0,2,Single,1,0,0.0,1.0,7.0,124.55,0,2,0,0.058823529411764705,1,7.326470588235294,0.0,0,1,1.3000000000000003,0.45
50192,0,22.0,Female,2.0,3,Single,8,1,1.0,2.0,7.0,239.64,0,2,0,0.08695652173913043,1,10.419130434782607,0.3333333333333333,0,1,2.5000000000000004,0.45
50193,1,15.0,Male,2.0,4,Divorced,3,0,7.0,7.0,7.0,149.41,1,0,0,0.4375,0,9.338125,0.875,0,0,4.6000000000000005,0.0
50194,0,0.0,Female,2.0,4,Single,2,1,0.0,1.0,2.0,124.78,0,2,0,1.0,1,124.78,0.0,0,1,1.4000000000000001,0.45
50195,0,5.0,Female,3.0,4,Divorced,2,1,6.0,11.0,9.0,152.28,0,0,0,1.8333333333333333,0,25.38,0.5,0,1,6.4,0.2
50196,0,0.0,Male,3.0,3,Single,2,1,1.0,1.0,4.0,144.78,1,2,0,1.0,1,144.78,0.5,0,1,1.9000000000000001,0.45
50197,0,4.0,Male,3.0,2,Married,5,0,0.0,1.0,7.0,175.47,1,1,0,0.2,1,35.094,0.0,0,1,2.1,0.45
50198,0,5.0,Female,3.0,2,Single,8,0,1.0,1.0,7.0,150.55,0,2,0,0.16666666666666666,1,25.09166666666667,0.5,0,1,2.5000000000000004,0.45
50199,1,0.0,Male,2.0,2,Divorced,6,1,2.0,2.0,2.0,134.64,1,0,0,2.0,1,134.64,0.6666666666666666,0,1,2.4000000000000004,0.45
50200,0,3.0,Female,3.0,2,Divorced,2,0,0.0,1.0,9.0,157.75,0,0,0,0.25,1,39.4375,0.0,0,1,1.8,0.45
50201,0,4.0,Female,2.0,3,Divorced,2,0,3.0,8.0,9.0,189.43,0,0,0,1.6,0,37.886,0.3333333333333333,0,0,4.5,0.0
50202,0,12.0,Male,2.0,2,Divorced,2,0,9.0,13.0,3.0,292.72,1,0,0,1.0,0,22.516923076923078,0.6428571428571429,0,1,7.1000000000000005,0.2
50203,1,2.0,Female,2.0,3,Divorced,5,1,1.0,1.0,0.0,152.38,0,0,0,0.3333333333333333,1,50.79333333333333,0.5,0,1,1.8000000000000003,0.45
50204,0,6.0,Male,2.0,2,Single,4,0,1.0,1.0,1.0,146.82,1,2,0,0.14285714285714285,1,20.974285714285713,0.5,0,1,1.7000000000000002,0.45
50205,0,20.0,Male,2.0,3,Divorced,5,0,1.0,1.0,1.0,283.0,1,0,0,0.047619047619047616,1,13.476190476190476,0.5,0,0,1.8000000000000003,0.25
50206,0,16.0,Female,2.0,3,Married,2,0,0.0,1.0,0.0,152.57,0,1,0,0.058823529411764705,1,8.974705882352941,0.0,0,0,1.4000000000000001,0.25
50207,0,0.0,Male,3.0,4,Divorced,1,1,0.0,1.0,4.0,163.49,1,0,0,1.0,1,163.49,0.0,0,1,1.7000000000000002,0.45
50208,0,27.0,Female,2.0,3,Single,4,0,1.0,1.0,3.0,148.69,0,2,0,0.03571428571428571,1,5.310357142857143,0.5,0,0,1.7000000000000002,0.25
50209,0,16.0,Female,2.0,5,Divorced,9,0,1.0,1.0,0.0,199.85,0,0,0,0.058823529411764705,1,11.755882352941176,0.5,0,0,2.2,0.25
50210,0,18.0,Male,3.0,2,Divorced,10,0,7.0,9.0,8.0,136.97,1,0,0,0.47368421052631576,0,7.208947368421053,0.7,0,1,6.500000000000001,0.2
50211,0,13.0,Male,2.0,2,Divorced,3,1,1.0,1.0,2.0,174.57,1,0,0,0.07142857142857142,1,12.469285714285714,0.5,0,1,1.6000000000000003,0.45
50212,1,9.0,Male,3.0,5,Divorced,2,1,1.0,1.0,7.0,121.19,1,0,0,0.1,1,12.119,0.5,0,1,1.9000000000000001,0.45
50213,0,2.0,Male,1.0,2,Single,1,0,2.0,2.0,2.0,139.83,1,2,0,0.6666666666666666,1,46.61000000000001,0.6666666666666666,1,1,1.5000000000000002,0.7
50214,0,3.0,Female,1.0,3,Married,2,0,0.0,1.0,2.0,161.18,0,1,0,0.25,1,40.295,0.0,1,0,1.0,0.5
50215,0,0.0,Female,2.0,4,Divorced,2,0,0.0,1.0,7.0,162.14,0,0,0,1.0,1,162.14,0.0,0,0,1.4000000000000001,0.25
50216,0,10.0,Male,3.0,2,Married,8,0,0.0,1.0,4.0,163.47,1,1,0,0.09090909090909091,1,14.860909090909091,0.0,0,1,2.4000000000000004,0.45
50217,0,11.0,Male,3.0,2,Married,1,1,1.0,2.0,3.0,215.1,1,1,0,0.16666666666666666,1,17.925,0.3333333333333333,0,1,2.2,0.45
50218,0,4.0,Female,2.0,2,Single,2,1,2.0,4.0,10.0,171.43,0,2,0,0.8,0,34.286,0.4,0,1,2.8000000000000007,0.2
50219,0,2.0,Female,2.0,4,Married,2,1,0.0,1.0,7.0,182.68,0,1,0,0.3333333333333333,1,60.89333333333334,0.0,0,1,1.4000000000000001,0.45
50220,0,8.0,Male,3.0,4,Single,1,0,0.0,1.0,13.0,180.95,1,2,1,0.1111111111111111,1,20.105555555555554,0.0,0,0,1.7000000000000002,0.55
50221,0,0.0,Male,3.0,2,Married,2,0,1.0,1.0,2.0,129.04,1,1,0,1.0,1,129.04,0.5,0,1,1.9000000000000001,0.45
50222,0,14.0,Male,3.0,4,Single,7,1,1.0,1.0,2.0,160.32,1,2,0,0.06666666666666667,1,10.687999999999999,0.5,0,1,2.4000000000000004,0.45
50223,0,20.0,Male,3.0,3,Single,4,0,0.0,1.0,0.0,129.76,1,2,0,0.047619047619047616,1,6.179047619047618,0.0,0,0,2.0,0.25
50224,0,15.0,Female,2.0,2,Single,3,0,0.0,2.0,0.0,259.92,0,2,0,0.125,1,16.245,0.0,0,1,1.9000000000000001,0.45
50225,0,2.0,Male,3.0,3,Divorced,2,0,1.0,1.0,2.0,146.49,1,0,0,0.3333333333333333,1,48.830000000000005,0.5,0,0,1.9000000000000001,0.25
50226,0,15.0,Male,3.0,3,Married,1,1,1.0,1.0,0.0,126.96,1,1,0,0.0625,1,7.935,0.5,0,1,1.8000000000000003,0.45
50227,0,5.0,Female,3.0,4,Divorced,2,0,0.0,1.0,7.0,123.7,0,0,0,0.16666666666666666,1,20.616666666666667,0.0,0,0,1.8,0.25
50228,0,21.0,Female,3.0,3,Divorced,4,0,0.0,1.0,3.0,225.04,0,0,0,0.045454545454545456,1,10.229090909090909,0.0,0,0,2.0,0.25
50229,0,10.0,Male,2.0,5,Married,5,1,2.0,6.0,7.0,159.74,1,1,0,0.5454545454545454,0,14.521818181818183,0.2857142857142857,0,1,3.9000000000000004,0.2
50230,0,3.0,Female,2.0,3,Divorced,8,1,1.0,2.0,2.0,147.36,0,0,0,0.5,1,36.84,0.3333333333333333,0,1,2.5000000000000004,0.45
50231,0,0.0,Male,2.0,3,Divorced,2,0,2.0,7.0,7.0,152.96,1,0,0,7.0,0,152.96,0.25,0,0,4.000000000000001,0.0
50232,0,15.0,Male,3.0,2,Single,4,0,0.0,1.0,0.0,167.81,1,2,0,0.0625,1,10.488125,0.0,0,1,2.0,0.45
50233,1,9.0,Female,2.0,4,Single,2,1,1.0,1.0,2.0,121.74,0,2,0,0.1,1,12.174,0.5,0,1,1.5000000000000002,0.45
50234,0,9.0,Female,2.0,2,Single,5,0,1.0,1.0,0.0,166.53,0,2,0,0.1,1,16.653,0.5,0,1,1.8000000000000003,0.45
50235,0,9.0,Male,2.0,2,Divorced,5,0,0.0,1.0,12.0,196.99,1,0,1,0.1,1,19.699,0.0,0,1,1.7000000000000002,0.75
50236,0,30.0,Male,2.0,3,Divorced,3,0,1.0,1.0,2.0,167.55,1,0,0,0.03225806451612903,1,5.40483870967742,0.5,0,0,1.6000000000000003,0.25
50237,0,9.0,Female,2.0,3,Divorced,4,1,0.0,1.0,7.0,122.13,0,0,0,0.1,1,12.213,0.0,0,1,1.6,0.45
50238,0,0.0,Male,2.0,2,Single,2,0,0.0,2.0,2.0,126.1,1,2,0,2.0,1,126.1,0.0,0,1,1.8,0.45
50239,1,0.0,Female,3.0,3,Single,2,1,1.0,1.0,0.0,128.51,0,2,0,1.0,1,128.51,0.5,0,1,1.9000000000000001,0.45
50240,0,10.0,Female,3.0,5,Divorced,7,0,1.0,1.0,3.0,134.52,0,0,0,0.09090909090909091,1,12.22909090909091,0.5,0,0,2.4000000000000004,0.25
50241,0,19.0,Female,1.0,3,Divorced,3,0,0.0,1.0,0.0,152.58,0,0,0,0.05,1,7.6290000000000004,0.0,1,0,1.1,0.5
50242,1,4.0,Male,2.0,4,Single,2,0,7.0,7.0,7.0,193.55,1,2,0,1.4,0,38.71,0.875,0,0,4.500000000000001,0.0
50243,0,23.0,Male,3.0,2,Single,7,0,0.0,1.0,3.0,204.96,1,2,0,0.041666666666666664,1,8.540000000000001,0.0,0,1,2.3000000000000003,0.45
50244,1,3.0,Male,3.0,3,Divorced,3,1,1.0,1.0,0.0,163.8,1,0,0,0.25,1,40.95,0.5,0,1,2.0,0.45
50245,0,4.0,Male,2.0,4,Single,1,1,1.0,2.0,2.0,126.57,1,2,0,0.4,1,25.314,0.3333333333333333,0,1,1.8000000000000003,0.45
50246,1,0.0,Female,3.0,4,Single,2,0,0.0,1.0,0.0,127.16,0,2,0,1.0,1,127.16,0.0,0,0,1.8,0.25
50247,0,9.0,Male,2.0,2,Single,10,0,1.0,1.0,2.0,122.01,1,2,0,0.1,1,12.201,0.5,0,1,2.3000000000000003,0.45
50248,0,8.0,Male,3.0,4,Single,10,0,1.0,1.0,0.0,165.4,1,2,0,0.1111111111111111,1,18.37777777777778,0.5,0,0,2.7,0.25
50249,0,0.0,Male,2.0,4,Married,2,0,0.0,1.0,4.0,138.16,1,1,0,1.0,1,138.16,0.0,0,0,1.4000000000000001,0.25
50250,0,1.0,Male,3.0,2,Single,2,0,1.0,1.0,7.0,152.53,1,2,0,0.5,1,76.265,0.5,0,1,1.9000000000000001,0.45
50251,0,22.0,Male,2.0,3,Single,9,0,1.0,1.0,0.0,145.0,1,2,0,0.043478260869565216,1,6.304347826086956,0.5,0,0,2.2,0.25
50252,0,24.0,Female,2.0,2,Divorced,5,0,0.0,1.0,7.0,149.36,0,0,0,0.04,1,5.9744,0.0,0,1,1.7000000000000002,0.45
50253,0,9.0,Female,3.0,3,Divorced,5,0,1.0,2.0,2.0,125.43,0,0,0,0.2,1,12.543000000000001,0.3333333333333333,0,0,2.6,0.25
50254,1,0.0,Male,3.0,2,Single,9,1,1.0,1.0,4.0,153.04,1,2,0,1.0,1,153.04,0.5,0,1,2.6,0.45
50255,0,28.0,Female,3.0,2,Single,3,1,1.0,1.0,2.0,266.59,0,2,0,0.034482758620689655,1,9.192758620689654,0.5,0,1,2.0,0.45
50256,0,0.0,Female,3.0,3,Married,2,1,0.0,1.0,3.0,142.6,0,1,0,1.0,1,142.6,0.0,0,1,1.8,0.45
50257,0,3.0,Male,3.0,4,Divorced,2,0,1.0,1.0,0.0,124.76,1,0,0,0.25,1,31.19,0.5,0,0,1.9000000000000001,0.25
50258,1,0.0,Male,3.0,5,Single,1,0,0.0,1.0,4.0,131.02,1,2,0,1.0,1,131.02,0.0,0,0,1.7000000000000002,0.25
50259,0,9.0,Female,2.0,4,Divorced,2,0,1.0,1.0,2.0,122.44,0,0,0,0.1,1,12.244,0.5,0,0,1.5000000000000002,0.25
50260,0,9.0,Male,3.0,3,Divorced,2,0,9.0,9.0,0.0,175.96,1,0,0,0.9,0,17.596,0.9,0,0,5.900000000000001,0.0
50261,1,9.0,Male,2.0,2,Single,19,1,1.0,1.0,0.0,122.85,1,2,0,0.1,1,12.285,0.5,0,1,3.2000000000000006,0.45
50262,0,10.0,Female,3.0,5,Married,2,0,3.0,12.0,17.0,130.34,0,1,1,1.0909090909090908,0,11.84909090909091,0.23076923076923078,0,0,6.500000000000001,0.3
50263,0,13.0,Female,2.0,4,Married,8,0,0.0,1.0,3.0,157.15,0,1,0,0.07142857142857142,1,11.225,0.0,0,0,2.0,0.25
50264,0,15.0,Female,3.0,5,Married,4,0,1.0,1.0,2.0,125.76,0,1,0,0.0625,1,7.86,0.5,0,0,2.1,0.25
50265,0,10.0,Male,2.0,4,Single,3,1,0.0,1.0,1.0,141.97,1,2,0,0.09090909090909091,1,12.906363636363636,0.0,0,1,1.5000000000000002,0.45
50266,0,16.0,Male,2.0,4,Married,2,0,0.0,2.0,9.0,243.36,1,1,0,0.11764705882352941,1,14.31529411764706,0.0,0,0,1.8,0.25
50267,0,13.0,Female,3.0,3,Divorced,7,0,1.0,1.0,0.0,134.48,0,0,0,0.07142857142857142,1,9.605714285714285,0.5,0,0,2.4000000000000004,0.25
50268,0,27.0,Male,2.0,5,Divorced,5,0,1.0,1.0,2.0,294.06,1,0,0,0.03571428571428571,1,10.502142857142857,0.5,0,0,1.8000000000000003,0.25
50269,0,7.0,Female,3.0,3,Divorced,10,0,1.0,1.0,2.0,165.38,0,0,0,0.125,1,20.6725,0.5,0,0,2.7,0.25
50270,0,4.0,Female,2.0,5,Divorced,2,0,3.0,3.0,12.0,143.06,0,0,1,0.6,0,28.612000000000002,0.75,0,0,2.5,0.3
50271,0,9.0,Male,3.0,2,Divorced,8,0,0.0,1.0,2.0,122.58,1,0,0,0.1,1,12.258,0.0,0,1,2.4000000000000004,0.45
50272,0,16.0,Female,3.0,3,Married,5,1,0.0,1.0,2.0,145.22,0,1,0,0.058823529411764705,1,8.542352941176471,0.0,0,1,2.1,0.45
50273,0,0.0,Female,2.0,2,Single,2,1,0.0,1.0,3.0,144.87,0,2,0,1.0,1,144.87,0.0,0,1,1.4000000000000001,0.45
50274,0,10.0,Female,3.0,3,Divorced,4,1,3.0,10.0,7.0,144.49,0,0,0,0.9090909090909091,0,13.135454545454547,0.2727272727272727,0,1,5.9,0.2
50275,0,9.0,Male,3.0,5,Divorced,2,0,0.0,3.0,2.0,122.18,1,0,0,0.3,0,12.218,0.0,0,0,2.6000000000000005,0.0
50276,0,12.0,Male,2.0,3,Married,2,1,0.0,1.0,6.0,291.97,1,1,0,0.07692307692307693,1,22.45923076923077,0.0,0,1,1.4000000000000001,0.45
50277,0,29.0,Female,2.0,5,Divorced,10,0,2.0,2.0,7.0,232.12,0,0,0,0.06666666666666667,1,7.737333333333334,0.6666666666666666,0,0,2.8000000000000003,0.25
50278,0,3.0,Female,2.0,3,Single,1,0,3.0,4.0,4.0,165.77,0,2,0,1.0,0,41.4425,0.6,0,0,2.8000000000000007,0.0
50279,0,14.0,Male,2.0,5,Divorced,2,0,1.0,1.0,7.0,183.92,1,0,0,0.06666666666666667,1,12.261333333333333,0.5,0,0,1.5000000000000002,0.25
50280,0,1.0,Male,3.0,5,Married,2,0,0.0,1.0,8.0,145.58,1,1,0,0.5,1,72.79,0.0,0,0,1.8,0.25
50281,1,0.0,Male,3.0,5,Divorced,6,0,1.0,1.0,2.0,140.31,1,0,0,1.0,1,140.31,0.5,0,0,2.3000000000000003,0.25
50282,0,25.0,Male,2.0,3,Divorced,3,1,0.0,1.0,4.0,179.69,1,0,0,0.038461538461538464,1,6.911153846153846,0.0,0,1,1.5000000000000002,0.45
50283,0,18.0,Male,3.0,2,Divorced,4,0,1.0,1.0,2.0,126.54,1,0,0,0.05263157894736842,1,6.66,0.5,0,1,2.1,0.45
50284,0,25.0,Female,1.0,2,Divorced,3,0,1.0,1.0,4.0,265.55,0,0,0,0.038461538461538464,1,10.213461538461539,0.5,1,1,1.2000000000000002,0.7
50285,0,15.0,Female,3.0,3,Married,3,0,1.0,1.0,2.0,145.56,0,1,0,0.0625,1,9.0975,0.5,0,0,2.0,0.25
50286,0,3.0,Female,2.0,2,Single,3,0,0.0,1.0,2.0,160.91,0,2,0,0.25,1,40.2275,0.0,0,1,1.5000000000000002,0.45
50287,0,30.0,Female,2.0,5,Divorced,6,0,0.0,11.0,10.0,295.66,0,0,0,0.3548387096774194,0,9.537419354838711,0.0,0,0,5.800000000000001,0.0
50288,0,19.0,Female,2.0,3,Married,3,0,0.0,1.0,8.0,148.1,0,1,0,0.05,1,7.404999999999999,0.0,0,0,1.5000000000000002,0.25
50289,0,15.0,Female,2.0,2,Divorced,1,0,0.0,1.0,4.0,145.23,0,0,0,0.0625,1,9.076875,0.0,0,1,1.3000000000000003,0.45
50290,1,0.0,Female,3.0,4,Single,2,1,1.0,1.0,4.0,132.02,0,2,0,1.0,1,132.02,0.5,0,1,1.9000000000000001,0.45
50291,1,0.0,Female,2.0,3,Married,1,0,1.0,1.0,0.0,123.51,0,1,0,1.0,1,123.51,0.5,0,0,1.4000000000000004,0.25
50292,0,9.0,Male,2.0,2,Divorced,2,1,1.0,1.0,0.0,117.02,1,0,0,0.1,1,11.702,0.5,0,1,1.5000000000000002,0.45
50293,0,13.0,Female,3.0,3,Divorced,1,0,1.0,1.0,12.0,280.41,0,0,1,0.07142857142857142,1,20.029285714285717,0.5,0,0,1.8000000000000003,0.55
50294,0,0.0,Female,3.0,2,Married,2,0,1.0,1.0,2.0,128.86,0,1,0,1.0,1,128.86,0.5,0,1,1.9000000000000001,0.45
50295,0,9.0,Male,2.0,2,Divorced,5,0,0.0,1.0,4.0,120.97,1,0,0,0.1,1,12.097,0.0,0,1,1.7000000000000002,0.45
50296,0,2.0,Male,3.0,3,Divorced,2,0,1.0,1.0,3.0,219.35,1,0,0,0.3333333333333333,1,73.11666666666666,0.5,0,0,1.9000000000000001,0.25
50297,1,0.0,Female,3.0,4,Divorced,6,0,0.0,1.0,1.0,125.46,0,0,0,1.0,1,125.46,0.0,0,0,2.2,0.25
50298,1,0.0,Male,2.0,2,Single,2,0,1.0,1.0,0.0,125.64,1,2,0,1.0,1,125.64,0.5,0,1,1.5000000000000002,0.45
50299,0,3.0,Female,3.0,5,Divorced,1,0,2.0,7.0,8.0,184.12,0,0,0,1.75,0,46.03,0.25,0,0,4.3,0.0
50300,0,30.0,Male,2.0,2,Married,4,0,0.0,2.0,0.0,241.18,1,1,0,0.06451612903225806,1,7.78,0.0,0,1,2.0,0.45
50301,0,23.0,Male,2.0,3,Divorced,1,0,1.0,15.0,7.0,270.46,1,0,0,0.625,0,11.269166666666665,0.0625,0,0,6.999999999999999,0.0
50302,0,3.0,Female,2.0,2,Single,1,0,5.0,6.0,7.0,125.64,0,2,0,1.5,0,31.41,0.7142857142857143,0,1,3.8000000000000003,0.2
50303,0,30.0,Female,3.0,5,Divorced,5,0,13.0,13.0,11.0,202.66,0,0,1,0.41935483870967744,0,6.537419354838709,0.9285714285714286,0,0,8.200000000000001,0.3
50304,0,20.0,Female,3.0,2,Married,6,0,0.0,1.0,4.0,150.7,0,1,0,0.047619047619047616,1,7.176190476190476,0.0,0,1,2.2,0.45
50305,0,19.0,Male,2.0,3,Divorced,7,0,1.0,1.0,1.0,278.61,1,0,0,0.05,1,13.9305,0.5,0,0,2.0000000000000004,0.25
50306,0,8.0,Male,2.0,3,Single,1,0,2.0,4.0,3.0,142.3,1,2,0,0.4444444444444444,0,15.811111111111112,0.4,0,0,2.7000000000000006,0.0
50307,0,27.0,Female,2.0,3,Single,8,0,1.0,1.0,0.0,137.8,0,2,0,0.03571428571428571,1,4.921428571428572,0.5,0,0,2.1,0.25
50308,0,7.0,Male,3.0,3,Married,4,0,5.0,5.0,7.0,127.68,1,1,0,0.625,0,15.96,0.8333333333333334,0,0,4.1,0.0
50309,0,19.0,Female,3.0,2,Divorced,3,1,1.0,1.0,2.0,190.71,0,0,0,0.05,1,9.5355,0.5,0,1,2.0,0.45
50310,0,4.0,Male,2.0,4,Married,2,0,1.0,1.0,8.0,206.48,1,1,0,0.2,1,41.296,0.5,0,0,1.5000000000000002,0.25
50311,1,0.0,Male,2.0,3,Divorced,8,1,0.0,2.0,7.0,236.1,1,0,0,2.0,1,236.1,0.0,0,1,2.4000000000000004,0.45
50312,1,0.0,Male,2.0,2,Married,8,0,0.0,1.0,3.0,134.08,1,1,0,1.0,1,134.08,0.0,0,1,2.0,0.45
50313,0,3.0,Male,3.0,4,Single,1,0,1.0,1.0,2.0,129.83,1,2,0,0.25,1,32.4575,0.5,0,0,1.8000000000000003,0.25
50314,0,8.0,Male,3.0,3,Divorced,5,1,0.0,1.0,0.0,176.32,1,0,0,0.1111111111111111,1,19.59111111111111,0.0,0,1,2.1,0.45
50315,1,0.0,Male,3.0,3,Divorced,4,0,1.0,1.0,0.0,198.24,1,0,0,1.0,1,198.24,0.5,0,0,2.1,0.25
50316,1,0.0,Female,2.0,5,Married,10,1,1.0,1.0,2.0,199.5,0,1,0,1.0,1,199.5,0.5,0,1,2.3000000000000003,0.45
50317,0,9.0,Male,3.0,3,Divorced,5,0,2.0,2.0,0.0,120.93,1,0,0,0.2,1,12.093,0.6666666666666666,0,0,2.7,0.25
50318,0,9.0,Male,2.0,2,Single,2,0,1.0,9.0,7.0,199.8,1,2,0,0.9,0,19.98,0.1,0,1,4.7,0.2
50319,1,0.0,Male,2.0,3,Single,6,0,1.0,1.0,2.0,138.94,1,2,0,1.0,1,138.94,0.5,0,0,1.9000000000000004,0.25
50320,0,21.0,Female,2.0,2,Divorced,3,0,4.0,6.0,7.0,140.51,0,0,0,0.2727272727272727,0,6.386818181818182,0.5714285714285714,0,1,3.9,0.2
50321,0,28.0,Female,2.0,4,Single,4,0,1.0,7.0,7.0,268.35,0,2,0,0.2413793103448276,0,9.25344827586207,0.125,0,0,4.1000000000000005,0.0
50322,0,14.0,Male,2.0,2,Single,8,0,0.0,1.0,10.0,162.3,1,2,0,0.06666666666666667,1,10.82,0.0,0,1,2.0,0.45
50323,0,8.0,Male,2.0,3,Divorced,10,0,3.0,6.0,9.0,147.17,1,0,0,0.6666666666666666,0,16.35222222222222,0.42857142857142855,0,0,4.5,0.0
50324,0,13.0,Female,3.0,3,Single,8,0,4.0,2.0,13.0,232.37,0,2,1,0.14285714285714285,1,16.597857142857144,1.3333333333333333,0,0,3.1999999999999997,0.55
50325,0,12.0,Female,2.0,3,Divorced,2,0,0.0,1.0,7.0,137.55,0,0,0,0.07692307692307693,1,10.580769230769231,0.0,0,0,1.4000000000000001,0.25
50326,0,4.0,Male,3.0,2,Single,5,1,1.0,1.0,5.0,165.82,1,2,0,0.2,1,33.164,0.5,0,1,2.2,0.45
50327,0,15.0,Male,2.0,5,Divorced,2,1,4.0,5.0,8.0,174.06,1,0,0,0.3125,0,10.87875,0.6666666666666666,0,1,3.4,0.2
50328,0,18.0,Male,3.0,4,Divorced,1,0,3.0,3.0,7.0,148.05,1,0,0,0.15789473684210525,0,7.792105263157896,0.75,0,0,2.8000000000000007,0.0
50329,1,0.0,Female,3.0,3,Married,1,1,0.0,1.0,0.0,127.41,0,1,0,1.0,1,127.41,0.0,0,1,1.7000000000000002,0.45
50330,0,2.0,Male,2.0,2,Married,5,0,0.0,1.0,2.0,142.62,1,1,0,0.3333333333333333,1,47.54,0.0,0,1,1.7000000000000002,0.45
50331,0,6.0,Female,3.0,3,Married,5,0,1.0,1.0,5.0,261.84,0,1,0,0.14285714285714285,1,37.40571428571428,0.5,0,0,2.2,0.25
50332,0,0.0,Male,2.0,2,Married,10,0,1.0,1.0,3.0,215.57,1,1,0,1.0,1,215.57,0.5,0,1,2.3000000000000003,0.45
50333,1,9.0,Male,3.0,4,Single,2,1,1.0,1.0,0.0,118.78,1,2,0,0.1,1,11.878,0.5,0,1,1.9000000000000001,0.45
50334,0,13.0,Male,2.0,5,Married,4,0,1.0,1.0,3.0,209.32,1,1,0,0.07142857142857142,1,14.95142857142857,0.5,0,0,1.7000000000000002,0.25
50335,0,14.0,Female,3.0,3,Single,3,1,0.0,1.0,7.0,168.11,0,2,0,0.06666666666666667,1,11.207333333333334,0.0,0,1,1.9000000000000001,0.45
50336,0,0.0,Male,2.0,3,Married,6,0,1.0,1.0,0.0,143.06,1,1,0,1.0,1,143.06,0.5,0,0,1.9000000000000004,0.25
50337,0,8.0,Female,3.0,3,Single,2,0,0.0,1.0,3.0,148.59,0,2,0,0.1111111111111111,1,16.51,0.0,0,0,1.8,0.25
50338,0,7.0,Male,3.0,2,Single,2,0,5.0,5.0,7.0,153.37,1,2,0,0.625,0,19.17125,0.8333333333333334,0,1,3.9000000000000004,0.2
50339,1,0.0,Male,3.0,2,Single,2,1,1.0,1.0,0.0,123.4,1,2,0,1.0,1,123.4,0.5,0,1,1.9000000000000001,0.45
50340,0,10.0,Female,2.0,2,Single,5,0,1.0,1.0,2.0,174.91,0,2,0,0.09090909090909091,1,15.90090909090909,0.5,0,1,1.8000000000000003,0.45
50341,0,19.0,Female,2.0,3,Divorced,6,0,1.0,1.0,2.0,205.27,0,0,0,0.05,1,10.2635,0.5,0,0,1.9000000000000004,0.25
50342,0,14.0,Female,3.0,5,Divorced,8,0,1.0,11.0,8.0,265.95,0,0,0,0.7333333333333333,0,17.73,0.08333333333333333,0,0,6.5,0.0
50343,0,10.0,Male,3.0,4,Married,2,0,6.0,7.0,7.0,188.34,1,1,0,0.6363636363636364,0,17.12181818181818,0.75,0,0,4.800000000000001,0.0
50344,0,25.0,Male,3.0,5,Married,4,1,2.0,6.0,9.0,155.77,1,1,0,0.23076923076923078,0,5.991153846153846,0.2857142857142857,0,1,4.200000000000001,0.2
50345,1,0.0,Male,2.0,3,Divorced,9,0,1.0,1.0,2.0,147.07,1,0,0,1.0,1,147.07,0.5,0,0,2.2,0.25
50346,0,0.0,Male,2.0,2,Divorced,1,0,0.0,2.0,1.0,124.0,1,0,0,2.0,1,124.0,0.0,0,1,1.7000000000000002,0.45
50347,0,11.0,Female,3.0,3,Divorced,4,0,1.0,1.0,0.0,198.24,0,0,0,0.08333333333333333,1,16.52,0.5,0,0,2.1,0.25
50348,0,10.0,Female,3.0,4,Divorced,7,0,3.0,4.0,3.0,164.47,0,0,0,0.36363636363636365,0,14.951818181818181,0.6,0,0,3.8000000000000007,0.0
50349,0,22.0,Male,2.0,3,Married,2,1,0.0,1.0,9.0,295.02,1,1,0,0.043478260869565216,1,12.82695652173913,0.0,0,1,1.4000000000000001,0.45
50350,0,0.0,Male,3.0,2,Divorced,2,1,0.0,1.0,4.0,127.25,1,0,0,1.0,1,127.25,0.0,0,1,1.8,0.45
50351,0,0.0,Male,3.0,4,Divorced,2,0,1.0,1.0,4.0,162.72,1,0,0,1.0,1,162.72,0.5,0,0,1.9000000000000001,0.25
50352,0,9.0,Male,3.0,4,Divorced,2,0,1.0,1.0,0.0,121.27,1,0,0,0.1,1,12.126999999999999,0.5,0,0,1.9000000000000001,0.25
50353,0,23.0,Male,2.0,4,Divorced,2,0,1.0,10.0,7.0,282.0,1,0,0,0.4166666666666667,0,11.75,0.09090909090909091,0,0,5.1,0.0
50354,0,9.0,Male,2.0,3,Divorced,2,0,1.0,1.0,6.0,120.96,1,0,0,0.1,1,12.096,0.5,0,0,1.5000000000000002,0.25
50355,1,0.0,Female,3.0,3,Divorced,2,1,0.0,1.0,2.0,128.86,0,0,0,1.0,1,128.86,0.0,0,1,1.8,0.45
50356,1,9.0,Male,3.0,5,Divorced,2,0,1.0,1.0,0.0,120.33,1,0,0,0.1,1,12.033,0.5,0,0,1.9000000000000001,0.25
50357,0,7.0,Male,2.0,2,Divorced,2,1,0.0,1.0,3.0,136.22,1,0,0,0.125,1,17.0275,0.0,0,1,1.4000000000000001,0.45
50358,1,0.0,Male,2.0,5,Married,3,0,0.0,1.0,2.0,142.33,1,1,0,1.0,1,142.33,0.0,0,0,1.5000000000000002,0.25
50359,0,8.0,Male,2.0,2,Single,5,0,0.0,1.0,2.0,136.81,1,2,0,0.1111111111111111,1,15.20111111111111,0.0,0,1,1.7000000000000002,0.45
50360,0,4.0,Male,3.0,2,Married,5,0,3.0,5.0,7.0,154.6,1,1,0,1.0,0,30.919999999999998,0.5,0,1,4.0,0.2
50361,0,9.0,Female,3.0,3,Married,1,0,1.0,1.0,3.0,121.87,0,1,0,0.1,1,12.187000000000001,0.5,0,0,1.8000000000000003,0.25
50362,0,10.0,Male,3.0,3,Divorced,5,1,0.0,1.0,0.0,196.02,1,0,0,0.09090909090909091,1,17.82,0.0,0,1,2.1,0.45
50363,0,0.0,Female,3.0,4,Single,2,0,1.0,1.0,0.0,128.36,0,2,0,1.0,1,128.36,0.5,0,0,1.9000000000000001,0.25
50364,0,15.0,Female,2.0,2,Divorced,2,0,2.0,2.0,2.0,140.89,0,0,0,0.125,1,8.805625,0.6666666666666666,0,1,2.0,0.45
50365,0,16.0,Male,2.0,2,Married,5,1,1.0,1.0,0.0,266.27,1,1,0,0.058823529411764705,1,15.662941176470587,0.5,0,1,1.8000000000000003,0.45
50366,0,11.0,Female,2.0,5,Single,4,0,1.0,1.0,0.0,126.19,0,2,0,0.08333333333333333,1,10.515833333333333,0.5,0,0,1.7000000000000002,0.25
50367,0,16.0,Male,3.0,3,Married,4,1,2.0,4.0,7.0,156.79,1,1,0,0.23529411764705882,0,9.222941176470588,0.4,0,1,3.4000000000000004,0.2
50368,0,21.0,Female,2.0,5,Divorced,8,0,0.0,2.0,2.0,254.02,0,0,0,0.09090909090909091,1,11.546363636363637,0.0,0,0,2.4000000000000004,0.25
50369,0,17.0,Female,2.0,3,Single,5,0,1.0,1.0,2.0,159.85,0,2,0,0.05555555555555555,1,8.880555555555555,0.5,0,0,1.8000000000000003,0.25
50370,0,7.0,Female,2.0,3,Married,2,1,1.0,1.0,6.0,125.79,0,1,0,0.125,1,15.72375,0.5,0,1,1.5000000000000002,0.45
50371,1,0.0,Male,3.0,5,Married,1,0,0.0,1.0,2.0,130.41,1,1,0,1.0,1,130.41,0.0,0,0,1.7000000000000002,0.25
50372,0,0.0,Male,2.0,3,Single,2,0,1.0,1.0,2.0,134.47,1,2,0,1.0,1,134.47,0.5,0,0,1.5000000000000002,0.25
50373,0,17.0,Male,2.0,2,Divorced,5,1,1.0,1.0,1.0,295.13,1,0,0,0.05555555555555555,1,16.39611111111111,0.5,0,1,1.8000000000000003,0.45
50374,0,0.0,Male,3.0,3,Divorced,1,0,2.0,2.0,2.0,127.73,1,0,0,2.0,1,127.73,0.6666666666666666,0,0,2.3000000000000003,0.25
50375,0,6.0,Male,2.0,3,Married,1,0,1.0,1.0,2.0,171.04,1,1,0,0.14285714285714285,1,24.434285714285714,0.5,0,0,1.4000000000000004,0.25
50376,0,5.0,Female,3.0,2,Divorced,2,1,1.0,1.0,5.0,163.22,0,0,0,0.16666666666666666,1,27.203333333333333,0.5,0,1,1.9000000000000001,0.45
50377,0,9.0,Female,3.0,3,Married,2,0,1.0,1.0,0.0,120.83,0,1,0,0.1,1,12.083,0.5,0,0,1.9000000000000001,0.25
50378,0,26.0,Female,2.0,5,Single,8,0,6.0,8.0,10.0,183.81,0,2,0,0.2962962962962963,0,6.807777777777778,0.6666666666666666,0,0,5.4,0.0
50379,0,7.0,Male,3.0,2,Divorced,2,0,6.0,8.0,8.0,126.91,1,0,0,1.0,0,15.86375,0.6666666666666666,0,1,5.200000000000001,0.2
50380,1,8.0,Female,3.0,5,Divorced,3,0,0.0,1.0,0.0,142.86,0,0,0,0.1111111111111111,1,15.873333333333335,0.0,0,0,1.9000000000000001,0.25
50381,0,0.0,Female,3.0,2,Divorced,2,1,0.0,1.0,2.0,126.59,0,0,0,1.0,1,126.59,0.0,0,1,1.8,0.45
50382,0,10.0,Male,2.0,3,Divorced,2,0,6.0,7.0,8.0,194.34,1,0,0,0.6363636363636364,0,17.667272727272728,0.75,0,0,4.4,0.0
50383,0,2.0,Female,3.0,3,Divorced,2,0,0.0,1.0,2.0,155.61,0,0,0,0.3333333333333333,1,51.870000000000005,0.0,0,0,1.8,0.25
50384,0,8.0,Male,2.0,2,Single,2,0,11.0,11.0,8.0,166.46,1,2,0,1.2222222222222223,0,18.495555555555555,0.9166666666666666,0,1,6.5,0.2
50385,0,6.0,Male,1.0,2,Married,4,0,4.0,4.0,7.0,177.25,1,1,0,0.5714285714285714,0,25.321428571428573,0.8,1,1,2.8,0.45
50386,0,27.0,Male,2.0,4,Divorced,3,0,3.0,7.0,1.0,207.25,1,0,0,0.25,0,7.401785714285714,0.375,0,0,4.2,0.0
50387,0,9.0,Male,2.0,4,Married,3,1,1.0,1.0,2.0,188.47,1,1,0,0.1,1,18.847,0.5,0,1,1.6000000000000003,0.45
50388,0,9.0,Male,2.0,2,Single,1,0,0.0,1.0,1.0,120.45,1,2,0,0.1,1,12.045,0.0,0,1,1.3000000000000003,0.45
50389,1,0.0,Male,2.0,3,Single,2,1,0.0,1.0,1.0,110.09,1,2,0,1.0,1,110.09,0.0,0,1,1.4000000000000001,0.45
50390,1,0.0,Male,3.0,5,Single,2,1,9.0,9.0,7.0,133.48,1,2,0,9.0,0,133.48,0.9,0,1,5.900000000000001,0.2
50391,0,9.0,Male,2.0,3,Divorced,2,0,1.0,1.0,0.0,112.81,1,0,0,0.1,1,11.281,0.5,0,0,1.5000000000000002,0.25
50392,0,0.0,Male,3.0,5,Divorced,3,0,0.0,1.0,2.0,128.19,1,0,0,1.0,1,128.19,0.0,0,0,1.9000000000000001,0.25
50393,0,0.0,Male,2.0,4,Divorced,1,0,0.0,1.0,2.0,148.51,1,0,0,1.0,1,148.51,0.0,0,0,1.3000000000000003,0.25
50394,0,11.0,Female,2.0,2,Single,1,0,1.0,1.0,5.0,140.28,0,2,0,0.08333333333333333,1,11.69,0.5,0,1,1.4000000000000004,0.45
50395,0,2.0,Male,3.0,2,Married,2,0,2.0,2.0,8.0,127.2,1,1,0,0.6666666666666666,1,42.4,0.6666666666666666,0,1,2.4000000000000004,0.45
50396,0,21.0,Male,2.0,4,Divorced,4,0,2.0,2.0,2.0,181.2,1,0,0,0.09090909090909091,1,8.236363636363636,0.6666666666666666,0,0,2.2,0.25
50397,0,0.0,Female,3.0,2,Married,2,1,1.0,1.0,4.0,146.47,0,1,0,1.0,1,146.47,0.5,0,1,1.9000000000000001,0.45
50398,0,10.0,Male,3.0,2,Single,4,0,1.0,1.0,0.0,146.8,1,2,0,0.09090909090909091,1,13.345454545454546,0.5,0,1,2.1,0.45
50399,0,23.0,Male,3.0,3,Divorced,2,1,3.0,3.0,8.0,132.21,1,0,0,0.125,0,5.50875,0.75,0,1,2.9000000000000004,0.2
50400,0,7.0,Female,2.0,4,Single,2,0,4.0,7.0,7.0,186.21,0,2,0,0.875,0,23.27625,0.5,0,0,4.200000000000001,0.0
50401,1,0.0,Female,3.0,3,Single,10,0,1.0,2.0,0.0,145.77,0,2,0,2.0,1,145.77,0.3333333333333333,0,0,3.1,0.25
50402,0,12.0,Female,3.0,3,Single,2,0,2.0,11.0,10.0,145.53,0,2,0,0.8461538461538461,0,11.194615384615386,0.16666666666666666,0,0,6.000000000000001,0.0
50403,0,5.0,Male,2.0,2,Single,2,0,0.0,1.0,8.0,153.96,1,2,0,0.16666666666666666,1,25.66,0.0,0,1,1.4000000000000001,0.45
50404,1,13.0,Male,2.0,3,Divorced,4,1,1.0,1.0,3.0,167.96,1,0,0,0.07142857142857142,1,11.997142857142858,0.5,0,1,1.7000000000000002,0.45
50405,0,11.0,Female,2.0,2,Single,1,0,1.0,1.0,8.0,176.25,0,2,0,0.08333333333333333,1,14.6875,0.5,0,1,1.4000000000000004,0.45
50406,0,0.0,Female,3.0,5,Divorced,2,0,1.0,1.0,7.0,174.12,0,0,0,1.0,1,174.12,0.5,0,0,1.9000000000000001,0.25
50407,0,5.0,Female,2.0,2,Single,4,0,3.0,7.0,3.0,211.59,0,2,0,1.1666666666666667,0,35.265,0.375,0,1,4.300000000000001,0.2
50408,0,20.0,Male,2.0,5,Single,3,0,0.0,1.0,7.0,149.6,1,2,0,0.047619047619047616,1,7.123809523809523,0.0,0,0,1.5000000000000002,0.25
50409,0,13.0,Male,2.0,5,Divorced,6,1,0.0,1.0,12.0,204.75,1,0,1,0.07142857142857142,1,14.625,0.0,0,1,1.8000000000000003,0.75
50410,0,26.0,Male,2.0,3,Divorced,4,0,0.0,2.0,3.0,248.14,1,0,0,0.07407407407407407,1,9.19037037037037,0.0,0,0,2.0,0.25
50411,0,14.0,Male,3.0,2,Married,4,0,1.0,12.0,6.0,291.41,1,1,0,0.8,0,19.427333333333333,0.07692307692307693,0,1,6.500000000000001,0.2
50412,0,30.0,Male,2.0,5,Single,9,0,1.0,2.0,2.0,154.05,1,2,0,0.06451612903225806,1,4.969354838709678,0.3333333333333333,0,0,2.6,0.25
50413,0,0.0,Male,2.0,5,Married,2,0,1.0,1.0,7.0,187.93,1,1,0,1.0,1,187.93,0.5,0,0,1.5000000000000002,0.25
50414,0,14.0,Male,2.0,3,Divorced,2,0,1.0,2.0,10.0,291.89,1,0,0,0.13333333333333333,1,19.459333333333333,0.3333333333333333,0,0,1.9000000000000001,0.25
50415,0,23.0,Male,2.0,4,Divorced,8,0,1.0,2.0,2.0,138.75,1,0,0,0.08333333333333333,1,5.78125,0.3333333333333333,0,0,2.5000000000000004,0.25
50416,1,9.0,Female,3.0,4,Single,8,1,1.0,3.0,7.0,122.16,0,2,0,0.3,0,12.216,0.25,0,1,3.3000000000000003,0.2
50417,0,9.0,Female,3.0,5,Divorced,10,0,0.0,1.0,3.0,217.13,0,0,0,0.1,1,21.713,0.0,0,0,2.6,0.25
50418,0,11.0,Female,2.0,3,Single,5,1,0.0,1.0,0.0,178.61,0,2,0,0.08333333333333333,1,14.884166666666667,0.0,0,1,1.7000000000000002,0.45
50419,0,17.0,Male,2.0,3,Single,3,0,0.0,1.0,4.0,137.08,1,2,0,0.05555555555555555,1,7.615555555555556,0.0,0,0,1.5000000000000002,0.25
50420,0,20.0,Female,2.0,3,Married,10,1,7.0,2.0,13.0,237.7,0,1,1,0.09523809523809523,1,11.319047619047618,2.3333333333333335,0,1,3.3000000000000003,0.75
50421,0,3.0,Male,2.0,2,Married,8,0,4.0,7.0,7.0,153.04,1,1,0,1.75,0,38.26,0.5,0,1,4.800000000000001,0.2
50422,0,2.0,Male,2.0,3,Single,2,0,0.0,1.0,0.0,126.42,1,2,0,0.3333333333333333,1,42.14,0.0,0,0,1.4000000000000001,0.25
50423,1,5.0,Male,3.0,3,Married,7,1,2.0,2.0,2.0,127.59,1,1,0,0.3333333333333333,1,21.265,0.6666666666666666,0,1,2.9000000000000004,0.45
50424,0,16.0,Male,2.0,2,Divorced,4,0,0.0,2.0,2.0,168.04,1,0,0,0.11764705882352941,1,9.884705882352941,0.0,0,1,2.0,0.45
50425,0,7.0,Female,3.0,3,Single,4,0,1.0,4.0,3.0,161.42,0,2,0,0.5,0,20.1775,0.2,0,0,3.3000000000000003,0.0
50426,0,0.0,Male,2.0,5,Divorced,2,0,0.0,1.0,2.0,125.0,1,0,0,1.0,1,125.0,0.0,0,0,1.4000000000000001,0.25
50427,0,12.0,Female,2.0,4,Divorced,10,0,3.0,3.0,6.0,163.89,0,0,0,0.23076923076923078,0,12.606923076923076,0.75,0,0,3.3,0.0
50428,0,29.0,Male,2.0,2,Divorced,8,0,0.0,1.0,3.0,211.03,1,0,0,0.03333333333333333,1,7.0343333333333335,0.0,0,1,2.0,0.45
50429,0,13.0,Female,2.0,2,Single,1,1,2.0,2.0,3.0,123.42,0,2,0,0.14285714285714285,1,8.815714285714286,0.6666666666666666,0,1,1.9000000000000001,0.45
50430,0,0.0,Female,2.0,5,Single,9,0,1.0,1.0,7.0,168.11,0,2,0,1.0,1,168.11,0.5,0,0,2.2,0.25
50431,0,9.0,Male,2.0,4,Married,2,0,0.0,2.0,2.0,122.97,1,1,0,0.2,1,12.297,0.0,0,0,1.8,0.25
50432,0,26.0,Male,2.0,2,Single,3,0,1.0,2.0,2.0,124.5,1,2,0,0.07407407407407407,1,4.611111111111111,0.3333333333333333,0,1,2.0,0.45
50433,0,8.0,Female,3.0,5,Married,3,0,0.0,1.0,0.0,150.93,0,1,0,0.1111111111111111,1,16.77,0.0,0,0,1.9000000000000001,0.25
50434,0,5.0,Male,3.0,2,Divorced,2,0,2.0,4.0,7.0,153.09,1,0,0,0.6666666666666666,0,25.515,0.4,0,1,3.2000000000000006,0.2
50435,0,11.0,Male,3.0,3,Divorced,7,1,0.0,1.0,1.0,130.57,1,0,0,0.08333333333333333,1,10.880833333333333,0.0,0,1,2.3000000000000003,0.45
50436,0,7.0,Female,2.0,5,Married,4,0,1.0,1.0,0.0,151.21,0,1,0,0.125,1,18.90125,0.5,0,0,1.7000000000000002,0.25
50437,0,25.0,Male,2.0,5,Divorced,2,0,1.0,1.0,16.0,268.56,1,0,1,0.038461538461538464,1,10.329230769230769,0.5,0,0,1.5000000000000002,0.55
50438,1,0.0,Male,3.0,2,Single,2,1,5.0,7.0,8.0,126.86,1,2,0,7.0,0,126.86,0.625,0,1,4.7,0.2
50439,0,0.0,Female,2.0,2,Single,2,0,0.0,1.0,4.0,161.8,0,2,0,1.0,1,161.8,0.0,0,1,1.4000000000000001,0.45
50440,0,18.0,Male,2.0,3,Single,1,0,0.0,3.0,1.0,166.32,1,2,0,0.15789473684210525,0,8.753684210526316,0.0,0,0,2.1,0.0
50441,0,0.0,Male,3.0,3,Single,2,0,1.0,1.0,2.0,135.05,1,2,0,1.0,1,135.05,0.5,0,0,1.9000000000000001,0.25
50442,1,10.0,Female,3.0,3,Single,5,1,1.0,1.0,3.0,163.97,0,2,0,0.09090909090909091,1,14.906363636363636,0.5,0,1,2.2,0.45
50443,0,7.0,Male,2.0,2,Single,2,0,0.0,1.0,4.0,162.74,1,2,0,0.125,1,20.3425,0.0,0,1,1.4000000000000001,0.45
50444,1,18.0,Male,3.0,5,Divorced,6,1,1.0,1.0,4.0,298.59,1,0,0,0.05263157894736842,1,15.715263157894736,0.5,0,1,2.3000000000000003,0.45
50445,0,9.0,Male,3.0,5,Single,2,0,0.0,1.0,9.0,175.87,1,2,0,0.1,1,17.587,0.0,0,0,1.8,0.25
50446,0,25.0,Male,2.0,2,Divorced,1,0,1.0,1.0,2.0,142.58,1,0,0,0.038461538461538464,1,5.483846153846154,0.5,0,1,1.4000000000000004,0.45
50447,0,0.0,Female,3.0,2,Married,4,0,2.0,2.0,0.0,143.64,0,1,0,2.0,1,143.64,0.6666666666666666,0,1,2.6,0.45
50448,0,2.0,Female,3.0,3,Divorced,5,0,1.0,1.0,1.0,143.35,0,0,0,0.3333333333333333,1,47.78333333333333,0.5,0,0,2.2,0.25
50449,1,0.0,Male,2.0,5,Single,7,0,1.0,1.0,2.0,153.26,1,2,0,1.0,1,153.26,0.5,0,0,2.0000000000000004,0.25
50450,0,7.0,Female,3.0,2,Single,3,0,0.0,1.0,3.0,132.8,0,2,0,0.125,1,16.6,0.0,0,1,1.9000000000000001,0.45
50451,0,27.0,Female,3.0,5,Married,10,1,0.0,1.0,4.0,154.85,0,1,0,0.03571428571428571,1,5.5303571428571425,0.0,0,1,2.6,0.45
50452,0,2.0,Male,2.0,2,Divorced,1,0,0.0,1.0,1.0,143.42,1,0,0,0.3333333333333333,1,47.806666666666665,0.0,0,1,1.3000000000000003,0.45
50453,0,10.0,Female,3.0,5,Married,1,1,3.0,4.0,3.0,127.82,0,1,0,0.36363636363636365,0,11.62,0.6,0,1,3.2,0.2
50454,0,11.0,Female,3.0,5,Single,7,1,4.0,4.0,12.0,159.8,0,2,1,0.3333333333333333,0,13.316666666666668,0.8,0,1,3.9000000000000004,0.5
50455,0,7.0,Female,2.0,5,Single,2,0,1.0,1.0,3.0,143.81,0,2,0,0.125,1,17.97625,0.5,0,0,1.5000000000000002,0.25
50456,0,8.0,Female,3.0,2,Divorced,2,0,0.0,1.0,2.0,125.72,0,0,0,0.1111111111111111,1,13.96888888888889,0.0,0,1,1.8,0.45
50457,0,3.0,Male,2.0,3,Divorced,4,0,1.0,1.0,2.0,138.33,1,0,0,0.25,1,34.5825,0.5,0,0,1.7000000000000002,0.25
50458,0,13.0,Female,2.0,4,Divorced,2,0,0.0,3.0,7.0,142.44,0,0,0,0.21428571428571427,0,10.174285714285714,0.0,0,0,2.2,0.0
50459,0,7.0,Female,3.0,5,Divorced,6,0,1.0,1.0,2.0,165.0,0,0,0,0.125,1,20.625,0.5,0,0,2.3000000000000003,0.25
50460,0,15.0,Male,3.0,2,Married,2,0,1.0,14.0,9.0,284.3,1,1,0,0.875,0,17.76875,0.06666666666666667,0,1,7.1000000000000005,0.2
50461,1,9.0,Male,3.0,5,Divorced,2,1,1.0,1.0,0.0,116.01,1,0,0,0.1,1,11.601,0.5,0,1,1.9000000000000001,0.45
50462,0,0.0,Male,3.0,4,Married,2,0,1.0,1.0,0.0,126.94,1,1,0,1.0,1,126.94,0.5,0,0,1.9000000000000001,0.25
50463,0,25.0,Female,3.0,3,Divorced,9,0,1.0,1.0,4.0,131.49,0,0,0,0.038461538461538464,1,5.057307692307693,0.5,0,0,2.6,0.25
50464,0,23.0,Male,3.0,3,Divorced,6,0,1.0,1.0,3.0,276.39,1,0,0,0.041666666666666664,1,11.51625,0.5,0,0,2.3000000000000003,0.25
50465,1,0.0,Female,2.0,5,Divorced,2,1,0.0,1.0,0.0,123.19,0,0,0,1.0,1,123.19,0.0,0,1,1.4000000000000001,0.45
50466,0,6.0,Male,2.0,3,Divorced,1,0,0.0,3.0,3.0,216.91,1,0,0,0.42857142857142855,0,30.987142857142857,0.0,0,0,2.1,0.0
50467,1,0.0,Female,3.0,5,Single,6,0,1.0,1.0,2.0,153.24,0,2,0,1.0,1,153.24,0.5,0,0,2.3000000000000003,0.25
50468,0,20.0,Female,2.0,2,Divorced,2,1,1.0,3.0,0.0,267.52,0,0,0,0.14285714285714285,0,12.739047619047618,0.25,0,1,2.3000000000000003,0.2
50469,0,9.0,Female,2.0,4,Divorced,1,0,0.0,1.0,5.0,152.28,0,0,0,0.1,1,15.228,0.0,0,0,1.3000000000000003,0.25
50470,0,2.0,Male,3.0,3,Divorced,2,0,1.0,1.0,7.0,127.0,1,0,0,0.3333333333333333,1,42.333333333333336,0.5,0,0,1.9000000000000001,0.25
50471,1,20.0,Male,2.0,4,Single,8,1,5.0,13.0,8.0,292.46,1,2,0,0.6190476190476191,0,13.926666666666666,0.35714285714285715,0,1,7.3,0.2
50472,0,8.0,Female,2.0,3,Single,4,0,0.0,2.0,2.0,125.06,0,2,0,0.2222222222222222,1,13.895555555555555,0.0,0,0,2.0,0.25
50473,0,15.0,Female,2.0,2,Divorced,10,1,0.0,1.0,2.0,160.62,0,0,0,0.0625,1,10.03875,0.0,0,1,2.2,0.45
50474,1,0.0,Male,2.0,3,Single,7,0,0.0,2.0,1.0,143.82,1,2,0,2.0,1,143.82,0.0,0,0,2.3000000000000003,0.25
50475,0,9.0,Male,2.0,4,Divorced,4,0,1.0,1.0,4.0,121.43,1,0,0,0.1,1,12.143,0.5,0,0,1.7000000000000002,0.25
50476,0,5.0,Female,3.0,3,Divorced,2,0,1.0,6.0,8.0,161.62,0,0,0,1.0,0,26.936666666666667,0.14285714285714285,0,0,3.900000000000001,0.0
50477,0,13.0,Male,2.0,3,Single,7,0,1.0,1.0,0.0,150.94,1,2,0,0.07142857142857142,1,10.781428571428572,0.5,0,0,2.0000000000000004,0.25
50478,0,3.0,Female,2.0,2,Single,6,1,1.0,1.0,0.0,168.77,0,2,0,0.25,1,42.1925,0.5,0,1,1.9000000000000004,0.45
50479,0,9.0,Female,3.0,3,Single,2,0,1.0,1.0,0.0,122.74,0,2,0,0.1,1,12.274,0.5,0,0,1.9000000000000001,0.25
50480,0,15.0,Male,3.0,4,Divorced,2,0,2.0,7.0,8.0,144.34,1,0,0,0.4375,0,9.02125,0.25,0,0,4.4,0.0
50481,0,11.0,Male,2.0,5,Married,3,0,1.0,1.0,2.0,162.88,1,1,0,0.08333333333333333,1,13.573333333333332,0.5,0,0,1.6000000000000003,0.25
50482,0,7.0,Female,3.0,2,Single,2,0,1.0,1.0,3.0,125.53,0,2,0,0.125,1,15.69125,0.5,0,1,1.9000000000000001,0.45
50483,1,12.0,Female,2.0,2,Divorced,2,0,0.0,7.0,7.0,176.54,0,0,0,0.5384615384615384,0,13.58,0.0,0,1,3.8000000000000007,0.2
50484,1,18.0,Male,2.0,2,Single,5,0,0.0,7.0,3.0,151.6,1,2,0,0.3684210526315789,0,7.978947368421053,0.0,0,1,4.1000000000000005,0.2
50485,0,16.0,Male,3.0,5,Divorced,7,0,1.0,1.0,0.0,271.59,1,0,0,0.058823529411764705,1,15.975882352941175,0.5,0,0,2.4000000000000004,0.25
50486,0,0.0,Male,2.0,2,Married,2,1,0.0,1.0,3.0,228.08,1,1,0,1.0,1,228.08,0.0,0,1,1.4000000000000001,0.45
50487,0,8.0,Male,2.0,3,Single,4,0,0.0,1.0,6.0,202.21,1,2,0,0.1111111111111111,1,22.46777777777778,0.0,0,0,1.6,0.25
50488,0,1.0,Female,2.0,4,Divorced,2,1,7.0,7.0,5.0,147.79,0,0,0,3.5,0,73.895,0.875,0,1,4.500000000000001,0.2
50489,0,7.0,Male,2.0,2,Divorced,1,0,1.0,1.0,2.0,137.37,1,0,0,0.125,1,17.17125,0.5,0,1,1.4000000000000004,0.45
50490,1,0.0,Female,2.0,3,Divorced,2,1,0.0,1.0,7.0,123.66,0,0,0,1.0,1,123.66,0.0,0,1,1.4000000000000001,0.45
50491,0,9.0,Male,2.0,2,Divorced,2,0,1.0,1.0,0.0,117.06,1,0,0,0.1,1,11.706,0.5,0,1,1.5000000000000002,0.45
50492,0,24.0,Female,3.0,3,Divorced,3,0,1.0,4.0,17.0,263.07,0,0,1,0.16,0,10.5228,0.2,0,0,3.2000000000000006,0.3
50493,0,17.0,Male,2.0,4,Single,10,0,1.0,2.0,3.0,159.33,1,2,0,0.1111111111111111,1,8.851666666666667,0.3333333333333333,0,0,2.7,0.25
50494,0,0.0,Male,3.0,5,Single,8,0,1.0,1.0,1.0,134.24,1,2,0,1.0,1,134.24,0.5,0,0,2.5000000000000004,0.25
50495,0,6.0,Male,2.0,5,Married,2,0,0.0,1.0,8.0,140.37,1,1,0,0.14285714285714285,1,20.052857142857142,0.0,0,0,1.4000000000000001,0.25
50496,0,8.0,Female,2.0,5,Single,2,0,1.0,1.0,1.0,125.59,0,2,0,0.1111111111111111,1,13.954444444444444,0.5,0,0,1.5000000000000002,0.25
50497,0,9.0,Male,2.0,2,Divorced,2,1,2.0,4.0,11.0,162.01,1,0,1,0.4,0,16.201,0.4,0,1,2.8000000000000007,0.5
50498,0,5.0,Male,3.0,2,Married,3,0,0.0,1.0,3.0,144.03,1,1,0,0.16666666666666666,1,24.005,0.0,0,1,1.9000000000000001,0.45
50499,0,3.0,Male,3.0,2,Married,10,0,0.0,1.0,3.0,137.61,1,1,0,0.25,1,34.4025,0.0,0,1,2.6,0.45
50500,0,26.0,Female,3.0,2,Divorced,8,1,0.0,1.0,3.0,209.34,0,0,0,0.037037037037037035,1,7.753333333333334,0.0,0,1,2.4000000000000004,0.45
50501,0,18.0,Male,3.0,5,Married,5,1,1.0,1.0,2.0,207.61,1,1,0,0.05263157894736842,1,10.926842105263159,0.5,0,1,2.2,0.45
50502,0,5.0,Female,3.0,3,Divorced,6,0,1.0,1.0,3.0,151.75,0,0,0,0.16666666666666666,1,25.291666666666668,0.5,0,0,2.3000000000000003,0.25
50503,0,25.0,Female,2.0,2,Divorced,4,0,0.0,2.0,0.0,238.26,0,0,0,0.07692307692307693,1,9.163846153846153,0.0,0,1,2.0,0.45
50504,0,10.0,Male,3.0,3,Married,5,0,1.0,1.0,0.0,163.34,1,1,0,0.09090909090909091,1,14.84909090909091,0.5,0,0,2.2,0.25
50505,0,1.0,Male,3.0,2,Married,2,0,0.0,1.0,4.0,149.36,1,1,0,0.5,1,74.68,0.0,0,1,1.8,0.45
50506,0,0.0,Male,2.0,2,Divorced,7,0,2.0,2.0,2.0,147.75,1,0,0,2.0,1,147.75,0.6666666666666666,0,1,2.5000000000000004,0.45
50507,0,17.0,Male,3.0,2,Divorced,3,1,1.0,1.0,2.0,128.18,1,0,0,0.05555555555555555,1,7.121111111111111,0.5,0,1,2.0,0.45
50508,0,15.0,Male,2.0,2,Single,6,1,0.0,2.0,2.0,125.15,1,2,0,0.125,1,7.821875,0.0,0,1,2.2,0.45
50509,0,9.0,Male,3.0,5,Divorced,1,0,1.0,1.0,3.0,123.42,1,0,0,0.1,1,12.342,0.5,0,0,1.8000000000000003,0.25
50510,0,0.0,Male,3.0,5,Divorced,2,1,1.0,1.0,3.0,141.94,1,0,0,1.0,1,141.94,0.5,0,1,1.9000000000000001,0.45
50511,0,8.0,Female,3.0,3,Divorced,2,1,2.0,5.0,15.0,206.85,0,0,1,0.5555555555555556,0,22.983333333333334,0.3333333333333333,0,1,3.6000000000000005,0.5
50512,1,9.0,Female,3.0,4,Married,2,1,0.0,7.0,8.0,120.22,0,1,0,0.7,0,12.022,0.0,0,1,4.2,0.2
50513,0,5.0,Male,3.0,2,Married,1,0,0.0,1.0,2.0,123.14,1,1,0,0.16666666666666666,1,20.523333333333333,0.0,0,1,1.7000000000000002,0.45
50514,0,0.0,Male,2.0,5,Divorced,2,0,1.0,1.0,3.0,142.56,1,0,0,1.0,1,142.56,0.5,0,0,1.5000000000000002,0.25
50515,0,22.0,Female,2.0,5,Divorced,3,0,1.0,1.0,2.0,135.8,0,0,0,0.043478260869565216,1,5.904347826086957,0.5,0,0,1.6000000000000003,0.25
50516,0,0.0,Male,3.0,2,Divorced,1,0,0.0,3.0,4.0,131.62,1,0,0,3.0,0,131.62,0.0,0,1,2.5000000000000004,0.2
50517,0,5.0,Male,2.0,4,Divorced,2,0,2.0,5.0,3.0,165.24,1,0,0,0.8333333333333334,0,27.540000000000003,0.3333333333333333,0,0,3.2,0.0
50518,0,11.0,Male,3.0,4,Divorced,1,0,0.0,1.0,2.0,128.99,1,0,0,0.08333333333333333,1,10.749166666666667,0.0,0,0,1.7000000000000002,0.25
50519,0,15.0,Female,3.0,2,Divorced,3,1,0.0,1.0,3.0,152.31,0,0,0,0.0625,1,9.519375,0.0,0,1,1.9000000000000001,0.45
50520,0,4.0,Male,2.0,2,Divorced,4,1,1.0,1.0,2.0,123.56,1,0,0,0.2,1,24.712,0.5,0,1,1.7000000000000002,0.45
50521,1,0.0,Female,3.0,3,Married,7,1,0.0,1.0,2.0,128.0,0,1,0,1.0,1,128.0,0.0,0,1,2.3000000000000003,0.45
50522,0,26.0,Male,3.0,2,Divorced,6,0,0.0,2.0,3.0,218.36,1,0,0,0.07407407407407407,1,8.087407407407408,0.0,0,1,2.6,0.45
50523,0,8.0,Male,3.0,4,Divorced,4,0,3.0,4.0,8.0,209.03,1,0,0,0.4444444444444444,0,23.225555555555555,0.6,0,0,3.5,0.0
50524,0,10.0,Female,3.0,2,Divorced,6,0,1.0,1.0,0.0,129.73,0,0,0,0.09090909090909091,1,11.793636363636363,0.5,0,1,2.3000000000000003,0.45
50525,0,26.0,Female,3.0,2,Single,7,0,2.0,2.0,8.0,242.75,0,2,0,0.07407407407407407,1,8.99074074074074,0.6666666666666666,0,1,2.9000000000000004,0.45
50526,0,16.0,Female,2.0,2,Divorced,5,0,1.0,2.0,2.0,155.62,0,0,0,0.11764705882352941,1,9.154117647058824,0.3333333333333333,0,1,2.2,0.45
50527,0,20.0,Female,2.0,2,Divorced,1,1,5.0,7.0,7.0,145.37,0,0,0,0.3333333333333333,0,6.922380952380952,0.625,0,1,4.200000000000001,0.2
50528,0,10.0,Male,2.0,4,Single,2,1,0.0,1.0,9.0,176.42,1,2,0,0.09090909090909091,1,16.038181818181815,0.0,0,1,1.4000000000000001,0.45
50529,0,23.0,Male,3.0,5,Married,2,0,1.0,14.0,7.0,279.24,1,1,0,0.5833333333333334,0,11.635,0.06666666666666667,0,0,7.1000000000000005,0.0
50530,0,12.0,Female,2.0,2,Divorced,9,0,0.0,1.0,4.0,152.04,0,0,0,0.07692307692307693,1,11.695384615384615,0.0,0,1,2.1,0.45
50531,0,9.0,Male,2.0,4,Married,4,1,0.0,1.0,3.0,122.77,1,1,0,0.1,1,12.277,0.0,0,1,1.6,0.45
50532,1,0.0,Male,3.0,2,Single,2,1,1.0,1.0,1.0,127.95,1,2,0,1.0,1,127.95,0.5,0,1,1.9000000000000001,0.45
50533,0,2.0,Female,3.0,2,Married,7,0,1.0,1.0,3.0,125.32,0,1,0,0.3333333333333333,1,41.77333333333333,0.5,0,1,2.4000000000000004,0.45
50534,0,17.0,Male,3.0,5,Divorced,2,1,2.0,7.0,1.0,125.59,1,0,0,0.3888888888888889,0,6.977222222222222,0.25,0,1,4.4,0.2
50535,0,1.0,Male,3.0,2,Single,2,0,1.0,1.0,2.0,149.08,1,2,0,0.5,1,74.54,0.5,0,1,1.9000000000000001,0.45
50536,1,20.0,Male,2.0,2,Married,10,1,0.0,1.0,0.0,123.8,1,1,0,0.047619047619047616,1,5.895238095238095,0.0,0,1,2.2,0.45
50537,0,16.0,Female,2.0,4,Married,5,0,1.0,1.0,0.0,147.65,0,1,0,0.058823529411764705,1,8.685294117647059,0.5,0,0,1.8000000000000003,0.25
50538,1,9.0,Female,2.0,3,Single,2,0,0.0,1.0,2.0,120.44,0,2,0,0.1,1,12.044,0.0,0,0,1.4000000000000001,0.25
50539,1,0.0,Female,3.0,2,Single,2,0,1.0,1.0,0.0,126.93,0,2,0,1.0,1,126.93,0.5,0,1,1.9000000000000001,0.45
50540,0,9.0,Male,3.0,2,Divorced,1,1,4.0,4.0,11.0,165.86,1,0,1,0.4,0,16.586000000000002,0.8,0,1,3.3000000000000003,0.5
50541,0,20.0,Female,3.0,2,Single,2,1,1.0,1.0,2.0,132.94,0,2,0,0.047619047619047616,1,6.33047619047619,0.5,0,1,1.9000000000000001,0.45
50542,1,0.0,Female,2.0,3,Divorced,1,1,1.0,1.0,2.0,141.71,0,0,0,1.0,1,141.71,0.5,0,1,1.4000000000000004,0.45
50543,1,4.0,Female,3.0,2,Married,5,1,0.0,1.0,0.0,127.78,0,1,0,0.2,1,25.556,0.0,0,1,2.1,0.45
50544,0,1.0,Female,3.0,3,Married,6,0,2.0,2.0,2.0,123.77,0,1,0,1.0,1,61.885,0.6666666666666666,0,0,2.8000000000000003,0.25
50545,1,2.0,Male,3.0,5,Divorced,8,1,1.0,2.0,2.0,124.04,1,0,0,0.6666666666666666,1,41.34666666666667,0.3333333333333333,0,1,2.9,0.45
50546,0,0.0,Female,3.0,3,Single,2,0,1.0,1.0,0.0,123.18,0,2,0,1.0,1,123.18,0.5,0,0,1.9000000000000001,0.25
50547,0,9.0,Male,2.0,4,Married,2,0,1.0,1.0,0.0,120.08,1,1,0,0.1,1,12.008,0.5,0,0,1.5000000000000002,0.25
50548,0,15.0,Female,3.0,3,Single,8,0,0.0,1.0,3.0,162.44,0,2,0,0.0625,1,10.1525,0.0,0,0,2.4000000000000004,0.25
50549,0,6.0,Male,3.0,5,Single,4,1,0.0,1.0,2.0,127.99,1,2,0,0.14285714285714285,1,18.284285714285712,0.0,0,1,2.0,0.45
50550,0,30.0,Female,2.0,4,Married,3,1,1.0,1.0,4.0,205.52,0,1,0,0.03225806451612903,1,6.629677419354839,0.5,0,1,1.6000000000000003,0.45
50551,0,4.0,Male,2.0,3,Divorced,4,0,3.0,5.0,2.0,123.29,1,0,0,1.0,0,24.658,0.5,0,0,3.5,0.0
50552,0,8.0,Female,2.0,2,Divorced,2,1,0.0,1.0,7.0,140.14,0,0,0,0.1111111111111111,1,15.57111111111111,0.0,0,1,1.4000000000000001,0.45
50553,0,22.0,Female,2.0,4,Divorced,5,0,0.0,1.0,7.0,174.03,0,0,0,0.043478260869565216,1,7.566521739130435,0.0,0,0,1.7000000000000002,0.25
50554,0,9.0,Male,2.0,3,Divorced,5,0,0.0,1.0,0.0,122.59,1,0,0,0.1,1,12.259,0.0,0,0,1.7000000000000002,0.25
50555,0,4.0,Female,2.0,3,Divorced,2,0,1.0,1.0,0.0,169.32,0,0,0,0.2,1,33.864,0.5,0,0,1.5000000000000002,0.25
50556,0,9.0,Male,3.0,2,Single,3,0,0.0,1.0,1.0,146.78,1,2,0,0.1,1,14.678,0.0,0,1,1.9000000000000001,0.45
50557,0,11.0,Female,3.0,5,Divorced,2,0,3.0,2.0,11.0,235.82,0,0,1,0.16666666666666666,1,19.651666666666667,1.0,0,0,2.5,0.55
50558,0,5.0,Female,3.0,4,Divorced,7,0,1.0,1.0,2.0,123.32,0,0,0,0.16666666666666666,1,20.55333333333333,0.5,0,0,2.4000000000000004,0.25
50559,1,0.0,Male,2.0,4,Divorced,2,1,0.0,1.0,0.0,124.13,1,0,0,1.0,1,124.13,0.0,0,1,1.4000000000000001,0.45
50560,0,13.0,Male,3.0,4,Married,3,0,1.0,1.0,0.0,197.05,1,1,0,0.07142857142857142,1,14.075000000000001,0.5,0,0,2.0,0.25
50561,0,0.0,Male,2.0,5,Single,2,0,1.0,1.0,7.0,142.94,1,2,0,1.0,1,142.94,0.5,0,0,1.5000000000000002,0.25
50562,0,14.0,Male,2.0,5,Single,3,1,1.0,2.0,17.0,147.21,1,2,1,0.13333333333333333,1,9.814,0.3333333333333333,0,1,2.0,0.75
50563,0,9.0,Male,3.0,3,Single,5,0,2.0,3.0,9.0,125.19,1,2,0,0.3,0,12.519,0.5,0,0,3.1000000000000005,0.0
50564,1,9.0,Male,2.0,4,Single,2,1,0.0,1.0,0.0,121.21,1,2,0,0.1,1,12.120999999999999,0.0,0,1,1.4000000000000001,0.45
50565,1,0.0,Male,3.0,5,Single,2,0,1.0,1.0,0.0,129.73,1,2,0,1.0,1,129.73,0.5,0,0,1.9000000000000001,0.25
50566,0,4.0,Female,2.0,2,Divorced,1,1,0.0,8.0,5.0,158.55,0,0,0,1.6,0,31.71,0.0,0,1,4.1,0.2
50567,0,13.0,Male,2.0,4,Married,9,1,0.0,1.0,0.0,136.17,1,1,0,0.07142857142857142,1,9.72642857142857,0.0,0,1,2.1,0.45
50568,0,5.0,Female,3.0,5,Divorced,2,0,6.0,6.0,3.0,167.25,0,0,0,1.0,0,27.875,0.8571428571428571,0,0,4.4,0.0
50569,1,0.0,Male,2.0,2,Divorced,2,1,3.0,3.0,7.0,203.25,1,0,0,3.0,0,203.25,0.75,0,1,2.5,0.2
50570,0,6.0,Female,2.0,2,Single,1,0,0.0,1.0,4.0,169.49,0,2,0,0.14285714285714285,1,24.212857142857143,0.0,0,1,1.3000000000000003,0.45
50571,1,0.0,Male,2.0,3,Divorced,6,0,1.0,11.0,7.0,206.09,1,0,0,11.0,0,206.09,0.08333333333333333,0,0,5.9,0.0
50572,0,18.0,Male,2.0,4,Divorced,2,0,1.0,1.0,8.0,144.47,1,0,0,0.05263157894736842,1,7.603684210526316,0.5,0,0,1.5000000000000002,0.25
50573,0,9.0,Female,2.0,2,Divorced,2,0,0.0,1.0,2.0,121.57,0,0,0,0.1,1,12.157,0.0,0,1,1.4000000000000001,0.45
50574,0,8.0,Female,2.0,3,Divorced,2,0,1.0,1.0,0.0,146.01,0,0,0,0.1111111111111111,1,16.223333333333333,0.5,0,0,1.5000000000000002,0.25
50575,0,25.0,Male,3.0,2,Divorced,3,0,1.0,7.0,8.0,270.99,1,0,0,0.2692307692307692,0,10.422692307692309,0.125,0,1,4.3999999999999995,0.2
50576,1,20.0,Male,2.0,3,Single,5,0,1.0,1.0,0.0,124.79,1,2,0,0.047619047619047616,1,5.942380952380953,0.5,0,0,1.8000000000000003,0.25
50577,0,26.0,Male,2.0,3,Married,7,0,2.0,2.0,2.0,248.52,1,1,0,0.07407407407407407,1,9.204444444444444,0.6666666666666666,0,0,2.5000000000000004,0.25
50578,0,3.0,Male,3.0,3,Married,6,0,4.0,7.0,7.0,172.64,1,1,0,1.75,0,43.16,0.5,0,0,5.0,0.0
50579,0,11.0,Female,2.0,2,Single,2,1,0.0,1.0,3.0,156.66,0,2,0,0.08333333333333333,1,13.055,0.0,0,1,1.4000000000000001,0.45
50580,0,8.0,Male,3.0,2,Married,7,0,0.0,1.0,8.0,178.23,1,1,0,0.1111111111111111,1,19.80333333333333,0.0,0,1,2.3000000000000003,0.45
50581,0,12.0,Male,2.0,3,Single,1,0,1.0,1.0,7.0,178.8,1,2,0,0.07692307692307693,1,13.753846153846155,0.5,0,0,1.4000000000000004,0.25
50582,1,3.0,Female,3.0,4,Single,5,1,1.0,2.0,0.0,231.94,0,2,0,0.5,1,57.985,0.3333333333333333,0,1,2.6,0.45
50583,0,20.0,Male,3.0,3,Married,2,1,0.0,2.0,7.0,150.67,1,1,0,0.09523809523809523,1,7.174761904761904,0.0,0,1,2.2,0.45
50584,0,9.0,Male,2.0,2,Married,5,0,1.0,1.0,7.0,150.79,1,1,0,0.1,1,15.078999999999999,0.5,0,1,1.8000000000000003,0.45
50585,1,0.0,Male,2.0,5,Single,1,1,1.0,1.0,2.0,123.21,1,2,0,1.0,1,123.21,0.5,0,1,1.4000000000000004,0.45
50586,0,6.0,Male,2.0,3,Single,2,0,1.0,6.0,0.0,274.44,1,2,0,0.8571428571428571,0,39.205714285714286,0.14285714285714285,0,0,3.5000000000000004,0.0
50587,1,0.0,Female,3.0,5,Single,7,1,1.0,1.0,0.0,124.04,0,2,0,1.0,1,124.04,0.5,0,1,2.4000000000000004,0.45
50588,0,6.0,Female,2.0,2,Single,4,0,1.0,1.0,2.0,134.52,0,2,0,0.14285714285714285,1,19.217142857142857,0.5,0,1,1.7000000000000002,0.45
50589,0,9.0,Female,3.0,2,Married,4,0,0.0,1.0,2.0,122.7,0,1,0,0.1,1,12.27,0.0,0,1,2.0,0.45
50590,0,23.0,Male,3.0,2,Married,10,0,1.0,1.0,3.0,273.99,1,1,0,0.041666666666666664,1,11.41625,0.5,0,1,2.7,0.45
50591,0,6.0,Female,2.0,4,Divorced,2,1,0.0,1.0,2.0,154.88,0,0,0,0.14285714285714285,1,22.125714285714285,0.0,0,1,1.4000000000000001,0.45
50592,0,14.0,Male,3.0,3,Married,3,0,1.0,1.0,11.0,294.19,1,1,1,0.06666666666666667,1,19.612666666666666,0.5,0,0,2.0,0.55
50593,0,0.0,Female,3.0,4,Divorced,10,0,2.0,2.0,2.0,128.11,0,0,0,2.0,1,128.11,0.6666666666666666,0,0,3.2,0.25
50594,0,18.0,Male,2.0,5,Divorced,2,1,1.0,1.0,8.0,136.33,1,0,0,0.05263157894736842,1,7.1752631578947375,0.5,0,1,1.5000000000000002,0.45
50595,0,20.0,Female,2.0,2,Single,2,1,1.0,1.0,7.0,141.63,0,2,0,0.047619047619047616,1,6.744285714285714,0.5,0,1,1.5000000000000002,0.45
50596,1,9.0,Female,2.0,3,Divorced,5,1,0.0,1.0,1.0,121.32,0,0,0,0.1,1,12.132,0.0,0,1,1.7000000000000002,0.45
50597,0,23.0,Male,3.0,3,Divorced,4,1,0.0,2.0,5.0,239.73,1,0,0,0.08333333333333333,1,9.98875,0.0,0,1,2.4,0.45
50598,0,11.0,Male,3.0,3,Divorced,1,0,0.0,1.0,2.0,126.84,1,0,0,0.08333333333333333,1,10.57,0.0,0,0,1.7000000000000002,0.25
50599,0,19.0,Male,3.0,3,Married,7,0,0.0,1.0,7.0,208.45,1,1,0,0.05,1,10.4225,0.0,0,0,2.3000000000000003,0.25
50600,0,0.0,Female,2.0,3,Married,2,0,2.0,3.0,2.0,143.77,0,1,0,3.0,0,143.77,0.5,0,0,2.4000000000000004,0.0
50601,1,0.0,Male,2.0,4,Married,2,1,1.0,1.0,2.0,137.43,1,1,0,1.0,1,137.43,0.5,0,1,1.5000000000000002,0.45
50602,0,4.0,Female,3.0,5,Divorced,2,0,1.0,1.0,3.0,141.48,0,0,0,0.2,1,28.296,0.5,0,0,1.9000000000000001,0.25
50603,0,0.0,Male,3.0,2,Single,2,0,1.0,1.0,0.0,110.51,1,2,0,1.0,1,110.51,0.5,0,1,1.9000000000000001,0.45
50604,0,27.0,Female,2.0,3,Divorced,9,0,1.0,1.0,8.0,207.39,0,0,0,0.03571428571428571,1,7.406785714285713,0.5,0,0,2.2,0.25
50605,0,8.0,Female,2.0,3,Married,2,1,2.0,10.0,1.0,203.88,0,1,0,1.1111111111111112,0,22.653333333333332,0.18181818181818182,0,1,5.2,0.2
50606,0,3.0,Female,3.0,5,Divorced,1,1,0.0,1.0,3.0,214.16,0,0,0,0.25,1,53.54,0.0,0,1,1.7000000000000002,0.45
50607,1,0.0,Female,3.0,5,Single,2,1,0.0,1.0,0.0,126.0,0,2,0,1.0,1,126.0,0.0,0,1,1.8,0.45
50608,1,0.0,Female,2.0,4,Single,1,0,0.0,1.0,2.0,124.22,0,2,0,1.0,1,124.22,0.0,0,0,1.3000000000000003,0.25
50609,0,0.0,Male,2.0,2,Divorced,2,0,1.0,1.0,3.0,154.72,1,0,0,1.0,1,154.72,0.5,0,1,1.5000000000000002,0.45
50610,0,0.0,Male,3.0,5,Divorced,2,0,1.0,1.0,1.0,124.51,1,0,0,1.0,1,124.51,0.5,0,0,1.9000000000000001,0.25
50611,0,21.0,Male,3.0,3,Single,3,0,0.0,2.0,2.0,142.4,1,2,0,0.09090909090909091,1,6.472727272727273,0.0,0,0,2.3,0.25
50612,0,21.0,Male,3.0,3,Single,8,0,1.0,4.0,3.0,209.99,1,2,0,0.18181818181818182,0,9.545,0.2,0,0,3.7000000000000006,0.0
50613,0,14.0,Female,2.0,3,Single,7,0,1.0,2.0,1.0,150.03,0,2,0,0.13333333333333333,1,10.002,0.3333333333333333,0,0,2.4000000000000004,0.25
50614,0,12.0,Female,3.0,2,Divorced,2,0,0.0,11.0,3.0,227.42,0,0,0,0.8461538461538461,0,17.493846153846153,0.0,0,1,5.800000000000001,0.2
50615,0,0.0,Female,2.0,2,Divorced,1,0,0.0,2.0,2.0,142.27,0,0,0,2.0,1,142.27,0.0,0,1,1.7000000000000002,0.45
50616,0,8.0,Male,2.0,2,Married,2,0,1.0,1.0,2.0,139.17,1,1,0,0.1111111111111111,1,15.463333333333331,0.5,0,1,1.5000000000000002,0.45
50617,0,15.0,Male,2.0,3,Divorced,7,0,1.0,1.0,0.0,283.03,1,0,0,0.0625,1,17.689375,0.5,0,0,2.0000000000000004,0.25
50618,0,23.0,Male,3.0,2,Divorced,5,0,1.0,1.0,0.0,123.8,1,0,0,0.041666666666666664,1,5.158333333333333,0.5,0,1,2.2,0.45
50619,0,30.0,Female,3.0,2,Single,4,1,0.0,2.0,3.0,237.26,0,2,0,0.06451612903225806,1,7.653548387096774,0.0,0,1,2.4,0.45
50620,1,0.0,Female,3.0,4,Divorced,6,0,1.0,1.0,0.0,147.77,0,0,0,1.0,1,147.77,0.5,0,0,2.3000000000000003,0.25
50621,0,28.0,Male,3.0,4,Divorced,4,1,6.0,6.0,7.0,163.85,1,0,0,0.20689655172413793,0,5.6499999999999995,0.8571428571428571,0,1,4.600000000000001,0.2
50622,0,14.0,Female,2.0,3,Married,2,0,1.0,5.0,10.0,299.73,0,1,0,0.3333333333333333,0,19.982000000000003,0.16666666666666666,0,0,3.1,0.0
50623,0,11.0,Male,2.0,2,Single,9,1,1.0,1.0,0.0,168.61,1,2,0,0.08333333333333333,1,14.050833333333335,0.5,0,1,2.2,0.45
50624,1,0.0,Male,3.0,5,Single,9,0,0.0,2.0,2.0,149.69,1,2,0,2.0,1,149.69,0.0,0,0,2.9,0.25
50625,1,15.0,Female,2.0,2,Divorced,2,0,5.0,6.0,9.0,298.45,0,0,0,0.375,0,18.653125,0.7142857142857143,0,1,3.9000000000000004,0.2
50626,0,17.0,Female,2.0,2,Divorced,4,1,1.0,2.0,11.0,233.2,0,0,1,0.1111111111111111,1,12.955555555555556,0.3333333333333333,0,1,2.1,0.75
50627,0,23.0,Female,3.0,3,Divorced,1,0,1.0,1.0,13.0,163.47,0,0,1,0.041666666666666664,1,6.81125,0.5,0,0,1.8000000000000003,0.55
50628,1,0.0,Female,3.0,5,Single,2,0,15.0,15.0,14.0,127.43,0,2,1,15.0,0,127.43,0.9375,0,0,8.9,0.3
50629,0,12.0,Female,2.0,5,Single,2,1,1.0,2.0,8.0,208.8,0,2,0,0.15384615384615385,1,16.06153846153846,0.3333333333333333,0,1,1.9000000000000001,0.45
50630,0,6.0,Female,2.0,2,Single,1,0,2.0,2.0,2.0,123.42,0,2,0,0.2857142857142857,1,17.63142857142857,0.6666666666666666,0,1,1.9000000000000001,0.45
50631,0,18.0,Female,2.0,2,Divorced,4,0,1.0,1.0,1.0,276.5,0,0,0,0.05263157894736842,1,14.552631578947368,0.5,0,1,1.7000000000000002,0.45
50632,0,5.0,Female,3.0,3,Single,10,0,5.0,7.0,7.0,140.25,0,2,0,1.1666666666666667,0,23.375,0.625,0,0,5.5,0.0
50633,0,7.0,Male,3.0,2,Married,1,0,1.0,1.0,9.0,197.25,1,1,0,0.125,1,24.65625,0.5,0,1,1.8000000000000003,0.45
50634,0,30.0,Male,3.0,2,Divorced,4,1,0.0,1.0,3.0,219.04,1,0,0,0.03225806451612903,1,7.065806451612903,0.0,0,1,2.0,0.45
50635,0,9.0,Male,2.0,4,Single,2,0,0.0,1.0,4.0,121.77,1,2,0,0.1,1,12.177,0.0,0,0,1.4000000000000001,0.25
50636,0,26.0,Female,2.0,4,Divorced,3,0,0.0,6.0,12.0,175.25,0,0,1,0.2222222222222222,0,6.4907407407407405,0.0,0,0,3.5,0.3
50637,1,0.0,Male,2.0,3,Married,8,0,0.0,1.0,0.0,148.34,1,1,0,1.0,1,148.34,0.0,0,0,2.0,0.25
50638,1,9.0,Male,2.0,5,Divorced,7,1,1.0,1.0,2.0,120.42,1,0,0,0.1,1,12.042,0.5,0,1,2.0000000000000004,0.45
50639,0,9.0,Female,2.0,3,Divorced,2,1,0.0,1.0,0.0,122.2,0,0,0,0.1,1,12.22,0.0,0,1,1.4000000000000001,0.45
50640,0,1.0,Male,3.0,4,Divorced,2,0,1.0,1.0,0.0,110.52,1,0,0,0.5,1,55.26,0.5,0,0,1.9000000000000001,0.25
50641,0,11.0,Male,3.0,3,Divorced,4,0,2.0,2.0,2.0,128.21,1,0,0,0.16666666666666666,1,10.684166666666668,0.6666666666666666,0,0,2.6,0.25
50642,0,23.0,Male,3.0,3,Divorced,3,1,7.0,7.0,7.0,292.37,1,0,0,0.2916666666666667,0,12.182083333333333,0.875,0,1,5.0,0.2
50643,0,10.0,Female,2.0,4,Single,4,0,1.0,1.0,1.0,141.07,0,2,0,0.09090909090909091,1,12.824545454545454,0.5,0,0,1.7000000000000002,0.25
50644,0,13.0,Male,3.0,5,Divorced,2,0,5.0,7.0,5.0,183.96,1,0,0,0.5,0,13.14,0.625,0,0,4.7,0.0
50645,0,9.0,Female,3.0,3,Married,2,0,1.0,1.0,3.0,120.07,0,1,0,0.1,1,12.007,0.5,0,0,1.9000000000000001,0.25
50646,0,19.0,Male,2.0,2,Married,10,0,1.0,2.0,2.0,296.27,1,1,0,0.1,1,14.8135,0.3333333333333333,0,1,2.7,0.45
50647,0,27.0,Female,2.0,3,Divorced,7,0,6.0,7.0,0.0,206.86,0,0,0,0.25,0,7.387857142857143,0.75,0,0,4.9,0.0
50648,0,29.0,Female,3.0,3,Divorced,3,0,0.0,1.0,3.0,129.42,0,0,0,0.03333333333333333,1,4.313999999999999,0.0,0,0,1.9000000000000001,0.25
50649,0,9.0,Female,2.0,2,Single,1,0,5.0,7.0,8.0,188.58,0,2,0,0.7,0,18.858,0.625,0,1,4.200000000000001,0.2
50650,0,28.0,Male,2.0,5,Single,8,0,1.0,6.0,2.0,267.56,1,2,0,0.20689655172413793,0,9.226206896551725,0.14285714285714285,0,0,4.1,0.0
50651,0,16.0,Male,3.0,2,Married,6,0,1.0,2.0,0.0,234.0,1,1,0,0.11764705882352941,1,13.764705882352942,0.3333333333333333,0,1,2.7,0.45
50652,1,0.0,Female,2.0,2,Single,2,1,0.0,1.0,2.0,123.23,0,2,0,1.0,1,123.23,0.0,0,1,1.4000000000000001,0.45
50653,1,9.0,Female,2.0,5,Single,2,0,1.0,1.0,0.0,114.16,0,2,0,0.1,1,11.416,0.5,0,0,1.5000000000000002,0.25
50654,0,19.0,Female,3.0,5,Married,9,1,1.0,1.0,7.0,146.15,0,1,0,0.05,1,7.3075,0.5,0,1,2.6,0.45
50655,1,14.0,Male,2.0,3,Divorced,10,1,1.0,2.0,7.0,124.61,1,0,0,0.13333333333333333,1,8.307333333333334,0.3333333333333333,0,1,2.7,0.45
50656,1,0.0,Male,3.0,5,Single,2,0,0.0,1.0,9.0,187.22,1,2,0,1.0,1,187.22,0.0,0,0,1.8,0.25
50657,0,0.0,Male,2.0,5,Divorced,2,0,0.0,1.0,3.0,139.55,1,0,0,1.0,1,139.55,0.0,0,0,1.4000000000000001,0.25
50658,0,3.0,Male,2.0,5,Divorced,1,0,1.0,1.0,2.0,199.57,1,0,0,0.25,1,49.8925,0.5,0,0,1.4000000000000004,0.25
50659,0,14.0,Female,2.0,3,Divorced,2,0,1.0,1.0,8.0,133.76,0,0,0,0.06666666666666667,1,8.917333333333334,0.5,0,0,1.5000000000000002,0.25
50660,0,11.0,Female,3.0,3,Divorced,1,0,0.0,1.0,9.0,188.23,0,0,0,0.08333333333333333,1,15.685833333333333,0.0,0,0,1.7000000000000002,0.25
50661,0,13.0,Male,3.0,2,Divorced,5,0,4.0,11.0,1.0,203.22,1,0,0,0.7857142857142857,0,14.515714285714285,0.3333333333333333,0,1,6.500000000000001,0.2
50662,0,0.0,Male,2.0,3,Divorced,2,0,1.0,1.0,2.0,146.21,1,0,0,1.0,1,146.21,0.5,0,0,1.5000000000000002,0.25
50663,0,28.0,Male,3.0,4,Divorced,4,0,1.0,1.0,3.0,209.76,1,0,0,0.034482758620689655,1,7.233103448275862,0.5,0,0,2.1,0.25
50664,0,1.0,Female,2.0,3,Single,4,0,1.0,1.0,7.0,136.6,0,2,0,0.5,1,68.3,0.5,0,0,1.7000000000000002,0.25
50665,1,7.0,Male,3.0,5,Divorced,10,0,2.0,3.0,6.0,204.82,1,0,0,0.375,0,25.6025,0.5,0,0,3.6000000000000005,0.0
50666,0,6.0,Male,2.0,2,Married,5,0,0.0,1.0,2.0,171.19,1,1,0,0.14285714285714285,1,24.455714285714286,0.0,0,1,1.7000000000000002,0.45
50667,1,0.0,Male,2.0,5,Single,1,1,3.0,4.0,7.0,195.82,1,2,0,4.0,0,195.82,0.6,0,1,2.8000000000000007,0.2
50668,1,0.0,Female,2.0,3,Single,2,0,3.0,3.0,8.0,145.08,0,2,0,3.0,0,145.08,0.75,0,0,2.5,0.0
50669,0,9.0,Male,2.0,3,Married,2,0,2.0,2.0,2.0,122.07,1,1,0,0.2,1,12.206999999999999,0.6666666666666666,0,0,2.0,0.25
50670,0,7.0,Male,2.0,2,Single,1,0,1.0,1.0,4.0,177.56,1,2,0,0.125,1,22.195,0.5,0,1,1.4000000000000004,0.45
50671,0,10.0,Female,2.0,2,Married,3,1,0.0,1.0,0.0,166.94,0,1,0,0.09090909090909091,1,15.176363636363636,0.0,0,1,1.5000000000000002,0.45
50672,1,0.0,Male,2.0,2,Divorced,2,1,5.0,5.0,6.0,136.91,1,0,0,5.0,0,136.91,0.8333333333333334,0,1,3.5,0.2
50673,1,0.0,Male,2.0,3,Married,2,0,1.0,1.0,0.0,123.77,1,1,0,1.0,1,123.77,0.5,0,0,1.5000000000000002,0.25
50674,1,9.0,Male,2.0,4,Single,5,1,0.0,2.0,2.0,123.13,1,2,0,0.2,1,12.312999999999999,0.0,0,1,2.1,0.45
50675,0,15.0,Male,2.0,5,Divorced,1,0,1.0,13.0,7.0,276.65,1,0,0,0.8125,0,17.290625,0.07142857142857142,0,0,6.199999999999999,0.0
50676,1,0.0,Male,2.0,4,Married,2,0,0.0,1.0,0.0,125.96,1,1,0,1.0,1,125.96,0.0,0,0,1.4000000000000001,0.25
50677,1,13.0,Male,2.0,3,Single,4,1,0.0,1.0,0.0,147.28,1,2,0,0.07142857142857142,1,10.52,0.0,0,1,1.6,0.45
50678,0,6.0,Female,1.0,4,Divorced,1,0,1.0,1.0,2.0,143.02,0,0,0,0.14285714285714285,1,20.431428571428572,0.5,1,0,1.0,0.5
50679,0,7.0,Male,3.0,2,Divorced,4,0,1.0,1.0,0.0,129.79,1,0,0,0.125,1,16.22375,0.5,0,1,2.1,0.45
50680,0,21.0,Male,2.0,2,Single,3,0,1.0,2.0,1.0,268.85,1,2,0,0.09090909090909091,1,12.220454545454546,0.3333333333333333,0,1,2.0,0.45
50681,0,18.0,Female,3.0,3,Divorced,2,0,0.0,4.0,12.0,155.93,0,0,1,0.21052631578947367,0,8.206842105263158,0.0,0,0,3.0000000000000004,0.3
50682,0,25.0,Male,2.0,4,Single,8,0,3.0,4.0,0.0,204.45,1,2,0,0.15384615384615385,0,7.863461538461538,0.6,0,0,3.5,0.0
50683,0,11.0,Male,3.0,3,Married,1,1,2.0,2.0,7.0,187.4,1,1,0,0.16666666666666666,1,15.616666666666667,0.6666666666666666,0,1,2.3000000000000003,0.45
50684,0,2.0,Female,3.0,2,Married,5,0,0.0,1.0,7.0,125.14,0,1,0,0.3333333333333333,1,41.71333333333333,0.0,0,1,2.1,0.45
50685,0,1.0,Female,3.0,4,Married,1,0,0.0,1.0,7.0,176.55,0,1,0,0.5,1,88.275,0.0,0,0,1.7000000000000002,0.25
50686,0,19.0,Male,2.0,3,Divorced,4,0,1.0,4.0,9.0,274.65,1,0,0,0.2,0,13.732499999999998,0.2,0,0,2.9000000000000004,0.0
50687,0,11.0,Male,2.0,4,Single,8,0,1.0,1.0,0.0,173.51,1,2,0,0.08333333333333333,1,14.459166666666667,0.5,0,0,2.1,0.25
50688,0,16.0,Female,2.0,5,Divorced,9,0,0.0,1.0,1.0,208.2,0,0,0,0.058823529411764705,1,12.24705882352941,0.0,0,0,2.1,0.25
50689,1,2.0,Male,2.0,2,Married,8,0,7.0,11.0,3.0,221.69,1,1,0,3.6666666666666665,0,73.89666666666666,0.5833333333333334,0,1,6.7,0.2
50690,0,13.0,Male,2.0,3,Single,2,0,4.0,4.0,9.0,296.26,1,2,0,0.2857142857142857,0,21.16142857142857,0.8,0,0,3.0000000000000004,0.0
50691,0,9.0,Female,3.0,4,Single,2,1,0.0,2.0,2.0,120.7,0,2,0,0.2,1,12.07,0.0,0,1,2.2,0.45
50692,0,12.0,Male,3.0,4,Single,21,0,1.0,1.0,3.0,167.82,1,2,0,0.07692307692307693,1,12.909230769230769,0.5,0,0,3.8000000000000003,0.25
50693,0,9.0,Male,3.0,2,Single,3,0,1.0,1.0,9.0,177.79,1,2,0,0.1,1,17.779,0.5,0,1,2.0,0.45
50694,0,4.0,Male,3.0,2,Divorced,1,0,1.0,2.0,2.0,127.91,1,0,0,0.4,1,25.582,0.3333333333333333,0,1,2.2,0.45
50695,0,1.0,Male,3.0,4,Divorced,1,0,0.0,1.0,4.0,132.01,1,0,0,0.5,1,66.005,0.0,0,0,1.7000000000000002,0.25
50696,0,8.0,Male,2.0,2,Married,2,0,0.0,1.0,2.0,149.68,1,1,0,0.1111111111111111,1,16.63111111111111,0.0,0,1,1.4000000000000001,0.45
50697,0,22.0,Male,2.0,4,Divorced,7,0,1.0,2.0,3.0,231.2,1,0,0,0.08695652173913043,1,10.052173913043477,0.3333333333333333,0,0,2.4000000000000004,0.25
50698,0,7.0,Male,3.0,3,Single,3,0,1.0,1.0,2.0,140.33,1,2,0,0.125,1,17.54125,0.5,0,0,2.0,0.25
50699,0,2.0,Female,3.0,4,Married,1,0,1.0,1.0,1.0,132.91,0,1,0,0.3333333333333333,1,44.303333333333335,0.5,0,0,1.8000000000000003,0.25
50700,0,15.0,Male,2.0,2,Single,5,0,1.0,1.0,0.0,142.72,1,2,0,0.0625,1,8.92,0.5,0,1,1.8000000000000003,0.45
50701,0,2.0,Male,3.0,2,Divorced,2,1,0.0,1.0,2.0,150.56,1,0,0,0.3333333333333333,1,50.18666666666667,0.0,0,1,1.8,0.45
50702,0,11.0,Male,3.0,3,Divorced,2,0,1.0,5.0,0.0,128.44,1,0,0,0.4166666666666667,0,10.703333333333333,0.16666666666666666,0,0,3.5000000000000004,0.0
50703,0,4.0,Male,3.0,3,Married,2,1,1.0,1.0,2.0,127.03,1,1,0,0.2,1,25.406,0.5,0,1,1.9000000000000001,0.45
50704,1,9.0,Male,3.0,3,Single,2,0,0.0,1.0,0.0,119.04,1,2,0,0.1,1,11.904,0.0,0,0,1.8,0.25
50705,1,0.0,Female,3.0,5,Single,1,1,0.0,1.0,3.0,182.24,0,2,0,1.0,1,182.24,0.0,0,1,1.7000000000000002,0.45
50706,0,14.0,Male,2.0,2,Divorced,4,1,1.0,1.0,0.0,147.66,1,0,0,0.06666666666666667,1,9.844,0.5,0,1,1.7000000000000002,0.45
50707,1,0.0,Male,3.0,3,Divorced,2,0,2.0,2.0,2.0,126.1,1,0,0,2.0,1,126.1,0.6666666666666666,0,0,2.4000000000000004,0.25
50708,0,10.0,Female,2.0,2,Married,8,0,0.0,1.0,3.0,157.31,0,1,0,0.09090909090909091,1,14.30090909090909,0.0,0,1,2.0,0.45
50709,0,0.0,Male,2.0,3,Divorced,2,0,2.0,2.0,2.0,125.39,1,0,0,2.0,1,125.39,0.6666666666666666,0,0,2.0,0.25
50710,0,7.0,Female,3.0,3,Divorced,2,0,1.0,1.0,3.0,157.14,0,0,0,0.125,1,19.6425,0.5,0,0,1.9000000000000001,0.25
50711,0,8.0,Male,3.0,3,Single,2,0,0.0,1.0,4.0,143.23,1,2,0,0.1111111111111111,1,15.914444444444444,0.0,0,0,1.8,0.25
50712,1,0.0,Female,2.0,5,Divorced,2,0,0.0,3.0,10.0,173.36,0,0,0,3.0,0,173.36,0.0,0,0,2.2,0.0
50713,0,13.0,Female,2.0,3,Single,10,0,0.0,2.0,13.0,234.99,0,2,1,0.14285714285714285,1,16.785,0.0,0,0,2.6,0.55
50714,1,5.0,Male,2.0,5,Single,1,1,7.0,2.0,14.0,237.58,1,2,1,0.3333333333333333,1,39.59666666666667,2.3333333333333335,0,1,2.4000000000000004,0.75
50715,0,15.0,Male,2.0,5,Single,8,0,1.0,1.0,5.0,151.55,1,2,0,0.0625,1,9.471875,0.5,0,0,2.1,0.25
50716,0,9.0,Male,2.0,3,Divorced,7,0,1.0,1.0,7.0,122.58,1,0,0,0.1,1,12.258,0.5,0,0,2.0000000000000004,0.25
50717,0,0.0,Male,2.0,4,Single,9,0,1.0,1.0,2.0,135.97,1,2,0,1.0,1,135.97,0.5,0,0,2.2,0.25
50718,1,0.0,Female,3.0,2,Divorced,2,1,1.0,1.0,0.0,125.15,0,0,0,1.0,1,125.15,0.5,0,1,1.9000000000000001,0.45
50719,0,0.0,Male,2.0,2,Divorced,2,0,1.0,1.0,7.0,144.2,1,0,0,1.0,1,144.2,0.5,0,1,1.5000000000000002,0.45
50720,0,3.0,Male,3.0,3,Divorced,2,0,1.0,1.0,4.0,165.78,1,0,0,0.25,1,41.445,0.5,0,0,1.9000000000000001,0.25
50721,0,13.0,Female,3.0,2,Divorced,4,1,1.0,1.0,0.0,144.22,0,0,0,0.07142857142857142,1,10.301428571428572,0.5,0,1,2.1,0.45
50722,0,8.0,Male,2.0,4,Married,3,0,6.0,6.0,4.0,202.74,1,1,0,0.6666666666666666,0,22.526666666666667,0.8571428571428571,0,0,4.1,0.0
50723,0,7.0,Male,3.0,5,Single,1,0,1.0,4.0,9.0,153.43,1,2,0,0.5,0,19.17875,0.2,0,0,3.0000000000000004,0.0
50724,0,8.0,Male,2.0,2,Divorced,2,0,2.0,2.0,2.0,123.76,1,0,0,0.2222222222222222,1,13.751111111111111,0.6666666666666666,0,1,2.0,0.45
50725,1,6.0,Female,2.0,3,Single,9,0,1.0,1.0,3.0,153.46,0,2,0,0.14285714285714285,1,21.922857142857143,0.5,0,0,2.2,0.25
50726,0,5.0,Female,3.0,5,Married,2,0,0.0,1.0,0.0,128.27,0,1,0,0.16666666666666666,1,21.378333333333334,0.0,0,0,1.8,0.25
50727,0,29.0,Female,3.0,5,Married,5,0,0.0,4.0,2.0,299.43,0,1,0,0.13333333333333333,0,9.981,0.0,0,0,3.3000000000000003,0.0
50728,0,2.0,Female,3.0,2,Divorced,2,0,0.0,1.0,8.0,131.31,0,0,0,0.3333333333333333,1,43.77,0.0,0,1,1.8,0.45
50729,0,0.0,Male,2.0,5,Single,2,0,0.0,1.0,0.0,125.52,1,2,0,1.0,1,125.52,0.0,0,0,1.4000000000000001,0.25
50730,0,18.0,Female,2.0,3,Divorced,5,1,1.0,1.0,2.0,144.77,0,0,0,0.05263157894736842,1,7.619473684210527,0.5,0,1,1.8000000000000003,0.45
50731,0,10.0,Female,2.0,2,Divorced,2,0,3.0,3.0,11.0,164.74,0,0,1,0.2727272727272727,0,14.976363636363637,0.75,0,1,2.5,0.5
50732,0,0.0,Male,3.0,3,Single,2,0,0.0,1.0,2.0,130.33,1,2,0,1.0,1,130.33,0.0,0,0,1.8,0.25
50733,1,7.0,Male,3.0,3,Single,2,1,1.0,1.0,2.0,129.36,1,2,0,0.125,1,16.17,0.5,0,1,1.9000000000000001,0.45
50734,0,26.0,Female,2.0,3,Married,4,0,1.0,4.0,7.0,286.06,0,1,0,0.14814814814814814,0,10.594814814814814,0.2,0,0,2.9000000000000004,0.0
50735,0,9.0,Female,3.0,2,Divorced,1,1,1.0,1.0,3.0,121.68,0,0,0,0.1,1,12.168000000000001,0.5,0,1,1.8000000000000003,0.45
50736,1,0.0,Male,3.0,2,Divorced,1,1,0.0,1.0,0.0,128.53,1,0,0,1.0,1,128.53,0.0,0,1,1.7000000000000002,0.45
50737,0,19.0,Female,3.0,5,Divorced,9,0,1.0,15.0,9.0,270.48,0,0,0,0.75,0,13.524000000000001,0.0625,0,0,8.2,0.0
50738,0,9.0,Male,3.0,3,Single,3,0,1.0,1.0,0.0,122.9,1,2,0,0.1,1,12.290000000000001,0.5,0,0,2.0,0.25
50739,0,6.0,Male,2.0,3,Divorced,2,0,0.0,1.0,4.0,136.0,1,0,0,0.14285714285714285,1,19.428571428571427,0.0,0,0,1.4000000000000001,0.25
50740,1,9.0,Male,3.0,5,Married,7,0,1.0,1.0,0.0,121.07,1,1,0,0.1,1,12.107,0.5,0,0,2.4000000000000004,0.25
50741,0,3.0,Male,3.0,5,Married,9,0,1.0,1.0,3.0,141.15,1,1,0,0.25,1,35.2875,0.5,0,0,2.6,0.25
50742,0,13.0,Male,3.0,4,Divorced,6,0,1.0,1.0,0.0,143.27,1,0,0,0.07142857142857142,1,10.233571428571429,0.5,0,0,2.3000000000000003,0.25
50743,0,23.0,Female,1.0,5,Divorced,3,0,1.0,2.0,2.0,278.56,0,0,0,0.08333333333333333,1,11.606666666666667,0.3333333333333333,1,0,1.6000000000000003,0.5
50744,0,1.0,Male,3.0,5,Divorced,2,0,1.0,3.0,3.0,131.96,1,0,0,1.5,0,65.98,0.25,0,0,2.7000000000000006,0.0
50745,0,19.0,Male,2.0,4,Divorced,6,0,1.0,1.0,3.0,290.81,1,0,0,0.05,1,14.5405,0.5,0,0,1.9000000000000004,0.25
50746,0,8.0,Male,3.0,5,Divorced,4,1,1.0,1.0,7.0,189.66,1,0,0,0.1111111111111111,1,21.073333333333334,0.5,0,1,2.1,0.45
50747,1,9.0,Female,3.0,4,Divorced,2,0,0.0,1.0,0.0,122.1,0,0,0,0.1,1,12.209999999999999,0.0,0,0,1.8,0.25
50748,0,6.0,Female,2.0,3,Divorced,2,0,0.0,1.0,1.0,145.39,0,0,0,0.14285714285714285,1,20.77,0.0,0,0,1.4000000000000001,0.25
50749,0,9.0,Male,3.0,3,Married,2,0,0.0,1.0,7.0,127.41,1,1,0,0.1,1,12.741,0.0,0,0,1.8,0.25
50750,0,3.0,Male,2.0,3,Married,2,0,8.0,8.0,9.0,134.91,1,1,0,2.0,0,33.7275,0.8888888888888888,0,0,5.0,0.0
50751,0,17.0,Male,2.0,2,Single,2,0,1.0,1.0,17.0,145.41,1,2,1,0.05555555555555555,1,8.078333333333333,0.5,0,1,1.5000000000000002,0.75
50752,0,0.0,Male,3.0,2,Single,2,0,0.0,2.0,2.0,126.78,1,2,0,2.0,1,126.78,0.0,0,1,2.2,0.45
50753,0,19.0,Male,2.0,2,Married,3,0,1.0,1.0,4.0,173.79,1,1,0,0.05,1,8.689499999999999,0.5,0,1,1.6000000000000003,0.45
50754,0,15.0,Male,3.0,5,Divorced,8,0,0.0,1.0,3.0,162.72,1,0,0,0.0625,1,10.17,0.0,0,0,2.4000000000000004,0.25
50755,0,30.0,Male,2.0,2,Married,1,1,0.0,1.0,9.0,152.2,1,1,0,0.03225806451612903,1,4.909677419354838,0.0,0,1,1.3000000000000003,0.45
50756,0,5.0,Female,3.0,4,Divorced,2,0,0.0,2.0,2.0,127.43,0,0,0,0.3333333333333333,1,21.238333333333333,0.0,0,0,2.2,0.25
50757,0,5.0,Female,2.0,3,Single,5,1,1.0,1.0,7.0,149.98,0,2,0,0.16666666666666666,1,24.996666666666666,0.5,0,1,1.8000000000000003,0.45
50758,0,9.0,Female,3.0,5,Married,3,1,5.0,7.0,7.0,202.52,0,1,0,0.7,0,20.252000000000002,0.625,0,1,4.8,0.2
50759,0,6.0,Male,3.0,2,Divorced,1,0,1.0,4.0,10.0,127.81,1,0,0,0.5714285714285714,0,18.25857142857143,0.2,0,1,3.0000000000000004,0.2
50760,0,13.0,Female,2.0,4,Married,8,0,1.0,1.0,3.0,168.52,0,1,0,0.07142857142857142,1,12.037142857142857,0.5,0,0,2.1,0.25
50761,0,0.0,Male,2.0,2,Single,1,0,0.0,1.0,1.0,149.5,1,2,0,1.0,1,149.5,0.0,0,1,1.3000000000000003,0.45
50762,0,3.0,Male,3.0,4,Divorced,1,1,1.0,5.0,7.0,135.79,1,0,0,1.25,0,33.9475,0.16666666666666666,0,1,3.4000000000000004,0.2
50763,0,15.0,Female,2.0,5,Divorced,4,1,0.0,2.0,0.0,231.91,0,0,0,0.125,1,14.494375,0.0,0,1,2.0,0.45
50764,0,8.0,Female,3.0,2,Divorced,5,1,2.0,4.0,12.0,203.77,0,0,1,0.4444444444444444,0,22.641111111111112,0.4,0,1,3.5000000000000004,0.5
50765,0,9.0,Male,2.0,5,Divorced,2,1,2.0,6.0,8.0,122.35,1,0,0,0.6,0,12.235,0.2857142857142857,0,1,3.6000000000000005,0.2
50766,0,27.0,Female,2.0,3,Married,8,0,1.0,1.0,4.0,205.02,0,1,0,0.03571428571428571,1,7.3221428571428575,0.5,0,0,2.1,0.25
50767,0,9.0,Female,3.0,2,Divorced,2,0,6.0,7.0,7.0,120.11,0,0,0,0.7,0,12.011,0.75,0,1,4.800000000000001,0.2
50768,1,9.0,Female,3.0,4,Single,2,1,1.0,1.0,0.0,118.59,0,2,0,0.1,1,11.859,0.5,0,1,1.9000000000000001,0.45
50769,0,2.0,Female,3.0,2,Married,2,0,0.0,1.0,2.0,137.6,0,1,0,0.3333333333333333,1,45.86666666666667,0.0,0,1,1.8,0.45
50770,0,27.0,Male,2.0,2,Divorced,4,0,1.0,1.0,9.0,277.79,1,0,0,0.03571428571428571,1,9.921071428571429,0.5,0,1,1.7000000000000002,0.45
50771,0,4.0,Male,3.0,5,Divorced,2,1,0.0,1.0,1.0,168.33,1,0,0,0.2,1,33.666000000000004,0.0,0,1,1.8,0.45
50772,0,4.0,Female,3.0,5,Single,2,0,0.0,1.0,8.0,168.12,0,2,0,0.2,1,33.624,0.0,0,0,1.8,0.25
50773,0,30.0,Female,2.0,2,Single,6,0,0.0,1.0,5.0,151.71,0,2,0,0.03225806451612903,1,4.893870967741936,0.0,0,1,1.8000000000000003,0.45
50774,0,16.0,Male,3.0,2,Divorced,4,0,1.0,1.0,7.0,297.4,1,0,0,0.058823529411764705,1,17.49411764705882,0.5,0,1,2.1,0.45
50775,0,22.0,Male,2.0,3,Divorced,3,0,1.0,1.0,0.0,287.11,1,0,0,0.043478260869565216,1,12.48304347826087,0.5,0,0,1.6000000000000003,0.25
50776,0,9.0,Male,2.0,4,Divorced,2,0,1.0,1.0,7.0,136.92,1,0,0,0.1,1,13.691999999999998,0.5,0,0,1.5000000000000002,0.25
50777,0,21.0,Male,3.0,4,Single,6,0,0.0,1.0,0.0,125.59,1,2,0,0.045454545454545456,1,5.708636363636364,0.0,0,0,2.2,0.25
50778,0,0.0,Male,3.0,3,Married,2,0,1.0,1.0,3.0,125.17,1,1,0,1.0,1,125.17,0.5,0,0,1.9000000000000001,0.25
50779,0,2.0,Male,2.0,2,Married,2,1,0.0,1.0,0.0,166.23,1,1,0,0.3333333333333333,1,55.41,0.0,0,1,1.4000000000000001,0.45
50780,0,21.0,Male,3.0,2,Single,7,0,1.0,1.0,0.0,282.65,1,2,0,0.045454545454545456,1,12.84772727272727,0.5,0,1,2.4000000000000004,0.45
50781,0,2.0,Female,2.0,2,Married,4,0,1.0,1.0,7.0,261.24,0,1,0,0.3333333333333333,1,87.08,0.5,0,1,1.7000000000000002,0.45
50782,0,7.0,Female,2.0,3,Divorced,1,0,1.0,1.0,0.0,125.85,0,0,0,0.125,1,15.73125,0.5,0,0,1.4000000000000004,0.25
50783,0,17.0,Male,2.0,4,Divorced,8,0,1.0,3.0,10.0,282.13,1,0,0,0.16666666666666666,0,15.67388888888889,0.25,0,0,2.9,0.0
50784,0,6.0,Male,2.0,3,Married,1,1,1.0,1.0,8.0,183.8,1,1,0,0.14285714285714285,1,26.25714285714286,0.5,0,1,1.4000000000000004,0.45
50785,0,0.0,Female,3.0,2,Single,2,1,1.0,1.0,1.0,129.94,0,2,0,1.0,1,129.94,0.5,0,1,1.9000000000000001,0.45
50786,0,9.0,Male,2.0,3,Divorced,2,0,0.0,1.0,1.0,112.23,1,0,0,0.1,1,11.223,0.0,0,0,1.4000000000000001,0.25
50787,1,0.0,Male,3.0,2,Single,2,1,1.0,1.0,0.0,111.18,1,2,0,1.0,1,111.18,0.5,0,1,1.9000000000000001,0.45
50788,0,0.0,Male,3.0,2,Single,2,1,0.0,2.0,2.0,128.75,1,2,0,2.0,1,128.75,0.0,0,1,2.2,0.45
50789,1,8.0,Female,3.0,4,Single,3,1,1.0,1.0,11.0,288.24,0,2,1,0.1111111111111111,1,32.02666666666667,0.5,0,1,2.0,0.75
50790,0,28.0,Male,2.0,4,Married,2,1,3.0,2.0,0.0,235.77,1,1,0,0.06896551724137931,1,8.13,1.0,0,1,2.1,0.45
50791,1,0.0,Female,2.0,3,Single,2,0,2.0,2.0,2.0,126.25,0,2,0,2.0,1,126.25,0.6666666666666666,0,0,2.0,0.25
50792,0,19.0,Female,2.0,4,Divorced,3,0,1.0,1.0,8.0,287.89,0,0,0,0.05,1,14.394499999999999,0.5,0,0,1.6000000000000003,0.25
50793,0,7.0,Female,2.0,5,Single,1,1,1.0,1.0,2.0,145.38,0,2,0,0.125,1,18.1725,0.5,0,1,1.4000000000000004,0.45
50794,0,24.0,Male,2.0,4,Married,5,1,2.0,11.0,10.0,298.47,1,1,0,0.44,0,11.9388,0.16666666666666666,0,1,5.9,0.2
50795,0,30.0,Male,3.0,2,Single,7,0,1.0,5.0,4.0,205.12,1,2,0,0.16129032258064516,0,6.6167741935483875,0.16666666666666666,0,1,4.0,0.2
50796,0,7.0,Female,2.0,4,Married,5,0,3.0,5.0,10.0,144.44,0,1,0,0.625,0,18.055,0.5,0,0,3.5999999999999996,0.0
50797,0,9.0,Male,2.0,3,Single,1,1,0.0,1.0,2.0,121.54,1,2,0,0.1,1,12.154,0.0,0,1,1.3000000000000003,0.45
50798,0,17.0,Male,3.0,5,Married,2,0,1.0,14.0,13.0,291.9,1,1,1,0.7777777777777778,0,16.216666666666665,0.06666666666666667,0,0,7.1000000000000005,0.3
50799,0,7.0,Male,2.0,4,Divorced,5,0,0.0,1.0,8.0,144.9,1,0,0,0.125,1,18.1125,0.0,0,0,1.7000000000000002,0.25
50800,0,8.0,Male,3.0,3,Divorced,1,1,1.0,2.0,2.0,135.06,1,0,0,0.2222222222222222,1,15.006666666666668,0.3333333333333333,0,1,2.2,0.45
50801,0,15.0,Female,3.0,4,Divorced,7,1,0.0,1.0,0.0,123.72,0,0,0,0.0625,1,7.7325,0.0,0,1,2.3000000000000003,0.45
50802,0,16.0,Female,2.0,2,Single,4,0,10.0,15.0,17.0,202.31,0,2,1,0.8823529411764706,0,11.900588235294117,0.625,0,1,8.2,0.5
50803,0,9.0,Female,2.0,4,Single,10,1,4.0,5.0,12.0,154.1,0,2,1,0.5,0,15.41,0.6666666666666666,0,1,4.2,0.5
50804,1,7.0,Female,3.0,2,Divorced,2,0,0.0,1.0,5.0,179.78,0,0,0,0.125,1,22.4725,0.0,0,1,1.8,0.45
50805,0,1.0,Male,2.0,2,Divorced,2,1,2.0,2.0,2.0,138.67,1,0,0,1.0,1,69.335,0.6666666666666666,0,1,2.0,0.45
50806,0,24.0,Female,3.0,3,Single,1,0,7.0,7.0,7.0,128.38,0,2,0,0.28,0,5.1352,0.875,0,0,4.8,0.0
50807,0,3.0,Female,3.0,3,Single,8,1,1.0,1.0,7.0,146.95,0,2,0,0.25,1,36.7375,0.5,0,1,2.5000000000000004,0.45
50808,1,0.0,Female,2.0,3,Married,4,1,1.0,7.0,7.0,133.39,0,1,0,7.0,0,133.39,0.125,0,1,4.1000000000000005,0.2
50809,0,9.0,Male,2.0,5,Single,3,0,0.0,1.0,2.0,120.8,1,2,0,0.1,1,12.08,0.0,0,0,1.5000000000000002,0.25
50810,0,9.0,Female,2.0,4,Single,2,0,1.0,2.0,1.0,120.96,0,2,0,0.2,1,12.096,0.3333333333333333,0,0,1.9000000000000001,0.25
50811,0,5.0,Male,2.0,2,Divorced,2,0,0.0,1.0,8.0,162.09,1,0,0,0.16666666666666666,1,27.015,0.0,0,1,1.4000000000000001,0.45
50812,0,18.0,Female,2.0,4,Single,4,0,1.0,1.0,0.0,280.61,0,2,0,0.05263157894736842,1,14.768947368421053,0.5,0,0,1.7000000000000002,0.25
50813,0,12.0,Female,3.0,4,Married,7,1,1.0,15.0,2.0,271.23,0,1,0,1.1538461538461537,0,20.863846153846154,0.0625,0,1,8.0,0.2
50814,0,30.0,Male,2.0,3,Married,2,0,2.0,2.0,2.0,123.72,1,1,0,0.06451612903225806,1,3.9909677419354836,0.6666666666666666,0,0,2.0,0.25
50815,1,0.0,Male,3.0,3,Divorced,2,0,1.0,1.0,1.0,148.83,1,0,0,1.0,1,148.83,0.5,0,0,1.9000000000000001,0.25
50816,1,2.0,Male,3.0,5,Single,1,0,0.0,1.0,3.0,139.04,1,2,0,0.3333333333333333,1,46.346666666666664,0.0,0,0,1.7000000000000002,0.25
50817,0,3.0,Female,2.0,2,Divorced,1,0,5.0,6.0,7.0,146.27,0,0,0,1.5,0,36.5675,0.7142857142857143,0,1,3.8000000000000003,0.2
50818,0,9.0,Female,3.0,3,Divorced,4,0,0.0,1.0,7.0,170.94,0,0,0,0.1,1,17.094,0.0,0,0,2.0,0.25
50819,0,19.0,Female,2.0,5,Single,7,0,3.0,5.0,7.0,134.23,0,2,0,0.25,0,6.711499999999999,0.5,0,0,3.8,0.0
50820,0,1.0,Female,2.0,2,Divorced,1,0,7.0,7.0,5.0,166.74,0,0,0,3.5,0,83.37,0.875,0,1,4.4,0.2
50821,0,23.0,Female,2.0,5,Divorced,5,1,1.0,1.0,2.0,268.8,0,0,0,0.041666666666666664,1,11.200000000000001,0.5,0,1,1.8000000000000003,0.45
50822,1,3.0,Male,2.0,4,Single,3,1,0.0,1.0,0.0,190.94,1,2,0,0.25,1,47.735,0.0,0,1,1.5000000000000002,0.45
50823,1,15.0,Male,3.0,4,Single,10,1,5.0,7.0,7.0,184.46,1,2,0,0.4375,0,11.52875,0.625,0,1,5.5,0.2
50824,0,3.0,Female,3.0,5,Divorced,2,1,0.0,1.0,3.0,219.16,0,0,0,0.25,1,54.79,0.0,0,1,1.8,0.45
50825,0,12.0,Male,2.0,3,Single,1,0,0.0,1.0,7.0,145.34,1,2,0,0.07692307692307693,1,11.18,0.0,0,0,1.3000000000000003,0.25
50826,0,4.0,Female,2.0,3,Married,2,1,3.0,9.0,6.0,198.52,0,1,0,1.8,0,39.704,0.3,0,1,4.9,0.2
50827,0,14.0,Male,2.0,4,Single,2,0,3.0,11.0,9.0,161.51,1,2,0,0.7333333333333333,0,10.767333333333333,0.25,0,0,5.7,0.0
50828,1,9.0,Female,2.0,4,Single,2,1,1.0,2.0,2.0,123.02,0,2,0,0.2,1,12.302,0.3333333333333333,0,1,1.9000000000000001,0.45
50829,1,7.0,Male,2.0,5,Divorced,5,0,1.0,1.0,2.0,123.62,1,0,0,0.125,1,15.4525,0.5,0,0,1.8000000000000003,0.25
50830,0,15.0,Male,2.0,3,Divorced,1,1,1.0,2.0,10.0,278.61,1,0,0,0.125,1,17.413125,0.3333333333333333,0,1,1.8000000000000003,0.45
50831,0,28.0,Female,2.0,3,Divorced,5,0,1.0,9.0,11.0,291.87,0,0,1,0.3103448275862069,0,10.06448275862069,0.1,0,0,5.0,0.3
50832,0,29.0,Male,2.0,4,Single,7,0,1.0,7.0,7.0,297.17,1,2,0,0.23333333333333334,0,9.905666666666667,0.125,0,0,4.4,0.0
50833,0,13.0,Male,3.0,3,Married,10,0,1.0,1.0,0.0,135.44,1,1,0,0.07142857142857142,1,9.674285714285714,0.5,0,0,2.7,0.25
50834,0,7.0,Male,2.0,2,Married,1,0,1.0,1.0,6.0,185.0,1,1,0,0.125,1,23.125,0.5,0,1,1.4000000000000004,0.45
50835,0,13.0,Male,3.0,2,Single,2,0,3.0,8.0,8.0,146.61,1,2,0,0.5714285714285714,0,10.472142857142858,0.3333333333333333,0,1,4.9,0.2
50836,0,14.0,Female,3.0,5,Married,1,0,0.0,1.0,7.0,141.03,0,1,0,0.06666666666666667,1,9.402,0.0,0,0,1.7000000000000002,0.25
50837,0,8.0,Male,2.0,3,Single,2,1,1.0,1.0,1.0,142.49,1,2,0,0.1111111111111111,1,15.832222222222223,0.5,0,1,1.5000000000000002,0.45
50838,0,24.0,Male,2.0,4,Married,2,1,1.0,2.0,10.0,240.26,1,1,0,0.08,1,9.6104,0.3333333333333333,0,1,1.9000000000000001,0.45
50839,0,11.0,Female,2.0,5,Married,4,0,0.0,1.0,7.0,168.93,0,1,0,0.08333333333333333,1,14.0775,0.0,0,0,1.6,0.25
50840,0,7.0,Female,3.0,5,Single,2,0,1.0,9.0,6.0,161.25,0,2,0,1.125,0,20.15625,0.1,0,0,5.1000000000000005,0.0
50841,0,0.0,Male,3.0,2,Divorced,4,0,1.0,1.0,2.0,136.69,1,0,0,1.0,1,136.69,0.5,0,1,2.1,0.45
50842,1,20.0,Female,2.0,5,Divorced,8,1,4.0,5.0,9.0,200.08,0,0,0,0.23809523809523808,0,9.527619047619048,0.6666666666666666,0,1,3.9999999999999996,0.2
50843,0,13.0,Male,2.0,4,Divorced,4,0,1.0,1.0,3.0,123.87,1,0,0,0.07142857142857142,1,8.847857142857142,0.5,0,0,1.7000000000000002,0.25
50844,0,9.0,Female,2.0,5,Divorced,3,0,5.0,6.0,13.0,146.39,0,0,1,0.6,0,14.639,0.7142857142857143,0,0,4.0,0.3
50845,0,21.0,Male,2.0,2,Single,2,0,1.0,1.0,8.0,178.98,1,2,0,0.045454545454545456,1,8.135454545454545,0.5,0,1,1.5000000000000002,0.45
50846,0,0.0,Female,3.0,2,Divorced,9,0,1.0,1.0,0.0,125.34,0,0,0,1.0,1,125.34,0.5,0,1,2.6,0.45
50847,0,24.0,Female,2.0,4,Single,4,0,0.0,1.0,3.0,231.42,0,2,0,0.04,1,9.2568,0.0,0,0,1.6,0.25
50848,0,9.0,Female,3.0,2,Single,2,0,1.0,1.0,0.0,116.11,0,2,0,0.1,1,11.611,0.5,0,1,1.9000000000000001,0.45
50849,0,8.0,Female,2.0,2,Divorced,1,0,1.0,1.0,0.0,153.63,0,0,0,0.1111111111111111,1,17.07,0.5,0,1,1.4000000000000004,0.45
50850,0,0.0,Male,2.0,2,Single,4,0,1.0,1.0,0.0,150.71,1,2,0,1.0,1,150.71,0.5,0,1,1.7000000000000002,0.45
50851,1,18.0,Male,2.0,3,Single,7,1,2.0,2.0,8.0,236.95,1,2,0,0.10526315789473684,1,12.471052631578948,0.6666666666666666,0,1,2.5000000000000004,0.45
50852,0,29.0,Male,3.0,4,Divorced,5,1,11.0,2.0,9.0,234.02,1,0,0,0.06666666666666667,1,7.800666666666667,3.6666666666666665,0,1,3.6,0.45
50853,0,9.0,Female,3.0,3,Married,2,0,1.0,1.0,0.0,120.29,0,1,0,0.1,1,12.029,0.5,0,0,1.9000000000000001,0.25
50854,0,13.0,Female,2.0,3,Married,6,0,5.0,11.0,8.0,163.77,0,1,0,0.7857142857142857,0,11.697857142857144,0.4166666666666667,0,0,6.300000000000001,0.0
50855,0,7.0,Male,2.0,3,Divorced,5,0,0.0,7.0,7.0,154.29,1,0,0,0.875,0,19.28625,0.0,0,0,4.1000000000000005,0.0
50856,1,0.0,Female,3.0,2,Single,8,0,0.0,1.0,0.0,127.85,0,2,0,1.0,1,127.85,0.0,0,1,2.4000000000000004,0.45
50857,1,0.0,Female,3.0,3,Divorced,1,1,3.0,3.0,2.0,146.14,0,0,0,3.0,0,146.14,0.75,0,1,2.8000000000000007,0.2
50858,0,11.0,Male,2.0,3,Married,2,0,0.0,1.0,3.0,126.1,1,1,0,0.08333333333333333,1,10.508333333333333,0.0,0,0,1.4000000000000001,0.25
50859,0,7.0,Female,3.0,2,Single,2,0,1.0,4.0,11.0,166.87,0,2,1,0.5,0,20.85875,0.2,0,1,3.1000000000000005,0.5
50860,0,1.0,Male,2.0,5,Divorced,2,0,1.0,1.0,4.0,147.24,1,0,0,0.5,1,73.62,0.5,0,0,1.5000000000000002,0.25
50861,1,0.0,Male,3.0,3,Divorced,2,1,3.0,6.0,7.0,161.79,1,0,0,6.0,0,161.79,0.42857142857142855,0,1,4.1000000000000005,0.2
50862,0,12.0,Male,2.0,2,Divorced,4,1,0.0,1.0,4.0,161.2,1,0,0,0.07692307692307693,1,12.399999999999999,0.0,0,1,1.6,0.45
50863,0,24.0,Male,2.0,4,Divorced,3,0,0.0,3.0,2.0,205.96,1,0,0,0.12,0,8.2384,0.0,0,0,2.3,0.0
50864,0,14.0,Female,3.0,2,Married,4,1,0.0,3.0,3.0,154.67,0,1,0,0.2,0,10.311333333333332,0.0,0,1,2.8000000000000003,0.2
50865,0,10.0,Male,3.0,3,Divorced,8,1,1.0,1.0,3.0,129.96,1,0,0,0.09090909090909091,1,11.814545454545454,0.5,0,1,2.5000000000000004,0.45
50866,0,6.0,Male,3.0,2,Divorced,7,0,1.0,1.0,2.0,199.98,1,0,0,0.14285714285714285,1,28.568571428571428,0.5,0,1,2.4000000000000004,0.45
50867,0,5.0,Male,2.0,4,Divorced,1,1,0.0,1.0,2.0,140.78,1,0,0,0.16666666666666666,1,23.463333333333335,0.0,0,1,1.3000000000000003,0.45
50868,0,12.0,Male,3.0,3,Divorced,4,0,0.0,1.0,5.0,209.2,1,0,0,0.07692307692307693,1,16.092307692307692,0.0,0,0,2.0,0.25
50869,0,0.0,Male,3.0,3,Divorced,3,0,0.0,1.0,2.0,162.32,1,0,0,1.0,1,162.32,0.0,0,0,1.9000000000000001,0.25
50870,0,25.0,Female,2.0,3,Divorced,3,1,0.0,2.0,2.0,232.47,0,0,0,0.07692307692307693,1,8.941153846153846,0.0,0,1,1.9000000000000001,0.45
50871,0,16.0,Female,3.0,3,Single,2,1,1.0,1.0,8.0,140.81,0,2,0,0.058823529411764705,1,8.282941176470588,0.5,0,1,1.9000000000000001,0.45
50872,0,0.0,Female,3.0,2,Divorced,2,1,2.0,4.0,4.0,157.69,0,0,0,4.0,0,157.69,0.4,0,1,3.2000000000000006,0.2
50873,1,0.0,Female,2.0,3,Single,2,1,3.0,7.0,7.0,123.94,0,2,0,7.0,0,123.94,0.375,0,1,4.1000000000000005,0.2
50874,0,0.0,Male,2.0,2,Single,1,0,0.0,1.0,1.0,139.04,1,2,0,1.0,1,139.04,0.0,0,1,1.3000000000000003,0.45
50875,0,15.0,Female,2.0,5,Divorced,1,0,1.0,1.0,9.0,267.99,0,0,0,0.0625,1,16.749375,0.5,0,0,1.4000000000000004,0.25
50876,0,25.0,Female,3.0,5,Divorced,10,0,1.0,1.0,4.0,129.5,0,0,0,0.038461538461538464,1,4.980769230769231,0.5,0,0,2.7,0.25
50877,0,10.0,Female,3.0,3,Single,5,0,0.0,1.0,2.0,136.29,0,2,0,0.09090909090909091,1,12.389999999999999,0.0,0,0,2.1,0.25
50878,0,8.0,Male,2.0,2,Single,3,0,0.0,2.0,2.0,193.62,1,2,0,0.2222222222222222,1,21.513333333333335,0.0,0,1,1.9000000000000001,0.45
50879,0,0.0,Male,2.0,2,Divorced,5,0,1.0,1.0,2.0,132.29,1,0,0,1.0,1,132.29,0.5,0,1,1.8000000000000003,0.45
50880,0,0.0,Male,3.0,5,Single,1,0,1.0,1.0,7.0,135.78,1,2,0,1.0,1,135.78,0.5,0,0,1.8000000000000003,0.25
50881,0,2.0,Male,2.0,5,Single,2,0,0.0,1.0,9.0,179.88,1,2,0,0.3333333333333333,1,59.96,0.0,0,0,1.4000000000000001,0.25
50882,1,0.0,Male,3.0,5,Single,4,0,0.0,1.0,3.0,142.84,1,2,0,1.0,1,142.84,0.0,0,0,2.0,0.25
50883,1,0.0,Female,2.0,2,Single,1,1,2.0,7.0,7.0,175.53,0,2,0,7.0,0,175.53,0.25,0,1,3.900000000000001,0.2
50884,0,27.0,Female,2.0,2,Single,7,0,1.0,12.0,7.0,273.28,0,2,0,0.42857142857142855,0,9.76,0.07692307692307693,0,1,6.4,0.2
50885,0,30.0,Female,3.0,5,Divorced,4,1,1.0,1.0,5.0,297.01,0,0,0,0.03225806451612903,1,9.580967741935483,0.5,0,1,2.1,0.45
50886,0,28.0,Male,2.0,2,Married,3,0,1.0,2.0,0.0,247.32,1,1,0,0.06896551724137931,1,8.528275862068964,0.3333333333333333,0,1,2.0,0.45
50887,0,9.0,Female,2.0,4,Single,4,1,0.0,1.0,1.0,192.78,0,2,0,0.1,1,19.278,0.0,0,1,1.6,0.45
50888,1,9.0,Female,2.0,3,Single,2,0,1.0,1.0,0.0,113.59,0,2,0,0.1,1,11.359,0.5,0,0,1.5000000000000002,0.25
50889,0,3.0,Female,3.0,5,Married,8,0,1.0,1.0,2.0,147.79,0,1,0,0.25,1,36.9475,0.5,0,0,2.5000000000000004,0.25
50890,0,4.0,Female,3.0,4,Single,4,0,1.0,1.0,0.0,264.22,0,2,0,0.2,1,52.84400000000001,0.5,0,0,2.1,0.25
50891,0,7.0,Male,3.0,5,Married,6,0,1.0,1.0,3.0,129.96,1,1,0,0.125,1,16.245,0.5,0,0,2.3000000000000003,0.25
50892,1,9.0,Female,2.0,4,Single,2,0,0.0,1.0,0.0,112.61,0,2,0,0.1,1,11.261,0.0,0,0,1.4000000000000001,0.25
50893,0,9.0,Male,3.0,5,Divorced,1,0,1.0,1.0,4.0,120.99,1,0,0,0.1,1,12.099,0.5,0,0,1.8000000000000003,0.25
50894,0,9.0,Male,2.0,2,Single,2,0,1.0,1.0,8.0,158.1,1,2,0,0.1,1,15.809999999999999,0.5,0,1,1.5000000000000002,0.45
50895,0,9.0,Female,3.0,5,Divorced,5,0,1.0,1.0,2.0,156.47,0,0,0,0.1,1,15.647,0.5,0,0,2.2,0.25
50896,0,20.0,Male,3.0,2,Divorced,8,0,1.0,1.0,2.0,134.2,1,0,0,0.047619047619047616,1,6.39047619047619,0.5,0,1,2.5000000000000004,0.45
50897,1,0.0,Male,3.0,5,Divorced,4,0,1.0,2.0,2.0,144.0,1,0,0,2.0,1,144.0,0.3333333333333333,0,0,2.5,0.25
50898,0,10.0,Male,2.0,3,Single,1,0,1.0,1.0,3.0,135.0,1,2,0,0.09090909090909091,1,12.272727272727273,0.5,0,0,1.4000000000000004,0.25
50899,0,9.0,Female,2.0,5,Divorced,3,0,1.0,1.0,0.0,120.66,0,0,0,0.1,1,12.065999999999999,0.5,0,0,1.6000000000000003,0.25
50900,0,20.0,Female,2.0,3,Divorced,4,0,1.0,5.0,6.0,271.69,0,0,0,0.23809523809523808,0,12.937619047619048,0.16666666666666666,0,0,3.3,0.0
50901,0,0.0,Female,2.0,3,Divorced,2,1,1.0,1.0,3.0,141.62,0,0,0,1.0,1,141.62,0.5,0,1,1.5000000000000002,0.45
50902,0,5.0,Male,3.0,2,Divorced,5,0,1.0,1.0,3.0,192.04,1,0,0,0.16666666666666666,1,32.00666666666667,0.5,0,1,2.2,0.45
50903,0,7.0,Female,2.0,4,Divorced,6,0,1.0,1.0,2.0,132.94,0,0,0,0.125,1,16.6175,0.5,0,0,1.9000000000000004,0.25
50904,0,9.0,Male,2.0,3,Divorced,3,1,1.0,1.0,3.0,121.27,1,0,0,0.1,1,12.126999999999999,0.5,0,1,1.6000000000000003,0.45
50905,0,13.0,Male,2.0,3,Married,4,0,1.0,1.0,7.0,139.75,1,1,0,0.07142857142857142,1,9.982142857142858,0.5,0,0,1.7000000000000002,0.25
50906,0,4.0,Male,2.0,2,Married,2,0,2.0,9.0,9.0,207.93,1,1,0,1.8,0,41.586,0.2,0,1,4.800000000000001,0.2
50907,1,9.0,Male,2.0,1,Married,5,0,0.0,4.0,3.0,200.96,1,1,0,0.4,0,20.096,0.0,0,1,2.9000000000000004,0.2
50908,1,2.0,Female,2.0,5,Single,3,1,0.0,1.0,0.0,136.46,0,2,0,0.3333333333333333,1,45.48666666666667,0.0,0,1,1.5000000000000002,0.45
50909,1,0.0,Female,3.0,4,Single,2,0,3.0,4.0,7.0,174.46,0,2,0,4.0,0,174.46,0.6,0,0,3.3000000000000007,0.0
50910,0,18.0,Male,3.0,5,Married,3,1,0.0,1.0,7.0,208.51,1,1,0,0.05263157894736842,1,10.974210526315789,0.0,0,1,1.9000000000000001,0.45
50911,0,9.0,Female,3.0,4,Single,10,0,0.0,1.0,2.0,121.09,0,2,0,0.1,1,12.109,0.0,0,0,2.6,0.25
50912,1,0.0,Male,3.0,1,Divorced,7,1,2.0,2.0,2.0,137.22,1,0,0,2.0,1,137.22,0.6666666666666666,0,1,2.9000000000000004,0.45
50913,0,18.0,Male,2.0,1,Divorced,5,1,1.0,1.0,2.0,193.8,1,0,0,0.05263157894736842,1,10.200000000000001,0.5,0,1,1.8000000000000003,0.45
50914,0,21.0,Male,3.0,5,Married,5,0,1.0,2.0,2.0,154.86,1,1,0,0.09090909090909091,1,7.03909090909091,0.3333333333333333,0,0,2.6,0.25
50915,1,0.0,Female,3.0,3,Divorced,2,0,1.0,2.0,2.0,127.42,0,0,0,2.0,1,127.42,0.3333333333333333,0,0,2.3000000000000003,0.25
50916,0,13.0,Male,2.0,4,Married,3,0,1.0,2.0,8.0,237.57,1,1,0,0.14285714285714285,1,16.969285714285714,0.3333333333333333,0,0,2.0,0.25
50917,0,1.0,Male,2.0,5,Single,1,0,1.0,1.0,3.0,184.63,1,2,0,0.5,1,92.315,0.5,0,0,1.4000000000000004,0.25
50918,0,17.0,Male,3.0,3,Single,4,0,0.0,1.0,3.0,131.62,1,2,0,0.05555555555555555,1,7.312222222222222,0.0,0,0,2.0,0.25
50919,0,26.0,Male,2.0,4,Single,5,0,1.0,8.0,8.0,265.98,1,2,0,0.2962962962962963,0,9.851111111111111,0.1111111111111111,0,0,4.6,0.0
50920,0,22.0,Male,3.0,3,Divorced,3,0,0.0,1.0,2.0,166.51,1,0,0,0.043478260869565216,1,7.239565217391304,0.0,0,0,1.9000000000000001,0.25
50921,0,13.0,Male,3.0,3,Married,3,0,0.0,1.0,2.0,123.45,1,1,0,0.07142857142857142,1,8.817857142857143,0.0,0,0,1.9000000000000001,0.25
50922,0,17.0,Male,2.0,4,Single,2,0,1.0,1.0,3.0,134.2,1,2,0,0.05555555555555555,1,7.455555555555555,0.5,0,0,1.5000000000000002,0.25
50923,0,6.0,Male,2.0,5,Divorced,1,0,0.0,1.0,3.0,143.73,1,0,0,0.14285714285714285,1,20.532857142857143,0.0,0,0,1.3000000000000003,0.25
50924,0,7.0,Male,2.0,5,Single,4,0,2.0,3.0,12.0,147.59,1,2,1,0.375,0,18.44875,0.5,0,0,2.6,0.3
50925,0,3.0,Male,3.0,3,Divorced,9,0,0.0,2.0,2.0,153.01,1,0,0,0.5,1,38.2525,0.0,0,0,2.9,0.25
50926,0,15.0,Female,3.0,1,Single,2,0,4.0,5.0,8.0,136.73,0,2,0,0.3125,0,8.545625,0.6666666666666666,0,1,3.8000000000000003,0.2
50927,0,17.0,Female,3.0,3,Divorced,8,0,1.0,1.0,0.0,147.68,0,0,0,0.05555555555555555,1,8.204444444444444,0.5,0,0,2.5000000000000004,0.25
50928,0,9.0,Male,3.0,3,Married,2,0,0.0,1.0,0.0,112.74,1,1,0,0.1,1,11.274,0.0,0,0,1.8,0.25
50929,0,50.0,Male,3.0,3,Divorced,1,0,1.0,2.0,8.0,149.0,1,0,0,0.0392156862745098,1,2.9215686274509802,0.3333333333333333,0,0,2.2,0.25
50930,0,22.0,Male,2.0,4,Married,4,0,0.0,1.0,7.0,204.66,1,1,0,0.043478260869565216,1,8.898260869565217,0.0,0,0,1.6,0.25
50931,0,7.0,Male,3.0,5,Married,8,0,1.0,6.0,9.0,270.07,1,1,0,0.75,0,33.75875,0.14285714285714285,0,0,4.5,0.0
50932,1,0.0,Male,3.0,3,Divorced,4,0,1.0,1.0,2.0,129.09,1,0,0,1.0,1,129.09,0.5,0,0,2.1,0.25
50933,1,0.0,Female,2.0,4,Single,6,0,0.0,1.0,0.0,157.65,0,2,0,1.0,1,157.65,0.0,0,0,1.8000000000000003,0.25
50934,1,0.0,Female,2.0,4,Single,1,1,2.0,10.0,10.0,145.99,0,2,0,10.0,0,145.99,0.18181818181818182,0,1,5.1,0.2
50935,0,8.0,Male,3.0,3,Divorced,2,0,1.0,1.0,0.0,124.04,1,0,0,0.1111111111111111,1,13.782222222222224,0.5,0,0,1.9000000000000001,0.25
50936,1,0.0,Male,2.0,5,Single,3,1,0.0,1.0,0.0,131.72,1,2,0,1.0,1,131.72,0.0,0,1,1.5000000000000002,0.45
50937,0,9.0,Female,3.0,4,Divorced,2,0,0.0,1.0,0.0,120.33,0,0,0,0.1,1,12.033,0.0,0,0,1.8,0.25
50938,0,17.0,Male,2.0,3,Single,6,1,0.0,2.0,2.0,202.09,1,2,0,0.1111111111111111,1,11.227222222222222,0.0,0,1,2.2,0.45
50939,0,2.0,Male,3.0,3,Married,2,0,1.0,1.0,4.0,186.2,1,1,0,0.3333333333333333,1,62.06666666666666,0.5,0,0,1.9000000000000001,0.25
50940,0,9.0,Male,2.0,3,Married,1,0,0.0,1.0,3.0,120.64,1,1,0,0.1,1,12.064,0.0,0,0,1.3000000000000003,0.25
50941,0,28.0,Male,1.0,3,Divorced,1,1,0.0,1.0,2.0,140.35,1,0,0,0.034482758620689655,1,4.839655172413793,0.0,1,1,0.9,0.7
50942,0,6.0,Female,2.0,4,Divorced,9,0,0.0,1.0,2.0,138.38,0,0,0,0.14285714285714285,1,19.768571428571427,0.0,0,0,2.1,0.25
50943,0,20.0,Female,3.0,3,Divorced,4,1,1.0,1.0,2.0,145.91,0,0,0,0.047619047619047616,1,6.948095238095238,0.5,0,1,2.1,0.45
50944,1,0.0,Male,2.0,5,Single,8,0,0.0,1.0,0.0,125.61,1,2,0,1.0,1,125.61,0.0,0,0,2.0,0.25
50945,0,9.0,Male,3.0,3,Married,2,0,0.0,1.0,0.0,115.63,1,1,0,0.1,1,11.562999999999999,0.0,0,0,1.8,0.25
50946,0,1.0,Male,2.0,5,Single,1,0,1.0,1.0,3.0,148.98,1,2,0,0.5,1,74.49,0.5,0,0,1.4000000000000004,0.25
50947,0,22.0,Female,2.0,5,Divorced,5,0,1.0,1.0,2.0,147.89,0,0,0,0.043478260869565216,1,6.43,0.5,0,0,1.8000000000000003,0.25
50948,0,2.0,Female,3.0,4,Divorced,1,0,0.0,1.0,2.0,131.8,0,0,0,0.3333333333333333,1,43.93333333333334,0.0,0,0,1.7000000000000002,0.25
50949,0,1.0,Male,3.0,4,Divorced,2,0,1.0,1.0,7.0,165.49,1,0,0,0.5,1,82.745,0.5,0,0,1.9000000000000001,0.25
50950,0,6.0,Male,3.0,3,Single,3,1,0.0,1.0,0.0,163.88,1,2,0,0.14285714285714285,1,23.41142857142857,0.0,0,1,1.9000000000000001,0.45
50951,0,5.0,Male,0.0,1,Single,3,0,0.0,1.0,3.0,212.44,1,2,0,0.16666666666666666,1,35.406666666666666,0.0,1,1,0.7000000000000001,0.7
50952,0,27.0,Female,2.0,1,Married,4,0,1.0,2.0,12.0,260.32,0,1,1,0.07142857142857142,1,9.297142857142857,0.3333333333333333,0,1,2.1,0.75
50953,1,0.0,Male,3.0,5,Single,7,0,0.0,1.0,7.0,123.62,1,2,0,1.0,1,123.62,0.0,0,0,2.3000000000000003,0.25
50954,0,17.0,Male,2.0,5,Divorced,4,0,1.0,14.0,17.0,263.28,1,0,1,0.7777777777777778,0,14.626666666666665,0.06666666666666667,0,0,6.9,0.3
50955,0,12.0,Female,2.0,4,Single,5,0,0.0,2.0,2.0,183.76,0,2,0,0.15384615384615385,1,14.135384615384615,0.0,0,0,2.1,0.25
50956,0,19.0,Female,2.0,4,Divorced,9,0,1.0,5.0,1.0,266.06,0,0,0,0.25,0,13.303,0.16666666666666666,0,0,3.8,0.0
50957,0,8.0,Female,3.0,4,Single,2,0,1.0,3.0,3.0,186.06,0,2,0,0.3333333333333333,0,20.673333333333332,0.25,0,0,2.7000000000000006,0.0
50958,0,9.0,Male,3.0,3,Single,1,0,1.0,1.0,2.0,122.72,1,2,0,0.1,1,12.272,0.5,0,0,1.8000000000000003,0.25
50959,1,9.0,Male,2.0,5,Single,4,0,1.0,1.0,0.0,120.18,1,2,0,0.1,1,12.018,0.5,0,0,1.7000000000000002,0.25
50960,0,7.0,Male,3.0,3,Divorced,2,1,7.0,8.0,6.0,170.83,1,0,0,1.0,0,21.35375,0.7777777777777778,0,1,5.300000000000001,0.2
50961,1,0.0,Female,2.0,3,Single,2,0,6.0,7.0,7.0,140.84,0,2,0,7.0,0,140.84,0.75,0,0,4.4,0.0
50962,0,23.0,Male,2.0,1,Single,2,1,13.0,2.0,9.0,244.11,1,2,0,0.08333333333333333,1,10.17125,4.333333333333333,0,1,3.1,0.45
50963,0,9.0,Male,2.0,3,Married,1,1,0.0,5.0,7.0,123.08,1,1,0,0.5,0,12.308,0.0,0,1,2.9,0.2
50964,0,15.0,Male,3.0,4,Married,5,0,1.0,1.0,0.0,148.41,1,1,0,0.0625,1,9.275625,0.5,0,0,2.2,0.25
50965,0,10.0,Male,2.0,1,Married,2,0,0.0,3.0,7.0,142.85,1,1,0,0.2727272727272727,0,12.986363636363636,0.0,0,1,2.2,0.2
50966,0,2.0,Female,2.0,5,Married,4,0,0.0,1.0,7.0,197.15,0,1,0,0.3333333333333333,1,65.71666666666667,0.0,0,0,1.6,0.25
50967,0,6.0,Male,2.0,4,Single,2,0,0.0,1.0,2.0,143.2,1,2,0,0.14285714285714285,1,20.457142857142856,0.0,0,0,1.4000000000000001,0.25
50968,0,9.0,Male,3.0,1,Married,5,0,1.0,1.0,3.0,121.32,1,1,0,0.1,1,12.132,0.5,0,1,2.2,0.45
50969,0,15.0,Male,2.0,1,Married,3,1,12.0,13.0,9.0,201.24,1,1,0,0.8125,0,12.5775,0.8571428571428571,0,1,7.5,0.2
50970,0,13.0,Male,2.0,5,Married,1,0,2.0,7.0,1.0,154.73,1,1,0,0.5,0,11.052142857142856,0.25,0,0,3.900000000000001,0.0
50971,0,6.0,Male,3.0,3,Married,2,1,1.0,5.0,7.0,152.07,1,1,0,0.7142857142857143,0,21.724285714285713,0.16666666666666666,0,1,3.5000000000000004,0.2
50972,0,13.0,Male,2.0,1,Single,2,1,1.0,7.0,7.0,264.37,1,2,0,0.5,0,18.88357142857143,0.125,0,1,3.900000000000001,0.2
50973,0,9.0,Male,2.0,5,Married,1,0,0.0,1.0,0.0,122.96,1,1,0,0.1,1,12.296,0.0,0,0,1.3000000000000003,0.25
50974,0,13.0,Male,3.0,1,Married,4,1,2.0,2.0,2.0,140.69,1,1,0,0.14285714285714285,1,10.049285714285714,0.6666666666666666,0,1,2.6,0.45
50975,0,18.0,Male,3.0,4,Married,2,0,6.0,7.0,7.0,174.41,1,1,0,0.3684210526315789,0,9.179473684210526,0.75,0,0,4.800000000000001,0.0
50976,0,8.0,Female,3.0,3,Married,1,0,2.0,4.0,2.0,124.3,0,1,0,0.4444444444444444,0,13.81111111111111,0.4,0,0,3.1000000000000005,0.0
50977,0,5.0,Female,3.0,4,Married,4,0,1.0,2.0,5.0,158.78,0,1,0,0.3333333333333333,1,26.463333333333335,0.3333333333333333,0,0,2.5,0.25
50978,0,9.0,Male,3.0,1,Single,4,1,0.0,1.0,2.0,126.44,1,2,0,0.1,1,12.644,0.0,0,1,2.0,0.45
50979,0,21.0,Female,3.0,3,Married,9,0,1.0,7.0,7.0,164.39,0,1,0,0.3181818181818182,0,7.472272727272727,0.125,0,0,5.0,0.0
50980,0,2.0,Male,3.0,3,Married,7,0,1.0,1.0,0.0,124.51,1,1,0,0.3333333333333333,1,41.50333333333334,0.5,0,0,2.4000000000000004,0.25
50981,0,6.0,Male,2.0,5,Married,3,0,2.0,2.0,2.0,163.92,1,1,0,0.2857142857142857,1,23.417142857142856,0.6666666666666666,0,0,2.1,0.25
50982,1,0.0,Male,3.0,5,Married,2,0,3.0,6.0,7.0,197.14,1,1,0,6.0,0,197.14,0.42857142857142855,0,0,4.1000000000000005,0.0
50983,0,11.0,Male,3.0,3,Married,4,0,0.0,1.0,2.0,160.77,1,1,0,0.08333333333333333,1,13.3975,0.0,0,0,2.0,0.25
50984,0,8.0,Male,3.0,5,Single,2,0,0.0,1.0,2.0,124.5,1,2,0,0.1111111111111111,1,13.833333333333334,0.0,0,0,1.8,0.25
50985,0,3.0,Male,2.0,4,Married,4,0,0.0,1.0,3.0,192.5,1,1,0,0.25,1,48.125,0.0,0,0,1.6,0.25
50986,1,9.0,Female,3.0,5,Married,2,1,1.0,1.0,0.0,120.74,0,1,0,0.1,1,12.074,0.5,0,1,1.9000000000000001,0.45
50987,1,16.0,Female,3.0,1,Married,1,0,1.0,1.0,9.0,201.69,0,1,0,0.058823529411764705,1,11.864117647058823,0.5,0,1,1.8000000000000003,0.45
50988,1,1.0,Male,2.0,4,Married,5,0,0.0,1.0,4.0,148.55,1,1,0,0.5,1,74.275,0.0,0,0,1.7000000000000002,0.25
50989,0,5.0,Male,3.0,5,Married,5,0,1.0,1.0,2.0,140.87,1,1,0,0.16666666666666666,1,23.478333333333335,0.5,0,0,2.2,0.25
50990,0,21.0,Female,3.0,5,Married,9,0,7.0,7.0,6.0,123.67,0,1,0,0.3181818181818182,0,5.621363636363636,0.875,0,0,5.6000000000000005,0.0
50991,0,7.0,Male,3.0,1,Single,2,0,0.0,1.0,0.0,129.72,1,2,0,0.125,1,16.215,0.0,0,1,1.8,0.45
50992,0,28.0,Male,2.0,1,Married,2,0,2.0,2.0,13.0,295.86,1,1,1,0.06896551724137931,1,10.202068965517242,0.6666666666666666,0,1,2.0,0.75
50993,0,7.0,Male,2.0,1,Married,10,0,1.0,2.0,1.0,154.84,1,1,0,0.25,1,19.355,0.3333333333333333,0,1,2.7,0.45
50994,0,9.0,Female,2.0,1,Married,2,0,1.0,1.0,0.0,120.61,0,1,0,0.1,1,12.061,0.5,0,1,1.5000000000000002,0.45
50995,0,11.0,Male,3.0,4,Married,1,0,5.0,7.0,7.0,199.24,1,1,0,0.5833333333333334,0,16.603333333333335,0.625,0,0,4.6,0.0
50996,0,11.0,Female,2.0,4,Single,3,0,0.0,1.0,2.0,141.98,0,2,0,0.08333333333333333,1,11.831666666666665,0.0,0,0,1.5000000000000002,0.25
50997,0,9.0,Female,3.0,3,Single,7,0,1.0,1.0,0.0,168.15,0,2,0,0.1,1,16.815,0.5,0,0,2.4000000000000004,0.25
50998,0,2.0,Male,2.0,5,Single,2,1,0.0,1.0,5.0,147.23,1,2,0,0.3333333333333333,1,49.07666666666666,0.0,0,1,1.4000000000000001,0.45
50999,0,8.0,Female,2.0,3,Single,4,1,1.0,1.0,4.0,161.42,0,2,0,0.1111111111111111,1,17.935555555555553,0.5,0,1,1.7000000000000002,0.45
51000,0,12.0,Male,2.0,3,Married,3,0,4.0,7.0,6.0,182.37,1,1,0,0.5384615384615384,0,14.028461538461539,0.5,0,0,4.300000000000001,0.0
51001,0,2.0,Male,2.0,1,Married,2,0,0.0,1.0,3.0,188.53,1,1,0,0.3333333333333333,1,62.843333333333334,0.0,0,1,1.4000000000000001,0.45
51002,0,23.0,Male,2.0,3,Married,5,1,0.0,1.0,0.0,293.31,1,1,0,0.041666666666666664,1,12.22125,0.0,0,1,1.7000000000000002,0.45
51003,0,9.0,Male,2.0,3,Married,3,0,2.0,2.0,2.0,120.73,1,1,0,0.2,1,12.073,0.6666666666666666,0,0,2.1,0.25
51004,0,9.0,Male,3.0,5,Married,4,1,1.0,1.0,2.0,155.62,1,1,0,0.1,1,15.562000000000001,0.5,0,1,2.1,0.45
51005,0,15.0,Male,3.0,1,Single,9,0,1.0,1.0,1.0,296.13,1,2,0,0.0625,1,18.508125,0.5,0,1,2.6,0.45
51006,0,8.0,Male,2.0,3,Married,2,0,5.0,6.0,8.0,134.07,1,1,0,0.6666666666666666,0,14.896666666666667,0.7142857142857143,0,0,3.9000000000000004,0.0
51007,0,7.0,Male,3.0,3,Married,2,0,2.0,7.0,7.0,150.63,1,1,0,0.875,0,18.82875,0.25,0,0,4.4,0.0
51008,0,13.0,Female,2.0,5,Married,2,0,0.0,1.0,2.0,146.39,0,1,0,0.07142857142857142,1,10.456428571428571,0.0,0,0,1.4000000000000001,0.25
51009,0,16.0,Male,2.0,4,Married,6,0,1.0,1.0,2.0,148.76,1,1,0,0.058823529411764705,1,8.750588235294117,0.5,0,0,1.9000000000000004,0.25
51010,0,8.0,Male,3.0,1,Married,2,0,1.0,1.0,1.0,126.9,1,1,0,0.1111111111111111,1,14.100000000000001,0.5,0,1,1.9000000000000001,0.45
51011,0,19.0,Male,2.0,5,Single,2,0,1.0,1.0,12.0,275.67,1,2,1,0.05,1,13.7835,0.5,0,0,1.5000000000000002,0.55
51012,1,0.0,Male,2.0,4,Married,2,1,0.0,1.0,0.0,124.08,1,1,0,1.0,1,124.08,0.0,0,1,1.4000000000000001,0.45
51013,0,0.0,Female,3.0,3,Married,2,1,0.0,1.0,3.0,128.14,0,1,0,1.0,1,128.14,0.0,0,1,1.8,0.45
51014,0,23.0,Male,2.0,3,Married,3,1,3.0,12.0,3.0,212.45,1,1,0,0.5,0,8.852083333333333,0.23076923076923078,0,1,6.2,0.2
51015,0,5.0,Female,2.0,1,Married,4,0,1.0,1.0,2.0,133.12,0,1,0,0.16666666666666666,1,22.186666666666667,0.5,0,1,1.7000000000000002,0.45
51016,0,17.0,Female,2.0,1,Married,1,1,1.0,1.0,10.0,290.49,0,1,0,0.05555555555555555,1,16.138333333333335,0.5,0,1,1.4000000000000004,0.45
51017,0,9.0,Male,2.0,4,Married,2,0,0.0,1.0,1.0,121.41,1,1,0,0.1,1,12.141,0.0,0,0,1.4000000000000001,0.25
51018,0,18.0,Female,2.0,5,Single,2,1,1.0,1.0,4.0,157.69,0,2,0,0.05263157894736842,1,8.299473684210525,0.5,0,1,1.5000000000000002,0.45
51019,0,18.0,Male,2.0,5,Married,2,0,0.0,4.0,5.0,143.85,1,1,0,0.21052631578947367,0,7.571052631578947,0.0,0,0,2.6000000000000005,0.0
51020,0,4.0,Male,2.0,5,Single,8,0,0.0,1.0,3.0,153.32,1,2,0,0.2,1,30.663999999999998,0.0,0,0,2.0,0.25
51021,0,9.0,Female,3.0,3,Married,10,1,0.0,1.0,1.0,146.63,0,1,0,0.1,1,14.663,0.0,0,1,2.6,0.45
51022,0,7.0,Male,2.0,1,Married,2,0,5.0,7.0,2.0,147.24,1,1,0,0.875,0,18.405,0.625,0,1,4.300000000000001,0.2
51023,0,22.0,Female,2.0,5,Married,2,0,0.0,1.0,4.0,132.11,0,1,0,0.043478260869565216,1,5.743913043478261,0.0,0,0,1.4000000000000001,0.25
51024,0,12.0,Male,3.0,5,Married,3,0,4.0,7.0,7.0,153.77,1,1,0,0.5384615384615384,0,11.82846153846154,0.5,0,0,4.7,0.0
51025,0,0.0,Male,3.0,5,Married,2,0,0.0,1.0,7.0,140.66,1,1,0,1.0,1,140.66,0.0,0,0,1.8,0.25
51026,0,8.0,Male,2.0,5,Married,2,0,0.0,1.0,10.0,152.08,1,1,0,0.1111111111111111,1,16.89777777777778,0.0,0,0,1.4000000000000001,0.25
51027,0,1.0,Female,2.0,5,Married,1,0,1.0,1.0,0.0,0.0,0,1,0,0.5,1,0.0,0.5,0,0,1.4000000000000004,0.25
51028,0,0.0,Male,3.0,1,Single,2,0,1.0,2.0,2.0,131.17,1,2,0,2.0,1,131.17,0.3333333333333333,0,1,2.3000000000000003,0.45
51029,1,9.0,Female,3.0,1,Single,2,1,0.0,1.0,0.0,115.69,0,2,0,0.1,1,11.568999999999999,0.0,0,1,1.8,0.45
51030,0,20.0,Female,3.0,3,Married,4,0,1.0,1.0,0.0,296.58,0,1,0,0.047619047619047616,1,14.122857142857143,0.5,0,0,2.1,0.25
51031,0,12.0,Male,3.0,3,Married,1,0,0.0,1.0,7.0,130.69,1,1,0,0.07692307692307693,1,10.053076923076922,0.0,0,0,1.7000000000000002,0.25
51032,0,13.0,Female,3.0,3,Married,2,0,1.0,14.0,12.0,204.35,0,1,1,1.0,0,14.596428571428572,0.06666666666666667,0,0,7.1000000000000005,0.3
51033,0,8.0,Female,2.0,3,Married,2,0,2.0,2.0,9.0,141.48,0,1,0,0.2222222222222222,1,15.719999999999999,0.6666666666666666,0,0,2.0,0.25
51034,0,10.0,Male,2.0,3,Married,4,0,0.0,1.0,2.0,157.68,1,1,0,0.09090909090909091,1,14.334545454545456,0.0,0,0,1.6,0.25
51035,0,12.0,Female,2.0,3,Single,1,0,3.0,3.0,8.0,150.42,0,2,0,0.23076923076923078,0,11.57076923076923,0.75,0,0,2.4000000000000004,0.0
51036,0,18.0,Female,2.0,1,Married,2,0,2.0,3.0,9.0,157.7,0,1,0,0.15789473684210525,0,8.299999999999999,0.5,0,1,2.4000000000000004,0.2
51037,0,11.0,Female,2.0,3,Married,4,1,1.0,1.0,2.0,177.56,0,1,0,0.08333333333333333,1,14.796666666666667,0.5,0,1,1.7000000000000002,0.45
51038,1,0.0,Male,2.0,5,Married,10,0,4.0,6.0,0.0,203.06,1,1,0,6.0,0,203.06,0.5714285714285714,0,0,4.6000000000000005,0.0
51039,0,10.0,Female,3.0,4,Married,2,0,1.0,7.0,7.0,139.36,0,1,0,0.6363636363636364,0,12.66909090909091,0.125,0,0,4.3,0.0
51040,0,13.0,Female,2.0,1,Single,7,1,1.0,3.0,3.0,179.45,0,2,0,0.21428571428571427,0,12.817857142857141,0.25,0,1,2.8000000000000003,0.2
51041,0,17.0,Male,2.0,1,Married,5,1,1.0,1.0,2.0,157.43,1,1,0,0.05555555555555555,1,8.746111111111112,0.5,0,1,1.8000000000000003,0.45
51042,0,21.0,Male,2.0,1,Married,3,0,2.0,2.0,2.0,252.02,1,1,0,0.09090909090909091,1,11.455454545454545,0.6666666666666666,0,1,2.1,0.45
51043,1,0.0,Male,2.0,1,Married,7,1,1.0,2.0,2.0,154.4,1,1,0,2.0,1,154.4,0.3333333333333333,0,1,2.4000000000000004,0.45
51044,0,0.0,Female,2.0,1,Single,2,1,1.0,1.0,3.0,137.6,0,2,0,1.0,1,137.6,0.5,0,1,1.5000000000000002,0.45
51045,0,0.0,Female,2.0,3,Married,8,0,0.0,1.0,2.0,135.17,0,1,0,1.0,1,135.17,0.0,0,0,2.0,0.25
51046,0,0.0,Male,2.0,1,Single,3,0,0.0,1.0,2.0,125.8,1,2,0,1.0,1,125.8,0.0,0,1,1.5000000000000002,0.45
51047,1,9.0,Male,3.0,5,Single,4,1,0.0,1.0,3.0,121.66,1,2,0,0.1,1,12.166,0.0,0,1,2.0,0.45
51048,0,2.0,Male,2.0,3,Single,10,0,1.0,1.0,4.0,158.69,1,2,0,0.3333333333333333,1,52.89666666666667,0.5,0,0,2.3000000000000003,0.25
51049,0,9.0,Female,2.0,5,Married,5,0,1.0,1.0,2.0,180.08,0,1,0,0.1,1,18.008000000000003,0.5,0,0,1.8000000000000003,0.25
51050,0,0.0,Male,3.0,3,Married,2,0,0.0,1.0,7.0,152.06,1,1,0,1.0,1,152.06,0.0,0,0,1.8,0.25
51051,0,12.0,Male,3.0,4,Married,5,0,1.0,1.0,0.0,152.95,1,1,0,0.07692307692307693,1,11.765384615384615,0.5,0,0,2.2,0.25
51052,0,22.0,Female,3.0,4,Married,4,0,1.0,1.0,2.0,264.13,0,1,0,0.043478260869565216,1,11.48391304347826,0.5,0,0,2.1,0.25
51053,0,23.0,Female,2.0,5,Married,6,0,1.0,2.0,11.0,232.69,0,1,1,0.08333333333333333,1,9.695416666666667,0.3333333333333333,0,0,2.3000000000000003,0.55
51054,0,0.0,Female,3.0,3,Single,2,0,0.0,2.0,2.0,127.83,0,2,0,2.0,1,127.83,0.0,0,0,2.2,0.25
51055,0,7.0,Female,3.0,4,Married,2,0,7.0,7.0,9.0,154.33,0,1,0,0.875,0,19.29125,0.875,0,0,4.9,0.0
51056,0,9.0,Male,3.0,4,Single,3,0,0.0,1.0,3.0,120.13,1,2,0,0.1,1,12.013,0.0,0,0,1.9000000000000001,0.25
51057,0,22.0,Female,2.0,3,Married,3,1,1.0,2.0,12.0,239.66,0,1,1,0.08695652173913043,1,10.42,0.3333333333333333,0,1,2.0,0.75
51058,0,9.0,Female,2.0,3,Married,1,0,1.0,1.0,2.0,143.74,0,1,0,0.1,1,14.374,0.5,0,0,1.4000000000000004,0.25
51059,0,9.0,Male,3.0,5,Married,7,0,1.0,1.0,4.0,168.42,1,1,0,0.1,1,16.842,0.5,0,0,2.4000000000000004,0.25
51060,0,27.0,Female,3.0,3,Married,4,0,1.0,4.0,7.0,274.26,0,1,0,0.14285714285714285,0,9.795,0.2,0,0,3.3000000000000003,0.0
51061,0,16.0,Male,3.0,3,Married,2,0,1.0,6.0,11.0,276.03,1,1,1,0.35294117647058826,0,16.23705882352941,0.14285714285714285,0,0,3.900000000000001,0.3
51062,1,0.0,Male,2.0,1,Single,4,1,3.0,6.0,7.0,145.81,1,2,0,6.0,0,145.81,0.42857142857142855,0,1,3.9000000000000004,0.2
51063,0,11.0,Male,2.0,1,Married,8,0,2.0,2.0,9.0,147.35,1,1,0,0.16666666666666666,1,12.279166666666667,0.6666666666666666,0,1,2.6000000000000005,0.45
51064,0,2.0,Male,2.0,4,Married,2,1,0.0,1.0,9.0,141.87,1,1,0,0.3333333333333333,1,47.29,0.0,0,1,1.4000000000000001,0.45
51065,0,6.0,Male,3.0,1,Married,2,0,1.0,1.0,4.0,155.05,1,1,0,0.14285714285714285,1,22.150000000000002,0.5,0,1,1.9000000000000001,0.45
51066,0,5.0,Male,2.0,4,Married,1,0,0.0,1.0,6.0,154.7,1,1,0,0.16666666666666666,1,25.78333333333333,0.0,0,0,1.3000000000000003,0.25
51067,0,4.0,Female,3.0,1,Married,2,0,0.0,1.0,2.0,154.76,0,1,0,0.2,1,30.951999999999998,0.0,0,1,1.8,0.45
51068,0,22.0,Female,3.0,5,Married,5,1,1.0,2.0,2.0,125.87,0,1,0,0.08695652173913043,1,5.472608695652174,0.3333333333333333,0,1,2.6,0.45
51069,0,11.0,Female,2.0,4,Single,2,0,1.0,3.0,3.0,124.4,0,2,0,0.25,0,10.366666666666667,0.25,0,0,2.3000000000000003,0.0
51070,0,20.0,Female,2.0,4,Married,7,0,0.0,2.0,2.0,259.72,0,1,0,0.09523809523809523,1,12.36761904761905,0.0,0,0,2.3000000000000003,0.25
51071,0,22.0,Male,2.0,3,Single,5,0,1.0,2.0,0.0,253.79,1,2,0,0.08695652173913043,1,11.034347826086956,0.3333333333333333,0,0,2.2,0.25
51072,0,14.0,Male,3.0,3,Single,4,1,0.0,1.0,2.0,170.82,1,2,0,0.06666666666666667,1,11.388,0.0,0,1,2.0,0.45
51073,0,0.0,Male,3.0,5,Single,2,0,0.0,1.0,2.0,127.28,1,2,0,1.0,1,127.28,0.0,0,0,1.8,0.25
51074,0,6.0,Female,2.0,1,Married,2,1,0.0,1.0,2.0,153.68,0,1,0,0.14285714285714285,1,21.954285714285714,0.0,0,1,1.4000000000000001,0.45
51075,0,9.0,Male,3.0,3,Married,7,0,1.0,1.0,2.0,153.47,1,1,0,0.1,1,15.347,0.5,0,0,2.4000000000000004,0.25
51076,0,17.0,Female,2.0,1,Married,5,1,2.0,2.0,2.0,131.95,0,1,0,0.1111111111111111,1,7.330555555555555,0.6666666666666666,0,1,2.3000000000000003,0.45
51077,1,0.0,Male,3.0,3,Single,2,1,1.0,1.0,2.0,139.89,1,2,0,1.0,1,139.89,0.5,0,1,1.9000000000000001,0.45
51078,0,11.0,Female,2.0,3,Married,8,0,0.0,1.0,0.0,133.06,0,1,0,0.08333333333333333,1,11.088333333333333,0.0,0,0,2.0,0.25
51079,0,26.0,Male,2.0,1,Married,4,0,0.0,1.0,2.0,170.05,1,1,0,0.037037037037037035,1,6.298148148148148,0.0,0,1,1.6,0.45
51080,1,11.0,Female,3.0,3,Married,3,1,4.0,7.0,7.0,126.55,0,1,0,0.5833333333333334,0,10.545833333333333,0.5,0,1,4.7,0.2
51081,1,9.0,Male,3.0,4,Single,2,0,1.0,1.0,0.0,113.93,1,2,0,0.1,1,11.393,0.5,0,0,1.9000000000000001,0.25
51082,0,0.0,Male,3.0,1,Single,2,0,5.0,5.0,7.0,125.7,1,2,0,5.0,0,125.7,0.8333333333333334,0,1,3.9000000000000004,0.2
51083,0,28.0,Male,3.0,4,Married,6,0,1.0,1.0,2.0,135.37,1,1,0,0.034482758620689655,1,4.667931034482759,0.5,0,0,2.3000000000000003,0.25
51084,0,7.0,Male,2.0,1,Married,2,0,4.0,4.0,13.0,139.86,1,1,1,0.5,0,17.4825,0.8,0,1,3.0000000000000004,0.5
51085,0,30.0,Male,3.0,1,Married,4,0,0.0,1.0,0.0,208.83,1,1,0,0.03225806451612903,1,6.736451612903227,0.0,0,1,2.0,0.45
51086,0,9.0,Male,3.0,4,Married,2,0,2.0,2.0,13.0,120.28,1,1,1,0.2,1,12.028,0.6666666666666666,0,0,2.4000000000000004,0.55
51087,0,10.0,Male,2.0,1,Married,2,0,0.0,1.0,3.0,195.25,1,1,0,0.09090909090909091,1,17.75,0.0,0,1,1.4000000000000001,0.45
51088,0,7.0,Female,3.0,1,Married,2,0,3.0,8.0,7.0,129.29,0,1,0,1.0,0,16.16125,0.3333333333333333,0,1,4.9,0.2
51089,1,9.0,Male,2.0,1,Married,2,1,1.0,1.0,2.0,122.75,1,1,0,0.1,1,12.275,0.5,0,1,1.5000000000000002,0.45
51090,0,17.0,Female,3.0,1,Married,2,1,6.0,6.0,7.0,178.79,0,1,0,0.3333333333333333,0,9.932777777777778,0.8571428571428571,0,1,4.4,0.2
51091,0,8.0,Male,3.0,1,Single,1,1,1.0,1.0,4.0,149.3,1,2,0,0.1111111111111111,1,16.58888888888889,0.5,0,1,1.8000000000000003,0.45
51092,0,16.0,Male,3.0,1,Married,2,1,0.0,8.0,8.0,178.47,1,1,0,0.47058823529411764,0,10.498235294117647,0.0,0,1,4.6000000000000005,0.2
51093,0,0.0,Male,3.0,3,Married,2,0,0.0,1.0,4.0,144.01,1,1,0,1.0,1,144.01,0.0,0,0,1.8,0.25
51094,0,14.0,Male,2.0,3,Single,2,0,6.0,8.0,7.0,192.41,1,2,0,0.5333333333333333,0,12.827333333333334,0.6666666666666666,0,0,4.800000000000001,0.0
51095,0,2.0,Female,3.0,3,Married,10,0,1.0,1.0,2.0,129.74,0,1,0,0.3333333333333333,1,43.24666666666667,0.5,0,0,2.7,0.25
51096,0,9.0,Female,2.0,1,Single,4,0,3.0,6.0,7.0,145.02,0,2,0,0.6,0,14.502,0.42857142857142855,0,1,3.9000000000000004,0.2
51097,0,18.0,Male,3.0,3,Married,4,0,3.0,14.0,4.0,207.48,1,1,0,0.7368421052631579,0,10.92,0.2,0,0,7.500000000000001,0.0
51098,1,9.0,Male,2.0,3,Married,2,0,0.0,1.0,0.0,115.55,1,1,0,0.1,1,11.555,0.0,0,0,1.4000000000000001,0.25
51099,1,10.0,Male,2.0,3,Married,8,0,1.0,14.0,3.0,229.36,1,1,0,1.2727272727272727,0,20.85090909090909,0.06666666666666667,0,0,7.3,0.0
51100,0,9.0,Male,3.0,3,Married,2,0,0.0,1.0,2.0,123.05,1,1,0,0.1,1,12.305,0.0,0,0,1.8,0.25
51101,0,18.0,Female,2.0,4,Single,2,0,1.0,8.0,6.0,267.04,0,2,0,0.42105263157894735,0,14.054736842105264,0.1111111111111111,0,0,4.3,0.0
51102,0,5.0,Male,2.0,3,Married,7,0,0.0,1.0,3.0,134.33,1,1,0,0.16666666666666666,1,22.388333333333335,0.0,0,0,1.9000000000000004,0.25
51103,0,4.0,Male,3.0,3,Married,2,0,0.0,1.0,3.0,134.77,1,1,0,0.2,1,26.954,0.0,0,0,1.8,0.25
51104,0,14.0,Male,2.0,4,Married,7,0,0.0,1.0,2.0,164.3,1,1,0,0.06666666666666667,1,10.953333333333335,0.0,0,0,1.9000000000000004,0.25
51105,0,13.0,Female,3.0,5,Married,3,1,0.0,1.0,0.0,165.16,0,1,0,0.07142857142857142,1,11.797142857142857,0.0,0,1,1.9000000000000001,0.45
51106,0,0.0,Male,3.0,5,Married,2,0,1.0,1.0,2.0,139.07,1,1,0,1.0,1,139.07,0.5,0,0,1.9000000000000001,0.25
51107,0,19.0,Male,2.0,4,Single,7,0,1.0,1.0,9.0,155.62,1,2,0,0.05,1,7.781000000000001,0.5,0,0,2.0000000000000004,0.25
51108,0,8.0,Male,2.0,3,Married,3,0,0.0,1.0,7.0,168.83,1,1,0,0.1111111111111111,1,18.75888888888889,0.0,0,0,1.5000000000000002,0.25
51109,0,3.0,Male,3.0,1,Married,2,0,0.0,1.0,8.0,128.62,1,1,0,0.25,1,32.155,0.0,0,1,1.8,0.45
51110,0,20.0,Male,2.0,4,Married,8,0,0.0,1.0,0.0,149.78,1,1,0,0.047619047619047616,1,7.132380952380952,0.0,0,0,2.0,0.25
51111,0,19.0,Male,3.0,1,Married,5,1,0.0,1.0,3.0,203.68,1,1,0,0.05,1,10.184000000000001,0.0,0,1,2.1,0.45
51112,1,0.0,Male,3.0,5,Married,6,1,2.0,2.0,2.0,161.34,1,1,0,2.0,1,161.34,0.6666666666666666,0,1,2.8000000000000003,0.45
51113,1,0.0,Male,2.0,4,Single,7,0,0.0,1.0,0.0,167.35,1,2,0,1.0,1,167.35,0.0,0,0,1.9000000000000004,0.25
51114,0,0.0,Female,2.0,4,Single,2,0,1.0,1.0,2.0,132.95,0,2,0,1.0,1,132.95,0.5,0,0,1.5000000000000002,0.25
51115,0,4.0,Female,1.0,1,Single,3,0,1.0,1.0,4.0,152.38,0,2,0,0.2,1,30.476,0.5,1,1,1.2000000000000002,0.7
51116,0,12.0,Male,3.0,1,Married,2,1,3.0,5.0,8.0,164.72,1,1,0,0.38461538461538464,0,12.670769230769231,0.5,0,1,3.7,0.2
51117,0,5.0,Male,3.0,3,Married,4,0,1.0,1.0,2.0,196.1,1,1,0,0.16666666666666666,1,32.68333333333333,0.5,0,0,2.1,0.25
51118,0,13.0,Male,2.0,4,Single,2,0,1.0,12.0,8.0,298.33,1,2,0,0.8571428571428571,0,21.309285714285714,0.07692307692307693,0,0,5.9,0.0
51119,0,18.0,Female,2.0,3,Married,5,0,1.0,1.0,3.0,197.56,0,1,0,0.05263157894736842,1,10.397894736842105,0.5,0,0,1.8000000000000003,0.25
51120,0,3.0,Female,3.0,5,Single,1,0,0.0,1.0,7.0,149.68,0,2,0,0.25,1,37.42,0.0,0,0,1.7000000000000002,0.25
51121,0,9.0,Male,2.0,1,Married,1,0,1.0,2.0,1.0,121.45,1,1,0,0.2,1,12.145,0.3333333333333333,0,1,1.8000000000000003,0.45
51122,1,9.0,Female,3.0,1,Married,7,0,1.0,1.0,2.0,121.8,0,1,0,0.1,1,12.18,0.5,0,1,2.4000000000000004,0.45
51123,0,4.0,Male,2.0,3,Married,2,0,0.0,1.0,2.0,183.46,1,1,0,0.2,1,36.692,0.0,0,0,1.4000000000000001,0.25
51124,0,0.0,Female,3.0,1,Single,2,0,1.0,1.0,4.0,134.45,0,2,0,1.0,1,134.45,0.5,0,1,1.9000000000000001,0.45
51125,1,0.0,Female,3.0,4,Single,2,0,1.0,2.0,2.0,127.6,0,2,0,2.0,1,127.6,0.3333333333333333,0,0,2.3000000000000003,0.25
51126,0,2.0,Male,3.0,3,Single,9,1,0.0,1.0,2.0,162.94,1,2,0,0.3333333333333333,1,54.31333333333333,0.0,0,1,2.5,0.45
51127,0,3.0,Male,3.0,5,Married,3,0,0.0,1.0,7.0,171.4,1,1,0,0.25,1,42.85,0.0,0,0,1.9000000000000001,0.25
51128,0,7.0,Male,3.0,1,Married,1,1,0.0,1.0,2.0,129.32,1,1,0,0.125,1,16.165,0.0,0,1,1.7000000000000002,0.45
51129,0,6.0,Female,3.0,4,Single,9,0,0.0,1.0,7.0,151.47,0,2,0,0.14285714285714285,1,21.638571428571428,0.0,0,0,2.5,0.25
51130,0,22.0,Female,3.0,1,Single,4,0,0.0,1.0,4.0,145.07,0,2,0,0.043478260869565216,1,6.307391304347826,0.0,0,1,2.0,0.45
51131,1,0.0,Female,3.0,5,Single,3,1,0.0,1.0,0.0,185.64,0,2,0,1.0,1,185.64,0.0,0,1,1.9000000000000001,0.45
51132,0,11.0,Female,3.0,4,Married,5,0,0.0,1.0,5.0,124.68,0,1,0,0.08333333333333333,1,10.39,0.0,0,0,2.1,0.25
51133,1,0.0,Male,3.0,3,Married,3,0,1.0,1.0,0.0,181.61,1,1,0,1.0,1,181.61,0.5,0,0,2.0,0.25
51134,0,9.0,Female,3.0,5,Married,2,0,0.0,1.0,0.0,121.09,0,1,0,0.1,1,12.109,0.0,0,0,1.8,0.25
51135,0,0.0,Male,2.0,3,Married,4,0,1.0,1.0,7.0,152.94,1,1,0,1.0,1,152.94,0.5,0,0,1.7000000000000002,0.25
51136,0,5.0,Male,3.0,4,Single,3,0,1.0,1.0,7.0,127.18,1,2,0,0.16666666666666666,1,21.19666666666667,0.5,0,0,2.0,0.25
51137,0,11.0,Male,2.0,1,Married,4,1,0.0,1.0,0.0,158.11,1,1,0,0.08333333333333333,1,13.175833333333335,0.0,0,1,1.6,0.45
51138,1,6.0,Male,2.0,3,Married,10,1,1.0,1.0,0.0,124.37,1,1,0,0.14285714285714285,1,17.767142857142858,0.5,0,1,2.3000000000000003,0.45
51139,0,15.0,Male,3.0,4,Married,9,0,1.0,1.0,4.0,127.66,1,1,0,0.0625,1,7.97875,0.5,0,0,2.6,0.25
51140,0,28.0,Male,2.0,5,Married,9,0,1.0,1.0,0.0,290.38,1,1,0,0.034482758620689655,1,10.013103448275862,0.5,0,0,2.2,0.25
51141,0,6.0,Male,3.0,4,Married,6,0,0.0,1.0,7.0,130.55,1,1,0,0.14285714285714285,1,18.650000000000002,0.0,0,0,2.2,0.25
51142,0,9.0,Male,3.0,5,Married,2,0,1.0,1.0,4.0,122.89,1,1,0,0.1,1,12.289,0.5,0,0,1.9000000000000001,0.25
51143,0,7.0,Male,2.0,3,Married,2,1,1.0,1.0,7.0,140.01,1,1,0,0.125,1,17.50125,0.5,0,1,1.5000000000000002,0.45
51144,0,26.0,Female,2.0,3,Married,5,1,0.0,1.0,3.0,229.65,0,1,0,0.037037037037037035,1,8.505555555555556,0.0,0,1,1.7000000000000002,0.45
51145,0,16.0,Male,3.0,1,Single,1,0,0.0,1.0,8.0,135.39,1,2,0,0.058823529411764705,1,7.964117647058822,0.0,0,1,1.7000000000000002,0.45
51146,0,7.0,Female,2.0,1,Single,6,0,1.0,2.0,2.0,160.29,0,2,0,0.25,1,20.03625,0.3333333333333333,0,1,2.3000000000000003,0.45
51147,1,0.0,Male,3.0,4,Single,2,0,1.0,1.0,0.0,126.79,1,2,0,1.0,1,126.79,0.5,0,0,1.9000000000000001,0.25
51148,0,11.0,Female,2.0,3,Married,2,0,0.0,1.0,4.0,137.02,0,1,0,0.08333333333333333,1,11.418333333333335,0.0,0,0,1.4000000000000001,0.25
51149,1,0.0,Female,3.0,5,Married,2,1,0.0,1.0,0.0,123.98,0,1,0,1.0,1,123.98,0.0,0,1,1.8,0.45
51150,0,4.0,Female,3.0,1,Married,2,0,2.0,5.0,7.0,154.68,0,1,0,1.0,0,30.936,0.3333333333333333,0,1,3.6000000000000005,0.2
51151,0,24.0,Female,2.0,3,Married,3,0,2.0,2.0,3.0,231.16,0,1,0,0.08,1,9.2464,0.6666666666666666,0,0,2.1,0.25
51152,0,10.0,Male,2.0,4,Married,2,0,0.0,1.0,3.0,141.89,1,1,0,0.09090909090909091,1,12.899090909090908,0.0,0,0,1.4000000000000001,0.25
51153,0,19.0,Male,2.0,1,Married,8,1,1.0,2.0,2.0,293.28,1,1,0,0.1,1,14.663999999999998,0.3333333333333333,0,1,2.5000000000000004,0.45
51154,0,9.0,Male,2.0,5,Married,8,1,1.0,5.0,7.0,183.21,1,1,0,0.5,0,18.321,0.16666666666666666,0,1,3.6999999999999997,0.2
51155,1,7.0,Male,2.0,4,Married,2,1,1.0,2.0,3.0,123.42,1,1,0,0.25,1,15.4275,0.3333333333333333,0,1,1.9000000000000001,0.45
51156,0,10.0,Male,2.0,4,Married,3,0,4.0,4.0,7.0,140.71,1,1,0,0.36363636363636365,0,12.791818181818183,0.8,0,0,3.1,0.0
51157,1,0.0,Male,2.0,1,Single,2,1,0.0,7.0,7.0,158.13,1,2,0,7.0,0,158.13,0.0,0,1,3.8000000000000007,0.2
51158,0,6.0,Male,3.0,5,Married,7,0,6.0,7.0,6.0,131.43,1,1,0,1.0,0,18.775714285714287,0.75,0,0,5.300000000000001,0.0
51159,0,9.0,Male,2.0,1,Married,2,0,0.0,1.0,3.0,120.44,1,1,0,0.1,1,12.044,0.0,0,1,1.4000000000000001,0.45
51160,0,12.0,Male,3.0,3,Single,8,0,2.0,2.0,2.0,234.64,1,2,0,0.15384615384615385,1,18.049230769230768,0.6666666666666666,0,0,3.0,0.25
51161,0,19.0,Male,3.0,4,Single,9,0,2.0,2.0,2.0,179.91,1,2,0,0.1,1,8.9955,0.6666666666666666,0,0,3.1,0.25
51162,0,13.0,Female,2.0,5,Married,5,0,1.0,1.0,2.0,133.77,0,1,0,0.07142857142857142,1,9.555000000000001,0.5,0,0,1.8000000000000003,0.25
51163,0,15.0,Male,3.0,5,Married,6,0,1.0,1.0,0.0,155.38,1,1,0,0.0625,1,9.71125,0.5,0,0,2.3000000000000003,0.25
51164,0,8.0,Male,2.0,1,Married,3,0,0.0,1.0,7.0,157.62,1,1,0,0.1111111111111111,1,17.513333333333335,0.0,0,1,1.5000000000000002,0.45
51165,0,11.0,Male,3.0,4,Married,6,0,3.0,3.0,8.0,125.92,1,1,0,0.25,0,10.493333333333334,0.75,0,0,3.3000000000000007,0.0
51166,1,0.0,Male,3.0,5,Married,5,0,0.0,1.0,7.0,153.46,1,1,0,1.0,1,153.46,0.0,0,0,2.1,0.25
51167,1,0.0,Male,2.0,5,Single,2,0,0.0,1.0,8.0,142.13,1,2,0,1.0,1,142.13,0.0,0,0,1.4000000000000001,0.25
51168,0,12.0,Male,2.0,1,Married,3,0,1.0,2.0,2.0,141.27,1,1,0,0.15384615384615385,1,10.866923076923078,0.3333333333333333,0,1,2.0,0.45
51169,0,16.0,Male,2.0,3,Single,5,0,0.0,1.0,2.0,124.38,1,2,0,0.058823529411764705,1,7.316470588235294,0.0,0,0,1.7000000000000002,0.25
51170,0,14.0,Male,2.0,4,Single,4,0,1.0,1.0,2.0,168.7,1,2,0,0.06666666666666667,1,11.246666666666666,0.5,0,0,1.7000000000000002,0.25
51171,0,14.0,Female,2.0,3,Married,1,1,0.0,13.0,5.0,204.47,0,1,0,0.8666666666666667,0,13.631333333333334,0.0,0,1,6.1,0.2
51172,0,3.0,Female,3.0,3,Single,10,0,0.0,1.0,2.0,196.67,0,2,0,0.25,1,49.1675,0.0,0,0,2.6,0.25
51173,1,9.0,Female,3.0,4,Married,1,1,0.0,1.0,4.0,121.48,0,1,0,0.1,1,12.148,0.0,0,1,1.7000000000000002,0.45
51174,1,9.0,Female,3.0,4,Married,5,0,1.0,3.0,7.0,189.26,0,1,0,0.3,0,18.926,0.25,0,0,3.0000000000000004,0.0
51175,0,13.0,Female,2.0,1,Married,5,0,0.0,1.0,3.0,165.13,0,1,0,0.07142857142857142,1,11.795,0.0,0,1,1.7000000000000002,0.45
51176,0,7.0,Male,3.0,3,Married,2,0,0.0,4.0,8.0,167.99,1,1,0,0.5,0,20.99875,0.0,0,0,3.0000000000000004,0.0
51177,0,30.0,Male,2.0,4,Married,5,0,10.0,14.0,14.0,0.0,1,1,1,0.45161290322580644,0,0.0,0.6666666666666666,0,0,7.9,0.3
51178,0,8.0,Male,3.0,3,Married,1,0,1.0,1.0,3.0,127.05,1,1,0,0.1111111111111111,1,14.116666666666667,0.5,0,0,1.8000000000000003,0.25
51179,0,20.0,Female,3.0,4,Married,9,1,2.0,14.0,10.0,203.33,0,1,0,0.6666666666666666,0,9.682380952380953,0.13333333333333333,0,1,7.900000000000001,0.2
51180,0,13.0,Female,2.0,5,Married,3,0,7.0,7.0,7.0,144.48,0,1,0,0.5,0,10.319999999999999,0.875,0,0,4.6000000000000005,0.0
51181,0,27.0,Female,3.0,1,Married,5,0,1.0,1.0,7.0,168.54,0,1,0,0.03571428571428571,1,6.019285714285714,0.5,0,1,2.2,0.45
51182,0,4.0,Female,3.0,5,Married,3,0,2.0,2.0,2.0,196.37,0,1,0,0.4,1,39.274,0.6666666666666666,0,0,2.5,0.25
51183,0,1.0,Female,3.0,5,Married,2,0,1.0,1.0,2.0,135.91,0,1,0,0.5,1,67.955,0.5,0,0,1.9000000000000001,0.25
51184,0,11.0,Female,3.0,1,Married,3,1,0.0,1.0,3.0,154.05,0,1,0,0.08333333333333333,1,12.8375,0.0,0,1,1.9000000000000001,0.45
51185,0,0.0,Male,2.0,1,Single,2,0,0.0,1.0,2.0,146.84,1,2,0,1.0,1,146.84,0.0,0,1,1.4000000000000001,0.45
51186,0,30.0,Male,2.0,3,Married,3,1,1.0,2.0,2.0,257.87,1,1,0,0.06451612903225806,1,8.318387096774194,0.3333333333333333,0,1,2.0,0.45
51187,0,9.0,Female,2.0,3,Single,2,0,1.0,1.0,0.0,115.14,0,2,0,0.1,1,11.514,0.5,0,0,1.5000000000000002,0.25
51188,1,0.0,Male,3.0,5,Married,1,0,1.0,1.0,0.0,129.56,1,1,0,1.0,1,129.56,0.5,0,0,1.8000000000000003,0.25
51189,1,0.0,Male,2.0,5,Married,5,1,1.0,2.0,0.0,123.35,1,1,0,2.0,1,123.35,0.3333333333333333,0,1,2.2,0.45
51190,0,18.0,Female,3.0,3,Married,5,0,3.0,5.0,7.0,151.54,0,1,0,0.2631578947368421,0,7.97578947368421,0.5,0,0,4.0,0.0
51191,0,9.0,Female,3.0,4,Married,5,1,0.0,1.0,0.0,169.62,0,1,0,0.1,1,16.962,0.0,0,1,2.1,0.45
51192,0,16.0,Male,3.0,1,Married,2,0,5.0,7.0,7.0,156.75,1,1,0,0.4117647058823529,0,9.220588235294118,0.625,0,1,4.7,0.2
51193,0,0.0,Female,2.0,1,Single,1,1,1.0,1.0,2.0,123.79,0,2,0,1.0,1,123.79,0.5,0,1,1.4000000000000004,0.45
51194,0,2.0,Male,2.0,1,Married,2,0,1.0,3.0,10.0,138.12,1,1,0,1.0,0,46.04,0.25,0,1,2.3000000000000003,0.2
51195,0,5.0,Male,3.0,1,Single,9,0,1.0,1.0,0.0,146.48,1,2,0,0.16666666666666666,1,24.41333333333333,0.5,0,1,2.6,0.45
51196,0,15.0,Male,3.0,3,Married,4,0,1.0,3.0,3.0,129.36,1,1,0,0.1875,0,8.085,0.25,0,0,2.9000000000000004,0.0
51197,0,9.0,Female,3.0,3,Single,5,0,1.0,2.0,0.0,121.05,0,2,0,0.2,1,12.105,0.3333333333333333,0,0,2.6,0.25
51198,0,19.0,Male,2.0,1,Married,4,0,1.0,4.0,7.0,185.78,1,1,0,0.2,0,9.289,0.2,0,1,2.9000000000000004,0.2
51199,0,1.0,Male,3.0,1,Married,2,0,0.0,2.0,2.0,127.06,1,1,0,1.0,1,63.53,0.0,0,1,2.2,0.45
51200,0,2.0,Male,3.0,3,Married,9,0,1.0,1.0,6.0,163.84,1,1,0,0.3333333333333333,1,54.61333333333334,0.5,0,0,2.6,0.25
51201,0,15.0,Male,2.0,3,Single,5,0,1.0,1.0,0.0,139.68,1,2,0,0.0625,1,8.73,0.5,0,0,1.8000000000000003,0.25
51202,1,0.0,Male,2.0,4,Single,8,1,2.0,2.0,2.0,199.07,1,2,0,2.0,1,199.07,0.6666666666666666,0,1,2.6000000000000005,0.45
51203,0,19.0,Female,2.0,5,Married,3,0,1.0,2.0,8.0,232.25,0,1,0,0.1,1,11.6125,0.3333333333333333,0,0,2.0,0.25
51204,0,0.0,Female,2.0,3,Married,2,0,4.0,5.0,8.0,135.4,0,1,0,5.0,0,135.4,0.6666666666666666,0,0,3.4,0.0
51205,0,2.0,Male,3.0,4,Married,2,0,1.0,1.0,0.0,128.04,1,1,0,0.3333333333333333,1,42.68,0.5,0,0,1.9000000000000001,0.25
51206,0,16.0,Female,2.0,3,Married,8,0,3.0,6.0,14.0,293.92,0,1,1,0.35294117647058826,0,17.289411764705882,0.42857142857142855,0,0,4.3,0.3
51207,0,21.0,Male,3.0,4,Married,5,0,3.0,12.0,9.0,296.65,1,1,0,0.5454545454545454,0,13.484090909090908,0.23076923076923078,0,0,6.800000000000001,0.0
51208,1,0.0,Male,3.0,1,Single,2,1,1.0,1.0,0.0,124.39,1,2,0,1.0,1,124.39,0.5,0,1,1.9000000000000001,0.45
51209,1,9.0,Female,3.0,4,Married,6,0,0.0,1.0,7.0,173.14,0,1,0,0.1,1,17.314,0.0,0,0,2.2,0.25
51210,0,0.0,Female,3.0,5,Married,1,0,7.0,7.0,3.0,147.74,0,1,0,7.0,0,147.74,0.875,0,0,4.8,0.0
51211,0,12.0,Male,2.0,1,Married,9,0,1.0,2.0,2.0,139.02,1,1,0,0.15384615384615385,1,10.693846153846154,0.3333333333333333,0,1,2.6,0.45
51212,0,28.0,Male,3.0,1,Married,9,0,0.0,1.0,4.0,126.62,1,1,0,0.034482758620689655,1,4.3662068965517244,0.0,0,1,2.5,0.45
51213,0,1.0,Female,3.0,4,Married,2,0,1.0,1.0,0.0,128.56,0,1,0,0.5,1,64.28,0.5,0,0,1.9000000000000001,0.25
51214,1,0.0,Male,2.0,1,Single,2,0,0.0,1.0,0.0,110.81,1,2,0,1.0,1,110.81,0.0,0,1,1.4000000000000001,0.45
51215,1,0.0,Male,3.0,4,Single,2,1,1.0,1.0,0.0,124.72,1,2,0,1.0,1,124.72,0.5,0,1,1.9000000000000001,0.45
51216,0,9.0,Female,3.0,3,Married,2,1,1.0,1.0,7.0,156.73,0,1,0,0.1,1,15.672999999999998,0.5,0,1,1.9000000000000001,0.45
51217,0,4.0,Male,2.0,3,Married,2,0,0.0,1.0,2.0,141.97,1,1,0,0.2,1,28.394,0.0,0,0,1.4000000000000001,0.25
51218,0,7.0,Male,3.0,1,Married,3,1,0.0,1.0,0.0,197.13,1,1,0,0.125,1,24.64125,0.0,0,1,1.9000000000000001,0.45
51219,0,9.0,Male,2.0,5,Single,4,0,0.0,1.0,2.0,120.62,1,2,0,0.1,1,12.062000000000001,0.0,0,0,1.6,0.25
51220,0,10.0,Male,3.0,5,Married,6,1,0.0,1.0,4.0,142.84,1,1,0,0.09090909090909091,1,12.985454545454546,0.0,0,1,2.2,0.45
51221,0,8.0,Female,2.0,4,Married,1,1,1.0,1.0,2.0,147.88,0,1,0,0.1111111111111111,1,16.43111111111111,0.5,0,1,1.4000000000000004,0.45
51222,0,18.0,Female,3.0,1,Married,1,0,0.0,3.0,8.0,159.06,0,1,0,0.15789473684210525,0,8.371578947368421,0.0,0,1,2.5000000000000004,0.2
51223,0,9.0,Male,3.0,1,Single,2,0,1.0,1.0,8.0,138.86,1,2,0,0.1,1,13.886000000000001,0.5,0,1,1.9000000000000001,0.45
51224,0,13.0,Male,3.0,5,Married,3,0,1.0,11.0,16.0,268.23,1,1,1,0.7857142857142857,0,19.159285714285716,0.08333333333333333,0,0,6.0,0.3
51225,0,0.0,Female,3.0,3,Married,2,1,0.0,1.0,0.0,129.33,0,1,0,1.0,1,129.33,0.0,0,1,1.8,0.45
51226,0,0.0,Female,2.0,3,Single,1,0,0.0,1.0,7.0,165.0,0,2,0,1.0,1,165.0,0.0,0,0,1.3000000000000003,0.25
51227,0,21.0,Female,2.0,1,Married,4,0,1.0,4.0,7.0,271.74,0,1,0,0.18181818181818182,0,12.351818181818182,0.2,0,1,2.9000000000000004,0.2
51228,0,17.0,Male,3.0,5,Married,3,0,2.0,2.0,2.0,150.33,1,1,0,0.1111111111111111,1,8.351666666666667,0.6666666666666666,0,0,2.5,0.25
51229,1,9.0,Male,2.0,5,Married,2,1,3.0,3.0,0.0,123.07,1,1,0,0.3,0,12.306999999999999,0.75,0,1,2.5,0.2
51230,1,19.0,Male,3.0,1,Single,2,0,0.0,1.0,0.0,125.87,1,2,0,0.05,1,6.2935,0.0,0,1,1.8,0.45
51231,0,9.0,Male,2.0,4,Married,3,0,1.0,1.0,3.0,155.07,1,1,0,0.1,1,15.507,0.5,0,0,1.6000000000000003,0.25
51232,0,14.0,Female,2.0,4,Married,6,0,1.0,1.0,4.0,143.93,0,1,0,0.06666666666666667,1,9.595333333333334,0.5,0,0,1.9000000000000004,0.25
51233,0,15.0,Male,2.0,5,Married,10,0,3.0,2.0,7.0,233.48,1,1,0,0.125,1,14.5925,1.0,0,0,2.9000000000000004,0.25
51234,0,4.0,Female,2.0,1,Married,3,1,0.0,1.0,4.0,165.83,0,1,0,0.2,1,33.166000000000004,0.0,0,1,1.5000000000000002,0.45
51235,0,7.0,Female,3.0,1,Married,4,1,0.0,1.0,1.0,181.03,0,1,0,0.125,1,22.62875,0.0,0,1,2.0,0.45
51236,0,4.0,Female,3.0,3,Married,9,0,2.0,2.0,2.0,139.78,0,1,0,0.4,1,27.956,0.6666666666666666,0,0,3.1,0.25
51237,0,0.0,Male,3.0,1,Married,1,0,2.0,7.0,7.0,125.44,1,1,0,7.0,0,125.44,0.25,0,1,4.3,0.2
51238,0,18.0,Male,2.0,3,Single,5,0,1.0,1.0,3.0,153.99,1,2,0,0.05263157894736842,1,8.104736842105263,0.5,0,0,1.8000000000000003,0.25
51239,0,6.0,Male,2.0,3,Single,2,0,0.0,1.0,9.0,154.87,1,2,0,0.14285714285714285,1,22.124285714285715,0.0,0,0,1.4000000000000001,0.25
51240,0,1.0,Male,2.0,1,Married,2,1,0.0,1.0,7.0,168.34,1,1,0,0.5,1,84.17,0.0,0,1,1.4000000000000001,0.45
51241,1,0.0,Male,2.0,5,Single,2,0,1.0,1.0,0.0,110.91,1,2,0,1.0,1,110.91,0.5,0,0,1.5000000000000002,0.25
51242,0,12.0,Female,2.0,3,Married,7,0,0.0,1.0,2.0,157.36,0,1,0,0.07692307692307693,1,12.104615384615386,0.0,0,0,1.9000000000000004,0.25
51243,0,9.0,Male,2.0,4,Married,2,0,1.0,1.0,2.0,122.26,1,1,0,0.1,1,12.226,0.5,0,0,1.5000000000000002,0.25
51244,0,7.0,Male,2.0,1,Married,2,1,3.0,6.0,11.0,157.47,1,1,1,0.75,0,19.68375,0.42857142857142855,0,1,3.7,0.5
51245,1,0.0,Female,2.0,3,Single,4,1,2.0,2.0,2.0,198.54,0,2,0,2.0,1,198.54,0.6666666666666666,0,1,2.2,0.45
51246,0,20.0,Male,3.0,4,Married,9,0,0.0,1.0,7.0,154.67,1,1,0,0.047619047619047616,1,7.3652380952380945,0.0,0,0,2.5,0.25
51247,0,29.0,Female,2.0,5,Married,5,0,0.0,1.0,0.0,153.8,0,1,0,0.03333333333333333,1,5.126666666666667,0.0,0,0,1.7000000000000002,0.25
51248,0,12.0,Male,2.0,5,Married,2,0,4.0,7.0,9.0,151.51,1,1,0,0.5384615384615384,0,11.654615384615385,0.5,0,0,4.200000000000001,0.0
51249,0,9.0,Female,2.0,4,Married,2,1,1.0,1.0,7.0,121.33,0,1,0,0.1,1,12.133,0.5,0,1,1.5000000000000002,0.45
51250,0,30.0,Female,3.0,1,Married,5,1,1.0,1.0,0.0,278.75,0,1,0,0.03225806451612903,1,8.991935483870968,0.5,0,1,2.2,0.45
51251,1,0.0,Female,2.0,3,Single,4,1,0.0,1.0,3.0,124.32,0,2,0,1.0,1,124.32,0.0,0,1,1.6,0.45
51252,0,11.0,Male,3.0,1,Married,3,0,1.0,1.0,3.0,147.71,1,1,0,0.08333333333333333,1,12.309166666666668,0.5,0,1,2.0,0.45
51253,0,22.0,Male,2.0,1,Married,4,0,1.0,4.0,3.0,291.61,1,1,0,0.17391304347826086,0,12.678695652173914,0.2,0,1,2.9000000000000004,0.2
51254,0,15.0,Male,3.0,1,Married,4,1,0.0,1.0,0.0,150.87,1,1,0,0.0625,1,9.429375,0.0,0,1,2.0,0.45
51255,1,0.0,Female,3.0,4,Married,2,0,1.0,1.0,0.0,128.63,0,1,0,1.0,1,128.63,0.5,0,0,1.9000000000000001,0.25
51256,0,8.0,Male,3.0,5,Married,1,0,0.0,1.0,4.0,0.0,1,1,0,0.1111111111111111,1,0.0,0.0,0,0,1.7000000000000002,0.25
51257,0,9.0,Male,2.0,3,Single,2,0,0.0,1.0,4.0,121.44,1,2,0,0.1,1,12.144,0.0,0,0,1.4000000000000001,0.25
51258,0,4.0,Male,3.0,5,Married,2,1,0.0,2.0,3.0,130.65,1,1,0,0.4,1,26.130000000000003,0.0,0,1,2.2,0.45
51259,0,9.0,Male,3.0,4,Married,2,0,1.0,1.0,2.0,128.1,1,1,0,0.1,1,12.809999999999999,0.5,0,0,1.9000000000000001,0.25
51260,0,7.0,Male,2.0,1,Single,2,0,1.0,2.0,1.0,198.88,1,2,0,0.25,1,24.86,0.3333333333333333,0,1,1.9000000000000001,0.45
51261,0,7.0,Male,2.0,3,Married,2,0,1.0,1.0,1.0,186.28,1,1,0,0.125,1,23.285,0.5,0,0,1.5000000000000002,0.25
51262,0,0.0,Male,3.0,5,Single,1,0,3.0,7.0,6.0,128.67,1,2,0,7.0,0,128.67,0.375,0,0,4.3999999999999995,0.0
51263,0,2.0,Male,2.0,5,Married,1,0,1.0,1.0,2.0,153.73,1,1,0,0.3333333333333333,1,51.24333333333333,0.5,0,0,1.4000000000000004,0.25
51264,0,5.0,Female,2.0,1,Married,6,0,0.0,1.0,2.0,166.67,0,1,0,0.16666666666666666,1,27.778333333333332,0.0,0,1,1.8000000000000003,0.45
51265,0,4.0,Male,2.0,5,Married,2,0,1.0,8.0,7.0,150.03,1,1,0,1.6,0,30.006,0.1111111111111111,0,0,4.3,0.0
51266,1,0.0,Male,2.0,1,Married,6,0,0.0,1.0,3.0,123.67,1,1,0,1.0,1,123.67,0.0,0,1,1.8000000000000003,0.45
51267,0,11.0,Male,3.0,5,Single,5,0,0.0,1.0,0.0,128.58,1,2,0,0.08333333333333333,1,10.715000000000002,0.0,0,0,2.1,0.25
51268,0,8.0,Female,2.0,1,Married,2,1,1.0,1.0,9.0,152.04,0,1,0,0.1111111111111111,1,16.89333333333333,0.5,0,1,1.5000000000000002,0.45
51269,0,0.0,Male,2.0,1,Single,2,0,0.0,1.0,7.0,141.05,1,2,0,1.0,1,141.05,0.0,0,1,1.4000000000000001,0.45
51270,0,5.0,Male,2.0,1,Single,9,0,0.0,1.0,0.0,196.79,1,2,0,0.16666666666666666,1,32.79833333333333,0.0,0,1,2.1,0.45
51271,1,0.0,Male,3.0,1,Married,2,1,0.0,1.0,8.0,156.17,1,1,0,1.0,1,156.17,0.0,0,1,1.8,0.45
51272,1,16.0,Male,3.0,5,Single,7,1,2.0,2.0,2.0,204.48,1,2,0,0.11764705882352941,1,12.028235294117646,0.6666666666666666,0,1,2.9000000000000004,0.45
51273,0,27.0,Female,3.0,3,Married,4,0,0.0,2.0,3.0,128.97,0,1,0,0.07142857142857142,1,4.606071428571428,0.0,0,0,2.4,0.25
51274,0,6.0,Male,2.0,3,Married,2,0,2.0,2.0,8.0,159.68,1,1,0,0.2857142857142857,1,22.81142857142857,0.6666666666666666,0,0,2.0,0.25
51275,0,16.0,Male,1.0,3,Married,2,0,1.0,1.0,9.0,175.1,1,1,0,0.058823529411764705,1,10.299999999999999,0.5,1,0,1.1,0.5
51276,0,11.0,Male,3.0,4,Married,1,1,1.0,1.0,2.0,129.91,1,1,0,0.08333333333333333,1,10.825833333333334,0.5,0,1,1.8000000000000003,0.45
51277,0,28.0,Male,3.0,4,Married,5,1,1.0,1.0,4.0,296.36,1,1,0,0.034482758620689655,1,10.219310344827587,0.5,0,1,2.2,0.45
51278,0,4.0,Female,2.0,1,Married,2,1,1.0,1.0,0.0,111.29,0,1,0,0.2,1,22.258000000000003,0.5,0,1,1.5000000000000002,0.45
51279,0,12.0,Male,3.0,5,Single,1,0,4.0,2.0,10.0,233.41,1,2,0,0.15384615384615385,1,17.954615384615384,1.3333333333333333,0,0,2.5,0.25
51280,0,15.0,Male,2.0,3,Single,2,0,2.0,3.0,7.0,143.32,1,2,0,0.1875,0,8.9575,0.5,0,0,2.4000000000000004,0.0
51281,0,4.0,Female,2.0,3,Married,5,0,3.0,4.0,3.0,210.31,0,1,0,0.8,0,42.062,0.6,0,0,3.2,0.0
51282,0,27.0,Female,3.0,5,Single,7,1,0.0,1.0,4.0,144.4,0,2,0,0.03571428571428571,1,5.1571428571428575,0.0,0,1,2.3000000000000003,0.45
51283,0,0.0,Male,2.0,3,Single,2,0,1.0,1.0,2.0,146.17,1,2,0,1.0,1,146.17,0.5,0,0,1.5000000000000002,0.25
51284,0,0.0,Male,3.0,1,Single,2,0,1.0,1.0,4.0,126.47,1,2,0,1.0,1,126.47,0.5,0,1,1.9000000000000001,0.45
51285,0,13.0,Female,3.0,3,Married,2,0,2.0,9.0,4.0,163.23,0,1,0,0.6428571428571429,0,11.659285714285714,0.2,0,0,5.200000000000001,0.0
51286,0,13.0,Female,3.0,4,Married,4,0,1.0,5.0,10.0,156.77,0,1,0,0.35714285714285715,0,11.197857142857144,0.16666666666666666,0,0,3.7,0.0
51287,0,9.0,Female,2.0,4,Married,5,0,0.0,1.0,2.0,121.87,0,1,0,0.1,1,12.187000000000001,0.0,0,0,1.7000000000000002,0.25
51288,0,3.0,Male,3.0,4,Married,2,0,0.0,1.0,7.0,137.48,1,1,0,0.25,1,34.37,0.0,0,0,1.8,0.25
51289,0,0.0,Male,2.0,3,Married,7,1,0.0,1.0,2.0,139.77,1,1,0,1.0,1,139.77,0.0,0,1,1.9000000000000004,0.45
51290,0,20.0,Male,2.0,3,Single,3,0,1.0,12.0,11.0,186.33,1,2,1,0.5714285714285714,0,8.872857142857143,0.07692307692307693,0,0,6.0,0.3
51291,0,9.0,Male,2.0,3,Married,2,0,0.0,1.0,0.0,120.08,1,1,0,0.1,1,12.008,0.0,0,0,1.4000000000000001,0.25
51292,0,11.0,Male,2.0,4,Married,1,0,4.0,5.0,8.0,144.4,1,1,0,0.4166666666666667,0,12.033333333333333,0.6666666666666666,0,0,3.3,0.0
51293,0,4.0,Male,3.0,3,Married,1,0,1.0,1.0,2.0,130.67,1,1,0,0.2,1,26.133999999999997,0.5,0,0,1.8000000000000003,0.25
51294,0,11.0,Male,3.0,3,Married,3,0,2.0,7.0,7.0,153.21,1,1,0,0.5833333333333334,0,12.7675,0.25,0,0,4.5,0.0
51295,0,15.0,Male,2.0,5,Married,7,1,0.0,1.0,2.0,154.1,1,1,0,0.0625,1,9.63125,0.0,0,1,1.9000000000000004,0.45
51296,0,14.0,Male,3.0,1,Married,4,0,0.0,1.0,0.0,127.82,1,1,0,0.06666666666666667,1,8.521333333333333,0.0,0,1,2.0,0.45
51297,0,20.0,Female,3.0,4,Married,1,0,0.0,5.0,3.0,219.57,0,1,0,0.23809523809523808,0,10.455714285714285,0.0,0,0,3.3000000000000003,0.0
51298,0,8.0,Male,2.0,3,Married,8,1,0.0,2.0,2.0,126.6,1,1,0,0.2222222222222222,1,14.066666666666666,0.0,0,1,2.4000000000000004,0.45
51299,0,0.0,Male,3.0,3,Single,1,0,0.0,1.0,2.0,133.75,1,2,0,1.0,1,133.75,0.0,0,0,1.7000000000000002,0.25
51300,0,8.0,Male,2.0,3,Single,2,0,0.0,1.0,8.0,150.98,1,2,0,0.1111111111111111,1,16.775555555555556,0.0,0,0,1.4000000000000001,0.25
51301,0,6.0,Female,3.0,1,Married,1,1,5.0,8.0,1.0,12.0,0,1,0,1.1428571428571428,0,1.7142857142857142,0.5555555555555556,0,1,5.0,0.2
51302,0,5.0,Female,3.0,4,Single,2,0,3.0,4.0,1.0,128.37,0,2,0,0.6666666666666666,0,21.395,0.6,0,0,3.3000000000000007,0.0
51303,0,13.0,Male,2.0,1,Married,9,0,0.0,1.0,0.0,124.06,1,1,0,0.07142857142857142,1,8.861428571428572,0.0,0,1,2.1,0.45
51304,0,9.0,Male,3.0,4,Married,1,0,0.0,2.0,2.0,122.69,1,1,0,0.2,1,12.269,0.0,0,0,2.1,0.25
51305,0,12.0,Male,2.0,1,Single,8,0,1.0,1.0,7.0,141.08,1,2,0,0.07692307692307693,1,10.852307692307694,0.5,0,1,2.1,0.45
51306,0,11.0,Female,2.0,3,Married,4,0,1.0,2.0,11.0,232.06,0,1,1,0.16666666666666666,1,19.338333333333335,0.3333333333333333,0,0,2.1,0.55
51307,0,5.0,Female,2.0,1,Married,2,0,3.0,5.0,7.0,204.22,0,1,0,0.8333333333333334,0,34.03666666666667,0.5,0,1,3.3,0.2
51308,0,10.0,Female,2.0,1,Married,2,1,0.0,2.0,8.0,237.44,0,1,0,0.18181818181818182,1,21.585454545454546,0.0,0,1,1.8,0.45
51309,0,0.0,Female,2.0,3,Married,1,1,1.0,1.0,4.0,149.07,0,1,0,1.0,1,149.07,0.5,0,1,1.4000000000000004,0.45
51310,0,25.0,Male,2.0,1,Married,3,0,1.0,1.0,0.0,134.82,1,1,0,0.038461538461538464,1,5.185384615384615,0.5,0,1,1.6000000000000003,0.45
51311,0,17.0,Male,2.0,1,Single,7,1,0.0,1.0,2.0,124.36,1,2,0,0.05555555555555555,1,6.908888888888889,0.0,0,1,1.9000000000000004,0.45
51312,0,0.0,Male,2.0,5,Single,2,1,1.0,1.0,2.0,123.8,1,2,0,1.0,1,123.8,0.5,0,1,1.5000000000000002,0.45
51313,0,12.0,Male,2.0,1,Single,3,0,0.0,1.0,3.0,294.31,1,2,0,0.07692307692307693,1,22.63923076923077,0.0,0,1,1.5000000000000002,0.45
51314,1,9.0,Male,2.0,5,Married,2,0,1.0,1.0,0.0,117.9,1,1,0,0.1,1,11.790000000000001,0.5,0,0,1.5000000000000002,0.25
51315,0,9.0,Female,3.0,1,Married,1,0,3.0,3.0,4.0,176.44,0,1,0,0.3,0,17.644,0.75,0,1,2.8000000000000007,0.2
51316,0,9.0,Female,3.0,4,Married,8,0,1.0,1.0,2.0,151.31,0,1,0,0.1,1,15.131,0.5,0,0,2.5000000000000004,0.25
51317,0,29.0,Male,2.0,3,Married,2,0,0.0,1.0,9.0,163.06,1,1,0,0.03333333333333333,1,5.435333333333333,0.0,0,0,1.4000000000000001,0.25
51318,1,0.0,Male,2.0,1,Married,10,1,2.0,2.0,2.0,147.87,1,1,0,2.0,1,147.87,0.6666666666666666,0,1,2.8000000000000003,0.45
51319,0,15.0,Male,2.0,3,Married,6,0,1.0,4.0,14.0,288.8,1,1,1,0.25,0,18.05,0.2,0,0,3.1000000000000005,0.3
51320,1,19.0,Male,3.0,3,Married,9,0,6.0,9.0,8.0,123.39,1,1,0,0.45,0,6.1695,0.6,0,0,6.300000000000001,0.0
51321,0,14.0,Female,2.0,4,Married,1,0,1.0,2.0,10.0,235.7,0,1,0,0.13333333333333333,1,15.713333333333333,0.3333333333333333,0,0,1.8000000000000003,0.25
51322,0,7.0,Female,3.0,3,Married,2,0,1.0,1.0,7.0,167.12,0,1,0,0.125,1,20.89,0.5,0,0,1.9000000000000001,0.25
51323,0,9.0,Male,2.0,1,Married,2,0,4.0,11.0,11.0,154.06,1,1,1,1.1,0,15.406,0.3333333333333333,0,1,5.800000000000001,0.5
51324,0,14.0,Male,2.0,4,Married,3,0,0.0,1.0,4.0,189.38,1,1,0,0.06666666666666667,1,12.625333333333334,0.0,0,0,1.5000000000000002,0.25
51325,0,5.0,Male,3.0,5,Single,2,0,1.0,1.0,2.0,124.39,1,2,0,0.16666666666666666,1,20.731666666666666,0.5,0,0,1.9000000000000001,0.25
51326,0,8.0,Female,2.0,1,Single,2,1,1.0,1.0,7.0,188.37,0,2,0,0.1111111111111111,1,20.93,0.5,0,1,1.5000000000000002,0.45
51327,0,11.0,Female,3.0,1,Married,2,0,0.0,1.0,9.0,153.43,0,1,0,0.08333333333333333,1,12.785833333333334,0.0,0,1,1.8,0.45
51328,1,13.0,Male,3.0,3,Married,8,0,1.0,1.0,1.0,167.28,1,1,0,0.07142857142857142,1,11.948571428571428,0.5,0,0,2.5000000000000004,0.25
51329,0,9.0,Female,3.0,1,Married,5,0,1.0,1.0,0.0,166.52,0,1,0,0.1,1,16.652,0.5,0,1,2.2,0.45
51330,0,18.0,Female,2.0,3,Single,9,0,1.0,1.0,1.0,148.5,0,2,0,0.05263157894736842,1,7.815789473684211,0.5,0,0,2.2,0.25
51331,0,13.0,Male,3.0,3,Single,3,0,0.0,2.0,2.0,128.09,1,2,0,0.14285714285714285,1,9.149285714285714,0.0,0,0,2.3,0.25
51332,0,8.0,Male,3.0,3,Married,2,1,1.0,1.0,2.0,156.89,1,1,0,0.1111111111111111,1,17.432222222222222,0.5,0,1,1.9000000000000001,0.45
51333,0,9.0,Female,3.0,3,Married,3,0,1.0,1.0,2.0,120.01,0,1,0,0.1,1,12.001000000000001,0.5,0,0,2.0,0.25
51334,0,8.0,Female,3.0,1,Married,2,0,0.0,1.0,1.0,129.77,0,1,0,0.1111111111111111,1,14.41888888888889,0.0,0,1,1.8,0.45
51335,0,2.0,Male,2.0,4,Married,5,1,1.0,1.0,3.0,140.25,1,1,0,0.3333333333333333,1,46.75,0.5,0,1,1.8000000000000003,0.45
51336,0,2.0,Female,3.0,5,Single,2,0,0.0,1.0,4.0,137.85,0,2,0,0.3333333333333333,1,45.949999999999996,0.0,0,0,1.8,0.25
51337,1,13.0,Male,2.0,5,Married,5,1,0.0,2.0,0.0,208.54,1,1,0,0.14285714285714285,1,14.895714285714286,0.0,0,1,2.1,0.45
51338,0,12.0,Female,2.0,1,Married,1,0,1.0,9.0,3.0,220.31,0,1,0,0.6923076923076923,0,16.946923076923078,0.1,0,1,4.6,0.2
51339,0,4.0,Male,3.0,5,Single,1,0,0.0,1.0,7.0,199.36,1,2,0,0.2,1,39.872,0.0,0,0,1.7000000000000002,0.25
51340,0,0.0,Female,3.0,3,Single,1,0,0.0,1.0,0.0,129.66,0,2,0,1.0,1,129.66,0.0,0,0,1.7000000000000002,0.25
51341,0,9.0,Male,2.0,1,Married,5,0,0.0,1.0,3.0,125.71,1,1,0,0.1,1,12.571,0.0,0,1,1.7000000000000002,0.45
51342,0,12.0,Male,2.0,5,Married,5,0,1.0,1.0,7.0,199.91,1,1,0,0.07692307692307693,1,15.377692307692307,0.5,0,0,1.8000000000000003,0.25
51343,0,0.0,Male,2.0,4,Married,2,1,1.0,1.0,3.0,161.42,1,1,0,1.0,1,161.42,0.5,0,1,1.5000000000000002,0.45
51344,0,22.0,Male,3.0,4,Married,3,0,1.0,1.0,8.0,153.9,1,1,0,0.043478260869565216,1,6.691304347826088,0.5,0,0,2.0,0.25
51345,0,7.0,Male,2.0,3,Married,3,0,0.0,1.0,2.0,144.04,1,1,0,0.125,1,18.005,0.0,0,0,1.5000000000000002,0.25
51346,1,4.0,Female,3.0,1,Single,9,1,0.0,1.0,5.0,159.93,0,2,0,0.2,1,31.986,0.0,0,1,2.5,0.45
51347,0,22.0,Male,3.0,4,Married,2,0,0.0,1.0,7.0,151.3,1,1,0,0.043478260869565216,1,6.578260869565218,0.0,0,0,1.8,0.25
51348,1,9.0,Male,3.0,3,Single,7,1,0.0,1.0,0.0,120.9,1,2,0,0.1,1,12.09,0.0,0,1,2.3000000000000003,0.45
51349,0,6.0,Female,3.0,3,Married,2,1,2.0,3.0,0.0,129.09,0,1,0,0.42857142857142855,0,18.44142857142857,0.5,0,1,2.8000000000000007,0.2
51350,0,0.0,Male,2.0,4,Married,10,0,1.0,2.0,2.0,134.68,1,1,0,2.0,1,134.68,0.3333333333333333,0,0,2.7,0.25
51351,0,5.0,Male,3.0,1,Single,1,0,1.0,3.0,6.0,130.68,1,2,0,0.5,0,21.78,0.25,0,1,2.6000000000000005,0.2
51352,0,30.0,Female,3.0,5,Married,5,1,0.0,1.0,0.0,126.7,0,1,0,0.03225806451612903,1,4.087096774193548,0.0,0,1,2.1,0.45
51353,0,3.0,Male,3.0,3,Married,2,0,1.0,1.0,0.0,126.93,1,1,0,0.25,1,31.7325,0.5,0,0,1.9000000000000001,0.25
51354,0,11.0,Male,2.0,3,Single,1,0,1.0,1.0,8.0,195.26,1,2,0,0.08333333333333333,1,16.271666666666665,0.5,0,0,1.4000000000000004,0.25
51355,0,9.0,Male,3.0,3,Married,7,0,0.0,7.0,7.0,152.37,1,1,0,0.7,0,15.237,0.0,0,0,4.7,0.0
51356,0,8.0,Male,2.0,4,Married,1,0,1.0,1.0,3.0,124.26,1,1,0,0.1111111111111111,1,13.806666666666667,0.5,0,0,1.4000000000000004,0.25
51357,0,2.0,Female,2.0,3,Single,1,1,1.0,1.0,8.0,141.93,0,2,0,0.3333333333333333,1,47.31,0.5,0,1,1.4000000000000004,0.45
51358,0,4.0,Male,3.0,3,Married,2,0,3.0,4.0,3.0,129.11,1,1,0,0.8,0,25.822000000000003,0.6,0,0,3.3000000000000007,0.0
51359,0,7.0,Male,3.0,1,Married,1,0,0.0,1.0,2.0,126.61,1,1,0,0.125,1,15.82625,0.0,0,1,1.7000000000000002,0.45
51360,1,9.0,Male,2.0,3,Single,6,1,0.0,1.0,3.0,120.28,1,2,0,0.1,1,12.028,0.0,0,1,1.8000000000000003,0.45
51361,0,2.0,Female,2.0,5,Married,2,0,6.0,8.0,8.0,199.8,0,1,0,2.6666666666666665,0,66.60000000000001,0.6666666666666666,0,0,4.800000000000001,0.0
51362,0,5.0,Male,3.0,4,Married,1,1,1.0,1.0,5.0,132.98,1,1,0,0.16666666666666666,1,22.16333333333333,0.5,0,1,1.8000000000000003,0.45
51363,0,0.0,Male,3.0,1,Married,2,1,0.0,1.0,0.0,129.35,1,1,0,1.0,1,129.35,0.0,0,1,1.8,0.45
51364,0,26.0,Female,3.0,1,Married,3,0,0.0,2.0,7.0,254.27,0,1,0,0.07407407407407407,1,9.417407407407408,0.0,0,1,2.3,0.45
51365,0,11.0,Male,2.0,1,Single,6,1,0.0,1.0,2.0,139.44,1,2,0,0.08333333333333333,1,11.62,0.0,0,1,1.8000000000000003,0.45
51366,0,0.0,Female,3.0,3,Married,1,0,0.0,1.0,3.0,140.11,0,1,0,1.0,1,140.11,0.0,0,0,1.7000000000000002,0.25
51367,1,0.0,Male,2.0,5,Single,8,0,0.0,1.0,3.0,134.07,1,2,0,1.0,1,134.07,0.0,0,0,2.0,0.25
51368,0,7.0,Female,2.0,4,Single,1,0,0.0,2.0,3.0,219.94,0,2,0,0.25,1,27.4925,0.0,0,0,1.7000000000000002,0.25
51369,0,9.0,Male,3.0,1,Single,2,0,1.0,1.0,0.0,112.32,1,2,0,0.1,1,11.232,0.5,0,1,1.9000000000000001,0.45
51370,1,0.0,Male,3.0,5,Single,3,0,0.0,1.0,3.0,129.6,1,2,0,1.0,1,129.6,0.0,0,0,1.9000000000000001,0.25
51371,0,26.0,Female,2.0,3,Married,5,0,1.0,4.0,8.0,290.94,0,1,0,0.14814814814814814,0,10.775555555555556,0.2,0,0,3.0000000000000004,0.0
51372,1,0.0,Female,3.0,5,Single,2,1,0.0,6.0,7.0,139.19,0,2,0,6.0,0,139.19,0.0,0,1,3.8000000000000007,0.2
51373,0,15.0,Male,2.0,4,Married,1,0,2.0,4.0,2.0,168.25,1,1,0,0.25,0,10.515625,0.4,0,0,2.7000000000000006,0.0
51374,0,17.0,Female,2.0,1,Married,4,0,0.0,5.0,17.0,202.48,0,1,1,0.2777777777777778,0,11.248888888888889,0.0,0,1,3.1999999999999997,0.5
51375,0,19.0,Female,2.0,5,Single,4,0,1.0,2.0,1.0,289.47,0,2,0,0.1,1,14.473500000000001,0.3333333333333333,0,0,2.1,0.25
51376,0,6.0,Male,3.0,1,Single,5,0,0.0,1.0,0.0,124.96,1,2,0,0.14285714285714285,1,17.85142857142857,0.0,0,1,2.1,0.45
51377,0,17.0,Male,2.0,1,Married,3,1,0.0,1.0,3.0,164.65,1,1,0,0.05555555555555555,1,9.147222222222222,0.0,0,1,1.5000000000000002,0.45
51378,0,9.0,Male,2.0,3,Single,2,0,0.0,1.0,8.0,122.06,1,2,0,0.1,1,12.206,0.0,0,0,1.4000000000000001,0.25
51379,1,9.0,Male,2.0,1,Married,4,0,0.0,1.0,0.0,120.86,1,1,0,0.1,1,12.086,0.0,0,1,1.6,0.45
51380,1,9.0,Male,3.0,1,Married,3,1,0.0,2.0,0.0,122.93,1,1,0,0.2,1,12.293000000000001,0.0,0,1,2.3,0.45
51381,0,16.0,Female,3.0,3,Married,2,0,1.0,1.0,4.0,126.45,0,1,0,0.058823529411764705,1,7.438235294117647,0.5,0,0,1.9000000000000001,0.25
51382,1,13.0,Male,3.0,3,Married,2,1,1.0,1.0,2.0,126.83,1,1,0,0.07142857142857142,1,9.059285714285714,0.5,0,1,1.9000000000000001,0.45
51383,0,9.0,Female,3.0,1,Married,2,0,2.0,2.0,2.0,120.14,0,1,0,0.2,1,12.014,0.6666666666666666,0,1,2.4000000000000004,0.45
51384,0,9.0,Female,2.0,5,Married,10,1,1.0,1.0,0.0,134.19,0,1,0,0.1,1,13.419,0.5,0,1,2.3000000000000003,0.45
51385,0,6.0,Female,2.0,5,Married,3,0,0.0,1.0,3.0,153.76,0,1,0,0.14285714285714285,1,21.965714285714284,0.0,0,0,1.5000000000000002,0.25
51386,0,9.0,Male,3.0,1,Married,2,0,1.0,1.0,0.0,119.51,1,1,0,0.1,1,11.951,0.5,0,1,1.9000000000000001,0.45
51387,0,0.0,Female,2.0,5,Married,2,0,1.0,1.0,0.0,123.41,0,1,0,1.0,1,123.41,0.5,0,0,1.5000000000000002,0.25
51388,1,9.0,Male,2.0,3,Single,2,0,0.0,1.0,1.0,122.93,1,2,0,0.1,1,12.293000000000001,0.0,0,0,1.4000000000000001,0.25
51389,0,0.0,Male,2.0,3,Single,2,0,1.0,1.0,7.0,187.26,1,2,0,1.0,1,187.26,0.5,0,0,1.5000000000000002,0.25
51390,0,3.0,Female,2.0,1,Single,2,0,1.0,3.0,7.0,140.11,0,2,0,0.75,0,35.0275,0.25,0,1,2.3000000000000003,0.2
51391,1,4.0,Female,2.0,3,Married,2,0,1.0,15.0,8.0,295.45,0,1,0,3.0,0,59.089999999999996,0.0625,0,0,7.1,0.0
51392,0,7.0,Male,3.0,3,Single,1,0,0.0,8.0,7.0,145.68,1,2,0,1.0,0,18.21,0.0,0,0,4.5,0.0
51393,0,10.0,Male,3.0,4,Married,5,0,0.0,1.0,0.0,130.22,1,1,0,0.09090909090909091,1,11.838181818181818,0.0,0,0,2.1,0.25
51394,0,19.0,Male,3.0,1,Single,5,1,1.0,1.0,8.0,157.72,1,2,0,0.05,1,7.886,0.5,0,1,2.2,0.45
51395,0,9.0,Male,2.0,1,Married,2,0,1.0,1.0,1.0,122.69,1,1,0,0.1,1,12.269,0.5,0,1,1.5000000000000002,0.45
51396,1,11.0,Male,3.0,3,Single,10,1,0.0,1.0,0.0,153.81,1,2,0,0.08333333333333333,1,12.8175,0.0,0,1,2.6,0.45
51397,1,0.0,Male,2.0,3,Single,2,1,0.0,2.0,2.0,134.41,1,2,0,2.0,1,134.41,0.0,0,1,1.8,0.45
51398,0,17.0,Female,3.0,5,Married,6,1,1.0,1.0,3.0,154.54,0,1,0,0.05555555555555555,1,8.585555555555555,0.5,0,1,2.3000000000000003,0.45
51399,0,8.0,Male,3.0,5,Married,3,1,1.0,2.0,3.0,198.84,1,1,0,0.2222222222222222,1,22.093333333333334,0.3333333333333333,0,1,2.4,0.45
51400,0,0.0,Female,2.0,1,Married,8,1,0.0,1.0,0.0,141.57,0,1,0,1.0,1,141.57,0.0,0,1,2.0,0.45
51401,0,6.0,Female,3.0,1,Single,2,1,3.0,2.0,12.0,234.58,0,2,1,0.2857142857142857,1,33.511428571428574,1.0,0,1,2.5,0.75
51402,0,8.0,Male,3.0,5,Married,2,0,0.0,1.0,8.0,190.69,1,1,0,0.1111111111111111,1,21.18777777777778,0.0,0,0,1.8,0.25
51403,0,8.0,Female,1.0,5,Married,4,1,0.0,2.0,2.0,140.14,0,1,0,0.2222222222222222,1,15.57111111111111,0.0,1,1,1.6,0.7
51404,0,4.0,Male,2.0,1,Married,4,0,0.0,1.0,7.0,159.15,1,1,0,0.2,1,31.830000000000002,0.0,0,1,1.6,0.45
51405,0,10.0,Male,2.0,3,Married,2,0,0.0,1.0,7.0,159.93,1,1,0,0.09090909090909091,1,14.539090909090909,0.0,0,0,1.4000000000000001,0.25
51406,0,5.0,Male,2.0,1,Married,2,1,5.0,7.0,8.0,161.62,1,1,0,1.1666666666666667,0,26.936666666666667,0.625,0,1,4.300000000000001,0.2
51407,0,11.0,Female,2.0,1,Single,2,0,6.0,9.0,9.0,124.06,0,2,0,0.75,0,10.338333333333333,0.6,0,1,5.200000000000001,0.2
51408,0,23.0,Female,2.0,3,Married,6,1,1.0,13.0,8.0,287.4,0,1,0,0.5416666666666666,0,11.975,0.07142857142857142,0,1,6.699999999999999,0.2
51409,0,30.0,Female,4.0,5,Single,8,0,6.0,7.0,9.0,176.37,0,2,0,0.22580645161290322,0,5.6893548387096775,0.75,0,0,5.800000000000001,0.0
51410,0,9.0,Female,2.0,3,Married,2,0,7.0,12.0,8.0,200.96,0,1,0,1.2,0,20.096,0.5384615384615384,0,0,6.500000000000001,0.0
51411,0,28.0,Female,2.0,3,Married,3,1,1.0,2.0,2.0,247.56,0,1,0,0.06896551724137931,1,8.536551724137931,0.3333333333333333,0,1,2.0,0.45
51412,0,9.0,Male,3.0,4,Single,2,0,1.0,1.0,3.0,164.99,1,2,0,0.1,1,16.499000000000002,0.5,0,0,1.9000000000000001,0.25
51413,0,18.0,Male,2.0,5,Married,3,0,0.0,1.0,0.0,197.24,1,1,0,0.05263157894736842,1,10.381052631578948,0.0,0,0,1.5000000000000002,0.25
51414,0,9.0,Male,3.0,5,Married,5,0,0.0,1.0,2.0,121.94,1,1,0,0.1,1,12.193999999999999,0.0,0,0,2.1,0.25
51415,1,0.0,Male,3.0,3,Married,1,1,1.0,1.0,0.0,133.88,1,1,0,1.0,1,133.88,0.5,0,1,1.8000000000000003,0.45
51416,0,30.0,Female,2.0,3,Single,8,0,1.0,1.0,3.0,154.73,0,2,0,0.03225806451612903,1,4.991290322580645,0.5,0,0,2.1,0.25
51417,0,2.0,Male,3.0,4,Married,1,0,1.0,1.0,4.0,127.03,1,1,0,0.3333333333333333,1,42.343333333333334,0.5,0,0,1.8000000000000003,0.25
51418,0,4.0,Male,2.0,4,Single,2,0,1.0,1.0,0.0,125.01,1,2,0,0.2,1,25.002000000000002,0.5,0,0,1.5000000000000002,0.25
51419,0,5.0,Male,3.0,4,Married,2,0,1.0,1.0,9.0,162.2,1,1,0,0.16666666666666666,1,27.03333333333333,0.5,0,0,1.9000000000000001,0.25
51420,0,9.0,Female,3.0,1,Married,4,0,0.0,1.0,0.0,130.38,0,1,0,0.1,1,13.038,0.0,0,1,2.0,0.45
51421,0,4.0,Female,3.0,1,Single,2,0,1.0,1.0,8.0,144.24,0,2,0,0.2,1,28.848000000000003,0.5,0,1,1.9000000000000001,0.45
51422,0,8.0,Male,2.0,5,Single,1,0,1.0,2.0,8.0,143.12,1,2,0,0.2222222222222222,1,15.902222222222223,0.3333333333333333,0,0,1.8000000000000003,0.25
51423,0,18.0,Male,2.0,5,Married,5,1,1.0,2.0,0.0,232.45,1,1,0,0.10526315789473684,1,12.234210526315788,0.3333333333333333,0,1,2.2,0.45
51424,0,10.0,Male,1.0,3,Single,5,0,0.0,2.0,2.0,236.64,1,2,0,0.18181818181818182,1,21.512727272727272,0.0,1,0,1.7000000000000002,0.5
51425,0,19.0,Male,3.0,4,Married,2,1,1.0,1.0,2.0,150.21,1,1,0,0.05,1,7.5105,0.5,0,1,1.9000000000000001,0.45
51426,0,3.0,Male,2.0,1,Married,2,1,1.0,3.0,0.0,151.26,1,1,0,0.75,0,37.815,0.25,0,1,2.3000000000000003,0.2
51427,0,8.0,Male,3.0,3,Single,2,0,1.0,1.0,4.0,128.59,1,2,0,0.1111111111111111,1,14.287777777777778,0.5,0,0,1.9000000000000001,0.25
51428,0,28.0,Male,3.0,1,Married,4,0,0.0,1.0,0.0,202.39,1,1,0,0.034482758620689655,1,6.978965517241379,0.0,0,1,2.0,0.45
51429,0,11.0,Female,3.0,1,Married,8,1,0.0,1.0,9.0,153.29,0,1,0,0.08333333333333333,1,12.774166666666666,0.0,0,1,2.4000000000000004,0.45
51430,0,7.0,Male,3.0,4,Married,2,0,1.0,1.0,3.0,143.25,1,1,0,0.125,1,17.90625,0.5,0,0,1.9000000000000001,0.25
51431,0,29.0,Male,2.0,1,Single,5,0,0.0,1.0,2.0,172.6,1,2,0,0.03333333333333333,1,5.753333333333333,0.0,0,1,1.7000000000000002,0.45
51432,0,0.0,Male,3.0,5,Married,4,0,1.0,1.0,0.0,123.22,1,1,0,1.0,1,123.22,0.5,0,0,2.1,0.25
51433,0,9.0,Male,3.0,1,Married,4,0,1.0,1.0,3.0,120.75,1,1,0,0.1,1,12.075,0.5,0,1,2.1,0.45
51434,0,3.0,Male,4.0,1,Married,2,0,3.0,10.0,8.0,141.52,1,1,0,2.5,0,35.38,0.2727272727272727,0,1,6.1,0.2
51435,1,9.0,Male,3.0,1,Single,2,0,3.0,4.0,7.0,196.19,1,2,0,0.4,0,19.619,0.6,0,1,3.3000000000000007,0.2
51436,0,13.0,Male,3.0,4,Married,2,0,5.0,2.0,11.0,235.03,1,1,1,0.14285714285714285,1,16.787857142857142,1.6666666666666667,0,0,2.7,0.55
51437,0,24.0,Male,3.0,1,Single,1,1,0.0,1.0,0.0,154.41,1,2,0,0.04,1,6.1764,0.0,0,1,1.7000000000000002,0.45
51438,0,3.0,Female,3.0,4,Married,2,1,2.0,2.0,7.0,152.09,0,1,0,0.5,1,38.0225,0.6666666666666666,0,1,2.4000000000000004,0.45
51439,0,19.0,Male,2.0,5,Married,3,1,4.0,9.0,5.0,206.73,1,1,0,0.45,0,10.3365,0.4,0,1,5.1000000000000005,0.2
51440,0,5.0,Male,2.0,3,Single,2,0,5.0,5.0,7.0,150.1,1,2,0,0.8333333333333334,0,25.016666666666666,0.8333333333333334,0,0,3.5,0.0
51441,0,27.0,Female,2.0,3,Married,10,0,0.0,2.0,3.0,235.49,0,1,0,0.07142857142857142,1,8.410357142857142,0.0,0,0,2.6,0.25
51442,0,0.0,Female,2.0,3,Married,1,0,0.0,1.0,2.0,149.99,0,1,0,1.0,1,149.99,0.0,0,0,1.3000000000000003,0.25
51443,0,1.0,Male,2.0,3,Married,2,0,0.0,1.0,4.0,142.21,1,1,0,0.5,1,71.105,0.0,0,0,1.4000000000000001,0.25
51444,0,30.0,Male,2.0,3,Single,1,0,0.0,2.0,8.0,238.72,1,2,0,0.06451612903225806,1,7.700645161290322,0.0,0,0,1.7000000000000002,0.25
51445,0,9.0,Male,3.0,4,Married,5,0,0.0,1.0,2.0,120.42,1,1,0,0.1,1,12.042,0.0,0,0,2.1,0.25
51446,1,9.0,Male,3.0,5,Married,5,1,0.0,1.0,2.0,120.73,1,1,0,0.1,1,12.073,0.0,0,1,2.1,0.45
51447,0,5.0,Male,3.0,5,Single,2,0,0.0,1.0,0.0,129.56,1,2,0,0.16666666666666666,1,21.593333333333334,0.0,0,0,1.8,0.25
51448,1,0.0,Female,3.0,1,Single,2,1,0.0,1.0,0.0,129.26,0,2,0,1.0,1,129.26,0.0,0,1,1.8,0.45
51449,0,7.0,Female,2.0,3,Single,2,0,0.0,2.0,10.0,148.09,0,2,0,0.25,1,18.51125,0.0,0,0,1.8,0.25
51450,0,10.0,Male,3.0,1,Married,6,0,1.0,1.0,0.0,151.63,1,1,0,0.09090909090909091,1,13.784545454545453,0.5,0,1,2.3000000000000003,0.45
51451,0,30.0,Female,2.0,1,Married,10,0,1.0,2.0,2.0,288.44,0,1,0,0.06451612903225806,1,9.304516129032258,0.3333333333333333,0,1,2.7,0.45
51452,0,23.0,Female,3.0,4,Married,4,1,1.0,1.0,7.0,281.72,0,1,0,0.041666666666666664,1,11.738333333333335,0.5,0,1,2.1,0.45
51453,1,0.0,Male,2.0,3,Single,2,1,0.0,1.0,3.0,157.44,1,2,0,1.0,1,157.44,0.0,0,1,1.4000000000000001,0.45
51454,0,0.0,Male,3.0,1,Married,2,0,0.0,2.0,1.0,128.89,1,1,0,2.0,1,128.89,0.0,0,1,2.2,0.45
51455,0,0.0,Female,3.0,1,Single,2,0,1.0,1.0,0.0,128.71,0,2,0,1.0,1,128.71,0.5,0,1,1.9000000000000001,0.45
51456,0,24.0,Female,1.0,5,Single,4,0,4.0,12.0,8.0,174.84,0,2,0,0.48,0,6.9936,0.3076923076923077,1,0,6.000000000000002,0.25
51457,1,0.0,Male,3.0,3,Single,2,1,1.0,1.0,6.0,160.74,1,2,0,1.0,1,160.74,0.5,0,1,1.9000000000000001,0.45
51458,0,27.0,Female,1.0,1,Single,3,1,1.0,4.0,4.0,273.28,0,2,0,0.14285714285714285,0,9.76,0.2,1,1,2.4,0.45
51459,0,0.0,Male,3.0,3,Married,1,0,0.0,1.0,2.0,127.74,1,1,0,1.0,1,127.74,0.0,0,0,1.7000000000000002,0.25
51460,0,7.0,Female,2.0,4,Married,7,0,1.0,1.0,0.0,145.05,0,1,0,0.125,1,18.13125,0.5,0,0,2.0000000000000004,0.25
51461,0,10.0,Male,2.0,1,Single,3,0,0.0,1.0,3.0,174.28,1,2,0,0.09090909090909091,1,15.843636363636364,0.0,0,1,1.5000000000000002,0.45
51462,0,7.0,Female,2.0,5,Single,3,0,2.0,5.0,3.0,216.31,0,2,0,0.625,0,27.03875,0.3333333333333333,0,0,3.3,0.0
51463,0,9.0,Female,3.0,1,Married,1,0,0.0,2.0,8.0,197.38,0,1,0,0.2,1,19.738,0.0,0,1,2.1,0.45
51464,0,9.0,Female,3.0,1,Married,6,0,0.0,1.0,0.0,128.35,0,1,0,0.1,1,12.834999999999999,0.0,0,1,2.2,0.45
51465,0,16.0,Male,3.0,1,Married,2,1,1.0,4.0,12.0,269.59,1,1,1,0.23529411764705882,0,15.858235294117646,0.2,0,1,3.1000000000000005,0.5
51466,0,3.0,Male,3.0,3,Married,2,0,0.0,1.0,9.0,126.13,1,1,0,0.25,1,31.5325,0.0,0,0,1.8,0.25
51467,0,6.0,Male,3.0,4,Married,1,0,0.0,1.0,7.0,161.46,1,1,0,0.14285714285714285,1,23.065714285714286,0.0,0,0,1.7000000000000002,0.25
51468,1,19.0,Female,3.0,4,Married,10,1,3.0,4.0,3.0,149.63,0,1,0,0.2,0,7.4815,0.6,0,1,4.1000000000000005,0.2
51469,0,24.0,Male,2.0,3,Single,8,0,8.0,15.0,15.0,295.37,1,2,1,0.6,0,11.8148,0.5,0,0,8.4,0.3
51470,1,0.0,Male,3.0,3,Married,5,1,0.0,7.0,7.0,161.72,1,1,0,7.0,0,161.72,0.0,0,1,4.5,0.2
51471,0,0.0,Female,2.0,4,Married,2,0,2.0,4.0,3.0,123.68,0,1,0,4.0,0,123.68,0.4,0,0,2.8000000000000007,0.0
51472,1,20.0,Female,3.0,1,Married,2,0,7.0,15.0,6.0,203.12,0,1,0,0.7142857142857143,0,9.672380952380953,0.4375,0,1,8.1,0.2
51473,1,9.0,Male,2.0,3,Single,2,1,1.0,1.0,0.0,116.75,1,2,0,0.1,1,11.675,0.5,0,1,1.5000000000000002,0.45
51474,0,0.0,Male,3.0,1,Married,1,0,2.0,2.0,1.0,125.23,1,1,0,2.0,1,125.23,0.6666666666666666,0,1,2.3000000000000003,0.45
51475,0,22.0,Female,3.0,5,Married,2,0,5.0,5.0,11.0,165.67,0,1,1,0.21739130434782608,0,7.203043478260869,0.8333333333333334,0,0,3.9000000000000004,0.3
51476,0,16.0,Female,3.0,3,Single,5,0,0.0,1.0,2.0,147.39,0,2,0,0.058823529411764705,1,8.67,0.0,0,0,2.1,0.25
51477,0,23.0,Female,3.0,1,Single,5,0,1.0,2.0,1.0,192.08,0,2,0,0.08333333333333333,1,8.003333333333334,0.3333333333333333,0,1,2.6,0.45
51478,1,0.0,Female,3.0,3,Married,4,1,0.0,2.0,2.0,145.59,0,1,0,2.0,1,145.59,0.0,0,1,2.4,0.45
51479,0,14.0,Male,3.0,3,Married,4,1,0.0,1.0,7.0,181.89,1,1,0,0.06666666666666667,1,12.126,0.0,0,1,2.0,0.45
51480,0,0.0,Female,3.0,3,Married,2,0,2.0,5.0,7.0,129.42,0,1,0,5.0,0,129.42,0.3333333333333333,0,0,3.6000000000000005,0.0
51481,0,9.0,Male,2.0,4,Married,7,0,0.0,1.0,1.0,149.41,1,1,0,0.1,1,14.940999999999999,0.0,0,0,1.9000000000000004,0.25
51482,1,14.0,Male,2.0,1,Single,3,0,1.0,1.0,3.0,206.5,1,2,0,0.06666666666666667,1,13.766666666666667,0.5,0,1,1.6000000000000003,0.45
51483,0,12.0,Female,2.0,3,Married,5,0,5.0,5.0,9.0,159.02,0,1,0,0.38461538461538464,0,12.232307692307693,0.8333333333333334,0,0,3.8,0.0
51484,0,0.0,Male,2.0,3,Married,3,0,1.0,2.0,2.0,186.39,1,1,0,2.0,1,186.39,0.3333333333333333,0,0,2.0,0.25
51485,0,3.0,Male,2.0,1,Married,1,1,4.0,4.0,7.0,163.47,1,1,0,1.0,0,40.8675,0.8,0,1,2.9000000000000004,0.2
51486,1,0.0,Female,2.0,5,Single,8,0,1.0,1.0,4.0,142.0,0,2,0,1.0,1,142.0,0.5,0,0,2.1,0.25
51487,0,18.0,Male,2.0,1,Single,6,0,1.0,1.0,3.0,134.52,1,2,0,0.05263157894736842,1,7.080000000000001,0.5,0,1,1.9000000000000004,0.45
51488,0,11.0,Female,2.0,3,Single,4,1,2.0,2.0,2.0,143.17,0,2,0,0.16666666666666666,1,11.930833333333332,0.6666666666666666,0,1,2.2,0.45
51489,0,3.0,Female,3.0,3,Single,2,0,1.0,1.0,4.0,126.32,0,2,0,0.25,1,31.58,0.5,0,0,1.9000000000000001,0.25
51490,0,5.0,Male,2.0,1,Married,1,0,0.0,1.0,7.0,146.68,1,1,0,0.16666666666666666,1,24.44666666666667,0.0,0,1,1.3000000000000003,0.45
51491,0,3.0,Female,2.0,5,Married,6,0,0.0,2.0,30.0,132.04,0,1,1,0.5,1,33.01,0.0,0,0,2.2,0.55
51492,0,3.0,Male,3.0,1,Single,1,0,0.0,1.0,2.0,127.2,1,2,0,0.25,1,31.8,0.0,0,1,1.7000000000000002,0.45
51493,0,14.0,Male,3.0,5,Married,5,0,1.0,7.0,7.0,271.81,1,1,0,0.4666666666666667,0,18.12066666666667,0.125,0,0,4.6,0.0
51494,0,9.0,Male,3.0,5,Married,3,0,0.0,1.0,4.0,122.38,1,1,0,0.1,1,12.238,0.0,0,0,1.9000000000000001,0.25
51495,0,9.0,Female,3.0,4,Single,2,0,1.0,1.0,0.0,114.83,0,2,0,0.1,1,11.483,0.5,0,0,1.9000000000000001,0.25
51496,0,13.0,Female,2.0,4,Married,2,0,0.0,2.0,13.0,156.05,0,1,1,0.14285714285714285,1,11.146428571428572,0.0,0,0,1.8,0.55
51497,0,8.0,Male,3.0,4,Married,2,0,0.0,1.0,6.0,172.95,1,1,0,0.1111111111111111,1,19.216666666666665,0.0,0,0,1.8,0.25
51498,0,9.0,Male,2.0,3,Married,3,1,0.0,4.0,5.0,123.06,1,1,0,0.4,0,12.306000000000001,0.0,0,1,2.7,0.2
51499,0,18.0,Male,2.0,4,Married,9,0,1.0,1.0,15.0,123.48,1,1,1,0.05263157894736842,1,6.498947368421053,0.5,0,0,2.2,0.55
51500,0,5.0,Female,2.0,1,Single,2,0,2.0,3.0,7.0,189.98,0,2,0,0.5,0,31.66333333333333,0.5,0,1,2.4000000000000004,0.2
51501,0,2.0,Male,2.0,3,Married,2,0,0.0,1.0,9.0,143.19,1,1,0,0.3333333333333333,1,47.73,0.0,0,0,1.4000000000000001,0.25
51502,0,24.0,Male,2.0,3,Married,3,0,1.0,1.0,0.0,161.32,1,1,0,0.04,1,6.4528,0.5,0,0,1.6000000000000003,0.25
51503,0,30.0,Female,3.0,4,Married,5,1,1.0,1.0,0.0,133.46,0,1,0,0.03225806451612903,1,4.305161290322581,0.5,0,1,2.2,0.45
51504,0,13.0,Male,3.0,1,Married,8,0,1.0,2.0,11.0,208.55,1,1,1,0.14285714285714285,1,14.896428571428572,0.3333333333333333,0,1,2.9,0.75
51505,0,9.0,Female,3.0,3,Married,7,0,0.0,1.0,2.0,122.31,0,1,0,0.1,1,12.231,0.0,0,0,2.3000000000000003,0.25
51506,0,0.0,Male,3.0,1,Married,2,0,2.0,2.0,2.0,123.23,1,1,0,2.0,1,123.23,0.6666666666666666,0,1,2.4000000000000004,0.45
51507,0,9.0,Male,2.0,4,Married,7,0,2.0,2.0,2.0,120.24,1,1,0,0.2,1,12.024,0.6666666666666666,0,0,2.5000000000000004,0.25
51508,0,1.0,Male,3.0,1,Married,2,0,0.0,1.0,2.0,127.13,1,1,0,0.5,1,63.565,0.0,0,1,1.8,0.45
51509,0,30.0,Male,2.0,1,Married,4,1,1.0,1.0,4.0,194.39,1,1,0,0.03225806451612903,1,6.2706451612903225,0.5,0,1,1.7000000000000002,0.45
51510,0,0.0,Male,3.0,3,Married,2,1,0.0,1.0,1.0,125.66,1,1,0,1.0,1,125.66,0.0,0,1,1.8,0.45
51511,0,23.0,Female,2.0,4,Single,4,0,0.0,4.0,4.0,299.26,0,2,0,0.16666666666666666,0,12.469166666666666,0.0,0,0,2.8000000000000003,0.0
51512,0,14.0,Male,2.0,3,Married,5,0,1.0,1.0,8.0,124.51,1,1,0,0.06666666666666667,1,8.300666666666666,0.5,0,0,1.8000000000000003,0.25
51513,0,3.0,Female,2.0,1,Married,3,0,1.0,7.0,4.0,194.19,0,1,0,1.75,0,48.5475,0.125,0,1,4.0,0.2
51514,0,11.0,Female,2.0,1,Single,5,0,0.0,1.0,7.0,186.86,0,2,0,0.08333333333333333,1,15.571666666666667,0.0,0,1,1.7000000000000002,0.45
51515,0,5.0,Male,3.0,3,Single,4,0,0.0,1.0,4.0,130.38,1,2,0,0.16666666666666666,1,21.73,0.0,0,0,2.0,0.25
51516,0,0.0,Male,3.0,4,Married,1,1,0.0,1.0,1.0,130.58,1,1,0,1.0,1,130.58,0.0,0,1,1.7000000000000002,0.45
51517,1,0.0,Female,3.0,5,Single,1,0,1.0,1.0,0.0,123.25,0,2,0,1.0,1,123.25,0.5,0,0,1.8000000000000003,0.25
51518,0,9.0,Male,1.0,4,Single,5,0,2.0,7.0,2.0,120.88,1,2,0,0.7,0,12.088,0.25,1,0,3.9000000000000004,0.25
51519,0,3.0,Male,3.0,5,Married,2,0,5.0,6.0,10.0,130.72,1,1,0,1.5,0,32.68,0.7142857142857143,0,0,4.300000000000001,0.0
51520,0,18.0,Female,1.0,5,Married,5,1,0.0,1.0,3.0,150.06,0,1,0,0.05263157894736842,1,7.8978947368421055,0.0,1,1,1.3,0.7
51521,0,29.0,Female,3.0,5,Married,5,1,2.0,2.0,2.0,142.57,0,1,0,0.06666666666666667,1,4.7523333333333335,0.6666666666666666,0,1,2.7,0.45
51522,0,6.0,Male,2.0,1,Single,1,0,1.0,1.0,2.0,125.0,1,2,0,0.14285714285714285,1,17.857142857142858,0.5,0,1,1.4000000000000004,0.45
51523,1,0.0,Male,2.0,1,Single,2,0,1.0,1.0,0.0,111.02,1,2,0,1.0,1,111.02,0.5,0,1,1.5000000000000002,0.45
51524,0,19.0,Female,3.0,5,Married,2,0,8.0,15.0,7.0,204.53,0,1,0,0.75,0,10.2265,0.5,0,0,8.200000000000001,0.0
51525,0,9.0,Female,3.0,1,Single,2,0,1.0,2.0,1.0,122.88,0,2,0,0.2,1,12.288,0.3333333333333333,0,1,2.3000000000000003,0.45
51526,0,4.0,Female,3.0,1,Married,9,1,1.0,1.0,2.0,139.29,0,1,0,0.2,1,27.857999999999997,0.5,0,1,2.6,0.45
51527,0,9.0,Female,3.0,4,Single,3,0,0.0,1.0,2.0,123.11,0,2,0,0.1,1,12.311,0.0,0,0,1.9000000000000001,0.25
51528,1,4.0,Female,3.0,4,Single,2,1,0.0,1.0,2.0,131.4,0,2,0,0.2,1,26.28,0.0,0,1,1.8,0.45
51529,0,23.0,Male,2.0,3,Married,3,0,1.0,1.0,2.0,136.9,1,1,0,0.041666666666666664,1,5.704166666666667,0.5,0,0,1.6000000000000003,0.25
51530,0,26.0,Female,2.0,5,Married,2,0,1.0,1.0,3.0,144.5,0,1,0,0.037037037037037035,1,5.351851851851852,0.5,0,0,1.5000000000000002,0.25
51531,0,6.0,Female,3.0,4,Married,2,0,1.0,1.0,6.0,127.56,0,1,0,0.14285714285714285,1,18.222857142857144,0.5,0,0,1.9000000000000001,0.25
51532,0,13.0,Female,2.0,3,Married,2,0,1.0,9.0,9.0,290.33,0,1,0,0.6428571428571429,0,20.73785714285714,0.1,0,0,4.7,0.0
51533,0,28.0,Male,3.0,4,Single,9,0,1.0,2.0,15.0,287.22,1,2,1,0.06896551724137931,1,9.904137931034484,0.3333333333333333,0,0,3.0,0.55
51534,0,7.0,Male,2.0,3,Married,2,0,0.0,1.0,9.0,195.47,1,1,0,0.125,1,24.43375,0.0,0,0,1.4000000000000001,0.25
51535,0,24.0,Female,3.0,4,Single,4,0,1.0,2.0,0.0,237.34,0,2,0,0.08,1,9.4936,0.3333333333333333,0,0,2.5,0.25
51536,0,25.0,Male,3.0,3,Married,1,0,7.0,11.0,9.0,299.99,1,1,0,0.4230769230769231,0,11.538076923076924,0.5833333333333334,0,0,6.4,0.0
51537,0,9.0,Female,4.0,4,Single,2,0,0.0,1.0,3.0,122.79,0,2,0,0.1,1,12.279,0.0,0,0,2.2,0.25
51538,1,0.0,Male,2.0,3,Married,4,1,1.0,1.0,1.0,159.16,1,1,0,1.0,1,159.16,0.5,0,1,1.7000000000000002,0.45
51539,0,9.0,Male,2.0,1,Married,5,0,1.0,2.0,2.0,120.89,1,1,0,0.2,1,12.089,0.3333333333333333,0,1,2.2,0.45
51540,0,18.0,Male,3.0,1,Married,10,0,1.0,11.0,8.0,267.92,1,1,0,0.5789473684210527,0,14.101052631578948,0.08333333333333333,0,1,6.7,0.2
51541,0,10.0,Male,3.0,5,Married,2,1,1.0,1.0,7.0,135.64,1,1,0,0.09090909090909091,1,12.33090909090909,0.5,0,1,1.9000000000000001,0.45
51542,0,8.0,Female,2.0,4,Single,6,0,0.0,1.0,2.0,144.25,0,2,0,0.1111111111111111,1,16.02777777777778,0.0,0,0,1.8000000000000003,0.25
51543,0,15.0,Female,2.0,3,Married,3,0,0.0,1.0,2.0,152.65,0,1,0,0.0625,1,9.540625,0.0,0,0,1.5000000000000002,0.25
51544,0,11.0,Male,2.0,3,Married,10,0,1.0,1.0,0.0,165.53,1,1,0,0.08333333333333333,1,13.794166666666667,0.5,0,0,2.3000000000000003,0.25
51545,0,11.0,Male,2.0,1,Married,4,0,0.0,1.0,7.0,162.61,1,1,0,0.08333333333333333,1,13.550833333333335,0.0,0,1,1.6,0.45
51546,0,0.0,Male,2.0,5,Married,6,0,2.0,2.0,0.0,142.98,1,1,0,2.0,1,142.98,0.6666666666666666,0,0,2.4000000000000004,0.25
51547,0,22.0,Male,3.0,1,Married,2,1,0.0,1.0,7.0,168.04,1,1,0,0.043478260869565216,1,7.306086956521739,0.0,0,1,1.8,0.45
51548,0,7.0,Male,2.0,3,Married,2,1,2.0,2.0,0.0,138.15,1,1,0,0.25,1,17.26875,0.6666666666666666,0,1,2.0,0.45
51549,0,13.0,Male,3.0,1,Married,9,1,3.0,3.0,7.0,127.41,1,1,0,0.21428571428571427,0,9.100714285714286,0.75,0,1,3.6000000000000005,0.2
51550,1,1.0,Male,3.0,5,Married,8,1,1.0,1.0,0.0,166.73,1,1,0,0.5,1,83.365,0.5,0,1,2.5000000000000004,0.45
51551,1,0.0,Female,2.0,1,Married,2,0,0.0,1.0,9.0,176.39,0,1,0,1.0,1,176.39,0.0,0,1,1.4000000000000001,0.45
51552,0,0.0,Male,2.0,4,Married,2,1,2.0,2.0,2.0,123.28,1,1,0,2.0,1,123.28,0.6666666666666666,0,1,2.0,0.45
51553,0,9.0,Female,3.0,1,Single,2,0,0.0,1.0,7.0,121.53,0,2,0,0.1,1,12.153,0.0,0,1,1.8,0.45
51554,0,13.0,Male,3.0,1,Married,10,0,0.0,1.0,2.0,148.76,1,1,0,0.07142857142857142,1,10.625714285714285,0.0,0,1,2.6,0.45
51555,0,19.0,Male,3.0,5,Married,8,0,0.0,1.0,3.0,193.96,1,1,0,0.05,1,9.698,0.0,0,0,2.4000000000000004,0.25
51556,1,0.0,Male,2.0,1,Married,2,0,6.0,9.0,8.0,204.0,1,1,0,9.0,0,204.0,0.6,0,1,5.200000000000001,0.2
51557,0,3.0,Male,2.0,3,Single,2,0,4.0,5.0,8.0,184.74,1,2,0,1.25,0,46.185,0.6666666666666666,0,0,3.4,0.0
51558,0,0.0,Female,2.0,3,Single,2,0,1.0,1.0,7.0,199.81,0,2,0,1.0,1,199.81,0.5,0,0,1.5000000000000002,0.25
51559,0,24.0,Male,2.0,4,Married,6,0,2.0,4.0,3.0,224.9,1,1,0,0.16,0,8.996,0.4,0,0,3.2000000000000006,0.0
51560,1,0.0,Female,2.0,5,Single,6,1,0.0,1.0,4.0,126.57,0,2,0,1.0,1,126.57,0.0,0,1,1.8000000000000003,0.45
51561,0,14.0,Female,3.0,1,Single,4,1,0.0,2.0,0.0,235.91,0,2,0,0.13333333333333333,1,15.727333333333332,0.0,0,1,2.4,0.45
51562,1,0.0,Female,2.0,5,Single,6,0,1.0,1.0,1.0,166.96,0,2,0,1.0,1,166.96,0.5,0,0,1.9000000000000004,0.25
51563,1,9.0,Male,2.0,3,Single,1,0,0.0,1.0,5.0,120.58,1,2,0,0.1,1,12.058,0.0,0,0,1.3000000000000003,0.25
51564,0,18.0,Female,2.0,1,Single,7,0,5.0,12.0,8.0,188.65,0,2,0,0.631578947368421,0,9.928947368421053,0.38461538461538464,0,1,6.800000000000001,0.2
51565,0,27.0,Female,2.0,5,Married,3,0,1.0,1.0,5.0,159.4,0,1,0,0.03571428571428571,1,5.692857142857143,0.5,0,0,1.6000000000000003,0.25
51566,0,9.0,Male,3.0,4,Single,9,0,2.0,3.0,7.0,159.14,1,2,0,0.3,0,15.913999999999998,0.5,0,0,3.5000000000000004,0.0
51567,0,6.0,Female,2.0,4,Married,7,0,0.0,1.0,1.0,126.22,0,1,0,0.14285714285714285,1,18.03142857142857,0.0,0,0,1.9000000000000004,0.25
51568,0,10.0,Male,2.0,1,Married,2,1,1.0,1.0,3.0,221.85,1,1,0,0.09090909090909091,1,20.168181818181818,0.5,0,1,1.5000000000000002,0.45
51569,0,11.0,Male,3.0,3,Married,1,0,1.0,5.0,13.0,206.09,1,1,1,0.4166666666666667,0,17.174166666666668,0.16666666666666666,0,0,3.4000000000000004,0.3
51570,0,4.0,Male,2.0,3,Married,1,0,0.0,1.0,4.0,143.45,1,1,0,0.2,1,28.689999999999998,0.0,0,0,1.3000000000000003,0.25
51571,0,9.0,Male,3.0,1,Married,4,0,0.0,1.0,0.0,121.77,1,1,0,0.1,1,12.177,0.0,0,1,2.0,0.45
51572,0,10.0,Male,3.0,1,Married,5,0,3.0,5.0,8.0,127.93,1,1,0,0.45454545454545453,0,11.63,0.5,0,1,4.0,0.2
51573,0,2.0,Female,2.0,1,Married,2,0,4.0,4.0,1.0,179.18,0,1,0,1.3333333333333333,0,59.72666666666667,0.8,0,1,3.0000000000000004,0.2
51574,0,8.0,Female,3.0,3,Single,2,0,1.0,1.0,8.0,187.89,0,2,0,0.1111111111111111,1,20.876666666666665,0.5,0,0,1.9000000000000001,0.25
51575,1,0.0,Male,2.0,1,Single,2,1,0.0,1.0,1.0,123.89,1,2,0,1.0,1,123.89,0.0,0,1,1.4000000000000001,0.45
51576,0,25.0,Female,2.0,1,Single,8,0,2.0,2.0,2.0,132.12,0,2,0,0.07692307692307693,1,5.081538461538462,0.6666666666666666,0,1,2.6000000000000005,0.45
51577,0,15.0,Male,2.0,1,Married,2,0,0.0,11.0,15.0,292.32,1,1,1,0.6875,0,18.27,0.0,0,1,5.4,0.5
51578,0,9.0,Male,2.0,3,Married,9,0,0.0,2.0,2.0,122.67,1,1,0,0.2,1,12.267,0.0,0,0,2.5,0.25
51579,0,23.0,Female,3.0,1,Married,4,0,1.0,1.0,6.0,295.17,0,1,0,0.041666666666666664,1,12.29875,0.5,0,1,2.1,0.45
51580,1,0.0,Male,2.0,1,Married,6,1,1.0,1.0,4.0,124.36,1,1,0,1.0,1,124.36,0.5,0,1,1.9000000000000004,0.45
51581,0,16.0,Female,3.0,1,Married,6,1,0.0,2.0,9.0,260.64,0,1,0,0.11764705882352941,1,15.331764705882351,0.0,0,1,2.6,0.45
51582,1,0.0,Female,3.0,5,Married,8,0,1.0,1.0,7.0,127.07,0,1,0,1.0,1,127.07,0.5,0,0,2.5000000000000004,0.25
51583,0,25.0,Male,3.0,3,Single,2,1,1.0,15.0,12.0,290.68,1,2,1,0.5769230769230769,0,11.18,0.0625,0,1,7.5,0.5
51584,0,5.0,Female,2.0,4,Married,3,0,1.0,1.0,2.0,139.31,0,1,0,0.16666666666666666,1,23.218333333333334,0.5,0,0,1.6000000000000003,0.25
51585,1,0.0,Male,3.0,3,Single,1,1,0.0,1.0,2.0,137.3,1,2,0,1.0,1,137.3,0.0,0,1,1.7000000000000002,0.45
51586,0,9.0,Female,3.0,3,Married,8,0,1.0,1.0,2.0,122.32,0,1,0,0.1,1,12.232,0.5,0,0,2.5000000000000004,0.25
51587,0,5.0,Male,3.0,1,Married,1,0,2.0,2.0,2.0,144.65,1,1,0,0.3333333333333333,1,24.108333333333334,0.6666666666666666,0,1,2.3000000000000003,0.45
51588,0,14.0,Male,3.0,5,Married,3,0,0.0,1.0,0.0,130.72,1,1,0,0.06666666666666667,1,8.714666666666666,0.0,0,0,1.9000000000000001,0.25
51589,0,13.0,Male,3.0,1,Married,2,0,2.0,4.0,7.0,133.19,1,1,0,0.2857142857142857,0,9.513571428571428,0.4,0,1,3.2000000000000006,0.2
51590,0,18.0,Male,3.0,1,Married,1,0,1.0,1.0,7.0,292.02,1,1,0,0.05263157894736842,1,15.369473684210526,0.5,0,1,1.8000000000000003,0.45
51591,0,4.0,Male,3.0,3,Married,10,0,2.0,2.0,2.0,236.75,1,1,0,0.4,1,47.35,0.6666666666666666,0,0,3.2,0.25
51592,0,6.0,Female,3.0,1,Married,2,0,0.0,1.0,2.0,129.11,0,1,0,0.14285714285714285,1,18.444285714285716,0.0,0,1,1.8,0.45
51593,0,7.0,Male,2.0,5,Married,7,0,0.0,5.0,9.0,159.57,1,1,0,0.625,0,19.94625,0.0,0,0,3.5,0.0
51594,0,10.0,Female,2.0,5,Married,3,0,0.0,1.0,2.0,139.2,0,1,0,0.09090909090909091,1,12.654545454545454,0.0,0,0,1.5000000000000002,0.25
51595,0,18.0,Male,3.0,3,Married,5,0,1.0,1.0,2.0,164.34,1,1,0,0.05263157894736842,1,8.649473684210527,0.5,0,0,2.2,0.25
51596,1,0.0,Male,3.0,3,Married,7,0,0.0,1.0,0.0,200.48,1,1,0,1.0,1,200.48,0.0,0,0,2.3000000000000003,0.25
51597,0,12.0,Female,3.0,3,Single,1,0,6.0,11.0,3.0,209.38,0,2,0,0.8461538461538461,0,16.106153846153845,0.5,0,0,6.300000000000001,0.0
51598,0,2.0,Male,2.0,1,Single,2,0,1.0,1.0,5.0,123.4,1,2,0,0.3333333333333333,1,41.13333333333333,0.5,0,1,1.5000000000000002,0.45
51599,0,15.0,Female,2.0,5,Single,4,1,1.0,1.0,2.0,165.45,0,2,0,0.0625,1,10.340625,0.5,0,1,1.7000000000000002,0.45
51600,0,2.0,Male,2.0,1,Married,3,0,1.0,1.0,2.0,169.31,1,1,0,0.3333333333333333,1,56.43666666666667,0.5,0,1,1.6000000000000003,0.45
51601,0,0.0,Female,3.0,3,Married,1,0,1.0,1.0,2.0,148.98,0,1,0,1.0,1,148.98,0.5,0,0,1.8000000000000003,0.25
51602,0,15.0,Female,2.0,5,Married,1,1,7.0,7.0,8.0,125.93,0,1,0,0.4375,0,7.870625,0.875,0,1,4.4,0.2
51603,0,13.0,Male,2.0,3,Married,1,0,3.0,3.0,9.0,294.36,1,1,0,0.21428571428571427,0,21.025714285714287,0.75,0,0,2.4000000000000004,0.0
51604,0,24.0,Male,3.0,1,Married,2,0,1.0,1.0,0.0,127.23,1,1,0,0.04,1,5.0892,0.5,0,1,1.9000000000000001,0.45
51605,1,0.0,Male,3.0,4,Single,1,0,0.0,1.0,4.0,134.79,1,2,0,1.0,1,134.79,0.0,0,0,1.7000000000000002,0.25
51606,0,5.0,Male,3.0,4,Married,2,0,0.0,1.0,3.0,127.94,1,1,0,0.16666666666666666,1,21.323333333333334,0.0,0,0,1.8,0.25
51607,0,11.0,Male,2.0,1,Married,4,0,1.0,7.0,5.0,152.49,1,1,0,0.5833333333333334,0,12.707500000000001,0.125,0,1,4.1000000000000005,0.2
51608,0,9.0,Male,2.0,5,Single,5,0,0.0,1.0,4.0,121.76,1,2,0,0.1,1,12.176,0.0,0,0,1.7000000000000002,0.25
51609,0,19.0,Female,3.0,4,Married,4,1,1.0,7.0,7.0,268.72,0,1,0,0.35,0,13.436000000000002,0.125,0,1,4.5,0.2
51610,1,0.0,Male,3.0,3,Single,3,0,0.0,1.0,0.0,134.85,1,2,0,1.0,1,134.85,0.0,0,0,1.9000000000000001,0.25
51611,0,2.0,Male,3.0,4,Married,3,0,1.0,1.0,0.0,166.44,1,1,0,0.3333333333333333,1,55.48,0.5,0,0,2.0,0.25
51612,0,4.0,Male,3.0,1,Married,1,0,0.0,7.0,8.0,155.82,1,1,0,1.4,0,31.163999999999998,0.0,0,1,4.1,0.2
51613,0,0.0,Male,2.0,5,Married,2,0,1.0,1.0,5.0,140.0,1,1,0,1.0,1,140.0,0.5,0,0,1.5000000000000002,0.25
51614,0,18.0,Male,3.0,1,Married,1,1,2.0,2.0,10.0,234.96,1,1,0,0.10526315789473684,1,12.366315789473685,0.6666666666666666,0,1,2.3000000000000003,0.45
51615,0,9.0,Male,2.0,1,Married,1,0,1.0,10.0,11.0,132.1,1,1,1,1.0,0,13.209999999999999,0.09090909090909091,0,1,4.999999999999999,0.5
51616,0,28.0,Male,2.0,5,Single,1,1,1.0,4.0,13.0,290.45,1,2,1,0.13793103448275862,0,10.01551724137931,0.2,0,1,2.6000000000000005,0.5
51617,1,10.0,Male,2.0,4,Married,2,1,4.0,9.0,3.0,218.49,1,1,0,0.8181818181818182,0,19.862727272727273,0.4,0,1,5.000000000000001,0.2
51618,0,9.0,Male,3.0,1,Married,2,0,1.0,1.0,4.0,120.7,1,1,0,0.1,1,12.07,0.5,0,1,1.9000000000000001,0.45
51619,0,10.0,Male,3.0,1,Married,5,0,1.0,1.0,1.0,165.02,1,1,0,0.09090909090909091,1,15.001818181818182,0.5,0,1,2.2,0.45
51620,0,0.0,Male,3.0,3,Single,2,0,1.0,1.0,0.0,132.3,1,2,0,1.0,1,132.3,0.5,0,0,1.9000000000000001,0.25
51621,0,10.0,Female,3.0,1,Married,3,1,0.0,2.0,2.0,236.03,0,1,0,0.18181818181818182,1,21.457272727272727,0.0,0,1,2.3,0.45
51622,0,8.0,Female,3.0,4,Married,8,0,5.0,6.0,3.0,219.96,0,1,0,0.6666666666666666,0,24.44,0.7142857142857143,0,0,4.9,0.0
51623,0,11.0,Female,2.0,5,Married,2,1,4.0,7.0,7.0,156.05,0,1,0,0.5833333333333334,0,13.004166666666668,0.5,0,1,4.200000000000001,0.2
51624,0,0.0,Female,2.0,4,Married,2,0,1.0,1.0,4.0,163.97,0,1,0,1.0,1,163.97,0.5,0,0,1.5000000000000002,0.25
51625,0,23.0,Male,3.0,4,Married,4,0,1.0,1.0,6.0,291.44,1,1,0,0.041666666666666664,1,12.143333333333333,0.5,0,0,2.1,0.25
51626,0,26.0,Male,2.0,3,Married,4,1,1.0,1.0,3.0,275.84,1,1,0,0.037037037037037035,1,10.216296296296296,0.5,0,1,1.7000000000000002,0.45
51627,0,15.0,Male,1.0,3,Married,2,0,6.0,11.0,6.0,149.07,1,1,0,0.6875,0,9.316875,0.5,1,0,5.600000000000001,0.25
51628,0,2.0,Male,2.0,1,Single,2,0,0.0,1.0,9.0,145.54,1,2,0,0.3333333333333333,1,48.51333333333333,0.0,0,1,1.4000000000000001,0.45
51629,0,28.0,Male,2.0,1,Married,4,1,0.0,1.0,8.0,154.15,1,1,0,0.034482758620689655,1,5.31551724137931,0.0,0,1,1.6,0.45
51630,0,0.0,Male,2.0,5,Married,2,1,1.0,3.0,3.0,147.41,1,1,0,3.0,0,147.41,0.25,0,1,2.3000000000000003,0.2
51631,0,9.0,Female,2.0,1,Single,2,0,1.0,5.0,7.0,121.15,0,2,0,0.5,0,12.115,0.16666666666666666,0,1,3.1,0.2
51632,1,7.0,Male,3.0,3,Married,4,1,0.0,1.0,0.0,131.61,1,1,0,0.125,1,16.45125,0.0,0,1,2.0,0.45
51633,0,11.0,Male,2.0,1,Married,10,0,0.0,1.0,2.0,157.45,1,1,0,0.08333333333333333,1,13.120833333333332,0.0,0,1,2.2,0.45
51634,1,0.0,Male,2.0,4,Married,3,1,1.0,1.0,2.0,123.73,1,1,0,1.0,1,123.73,0.5,0,1,1.6000000000000003,0.45
51635,0,1.0,Female,3.0,1,Single,2,0,1.0,1.0,2.0,133.1,0,2,0,0.5,1,66.55,0.5,0,1,1.9000000000000001,0.45
51636,0,22.0,Female,2.0,5,Single,10,1,1.0,1.0,2.0,286.65,0,2,0,0.043478260869565216,1,12.463043478260868,0.5,0,1,2.3000000000000003,0.45
51637,0,9.0,Male,1.0,4,Single,5,0,2.0,7.0,7.0,144.85,1,2,0,0.7,0,14.485,0.25,1,0,3.9000000000000004,0.25
51638,0,4.0,Female,3.0,4,Married,2,0,0.0,2.0,2.0,127.89,0,1,0,0.4,1,25.578,0.0,0,0,2.2,0.25
51639,1,0.0,Male,2.0,1,Single,2,1,4.0,7.0,4.0,158.28,1,2,0,7.0,0,158.28,0.5,0,1,4.200000000000001,0.2
51640,0,10.0,Male,2.0,1,Married,2,1,0.0,1.0,2.0,123.26,1,1,0,0.09090909090909091,1,11.205454545454545,0.0,0,1,1.4000000000000001,0.45
51641,0,15.0,Female,3.0,4,Married,6,0,3.0,2.0,8.0,235.25,0,1,0,0.125,1,14.703125,1.0,0,0,2.9000000000000004,0.25
51642,1,9.0,Male,2.0,3,Single,2,0,1.0,1.0,0.0,114.2,1,2,0,0.1,1,11.42,0.5,0,0,1.5000000000000002,0.25
51643,0,8.0,Male,3.0,4,Married,1,0,3.0,6.0,9.0,180.2,1,1,0,0.6666666666666666,0,20.022222222222222,0.42857142857142855,0,0,4.000000000000001,0.0
51644,0,9.0,Male,2.0,1,Married,5,0,1.0,1.0,0.0,136.88,1,1,0,0.1,1,13.687999999999999,0.5,0,1,1.8000000000000003,0.45
51645,0,24.0,Male,2.0,4,Married,6,0,0.0,1.0,2.0,154.82,1,1,0,0.04,1,6.1928,0.0,0,0,1.8000000000000003,0.25
51646,0,14.0,Male,2.0,4,Single,2,0,1.0,2.0,4.0,260.15,1,2,0,0.13333333333333333,1,17.34333333333333,0.3333333333333333,0,0,1.9000000000000001,0.25
51647,0,9.0,Female,3.0,3,Single,2,0,0.0,1.0,0.0,112.0,0,2,0,0.1,1,11.2,0.0,0,0,1.8,0.25
51648,0,1.0,Male,3.0,5,Single,1,0,0.0,1.0,7.0,156.61,1,2,0,0.5,1,78.305,0.0,0,0,1.7000000000000002,0.25
51649,0,4.0,Male,3.0,1,Married,5,0,3.0,7.0,7.0,169.29,1,1,0,1.4,0,33.858,0.375,0,1,4.8,0.2
51650,0,12.0,Male,2.0,1,Married,1,0,1.0,3.0,7.0,196.13,1,1,0,0.23076923076923078,0,15.086923076923076,0.25,0,1,2.2,0.2
51651,0,9.0,Female,2.0,4,Married,8,0,1.0,1.0,8.0,156.74,0,1,0,0.1,1,15.674000000000001,0.5,0,0,2.1,0.25
51652,0,5.0,Male,3.0,3,Married,2,0,3.0,4.0,8.0,154.84,1,1,0,0.6666666666666666,0,25.80666666666667,0.6,0,0,3.3000000000000007,0.0
51653,0,11.0,Female,2.0,4,Married,4,0,0.0,1.0,3.0,220.61,0,1,0,0.08333333333333333,1,18.38416666666667,0.0,0,0,1.6,0.25
51654,0,30.0,Male,2.0,3,Married,3,1,1.0,1.0,2.0,156.6,1,1,0,0.03225806451612903,1,5.051612903225807,0.5,0,1,1.6000000000000003,0.45
51655,0,4.0,Male,2.0,1,Married,1,1,1.0,1.0,3.0,148.21,1,1,0,0.2,1,29.642000000000003,0.5,0,1,1.4000000000000004,0.45
51656,0,4.0,Male,3.0,5,Married,4,0,0.0,1.0,0.0,164.1,1,1,0,0.2,1,32.82,0.0,0,0,2.0,0.25
51657,0,18.0,Male,3.0,5,Married,2,0,2.0,9.0,11.0,152.1,1,1,1,0.47368421052631576,0,8.005263157894737,0.2,0,0,5.200000000000001,0.3
51658,0,4.0,Male,3.0,1,Married,1,1,2.0,2.0,2.0,126.95,1,1,0,0.4,1,25.39,0.6666666666666666,0,1,2.3000000000000003,0.45
51659,0,6.0,Female,3.0,4,Married,7,0,7.0,8.0,3.0,218.78,0,1,0,1.1428571428571428,0,31.254285714285714,0.7777777777777778,0,0,5.800000000000001,0.0
51660,0,0.0,Male,3.0,5,Married,2,1,1.0,11.0,10.0,270.68,1,1,0,11.0,0,270.68,0.08333333333333333,0,1,5.9,0.2
51661,0,16.0,Female,2.0,1,Single,1,0,0.0,1.0,7.0,124.55,0,2,0,0.058823529411764705,1,7.326470588235294,0.0,0,1,1.3000000000000003,0.45
51662,0,22.0,Female,2.0,3,Single,8,1,0.0,2.0,7.0,239.64,0,2,0,0.08695652173913043,1,10.419130434782607,0.0,0,1,2.4000000000000004,0.45
51663,1,15.0,Male,2.0,4,Married,3,0,7.0,7.0,7.0,149.41,1,1,0,0.4375,0,9.338125,0.875,0,0,4.6000000000000005,0.0
51664,0,0.0,Female,2.0,4,Single,2,1,0.0,1.0,2.0,124.78,0,2,0,1.0,1,124.78,0.0,0,1,1.4000000000000001,0.45
51665,0,5.0,Female,3.0,4,Married,2,1,11.0,11.0,9.0,152.28,0,1,0,1.8333333333333333,0,25.38,0.9166666666666666,0,1,6.9,0.2
51666,0,0.0,Male,3.0,3,Single,2,1,0.0,1.0,4.0,144.78,1,2,0,1.0,1,144.78,0.0,0,1,1.8,0.45
51667,0,4.0,Male,3.0,1,Married,5,0,0.0,1.0,7.0,175.47,1,1,0,0.2,1,35.094,0.0,0,1,2.1,0.45
51668,0,5.0,Female,3.0,1,Single,8,0,0.0,1.0,7.0,150.55,0,2,0,0.16666666666666666,1,25.09166666666667,0.0,0,1,2.4000000000000004,0.45
51669,1,0.0,Male,2.0,1,Married,6,1,1.0,2.0,2.0,134.64,1,1,0,2.0,1,134.64,0.3333333333333333,0,1,2.3000000000000003,0.45
51670,0,3.0,Female,3.0,1,Married,2,0,1.0,1.0,9.0,157.75,0,1,0,0.25,1,39.4375,0.5,0,1,1.9000000000000001,0.45
51671,0,4.0,Female,2.0,3,Married,2,0,7.0,8.0,9.0,189.43,0,1,0,1.6,0,37.886,0.7777777777777778,0,0,4.9,0.0
51672,0,12.0,Male,2.0,1,Married,2,0,6.0,13.0,3.0,292.72,1,1,0,1.0,0,22.516923076923078,0.42857142857142855,0,1,6.800000000000001,0.2
51673,1,2.0,Female,2.0,3,Married,5,1,1.0,1.0,0.0,152.38,0,1,0,0.3333333333333333,1,50.79333333333333,0.5,0,1,1.8000000000000003,0.45
51674,0,6.0,Male,2.0,1,Single,4,0,1.0,1.0,1.0,146.82,1,2,0,0.14285714285714285,1,20.974285714285713,0.5,0,1,1.7000000000000002,0.45
51675,0,20.0,Male,2.0,3,Married,5,0,1.0,1.0,1.0,283.0,1,1,0,0.047619047619047616,1,13.476190476190476,0.5,0,0,1.8000000000000003,0.25
51676,0,16.0,Female,2.0,3,Married,2,0,1.0,1.0,0.0,152.57,0,1,0,0.058823529411764705,1,8.974705882352941,0.5,0,0,1.5000000000000002,0.25
51677,0,0.0,Male,3.0,4,Married,1,1,0.0,1.0,4.0,163.49,1,1,0,1.0,1,163.49,0.0,0,1,1.7000000000000002,0.45
51678,0,27.0,Female,2.0,3,Single,4,0,0.0,1.0,3.0,148.69,0,2,0,0.03571428571428571,1,5.310357142857143,0.0,0,0,1.6,0.25
51679,0,16.0,Female,2.0,5,Married,9,0,1.0,1.0,0.0,199.85,0,1,0,0.058823529411764705,1,11.755882352941176,0.5,0,0,2.2,0.25
51680,0,18.0,Male,3.0,1,Married,10,0,8.0,9.0,8.0,136.97,1,1,0,0.47368421052631576,0,7.208947368421053,0.8,0,1,6.6000000000000005,0.2
51681,0,13.0,Male,2.0,1,Married,3,1,1.0,1.0,2.0,174.57,1,1,0,0.07142857142857142,1,12.469285714285714,0.5,0,1,1.6000000000000003,0.45
51682,1,9.0,Male,3.0,5,Married,2,1,0.0,1.0,7.0,121.19,1,1,0,0.1,1,12.119,0.0,0,1,1.8,0.45
51683,0,2.0,Male,1.0,1,Single,1,0,1.0,2.0,2.0,139.83,1,2,0,0.6666666666666666,1,46.61000000000001,0.3333333333333333,1,1,1.4000000000000004,0.7
51684,0,3.0,Female,1.0,3,Married,2,0,1.0,1.0,2.0,161.18,0,1,0,0.25,1,40.295,0.5,1,0,1.1,0.5
51685,0,0.0,Female,2.0,4,Married,2,0,0.0,1.0,7.0,162.14,0,1,0,1.0,1,162.14,0.0,0,0,1.4000000000000001,0.25
51686,0,10.0,Male,3.0,1,Married,8,0,1.0,1.0,4.0,163.47,1,1,0,0.09090909090909091,1,14.860909090909091,0.5,0,1,2.5000000000000004,0.45
51687,0,11.0,Male,3.0,1,Married,1,1,2.0,2.0,3.0,215.1,1,1,0,0.16666666666666666,1,17.925,0.6666666666666666,0,1,2.3000000000000003,0.45
51688,0,4.0,Female,2.0,1,Single,2,1,4.0,4.0,10.0,171.43,0,2,0,0.8,0,34.286,0.8,0,1,3.0000000000000004,0.2
51689,0,2.0,Female,2.0,4,Married,2,1,1.0,1.0,7.0,182.68,0,1,0,0.3333333333333333,1,60.89333333333334,0.5,0,1,1.5000000000000002,0.45
51690,0,8.0,Male,3.0,4,Single,1,0,1.0,1.0,13.0,180.95,1,2,1,0.1111111111111111,1,20.105555555555554,0.5,0,0,1.8000000000000003,0.55
51691,0,0.0,Male,3.0,1,Married,2,0,0.0,1.0,2.0,129.04,1,1,0,1.0,1,129.04,0.0,0,1,1.8,0.45
51692,0,14.0,Male,3.0,4,Single,7,1,1.0,1.0,2.0,160.32,1,2,0,0.06666666666666667,1,10.687999999999999,0.5,0,1,2.4000000000000004,0.45
51693,0,20.0,Male,3.0,3,Single,4,0,0.0,1.0,0.0,129.76,1,2,0,0.047619047619047616,1,6.179047619047618,0.0,0,0,2.0,0.25
51694,0,15.0,Female,2.0,1,Single,3,0,0.0,2.0,0.0,259.92,0,2,0,0.125,1,16.245,0.0,0,1,1.9000000000000001,0.45
51695,0,2.0,Male,3.0,3,Married,2,0,1.0,1.0,2.0,146.49,1,1,0,0.3333333333333333,1,48.830000000000005,0.5,0,0,1.9000000000000001,0.25
51696,0,15.0,Male,3.0,3,Married,1,1,1.0,1.0,0.0,126.96,1,1,0,0.0625,1,7.935,0.5,0,1,1.8000000000000003,0.45
51697,0,5.0,Female,3.0,4,Married,2,0,0.0,1.0,7.0,123.7,0,1,0,0.16666666666666666,1,20.616666666666667,0.0,0,0,1.8,0.25
51698,0,21.0,Female,3.0,3,Married,4,0,0.0,1.0,3.0,225.04,0,1,0,0.045454545454545456,1,10.229090909090909,0.0,0,0,2.0,0.25
51699,0,10.0,Male,2.0,5,Married,5,1,6.0,6.0,7.0,159.74,1,1,0,0.5454545454545454,0,14.521818181818183,0.8571428571428571,0,1,4.300000000000001,0.2
51700,0,3.0,Female,2.0,3,Married,8,1,2.0,2.0,2.0,147.36,0,1,0,0.5,1,36.84,0.6666666666666666,0,1,2.6000000000000005,0.45
51701,0,0.0,Male,2.0,3,Married,2,0,0.0,7.0,7.0,152.96,1,1,0,7.0,0,152.96,0.0,0,0,3.8000000000000007,0.0
51702,0,15.0,Male,3.0,1,Single,4,0,1.0,1.0,0.0,167.81,1,2,0,0.0625,1,10.488125,0.5,0,1,2.1,0.45
51703,1,9.0,Female,3.0,4,Single,2,1,1.0,1.0,2.0,121.74,0,2,0,0.1,1,12.174,0.5,0,1,1.9000000000000001,0.45
51704,0,9.0,Female,2.0,1,Single,5,0,1.0,1.0,0.0,166.53,0,2,0,0.1,1,16.653,0.5,0,1,1.8000000000000003,0.45
51705,0,9.0,Male,2.0,1,Married,5,0,0.0,1.0,12.0,196.99,1,1,1,0.1,1,19.699,0.0,0,1,1.7000000000000002,0.75
51706,0,30.0,Male,2.0,3,Married,3,0,0.0,1.0,2.0,167.55,1,1,0,0.03225806451612903,1,5.40483870967742,0.0,0,0,1.5000000000000002,0.25
51707,0,9.0,Female,2.0,3,Married,4,1,0.0,1.0,7.0,122.13,0,1,0,0.1,1,12.213,0.0,0,1,1.6,0.45
51708,0,0.0,Male,2.0,1,Single,2,0,2.0,2.0,2.0,126.1,1,2,0,2.0,1,126.1,0.6666666666666666,0,1,2.0,0.45
51709,1,0.0,Female,3.0,3,Single,2,1,0.0,1.0,0.0,128.51,0,2,0,1.0,1,128.51,0.0,0,1,1.8,0.45
51710,0,10.0,Female,3.0,5,Married,7,0,1.0,1.0,3.0,134.52,0,1,0,0.09090909090909091,1,12.22909090909091,0.5,0,0,2.4000000000000004,0.25
51711,0,19.0,Female,1.0,3,Married,3,0,1.0,1.0,0.0,152.58,0,1,0,0.05,1,7.6290000000000004,0.5,1,0,1.2000000000000002,0.5
51712,1,4.0,Male,2.0,4,Single,2,0,4.0,7.0,7.0,193.55,1,2,0,1.4,0,38.71,0.5,0,0,4.200000000000001,0.0
51713,0,23.0,Male,3.0,1,Single,7,0,1.0,1.0,3.0,204.96,1,2,0,0.041666666666666664,1,8.540000000000001,0.5,0,1,2.4000000000000004,0.45
51714,1,3.0,Male,3.0,3,Married,3,1,1.0,1.0,0.0,163.8,1,1,0,0.25,1,40.95,0.5,0,1,2.0,0.45
51715,0,4.0,Male,2.0,4,Single,1,1,2.0,2.0,2.0,126.57,1,2,0,0.4,1,25.314,0.6666666666666666,0,1,1.9000000000000001,0.45
51716,1,0.0,Female,3.0,4,Single,2,0,0.0,1.0,0.0,127.16,0,2,0,1.0,1,127.16,0.0,0,0,1.8,0.25
51717,0,9.0,Male,2.0,1,Single,10,0,0.0,1.0,2.0,122.01,1,2,0,0.1,1,12.201,0.0,0,1,2.2,0.45
51718,0,8.0,Male,3.0,4,Single,10,0,0.0,1.0,0.0,165.4,1,2,0,0.1111111111111111,1,18.37777777777778,0.0,0,0,2.6,0.25
51719,0,0.0,Male,2.0,4,Married,2,0,0.0,1.0,4.0,138.16,1,1,0,1.0,1,138.16,0.0,0,0,1.4000000000000001,0.25
51720,0,1.0,Male,3.0,1,Single,2,0,1.0,1.0,7.0,152.53,1,2,0,0.5,1,76.265,0.5,0,1,1.9000000000000001,0.45
51721,0,22.0,Male,2.0,3,Single,9,0,1.0,1.0,3.0,209.65,1,2,0,0.043478260869565216,1,9.115217391304348,0.5,0,0,2.2,0.25
51722,0,24.0,Female,2.0,1,Married,5,0,1.0,1.0,7.0,149.36,0,1,0,0.04,1,5.9744,0.5,0,1,1.8000000000000003,0.45
51723,0,9.0,Female,3.0,3,Married,5,0,2.0,2.0,2.0,125.43,0,1,0,0.2,1,12.543000000000001,0.6666666666666666,0,0,2.7,0.25
51724,1,0.0,Male,3.0,1,Single,9,1,0.0,1.0,4.0,153.04,1,2,0,1.0,1,153.04,0.0,0,1,2.5,0.45
51725,0,28.0,Female,3.0,1,Single,3,1,1.0,1.0,2.0,266.59,0,2,0,0.034482758620689655,1,9.192758620689654,0.5,0,1,2.0,0.45
51726,0,0.0,Female,3.0,3,Married,2,1,0.0,1.0,3.0,142.6,0,1,0,1.0,1,142.6,0.0,0,1,1.8,0.45
51727,0,3.0,Male,3.0,4,Married,2,0,1.0,1.0,0.0,124.76,1,1,0,0.25,1,31.19,0.5,0,0,1.9000000000000001,0.25
51728,1,0.0,Male,3.0,5,Single,1,0,0.0,1.0,4.0,131.02,1,2,0,1.0,1,131.02,0.0,0,0,1.7000000000000002,0.25
51729,0,9.0,Female,2.0,4,Married,2,0,1.0,1.0,2.0,122.44,0,1,0,0.1,1,12.244,0.5,0,0,1.5000000000000002,0.25
51730,0,9.0,Male,3.0,3,Married,2,0,8.0,9.0,0.0,175.96,1,1,0,0.9,0,17.596,0.8,0,0,5.800000000000001,0.0
51731,1,9.0,Male,2.0,1,Single,10,1,1.0,1.0,0.0,122.85,1,2,0,0.1,1,12.285,0.5,0,1,2.3000000000000003,0.45
51732,0,10.0,Female,3.0,5,Married,2,0,10.0,12.0,17.0,130.34,0,1,1,1.0909090909090908,0,11.84909090909091,0.7692307692307693,0,0,7.200000000000001,0.3
51733,0,13.0,Female,2.0,4,Married,8,0,0.0,1.0,3.0,157.15,0,1,0,0.07142857142857142,1,11.225,0.0,0,0,2.0,0.25
51734,0,15.0,Female,3.0,5,Married,4,0,0.0,1.0,2.0,125.76,0,1,0,0.0625,1,7.86,0.0,0,0,2.0,0.25
51735,0,10.0,Male,2.0,4,Single,3,1,0.0,1.0,1.0,141.97,1,2,0,0.09090909090909091,1,12.906363636363636,0.0,0,1,1.5000000000000002,0.45
51736,0,16.0,Male,2.0,4,Married,2,0,3.0,2.0,9.0,243.36,1,1,0,0.11764705882352941,1,14.31529411764706,1.0,0,0,2.1,0.25
51737,0,13.0,Female,3.0,3,Married,7,0,1.0,1.0,0.0,134.48,0,1,0,0.07142857142857142,1,9.605714285714285,0.5,0,0,2.4000000000000004,0.25
51738,0,27.0,Male,2.0,5,Married,5,0,1.0,1.0,2.0,294.06,1,1,0,0.03571428571428571,1,10.502142857142857,0.5,0,0,1.8000000000000003,0.25
51739,0,7.0,Female,3.0,3,Married,10,0,0.0,1.0,2.0,165.38,0,1,0,0.125,1,20.6725,0.0,0,0,2.6,0.25
51740,0,4.0,Female,2.0,5,Married,2,0,3.0,3.0,12.0,143.06,0,1,1,0.6,0,28.612000000000002,0.75,0,0,2.5,0.3
51741,0,9.0,Male,3.0,1,Married,8,0,1.0,1.0,2.0,122.58,1,1,0,0.1,1,12.258,0.5,0,1,2.5000000000000004,0.45
51742,0,16.0,Female,3.0,3,Married,5,1,1.0,1.0,2.0,145.22,0,1,0,0.058823529411764705,1,8.542352941176471,0.5,0,1,2.2,0.45
51743,0,0.0,Female,3.0,1,Single,2,1,0.0,1.0,3.0,144.87,0,2,0,1.0,1,144.87,0.0,0,1,1.8,0.45
51744,0,10.0,Female,3.0,3,Married,4,1,4.0,10.0,7.0,144.49,0,1,0,0.9090909090909091,0,13.135454545454547,0.36363636363636365,0,1,6.000000000000001,0.2
51745,0,9.0,Male,3.0,5,Married,2,0,3.0,3.0,2.0,122.18,1,1,0,0.3,0,12.218,0.75,0,0,2.9000000000000004,0.0
51746,0,12.0,Male,2.0,3,Married,2,1,0.0,1.0,6.0,291.97,1,1,0,0.07692307692307693,1,22.45923076923077,0.0,0,1,1.4000000000000001,0.45
51747,0,29.0,Female,2.0,5,Married,10,0,6.0,2.0,7.0,232.12,0,1,0,0.06666666666666667,1,7.737333333333334,2.0,0,0,3.2,0.25
51748,0,3.0,Female,2.0,3,Single,1,0,3.0,4.0,4.0,165.77,0,2,0,1.0,0,41.4425,0.6,0,0,2.8000000000000007,0.0
51749,0,14.0,Male,2.0,5,Married,2,0,1.0,1.0,7.0,183.92,1,1,0,0.06666666666666667,1,12.261333333333333,0.5,0,0,1.5000000000000002,0.25
51750,0,1.0,Male,3.0,5,Married,2,0,0.0,1.0,8.0,145.58,1,1,0,0.5,1,72.79,0.0,0,0,1.8,0.25
51751,1,0.0,Male,3.0,5,Married,6,0,1.0,1.0,2.0,140.31,1,1,0,1.0,1,140.31,0.5,0,0,2.3000000000000003,0.25
51752,0,25.0,Male,2.0,3,Married,3,1,1.0,1.0,4.0,179.69,1,1,0,0.038461538461538464,1,6.911153846153846,0.5,0,1,1.6000000000000003,0.45
51753,0,18.0,Male,3.0,1,Married,4,0,0.0,1.0,2.0,126.54,1,1,0,0.05263157894736842,1,6.66,0.0,0,1,2.0,0.45
51754,0,25.0,Female,1.0,1,Married,3,0,1.0,1.0,4.0,265.55,0,1,0,0.038461538461538464,1,10.213461538461539,0.5,1,1,1.2000000000000002,0.7
51755,0,15.0,Female,3.0,3,Married,3,0,1.0,1.0,2.0,145.56,0,1,0,0.0625,1,9.0975,0.5,0,0,2.0,0.25
51756,0,3.0,Female,2.0,1,Single,3,0,1.0,1.0,2.0,160.91,0,2,0,0.25,1,40.2275,0.5,0,1,1.6000000000000003,0.45
51757,0,30.0,Female,2.0,5,Married,6,0,1.0,11.0,10.0,295.66,0,1,0,0.3548387096774194,0,9.537419354838711,0.08333333333333333,0,0,5.9,0.0
51758,0,19.0,Female,2.0,3,Married,3,0,1.0,1.0,8.0,148.1,0,1,0,0.05,1,7.404999999999999,0.5,0,0,1.6000000000000003,0.25
51759,0,15.0,Female,2.0,1,Married,1,0,0.0,1.0,4.0,145.23,0,1,0,0.0625,1,9.076875,0.0,0,1,1.3000000000000003,0.45
51760,1,0.0,Female,3.0,4,Single,2,1,0.0,1.0,4.0,132.02,0,2,0,1.0,1,132.02,0.0,0,1,1.8,0.45
51761,1,0.0,Female,2.0,3,Married,1,0,0.0,1.0,0.0,123.51,0,1,0,1.0,1,123.51,0.0,0,0,1.3000000000000003,0.25
51762,0,9.0,Male,2.0,1,Married,2,1,1.0,1.0,0.0,117.02,1,1,0,0.1,1,11.702,0.5,0,1,1.5000000000000002,0.45
51763,0,13.0,Female,3.0,3,Married,1,0,1.0,1.0,12.0,280.41,0,1,1,0.07142857142857142,1,20.029285714285717,0.5,0,0,1.8000000000000003,0.55
51764,0,0.0,Female,3.0,1,Married,2,0,0.0,1.0,2.0,128.86,0,1,0,1.0,1,128.86,0.0,0,1,1.8,0.45
51765,0,9.0,Male,2.0,1,Married,5,0,1.0,1.0,4.0,120.97,1,1,0,0.1,1,12.097,0.5,0,1,1.8000000000000003,0.45
51766,0,2.0,Male,3.0,3,Married,2,0,0.0,1.0,3.0,219.35,1,1,0,0.3333333333333333,1,73.11666666666666,0.0,0,0,1.8,0.25
51767,1,0.0,Female,3.0,4,Married,6,0,1.0,1.0,1.0,125.46,0,1,0,1.0,1,125.46,0.5,0,0,2.3000000000000003,0.25
51768,1,0.0,Male,2.0,1,Single,2,0,0.0,1.0,0.0,125.64,1,2,0,1.0,1,125.64,0.0,0,1,1.4000000000000001,0.45
51769,0,3.0,Female,3.0,5,Married,1,0,3.0,7.0,8.0,184.12,0,1,0,1.75,0,46.03,0.375,0,0,4.3999999999999995,0.0
51770,0,30.0,Male,2.0,1,Married,4,0,1.0,2.0,0.0,241.18,1,1,0,0.06451612903225806,1,7.78,0.3333333333333333,0,1,2.1,0.45
51771,0,23.0,Male,2.0,3,Married,1,0,1.0,15.0,7.0,270.46,1,1,0,0.625,0,11.269166666666665,0.0625,0,0,6.999999999999999,0.0
51772,0,3.0,Female,2.0,1,Single,1,0,1.0,6.0,7.0,125.64,0,2,0,1.5,0,31.41,0.14285714285714285,0,1,3.4000000000000004,0.2
51773,0,30.0,Female,3.0,5,Married,5,0,3.0,13.0,11.0,202.66,0,1,1,0.41935483870967744,0,6.537419354838709,0.21428571428571427,0,0,7.2,0.3
51774,0,20.0,Female,3.0,1,Married,6,0,0.0,1.0,4.0,150.7,0,1,0,0.047619047619047616,1,7.176190476190476,0.0,0,1,2.2,0.45
51775,0,19.0,Male,2.0,3,Married,7,0,1.0,1.0,1.0,278.61,1,1,0,0.05,1,13.9305,0.5,0,0,2.0000000000000004,0.25
51776,0,8.0,Male,2.0,3,Single,1,0,1.0,4.0,3.0,142.3,1,2,0,0.4444444444444444,0,15.811111111111112,0.2,0,0,2.6000000000000005,0.0
51777,0,27.0,Female,2.0,3,Single,8,0,0.0,1.0,0.0,137.8,0,2,0,0.03571428571428571,1,4.921428571428572,0.0,0,0,2.0,0.25
51778,0,7.0,Male,3.0,3,Married,4,0,3.0,5.0,7.0,127.68,1,1,0,0.625,0,15.96,0.5,0,0,3.9000000000000004,0.0
51779,0,5.0,Female,3.0,1,Married,3,1,0.0,1.0,2.0,190.71,0,1,0,0.16666666666666666,1,31.785,0.0,0,1,1.9000000000000001,0.45
51780,0,4.0,Male,2.0,4,Married,2,0,0.0,1.0,8.0,206.48,1,1,0,0.2,1,41.296,0.0,0,0,1.4000000000000001,0.25
51781,1,0.0,Male,2.0,3,Married,8,1,3.0,2.0,7.0,236.1,1,1,0,2.0,1,236.1,1.0,0,1,2.7,0.45
51782,1,0.0,Male,2.0,1,Married,8,0,0.0,1.0,3.0,134.08,1,1,0,1.0,1,134.08,0.0,0,1,2.0,0.45
51783,0,3.0,Male,3.0,4,Single,1,0,0.0,1.0,2.0,129.83,1,2,0,0.25,1,32.4575,0.0,0,0,1.7000000000000002,0.25
51784,0,8.0,Male,3.0,3,Married,5,1,0.0,1.0,0.0,176.32,1,1,0,0.1111111111111111,1,19.59111111111111,0.0,0,1,2.1,0.45
51785,1,0.0,Male,3.0,3,Married,4,0,1.0,1.0,0.0,198.24,1,1,0,1.0,1,198.24,0.5,0,0,2.1,0.25
51786,1,0.0,Female,2.0,5,Married,10,1,1.0,1.0,2.0,199.5,0,1,0,1.0,1,199.5,0.5,0,1,2.3000000000000003,0.45
51787,0,9.0,Male,3.0,3,Married,5,0,0.0,2.0,0.0,120.93,1,1,0,0.2,1,12.093,0.0,0,0,2.5,0.25
51788,0,9.0,Male,2.0,1,Single,2,0,8.0,9.0,7.0,199.8,1,2,0,0.9,0,19.98,0.8,0,1,5.4,0.2
51789,1,0.0,Male,3.0,3,Single,6,0,0.0,1.0,2.0,138.94,1,2,0,1.0,1,138.94,0.0,0,0,2.2,0.25
51790,0,21.0,Female,2.0,1,Married,3,0,6.0,6.0,7.0,140.51,0,1,0,0.2727272727272727,0,6.386818181818182,0.8571428571428571,0,1,4.1,0.2
51791,0,28.0,Female,2.0,4,Single,4,0,1.0,7.0,8.0,268.35,0,2,0,0.2413793103448276,0,9.25344827586207,0.125,0,0,4.1000000000000005,0.0
51792,0,14.0,Male,2.0,1,Single,8,0,0.0,1.0,10.0,162.3,1,2,0,0.06666666666666667,1,10.82,0.0,0,1,2.0,0.45
51793,0,8.0,Male,2.0,3,Married,10,0,0.0,6.0,9.0,147.17,1,1,0,0.6666666666666666,0,16.35222222222222,0.0,0,0,4.2,0.0
51794,0,13.0,Female,3.0,3,Single,8,0,4.0,2.0,13.0,232.37,0,2,1,0.14285714285714285,1,16.597857142857144,1.3333333333333333,0,0,3.1999999999999997,0.55
51795,0,12.0,Female,2.0,3,Married,2,0,1.0,1.0,7.0,137.55,0,1,0,0.07692307692307693,1,10.580769230769231,0.5,0,0,1.5000000000000002,0.25
51796,0,4.0,Male,3.0,1,Single,5,1,1.0,1.0,5.0,165.82,1,2,0,0.2,1,33.164,0.5,0,1,2.2,0.45
51797,0,15.0,Male,2.0,5,Married,2,1,5.0,5.0,8.0,174.06,1,1,0,0.3125,0,10.87875,0.8333333333333334,0,1,3.5,0.2
51798,0,18.0,Male,3.0,4,Married,1,0,3.0,3.0,7.0,148.05,1,1,0,0.15789473684210525,0,7.792105263157896,0.75,0,0,2.8000000000000007,0.0
51799,1,0.0,Female,3.0,3,Married,1,1,0.0,1.0,0.0,127.41,0,1,0,1.0,1,127.41,0.0,0,1,1.7000000000000002,0.45
51800,0,2.0,Male,2.0,1,Married,5,0,1.0,1.0,2.0,142.62,1,1,0,0.3333333333333333,1,47.54,0.5,0,1,1.8000000000000003,0.45
51801,0,6.0,Female,3.0,3,Married,5,0,1.0,1.0,5.0,261.84,0,1,0,0.14285714285714285,1,37.40571428571428,0.5,0,0,2.2,0.25
51802,0,4.0,Male,2.0,1,Married,10,0,1.0,1.0,3.0,215.57,1,1,0,0.2,1,43.114,0.5,0,1,2.3000000000000003,0.45
51803,1,9.0,Male,3.0,4,Single,2,1,1.0,1.0,0.0,118.78,1,2,0,0.1,1,11.878,0.5,0,1,1.9000000000000001,0.45
51804,0,13.0,Male,2.0,5,Married,4,0,0.0,1.0,3.0,209.32,1,1,0,0.07142857142857142,1,14.95142857142857,0.0,0,0,1.6,0.25
51805,0,14.0,Female,3.0,3,Single,3,1,0.0,1.0,7.0,168.11,0,2,0,0.06666666666666667,1,11.207333333333334,0.0,0,1,1.9000000000000001,0.45
51806,0,0.0,Male,2.0,3,Married,6,0,0.0,1.0,0.0,143.06,1,1,0,1.0,1,143.06,0.0,0,0,1.8000000000000003,0.25
51807,0,8.0,Female,3.0,3,Single,2,0,1.0,1.0,3.0,148.59,0,2,0,0.1111111111111111,1,16.51,0.5,0,0,1.9000000000000001,0.25
51808,0,7.0,Male,3.0,1,Single,2,0,0.0,5.0,7.0,153.37,1,2,0,0.625,0,19.17125,0.0,0,1,3.4000000000000004,0.2
51809,1,0.0,Male,3.0,1,Single,2,1,0.0,1.0,0.0,123.4,1,2,0,1.0,1,123.4,0.0,0,1,1.8,0.45
51810,0,10.0,Female,2.0,1,Single,5,0,1.0,1.0,2.0,174.91,0,2,0,0.09090909090909091,1,15.90090909090909,0.5,0,1,1.8000000000000003,0.45
51811,0,19.0,Female,2.0,3,Married,6,0,0.0,1.0,2.0,205.27,0,1,0,0.05,1,10.2635,0.0,0,0,1.8000000000000003,0.25
51812,0,14.0,Female,3.0,5,Married,8,0,1.0,11.0,8.0,265.95,0,1,0,0.7333333333333333,0,17.73,0.08333333333333333,0,0,6.5,0.0
51813,0,10.0,Male,3.0,4,Married,2,0,1.0,7.0,7.0,188.34,1,1,0,0.6363636363636364,0,17.12181818181818,0.125,0,0,4.3,0.0
51814,0,25.0,Male,3.0,5,Married,4,1,2.0,6.0,9.0,155.77,1,1,0,0.23076923076923078,0,5.991153846153846,0.2857142857142857,0,1,4.200000000000001,0.2
51815,1,0.0,Male,2.0,3,Married,9,0,1.0,1.0,2.0,147.07,1,1,0,1.0,1,147.07,0.5,0,0,2.2,0.25
51816,0,0.0,Male,2.0,1,Married,1,0,1.0,2.0,1.0,124.0,1,1,0,2.0,1,124.0,0.3333333333333333,0,1,1.8000000000000003,0.45
51817,0,11.0,Female,3.0,3,Married,4,0,0.0,1.0,0.0,198.24,0,1,0,0.08333333333333333,1,16.52,0.0,0,0,2.0,0.25
51818,0,10.0,Female,3.0,4,Married,7,0,4.0,4.0,3.0,164.47,0,1,0,0.36363636363636365,0,14.951818181818181,0.8,0,0,3.9000000000000004,0.0
51819,0,22.0,Male,2.0,3,Married,2,1,1.0,1.0,9.0,295.02,1,1,0,0.043478260869565216,1,12.82695652173913,0.5,0,1,1.5000000000000002,0.45
51820,0,0.0,Male,3.0,1,Married,2,1,0.0,1.0,4.0,127.25,1,1,0,1.0,1,127.25,0.0,0,1,1.8,0.45
51821,0,0.0,Male,3.0,4,Married,2,0,0.0,1.0,4.0,162.72,1,1,0,1.0,1,162.72,0.0,0,0,1.8,0.25
51822,0,9.0,Male,3.0,4,Married,2,0,1.0,1.0,0.0,121.27,1,1,0,0.1,1,12.126999999999999,0.5,0,0,1.9000000000000001,0.25
51823,0,23.0,Male,3.0,4,Married,2,0,1.0,10.0,7.0,282.0,1,1,0,0.4166666666666667,0,11.75,0.09090909090909091,0,0,5.5,0.0
51824,0,9.0,Male,2.0,3,Married,2,0,1.0,1.0,6.0,120.96,1,1,0,0.1,1,12.096,0.5,0,0,1.5000000000000002,0.25
51825,1,0.0,Female,3.0,3,Married,2,1,0.0,1.0,2.0,128.86,0,1,0,1.0,1,128.86,0.0,0,1,1.8,0.45
51826,1,9.0,Male,3.0,5,Married,2,0,1.0,1.0,0.0,120.33,1,1,0,0.1,1,12.033,0.5,0,0,1.9000000000000001,0.25
51827,0,7.0,Male,2.0,1,Married,2,1,1.0,1.0,3.0,136.22,1,1,0,0.125,1,17.0275,0.5,0,1,1.5000000000000002,0.45
51828,1,0.0,Male,2.0,5,Married,3,0,0.0,1.0,2.0,142.33,1,1,0,1.0,1,142.33,0.0,0,0,1.5000000000000002,0.25
51829,0,8.0,Male,2.0,1,Single,5,0,1.0,1.0,2.0,136.81,1,2,0,0.1111111111111111,1,15.20111111111111,0.5,0,1,1.8000000000000003,0.45
51830,0,4.0,Male,3.0,1,Married,5,0,5.0,5.0,7.0,154.6,1,1,0,1.0,0,30.919999999999998,0.8333333333333334,0,1,4.2,0.2
51831,0,9.0,Female,3.0,3,Married,1,0,0.0,1.0,3.0,121.87,0,1,0,0.1,1,12.187000000000001,0.0,0,0,1.7000000000000002,0.25
51832,0,10.0,Male,3.0,3,Married,5,1,0.0,1.0,0.0,196.02,1,1,0,0.09090909090909091,1,17.82,0.0,0,1,2.1,0.45
51833,0,0.0,Female,3.0,4,Single,2,0,0.0,1.0,0.0,128.36,0,2,0,1.0,1,128.36,0.0,0,0,1.8,0.25
51834,0,15.0,Female,2.0,1,Married,2,0,0.0,2.0,2.0,140.89,0,1,0,0.125,1,8.805625,0.0,0,1,1.8,0.45
51835,0,16.0,Male,2.0,1,Married,5,1,1.0,1.0,0.0,266.27,1,1,0,0.058823529411764705,1,15.662941176470587,0.5,0,1,1.8000000000000003,0.45
51836,0,11.0,Female,2.0,5,Single,4,0,0.0,1.0,0.0,126.19,0,2,0,0.08333333333333333,1,10.515833333333333,0.0,0,0,1.6,0.25
51837,0,16.0,Male,3.0,3,Married,4,1,1.0,4.0,7.0,156.79,1,1,0,0.23529411764705882,0,9.222941176470588,0.2,0,1,3.3000000000000003,0.2
51838,0,21.0,Female,2.0,5,Married,8,0,0.0,2.0,2.0,254.02,0,1,0,0.09090909090909091,1,11.546363636363637,0.0,0,0,2.4000000000000004,0.25
51839,0,17.0,Female,2.0,3,Single,5,0,1.0,1.0,2.0,159.85,0,2,0,0.05555555555555555,1,8.880555555555555,0.5,0,0,1.8000000000000003,0.25
51840,0,7.0,Female,2.0,3,Married,2,1,1.0,1.0,6.0,125.79,0,1,0,0.125,1,15.72375,0.5,0,1,1.5000000000000002,0.45
51841,1,0.0,Male,3.0,5,Married,1,0,1.0,1.0,2.0,130.41,1,1,0,1.0,1,130.41,0.5,0,0,1.8000000000000003,0.25
51842,0,0.0,Male,2.0,3,Single,2,0,0.0,1.0,2.0,134.47,1,2,0,1.0,1,134.47,0.0,0,0,1.4000000000000001,0.25
51843,0,17.0,Male,2.0,1,Married,5,1,0.0,1.0,1.0,295.13,1,1,0,0.05555555555555555,1,16.39611111111111,0.0,0,1,1.7000000000000002,0.45
51844,0,0.0,Male,3.0,3,Married,1,0,1.0,2.0,2.0,127.73,1,1,0,2.0,1,127.73,0.3333333333333333,0,0,2.2,0.25
51845,0,6.0,Male,2.0,3,Married,1,0,0.0,1.0,2.0,171.04,1,1,0,0.14285714285714285,1,24.434285714285714,0.0,0,0,1.3000000000000003,0.25
51846,0,5.0,Female,3.0,1,Married,2,1,1.0,1.0,5.0,163.22,0,1,0,0.16666666666666666,1,27.203333333333333,0.5,0,1,1.9000000000000001,0.45
51847,0,9.0,Female,3.0,3,Married,2,0,1.0,1.0,0.0,120.83,0,1,0,0.1,1,12.083,0.5,0,0,1.9000000000000001,0.25
51848,0,26.0,Female,2.0,5,Single,8,0,4.0,8.0,10.0,183.81,0,2,0,0.2962962962962963,0,6.807777777777778,0.4444444444444444,0,0,5.2,0.0
51849,0,7.0,Male,3.0,1,Married,2,0,1.0,8.0,8.0,126.91,1,1,0,1.0,0,15.86375,0.1111111111111111,0,1,4.7,0.2
51850,1,8.0,Female,3.0,5,Married,3,0,0.0,1.0,0.0,142.86,0,1,0,0.1111111111111111,1,15.873333333333335,0.0,0,0,1.9000000000000001,0.25
51851,0,0.0,Female,3.0,1,Married,2,1,0.0,1.0,2.0,56.0,0,1,0,1.0,1,56.0,0.0,0,1,1.8,0.45
51852,0,10.0,Male,2.0,3,Married,2,0,7.0,7.0,8.0,194.34,1,1,0,0.6363636363636364,0,17.667272727272728,0.875,0,0,4.500000000000001,0.0
51853,0,2.0,Female,3.0,3,Married,2,0,0.0,1.0,2.0,155.61,0,1,0,0.3333333333333333,1,51.870000000000005,0.0,0,0,1.8,0.25
51854,0,8.0,Male,2.0,1,Single,2,0,0.0,11.0,8.0,166.46,1,2,0,1.2222222222222223,0,18.495555555555555,0.0,0,1,5.4,0.2
51855,0,6.0,Male,1.0,1,Married,4,0,3.0,4.0,7.0,177.25,1,1,0,0.5714285714285714,0,25.321428571428573,0.6,1,1,2.7,0.45
51856,0,27.0,Male,2.0,4,Married,3,0,2.0,7.0,1.0,207.25,1,1,0,0.25,0,7.401785714285714,0.25,0,0,4.1000000000000005,0.0
51857,0,9.0,Male,2.0,4,Married,3,1,0.0,1.0,2.0,188.47,1,1,0,0.1,1,18.847,0.0,0,1,1.5000000000000002,0.45
51858,0,9.0,Male,2.0,1,Single,1,0,1.0,1.0,1.0,120.45,1,2,0,0.1,1,12.045,0.5,0,1,1.4000000000000004,0.45
51859,1,0.0,Male,2.0,3,Single,2,1,1.0,1.0,1.0,110.09,1,2,0,1.0,1,110.09,0.5,0,1,1.5000000000000002,0.45
51860,1,0.0,Male,3.0,5,Single,2,1,5.0,9.0,7.0,133.48,1,2,0,9.0,0,133.48,0.5,0,1,5.500000000000001,0.2
51861,0,9.0,Male,2.0,3,Married,2,0,1.0,1.0,0.0,112.81,1,1,0,0.1,1,11.281,0.5,0,0,1.5000000000000002,0.25
51862,0,0.0,Male,3.0,5,Married,3,0,0.0,1.0,2.0,128.19,1,1,0,1.0,1,128.19,0.0,0,0,1.9000000000000001,0.25
51863,0,0.0,Male,2.0,4,Married,1,0,1.0,1.0,2.0,148.51,1,1,0,1.0,1,148.51,0.5,0,0,1.4000000000000004,0.25
51864,0,11.0,Female,2.0,1,Single,1,0,1.0,1.0,5.0,140.28,0,2,0,0.08333333333333333,1,11.69,0.5,0,1,1.4000000000000004,0.45
51865,0,2.0,Male,3.0,1,Married,2,0,0.0,2.0,8.0,127.2,1,1,0,0.6666666666666666,1,42.4,0.0,0,1,2.2,0.45
51866,0,21.0,Male,2.0,4,Married,4,0,0.0,2.0,2.0,181.2,1,1,0,0.09090909090909091,1,8.236363636363636,0.0,0,0,2.0,0.25
51867,0,0.0,Female,3.0,1,Married,2,1,1.0,1.0,4.0,146.47,0,1,0,1.0,1,146.47,0.5,0,1,1.9000000000000001,0.45
51868,0,10.0,Male,3.0,1,Single,4,0,1.0,1.0,0.0,146.8,1,2,0,0.09090909090909091,1,13.345454545454546,0.5,0,1,2.1,0.45
51869,0,23.0,Male,3.0,3,Married,2,1,0.0,3.0,8.0,132.21,1,1,0,0.125,0,5.50875,0.0,0,1,2.6000000000000005,0.2
51870,0,7.0,Female,2.0,4,Single,2,0,4.0,7.0,7.0,186.21,0,2,0,0.875,0,23.27625,0.5,0,0,4.200000000000001,0.0
51871,1,0.0,Female,3.0,3,Single,10,0,1.0,2.0,0.0,145.77,0,2,0,2.0,1,145.77,0.3333333333333333,0,0,3.1,0.25
51872,0,12.0,Female,3.0,3,Single,2,0,1.0,11.0,10.0,145.53,0,2,0,0.8461538461538461,0,11.194615384615386,0.08333333333333333,0,0,5.9,0.0
51873,0,5.0,Male,2.0,1,Single,2,0,1.0,1.0,8.0,153.96,1,2,0,0.16666666666666666,1,25.66,0.5,0,1,1.5000000000000002,0.45
51874,1,13.0,Male,2.0,3,Married,4,1,0.0,1.0,3.0,167.96,1,1,0,0.07142857142857142,1,11.997142857142858,0.0,0,1,1.6,0.45
51875,0,11.0,Female,2.0,1,Single,1,0,0.0,1.0,8.0,176.25,0,2,0,0.08333333333333333,1,14.6875,0.0,0,1,1.3000000000000003,0.45
51876,0,0.0,Female,3.0,5,Married,2,0,0.0,1.0,7.0,174.12,0,1,0,1.0,1,174.12,0.0,0,0,1.8,0.25
51877,0,5.0,Female,2.0,1,Single,4,0,6.0,7.0,3.0,211.59,0,2,0,1.1666666666666667,0,35.265,0.75,0,1,4.600000000000001,0.2
51878,0,20.0,Male,2.0,5,Single,3,0,1.0,1.0,7.0,149.6,1,2,0,0.047619047619047616,1,7.123809523809523,0.5,0,0,1.6000000000000003,0.25
51879,0,13.0,Male,2.0,5,Married,6,1,0.0,1.0,12.0,204.75,1,1,1,0.07142857142857142,1,14.625,0.0,0,1,1.8000000000000003,0.75
51880,0,26.0,Male,2.0,3,Married,4,0,0.0,2.0,3.0,248.14,1,1,0,0.07407407407407407,1,9.19037037037037,0.0,0,0,2.0,0.25
51881,0,14.0,Male,3.0,1,Married,4,0,1.0,12.0,6.0,291.41,1,1,0,0.8,0,19.427333333333333,0.07692307692307693,0,1,6.500000000000001,0.2
51882,0,30.0,Male,2.0,5,Single,9,0,2.0,2.0,2.0,154.05,1,2,0,0.06451612903225806,1,4.969354838709678,0.6666666666666666,0,0,2.7,0.25
51883,0,0.0,Male,2.0,5,Married,2,0,0.0,1.0,7.0,187.93,1,1,0,1.0,1,187.93,0.0,0,0,1.4000000000000001,0.25
51884,0,14.0,Male,2.0,3,Married,2,0,1.0,2.0,10.0,291.89,1,1,0,0.13333333333333333,1,19.459333333333333,0.3333333333333333,0,0,1.9000000000000001,0.25
51885,0,23.0,Male,2.0,4,Married,8,0,0.0,2.0,2.0,138.75,1,1,0,0.08333333333333333,1,5.78125,0.0,0,0,2.4000000000000004,0.25
51886,1,9.0,Female,3.0,4,Single,8,1,1.0,3.0,7.0,122.16,0,2,0,0.3,0,12.216,0.25,0,1,3.3000000000000003,0.2
51887,0,9.0,Female,3.0,5,Married,10,0,0.0,1.0,3.0,217.13,0,1,0,0.1,1,21.713,0.0,0,0,2.6,0.25
51888,0,11.0,Female,2.0,3,Single,5,1,0.0,1.0,0.0,178.61,0,2,0,0.08333333333333333,1,14.884166666666667,0.0,0,1,1.7000000000000002,0.45
51889,0,17.0,Male,2.0,3,Single,3,0,0.0,1.0,4.0,137.08,1,2,0,0.05555555555555555,1,7.615555555555556,0.0,0,0,1.5000000000000002,0.25
51890,0,20.0,Female,2.0,3,Married,10,1,1.0,2.0,13.0,237.7,0,1,1,0.09523809523809523,1,11.319047619047618,0.3333333333333333,0,1,2.7,0.75
51891,0,3.0,Male,3.0,1,Married,8,0,2.0,7.0,7.0,153.04,1,1,0,1.75,0,38.26,0.25,0,1,5.0,0.2
51892,0,2.0,Male,3.0,3,Single,2,0,1.0,1.0,0.0,126.42,1,2,0,0.3333333333333333,1,42.14,0.5,0,0,1.9000000000000001,0.25
51893,1,5.0,Male,3.0,3,Married,7,1,0.0,2.0,2.0,127.59,1,1,0,0.3333333333333333,1,21.265,0.0,0,1,2.7,0.45
51894,0,16.0,Male,2.0,1,Married,4,0,1.0,2.0,2.0,168.04,1,1,0,0.11764705882352941,1,9.884705882352941,0.3333333333333333,0,1,2.1,0.45
51895,0,7.0,Female,3.0,3,Single,4,0,0.0,4.0,3.0,161.42,0,2,0,0.5,0,20.1775,0.0,0,0,3.2,0.0
51896,0,0.0,Male,2.0,5,Married,2,0,1.0,1.0,2.0,125.0,1,1,0,1.0,1,125.0,0.5,0,0,1.5000000000000002,0.25
51897,0,12.0,Female,2.0,4,Married,10,0,0.0,3.0,6.0,163.89,0,1,0,0.23076923076923078,0,12.606923076923076,0.0,0,0,3.0,0.0
51898,0,29.0,Male,2.0,1,Married,8,0,0.0,1.0,3.0,211.03,1,1,0,0.03333333333333333,1,7.0343333333333335,0.0,0,1,2.0,0.45
51899,0,13.0,Female,2.0,1,Single,1,1,0.0,2.0,3.0,123.42,0,2,0,0.14285714285714285,1,8.815714285714286,0.0,0,1,1.7000000000000002,0.45
51900,0,0.0,Female,2.0,5,Single,9,0,1.0,1.0,7.0,168.11,0,2,0,1.0,1,168.11,0.5,0,0,2.2,0.25
51901,0,9.0,Male,2.0,4,Married,2,0,2.0,2.0,2.0,122.97,1,1,0,0.2,1,12.297,0.6666666666666666,0,0,2.0,0.25
51902,0,26.0,Male,2.0,1,Single,3,0,2.0,2.0,2.0,124.5,1,2,0,0.07407407407407407,1,4.611111111111111,0.6666666666666666,0,1,2.1,0.45
51903,0,8.0,Female,3.0,5,Married,3,0,1.0,1.0,0.0,150.93,0,1,0,0.1111111111111111,1,16.77,0.5,0,0,2.0,0.25
51904,0,5.0,Male,3.0,1,Married,2,0,1.0,4.0,7.0,153.09,1,1,0,0.6666666666666666,0,25.515,0.2,0,1,3.1000000000000005,0.2
51905,0,11.0,Male,3.0,3,Married,7,1,0.0,1.0,1.0,130.57,1,1,0,0.08333333333333333,1,10.880833333333333,0.0,0,1,2.3000000000000003,0.45
51906,0,7.0,Female,2.0,5,Married,4,0,1.0,1.0,0.0,151.21,0,1,0,0.125,1,18.90125,0.5,0,0,1.7000000000000002,0.25
51907,0,25.0,Male,2.0,5,Married,2,0,1.0,1.0,16.0,268.56,1,1,1,0.038461538461538464,1,10.329230769230769,0.5,0,0,1.5000000000000002,0.55
51908,1,0.0,Male,3.0,1,Single,2,1,6.0,7.0,8.0,126.86,1,2,0,7.0,0,126.86,0.75,0,1,4.800000000000001,0.2
51909,0,0.0,Female,2.0,1,Single,2,0,0.0,1.0,4.0,161.8,0,2,0,1.0,1,161.8,0.0,0,1,1.4000000000000001,0.45
51910,0,18.0,Male,2.0,3,Single,1,0,1.0,3.0,1.0,166.32,1,2,0,0.15789473684210525,0,8.753684210526316,0.25,0,0,2.2,0.0
51911,0,0.0,Male,3.0,3,Single,2,0,0.0,1.0,2.0,135.05,1,2,0,1.0,1,135.05,0.0,0,0,1.8,0.25
51912,1,10.0,Female,3.0,3,Single,5,1,0.0,1.0,3.0,163.97,0,2,0,0.09090909090909091,1,14.906363636363636,0.0,0,1,2.1,0.45
51913,0,7.0,Male,2.0,1,Single,2,0,0.0,1.0,4.0,162.74,1,2,0,0.125,1,20.3425,0.0,0,1,1.4000000000000001,0.45
51914,1,18.0,Male,3.0,5,Married,6,1,1.0,1.0,4.0,298.59,1,1,0,0.05263157894736842,1,15.715263157894736,0.5,0,1,2.3000000000000003,0.45
51915,0,9.0,Male,3.0,5,Single,2,0,0.0,1.0,9.0,175.87,1,2,0,0.1,1,17.587,0.0,0,0,1.8,0.25
51916,0,25.0,Male,2.0,1,Married,1,0,1.0,1.0,2.0,142.58,1,1,0,0.038461538461538464,1,5.483846153846154,0.5,0,1,1.4000000000000004,0.45
51917,0,0.0,Female,3.0,1,Married,4,0,2.0,2.0,0.0,143.64,0,1,0,2.0,1,143.64,0.6666666666666666,0,1,2.6,0.45
51918,0,2.0,Female,3.0,3,Married,5,0,0.0,1.0,1.0,143.35,0,1,0,0.3333333333333333,1,47.78333333333333,0.0,0,0,2.1,0.25
51919,1,0.0,Male,2.0,5,Single,7,0,0.0,1.0,2.0,153.26,1,2,0,1.0,1,153.26,0.0,0,0,1.9000000000000004,0.25
51920,0,7.0,Female,3.0,1,Single,3,0,1.0,1.0,3.0,132.8,0,2,0,0.125,1,16.6,0.5,0,1,2.0,0.45
51921,0,27.0,Female,3.0,5,Married,10,1,0.0,1.0,4.0,154.85,0,1,0,0.03571428571428571,1,5.5303571428571425,0.0,0,1,2.6,0.45
51922,0,0.0,Male,2.0,1,Married,1,0,1.0,1.0,1.0,143.42,1,1,0,1.0,1,143.42,0.5,0,1,1.4000000000000004,0.45
51923,0,10.0,Female,3.0,5,Married,1,1,4.0,4.0,3.0,127.82,0,1,0,0.36363636363636365,0,11.62,0.8,0,1,3.3000000000000003,0.2
51924,0,11.0,Female,3.0,5,Single,7,1,0.0,4.0,12.0,159.8,0,2,1,0.3333333333333333,0,13.316666666666668,0.0,0,1,3.5000000000000004,0.5
51925,0,7.0,Female,2.0,5,Single,2,0,1.0,1.0,3.0,143.81,0,2,0,0.125,1,17.97625,0.5,0,0,1.5000000000000002,0.25
51926,0,8.0,Female,3.0,1,Married,2,0,1.0,1.0,2.0,125.72,0,1,0,0.1111111111111111,1,13.96888888888889,0.5,0,1,1.9000000000000001,0.45
51927,0,3.0,Male,2.0,3,Married,4,0,1.0,1.0,2.0,138.33,1,1,0,0.25,1,34.5825,0.5,0,0,1.7000000000000002,0.25
51928,0,13.0,Female,2.0,4,Married,2,0,0.0,3.0,7.0,142.44,0,1,0,0.21428571428571427,0,10.174285714285714,0.0,0,0,2.2,0.0
51929,0,7.0,Female,3.0,5,Married,6,0,1.0,1.0,2.0,165.0,0,1,0,0.125,1,20.625,0.5,0,0,2.3000000000000003,0.25
51930,0,15.0,Male,3.0,1,Married,2,0,1.0,14.0,9.0,284.3,1,1,0,0.875,0,17.76875,0.06666666666666667,0,1,7.1000000000000005,0.2
51931,1,9.0,Male,3.0,5,Married,2,1,0.0,1.0,0.0,116.01,1,1,0,0.1,1,11.601,0.0,0,1,1.8,0.45
51932,0,0.0,Male,3.0,4,Married,2,0,0.0,1.0,0.0,126.94,1,1,0,1.0,1,126.94,0.0,0,0,1.8,0.25
51933,0,25.0,Female,3.0,3,Married,9,0,1.0,1.0,4.0,131.49,0,1,0,0.038461538461538464,1,5.057307692307693,0.5,0,0,2.6,0.25
51934,0,23.0,Male,3.0,3,Married,6,0,1.0,1.0,3.0,276.39,1,1,0,0.041666666666666664,1,11.51625,0.5,0,0,2.3000000000000003,0.25
51935,1,0.0,Female,2.0,5,Married,2,1,0.0,1.0,0.0,123.19,0,1,0,1.0,1,123.19,0.0,0,1,1.4000000000000001,0.45
51936,0,6.0,Male,2.0,3,Married,1,0,1.0,3.0,3.0,216.91,1,1,0,0.42857142857142855,0,30.987142857142857,0.25,0,0,2.2,0.0
51937,1,0.0,Female,3.0,5,Single,6,0,1.0,1.0,2.0,153.24,0,2,0,1.0,1,153.24,0.5,0,0,2.3000000000000003,0.25
51938,0,20.0,Female,2.0,1,Married,2,1,1.0,3.0,0.0,267.52,0,1,0,0.14285714285714285,0,12.739047619047618,0.25,0,1,2.3000000000000003,0.2
51939,0,9.0,Female,2.0,4,Married,1,0,1.0,1.0,5.0,152.28,0,1,0,0.1,1,15.228,0.5,0,0,1.4000000000000004,0.25
51940,0,2.0,Male,3.0,3,Married,2,0,1.0,1.0,7.0,127.0,1,1,0,0.3333333333333333,1,42.333333333333336,0.5,0,0,1.9000000000000001,0.25
51941,1,20.0,Male,2.0,4,Single,8,1,7.0,13.0,8.0,292.46,1,2,0,0.6190476190476191,0,13.926666666666666,0.5,0,1,7.5,0.2
51942,0,8.0,Female,2.0,3,Single,4,0,2.0,2.0,2.0,125.06,0,2,0,0.2222222222222222,1,13.895555555555555,0.6666666666666666,0,0,2.2,0.25
51943,0,15.0,Female,2.0,1,Married,10,1,0.0,1.0,2.0,160.62,0,1,0,0.0625,1,10.03875,0.0,0,1,2.2,0.45
51944,1,0.0,Male,2.0,3,Single,7,0,2.0,2.0,1.0,143.82,1,2,0,2.0,1,143.82,0.6666666666666666,0,0,2.5000000000000004,0.25
51945,0,9.0,Male,2.0,4,Married,5,0,1.0,1.0,4.0,121.43,1,1,0,0.1,1,12.143,0.5,0,0,1.8000000000000003,0.25
51946,0,5.0,Female,3.0,3,Married,2,0,5.0,6.0,8.0,161.62,0,1,0,1.0,0,26.936666666666667,0.7142857142857143,0,0,4.300000000000001,0.0
51947,0,13.0,Male,2.0,3,Single,7,0,0.0,1.0,0.0,150.94,1,2,0,0.07142857142857142,1,10.781428571428572,0.0,0,0,1.9000000000000004,0.25
51948,0,3.0,Female,2.0,1,Single,6,1,1.0,1.0,0.0,168.77,0,2,0,0.25,1,42.1925,0.5,0,1,1.9000000000000004,0.45
51949,0,9.0,Female,3.0,3,Single,2,0,1.0,1.0,0.0,122.74,0,2,0,0.1,1,12.274,0.5,0,0,1.9000000000000001,0.25
51950,0,15.0,Male,3.0,4,Married,2,0,5.0,7.0,8.0,144.34,1,1,0,0.4375,0,9.02125,0.625,0,0,4.7,0.0
51951,0,11.0,Male,0.0,5,Married,3,0,1.0,1.0,2.0,162.88,1,1,0,0.08333333333333333,1,13.573333333333332,0.5,1,0,0.8,0.5
51952,0,7.0,Female,3.0,1,Single,2,0,1.0,1.0,3.0,125.53,0,2,0,0.125,1,15.69125,0.5,0,1,1.9000000000000001,0.45
51953,1,12.0,Female,2.0,1,Married,2,0,0.0,7.0,7.0,176.54,0,1,0,0.5384615384615384,0,13.58,0.0,0,1,3.8000000000000007,0.2
51954,1,18.0,Male,2.0,1,Single,5,0,1.0,7.0,3.0,151.6,1,2,0,0.3684210526315789,0,7.978947368421053,0.125,0,1,4.2,0.2
51955,0,16.0,Male,3.0,5,Married,7,0,1.0,1.0,0.0,271.59,1,1,0,0.058823529411764705,1,15.975882352941175,0.5,0,0,2.4000000000000004,0.25
51956,0,0.0,Male,2.0,1,Married,2,1,1.0,1.0,3.0,228.08,1,1,0,1.0,1,228.08,0.5,0,1,1.5000000000000002,0.45
51957,0,8.0,Male,2.0,3,Single,4,0,0.0,1.0,6.0,202.21,1,2,0,0.1111111111111111,1,22.46777777777778,0.0,0,0,1.6,0.25
51958,0,1.0,Female,2.0,4,Married,2,1,6.0,7.0,5.0,147.79,0,1,0,3.5,0,73.895,0.75,0,1,4.4,0.2
51959,0,7.0,Male,2.0,1,Married,1,0,1.0,1.0,2.0,137.37,1,1,0,0.125,1,17.17125,0.5,0,1,1.4000000000000004,0.45
51960,1,0.0,Female,2.0,3,Married,2,1,0.0,1.0,7.0,123.66,0,1,0,1.0,1,123.66,0.0,0,1,1.4000000000000001,0.45
51961,0,9.0,Male,2.0,1,Married,2,0,0.0,1.0,0.0,117.06,1,1,0,0.1,1,11.706,0.0,0,1,1.4000000000000001,0.45
51962,0,24.0,Female,3.0,3,Married,3,0,1.0,4.0,17.0,263.07,0,1,1,0.16,0,10.5228,0.2,0,0,3.2000000000000006,0.3
51963,0,17.0,Male,2.0,4,Single,10,0,1.0,2.0,3.0,159.33,1,2,0,0.1111111111111111,1,8.851666666666667,0.3333333333333333,0,0,2.7,0.25
51964,0,0.0,Male,3.0,5,Single,8,0,0.0,1.0,1.0,134.24,1,2,0,1.0,1,134.24,0.0,0,0,2.4000000000000004,0.25
51965,0,6.0,Male,2.0,5,Married,2,0,0.0,1.0,8.0,140.37,1,1,0,0.14285714285714285,1,20.052857142857142,0.0,0,0,1.4000000000000001,0.25
51966,0,8.0,Female,2.0,5,Single,2,0,0.0,1.0,1.0,125.59,0,2,0,0.1111111111111111,1,13.954444444444444,0.0,0,0,1.4000000000000001,0.25
51967,0,9.0,Male,2.0,1,Married,2,1,3.0,4.0,11.0,162.01,1,1,1,0.4,0,16.201,0.6,0,1,2.9000000000000004,0.5
51968,0,5.0,Male,3.0,1,Married,3,0,0.0,1.0,3.0,144.03,1,1,0,0.16666666666666666,1,24.005,0.0,0,1,1.9000000000000001,0.45
51969,0,3.0,Male,3.0,1,Married,10,0,0.0,1.0,3.0,137.61,1,1,0,0.25,1,34.4025,0.0,0,1,2.6,0.45
51970,0,26.0,Female,3.0,1,Married,8,1,0.0,1.0,3.0,209.34,0,1,0,0.037037037037037035,1,7.753333333333334,0.0,0,1,2.4000000000000004,0.45
51971,0,18.0,Male,3.0,5,Married,5,1,0.0,1.0,2.0,207.61,1,1,0,0.05263157894736842,1,10.926842105263159,0.0,0,1,2.1,0.45
51972,0,5.0,Female,3.0,3,Married,6,0,1.0,1.0,3.0,151.75,0,1,0,0.16666666666666666,1,25.291666666666668,0.5,0,0,2.3000000000000003,0.25
51973,0,25.0,Female,2.0,1,Married,4,0,0.0,2.0,0.0,238.26,0,1,0,0.07692307692307693,1,9.163846153846153,0.0,0,1,2.0,0.45
51974,0,10.0,Male,3.0,3,Married,5,0,1.0,1.0,0.0,163.34,1,1,0,0.09090909090909091,1,14.84909090909091,0.5,0,0,2.2,0.25
51975,0,1.0,Male,3.0,1,Married,2,0,1.0,1.0,4.0,149.36,1,1,0,0.5,1,74.68,0.5,0,1,1.9000000000000001,0.45
51976,0,0.0,Male,2.0,1,Married,7,0,2.0,2.0,2.0,147.75,1,1,0,2.0,1,147.75,0.6666666666666666,0,1,2.5000000000000004,0.45
51977,0,17.0,Male,3.0,1,Married,3,1,1.0,1.0,2.0,128.18,1,1,0,0.05555555555555555,1,7.121111111111111,0.5,0,1,2.0,0.45
51978,0,15.0,Male,2.0,1,Single,6,1,1.0,2.0,2.0,125.15,1,2,0,0.125,1,7.821875,0.3333333333333333,0,1,2.3000000000000003,0.45
51979,0,9.0,Male,3.0,5,Married,1,0,0.0,1.0,3.0,123.42,1,1,0,0.1,1,12.342,0.0,0,0,1.7000000000000002,0.25
51980,0,0.0,Male,3.0,5,Married,2,1,0.0,1.0,3.0,141.94,1,1,0,1.0,1,141.94,0.0,0,1,1.8,0.45
51981,0,8.0,Female,3.0,3,Married,2,1,3.0,5.0,15.0,206.85,0,1,1,0.5555555555555556,0,22.983333333333334,0.5,0,1,3.7,0.5
51982,1,9.0,Female,3.0,4,Married,2,1,6.0,7.0,8.0,120.22,0,1,0,0.7,0,12.022,0.75,0,1,4.800000000000001,0.2
51983,0,5.0,Male,3.0,1,Married,1,0,1.0,1.0,2.0,123.14,1,1,0,0.16666666666666666,1,20.523333333333333,0.5,0,1,1.8000000000000003,0.45
51984,0,0.0,Male,2.0,5,Married,2,0,1.0,1.0,3.0,142.56,1,1,0,1.0,1,142.56,0.5,0,0,1.5000000000000002,0.25
51985,0,22.0,Female,2.0,5,Married,3,0,0.0,1.0,2.0,135.8,0,1,0,0.043478260869565216,1,5.904347826086957,0.0,0,0,1.5000000000000002,0.25
51986,0,0.0,Male,2.0,1,Married,1,0,0.0,3.0,4.0,131.62,1,1,0,3.0,0,131.62,0.0,0,1,2.1,0.2
51987,0,5.0,Male,2.0,4,Married,2,0,2.0,5.0,3.0,165.24,1,1,0,0.8333333333333334,0,27.540000000000003,0.3333333333333333,0,0,3.2,0.0
51988,0,11.0,Male,3.0,4,Married,1,0,0.0,1.0,2.0,128.99,1,1,0,0.08333333333333333,1,10.749166666666667,0.0,0,0,1.7000000000000002,0.25
51989,0,15.0,Female,3.0,1,Married,3,1,1.0,1.0,3.0,152.31,0,1,0,0.0625,1,9.519375,0.5,0,1,2.0,0.45
51990,0,4.0,Male,2.0,1,Married,4,1,0.0,1.0,2.0,123.56,1,1,0,0.2,1,24.712,0.0,0,1,1.6,0.45
51991,1,0.0,Female,3.0,3,Married,7,1,1.0,1.0,2.0,128.0,0,1,0,1.0,1,128.0,0.5,0,1,2.4000000000000004,0.45
51992,0,26.0,Male,3.0,1,Married,6,0,2.0,2.0,3.0,218.36,1,1,0,0.07407407407407407,1,8.087407407407408,0.6666666666666666,0,1,2.8000000000000003,0.45
51993,0,8.0,Male,3.0,4,Married,4,0,2.0,4.0,8.0,209.03,1,1,0,0.4444444444444444,0,23.225555555555555,0.4,0,0,3.4000000000000004,0.0
51994,0,10.0,Female,3.0,1,Married,6,0,1.0,1.0,0.0,129.73,0,1,0,0.09090909090909091,1,11.793636363636363,0.5,0,1,2.3000000000000003,0.45
51995,0,26.0,Female,3.0,1,Single,7,0,3.0,2.0,8.0,242.75,0,2,0,0.07407407407407407,1,8.99074074074074,1.0,0,1,3.0,0.45
51996,0,16.0,Female,2.0,1,Married,5,0,1.0,2.0,2.0,155.62,0,1,0,0.11764705882352941,1,9.154117647058824,0.3333333333333333,0,1,2.2,0.45
51997,0,20.0,Female,2.0,1,Married,1,1,3.0,7.0,7.0,145.37,0,1,0,0.3333333333333333,0,6.922380952380952,0.375,0,1,4.000000000000001,0.2
51998,0,10.0,Male,2.0,4,Single,2,1,0.0,1.0,9.0,176.42,1,2,0,0.09090909090909091,1,16.038181818181815,0.0,0,1,1.4000000000000001,0.45
51999,0,23.0,Male,3.0,5,Married,2,0,1.0,14.0,7.0,279.24,1,1,0,0.5833333333333334,0,11.635,0.06666666666666667,0,0,7.1000000000000005,0.0
52000,0,12.0,Female,2.0,1,Married,9,0,1.0,1.0,4.0,152.04,0,1,0,0.07692307692307693,1,11.695384615384615,0.5,0,1,2.2,0.45
52001,0,9.0,Male,2.0,4,Married,4,1,0.0,1.0,3.0,122.77,1,1,0,0.1,1,12.277,0.0,0,1,1.6,0.45
52002,1,0.0,Male,3.0,1,Single,2,1,0.0,1.0,1.0,127.95,1,2,0,1.0,1,127.95,0.0,0,1,1.8,0.45
52003,0,2.0,Female,3.0,1,Married,7,0,1.0,1.0,3.0,125.32,0,1,0,0.3333333333333333,1,41.77333333333333,0.5,0,1,2.4000000000000004,0.45
52004,0,17.0,Male,3.0,5,Married,2,1,5.0,7.0,1.0,125.59,1,1,0,0.3888888888888889,0,6.977222222222222,0.625,0,1,4.7,0.2
52005,0,1.0,Male,3.0,1,Single,2,0,0.0,1.0,2.0,149.08,1,2,0,0.5,1,74.54,0.0,0,1,1.8,0.45
52006,1,20.0,Male,2.0,1,Married,10,1,1.0,1.0,0.0,123.8,1,1,0,0.047619047619047616,1,5.895238095238095,0.5,0,1,2.3000000000000003,0.45
52007,0,16.0,Female,2.0,4,Married,5,0,1.0,1.0,0.0,147.65,0,1,0,0.058823529411764705,1,8.685294117647059,0.5,0,0,1.8000000000000003,0.25
52008,1,9.0,Female,2.0,3,Single,2,0,1.0,1.0,2.0,120.44,0,2,0,0.1,1,12.044,0.5,0,0,1.5000000000000002,0.25
52009,1,0.0,Female,3.0,1,Single,2,0,1.0,1.0,0.0,126.93,0,2,0,1.0,1,126.93,0.5,0,1,1.9000000000000001,0.45
52010,0,9.0,Male,3.0,1,Married,1,1,2.0,4.0,11.0,165.86,1,1,1,0.4,0,16.586000000000002,0.4,0,1,3.1000000000000005,0.5
52011,0,20.0,Female,3.0,1,Single,2,1,0.0,1.0,2.0,132.94,0,2,0,0.047619047619047616,1,6.33047619047619,0.0,0,1,1.8,0.45
52012,1,0.0,Female,2.0,3,Married,1,1,1.0,1.0,2.0,141.71,0,1,0,1.0,1,141.71,0.5,0,1,1.4000000000000004,0.45
52013,1,4.0,Female,3.0,1,Married,5,1,0.0,1.0,0.0,127.78,0,1,0,0.2,1,25.556,0.0,0,1,2.1,0.45
52014,0,1.0,Female,3.0,3,Married,6,0,0.0,2.0,2.0,123.77,0,1,0,1.0,1,61.885,0.0,0,0,2.6,0.25
52015,1,2.0,Male,3.0,5,Married,8,1,1.0,2.0,2.0,124.04,1,1,0,0.6666666666666666,1,41.34666666666667,0.3333333333333333,0,1,2.9,0.45
52016,0,0.0,Female,3.0,3,Single,2,0,0.0,1.0,0.0,123.18,0,2,0,1.0,1,123.18,0.0,0,0,1.8,0.25
52017,0,9.0,Male,2.0,4,Married,2,0,1.0,1.0,0.0,120.08,1,1,0,0.1,1,12.008,0.5,0,0,1.5000000000000002,0.25
52018,0,15.0,Female,3.0,3,Single,8,0,1.0,1.0,3.0,162.44,0,2,0,0.0625,1,10.1525,0.5,0,0,2.5000000000000004,0.25
52019,0,6.0,Male,3.0,5,Single,4,1,1.0,1.0,2.0,127.99,1,2,0,0.14285714285714285,1,18.284285714285712,0.5,0,1,2.1,0.45
52020,0,30.0,Female,2.0,4,Married,3,1,1.0,1.0,4.0,205.52,0,1,0,0.03225806451612903,1,6.629677419354839,0.5,0,1,1.6000000000000003,0.45
52021,0,4.0,Male,2.0,3,Married,4,0,2.0,5.0,2.0,123.29,1,1,0,1.0,0,24.658,0.3333333333333333,0,0,3.4,0.0
52022,0,8.0,Female,2.0,1,Married,2,1,0.0,1.0,7.0,140.14,0,1,0,0.1111111111111111,1,15.57111111111111,0.0,0,1,1.4000000000000001,0.45
52023,0,22.0,Female,2.0,4,Married,5,0,0.0,1.0,7.0,174.03,0,1,0,0.043478260869565216,1,7.566521739130435,0.0,0,0,1.7000000000000002,0.25
52024,0,9.0,Male,2.0,3,Married,5,0,1.0,1.0,0.0,122.59,1,1,0,0.1,1,12.259,0.5,0,0,1.8000000000000003,0.25
52025,0,4.0,Female,2.0,3,Married,2,0,1.0,1.0,0.0,169.32,0,1,0,0.2,1,33.864,0.5,0,0,1.5000000000000002,0.25
52026,0,9.0,Male,3.0,1,Single,3,0,1.0,1.0,1.0,146.78,1,2,0,0.1,1,14.678,0.5,0,1,2.0,0.45
52027,0,11.0,Female,3.0,5,Married,2,0,4.0,2.0,11.0,235.82,0,1,1,0.16666666666666666,1,19.651666666666667,1.3333333333333333,0,0,2.6,0.55
52028,0,5.0,Female,3.0,4,Married,7,0,0.0,1.0,2.0,123.32,0,1,0,0.16666666666666666,1,20.55333333333333,0.0,0,0,2.3000000000000003,0.25
52029,1,0.0,Male,2.0,4,Married,2,1,0.0,1.0,0.0,124.13,1,1,0,1.0,1,124.13,0.0,0,1,1.4000000000000001,0.45
52030,0,13.0,Male,3.0,4,Married,3,0,0.0,1.0,0.0,197.05,1,1,0,0.07142857142857142,1,14.075000000000001,0.0,0,0,1.9000000000000001,0.25
52031,0,0.0,Male,2.0,5,Single,2,0,0.0,1.0,7.0,142.94,1,2,0,1.0,1,142.94,0.0,0,0,1.4000000000000001,0.25
52032,0,14.0,Male,2.0,5,Single,3,1,1.0,2.0,17.0,147.21,1,2,1,0.13333333333333333,1,9.814,0.3333333333333333,0,1,2.0,0.75
52033,0,9.0,Male,3.0,3,Single,5,0,1.0,3.0,9.0,125.19,1,2,0,0.3,0,12.519,0.25,0,0,3.0000000000000004,0.0
52034,1,9.0,Male,2.0,4,Single,2,1,1.0,1.0,0.0,121.21,1,2,0,0.1,1,12.120999999999999,0.5,0,1,1.5000000000000002,0.45
52035,1,0.0,Male,3.0,5,Single,2,0,1.0,1.0,0.0,129.73,1,2,0,1.0,1,129.73,0.5,0,0,1.9000000000000001,0.25
52036,0,4.0,Female,2.0,1,Married,1,1,6.0,8.0,5.0,158.55,0,1,0,1.6,0,31.71,0.6666666666666666,0,1,4.699999999999999,0.2
52037,0,13.0,Male,2.0,4,Married,9,1,0.0,1.0,0.0,136.17,1,1,0,0.07142857142857142,1,9.72642857142857,0.0,0,1,2.1,0.45
52038,0,5.0,Female,3.0,5,Married,2,0,1.0,6.0,3.0,167.25,0,1,0,1.0,0,27.875,0.14285714285714285,0,0,3.900000000000001,0.0
52039,1,0.0,Male,2.0,1,Married,2,1,3.0,3.0,7.0,203.25,1,1,0,3.0,0,203.25,0.75,0,1,2.5,0.2
52040,0,6.0,Female,2.0,1,Single,1,0,1.0,1.0,4.0,169.49,0,2,0,0.14285714285714285,1,24.212857142857143,0.5,0,1,1.4000000000000004,0.45
52041,1,0.0,Male,2.0,3,Married,6,0,5.0,11.0,46.0,206.09,1,1,1,11.0,0,206.09,0.4166666666666667,0,0,6.300000000000001,0.3
52042,0,18.0,Male,2.0,4,Married,2,0,1.0,1.0,8.0,144.47,1,1,0,0.05263157894736842,1,7.603684210526316,0.5,0,0,1.5000000000000002,0.25
52043,0,9.0,Female,2.0,1,Married,2,0,0.0,1.0,2.0,121.57,0,1,0,0.1,1,12.157,0.0,0,1,1.4000000000000001,0.45
52044,0,8.0,Female,2.0,3,Married,2,0,1.0,1.0,0.0,146.01,0,1,0,0.1111111111111111,1,16.223333333333333,0.5,0,0,1.5000000000000002,0.25
52045,0,25.0,Male,3.0,1,Married,3,0,1.0,7.0,8.0,270.99,1,1,0,0.2692307692307692,0,10.422692307692309,0.125,0,1,4.3999999999999995,0.2
52046,1,20.0,Male,2.0,3,Single,5,0,0.0,1.0,0.0,124.79,1,2,0,0.047619047619047616,1,5.942380952380953,0.0,0,0,1.7000000000000002,0.25
52047,0,26.0,Male,2.0,3,Married,7,0,11.0,2.0,2.0,248.52,1,1,0,0.07407407407407407,1,9.204444444444444,3.6666666666666665,0,0,3.4000000000000004,0.25
52048,0,3.0,Male,3.0,3,Married,6,0,2.0,7.0,7.0,172.64,1,1,0,1.75,0,43.16,0.25,0,0,4.8,0.0
52049,0,11.0,Female,2.0,1,Single,2,1,1.0,1.0,3.0,156.66,0,2,0,0.08333333333333333,1,13.055,0.5,0,1,1.5000000000000002,0.45
52050,0,8.0,Male,3.0,1,Married,7,0,0.0,1.0,8.0,178.23,1,1,0,0.1111111111111111,1,19.80333333333333,0.0,0,1,2.3000000000000003,0.45
52051,0,12.0,Male,2.0,3,Single,1,0,0.0,1.0,7.0,178.8,1,2,0,0.07692307692307693,1,13.753846153846155,0.0,0,0,1.3000000000000003,0.25
52052,1,3.0,Female,3.0,4,Single,5,1,1.0,2.0,0.0,231.94,0,2,0,0.5,1,57.985,0.3333333333333333,0,1,2.6,0.45
52053,0,20.0,Male,3.0,3,Married,2,1,1.0,2.0,7.0,150.67,1,1,0,0.09523809523809523,1,7.174761904761904,0.3333333333333333,0,1,2.3000000000000003,0.45
52054,0,9.0,Male,2.0,1,Married,5,0,1.0,1.0,7.0,150.79,1,1,0,0.1,1,15.078999999999999,0.5,0,1,1.8000000000000003,0.45
52055,1,0.0,Male,2.0,5,Single,1,1,0.0,1.0,2.0,123.21,1,2,0,1.0,1,123.21,0.0,0,1,1.3000000000000003,0.45
52056,0,6.0,Male,2.0,3,Single,2,0,1.0,6.0,0.0,274.44,1,2,0,0.8571428571428571,0,39.205714285714286,0.14285714285714285,0,0,3.5000000000000004,0.0
52057,1,0.0,Female,3.0,5,Single,7,1,1.0,1.0,0.0,124.04,0,2,0,1.0,1,124.04,0.5,0,1,2.4000000000000004,0.45
52058,0,6.0,Female,2.0,1,Single,4,0,1.0,1.0,2.0,134.52,0,2,0,0.14285714285714285,1,19.217142857142857,0.5,0,1,1.7000000000000002,0.45
52059,0,9.0,Female,3.0,1,Married,4,0,1.0,1.0,2.0,122.7,0,1,0,0.1,1,12.27,0.5,0,1,2.1,0.45
52060,0,23.0,Male,3.0,1,Married,10,0,1.0,1.0,3.0,273.99,1,1,0,0.041666666666666664,1,11.41625,0.5,0,1,2.7,0.45
52061,0,6.0,Female,2.0,4,Married,2,1,1.0,1.0,2.0,154.88,0,1,0,0.14285714285714285,1,22.125714285714285,0.5,0,1,1.5000000000000002,0.45
52062,0,14.0,Male,3.0,3,Married,3,0,0.0,1.0,11.0,294.19,1,1,1,0.06666666666666667,1,19.612666666666666,0.0,0,0,1.9000000000000001,0.55
52063,0,0.0,Female,3.0,4,Married,10,0,2.0,2.0,2.0,128.11,0,1,0,2.0,1,128.11,0.6666666666666666,0,0,3.2,0.25
52064,0,18.0,Male,2.0,5,Married,2,1,1.0,1.0,8.0,136.33,1,1,0,0.05263157894736842,1,7.1752631578947375,0.5,0,1,1.5000000000000002,0.45
52065,0,20.0,Female,2.0,1,Single,2,1,1.0,1.0,7.0,141.63,0,2,0,0.047619047619047616,1,6.744285714285714,0.5,0,1,1.5000000000000002,0.45
52066,1,9.0,Female,2.0,3,Married,5,1,0.0,1.0,1.0,121.32,0,1,0,0.1,1,12.132,0.0,0,1,1.7000000000000002,0.45
52067,0,23.0,Male,3.0,3,Married,4,1,1.0,2.0,5.0,239.73,1,1,0,0.08333333333333333,1,9.98875,0.3333333333333333,0,1,2.5,0.45
52068,0,11.0,Male,3.0,3,Married,1,0,0.0,1.0,2.0,126.84,1,1,0,0.08333333333333333,1,10.57,0.0,0,0,1.7000000000000002,0.25
52069,0,19.0,Male,3.0,3,Married,7,0,1.0,1.0,7.0,208.45,1,1,0,0.05,1,10.4225,0.5,0,0,2.4000000000000004,0.25
52070,0,0.0,Female,2.0,3,Married,2,0,0.0,3.0,2.0,143.77,0,1,0,3.0,0,143.77,0.0,0,0,2.2,0.0
52071,1,0.0,Male,2.0,4,Married,2,1,1.0,1.0,2.0,137.43,1,1,0,1.0,1,137.43,0.5,0,1,1.5000000000000002,0.45
52072,0,4.0,Female,3.0,5,Married,2,0,1.0,1.0,3.0,141.48,0,1,0,0.2,1,28.296,0.5,0,0,1.9000000000000001,0.25
52073,0,0.0,Male,3.0,1,Single,2,0,0.0,1.0,0.0,110.51,1,2,0,1.0,1,110.51,0.0,0,1,1.8,0.45
52074,0,27.0,Female,2.0,3,Married,9,0,0.0,1.0,8.0,207.39,0,1,0,0.03571428571428571,1,7.406785714285713,0.0,0,0,2.1,0.25
52075,0,8.0,Female,2.0,3,Married,2,1,0.0,10.0,1.0,203.88,0,1,0,1.1111111111111112,0,22.653333333333332,0.0,0,1,5.0,0.2
52076,0,3.0,Female,3.0,5,Married,1,1,0.0,1.0,3.0,214.16,0,1,0,0.25,1,53.54,0.0,0,1,1.7000000000000002,0.45
52077,1,0.0,Female,3.0,5,Single,2,1,1.0,1.0,0.0,126.0,0,2,0,1.0,1,126.0,0.5,0,1,1.9000000000000001,0.45
52078,1,0.0,Female,2.0,4,Single,1,0,0.0,1.0,2.0,124.22,0,2,0,1.0,1,124.22,0.0,0,0,1.3000000000000003,0.25
52079,0,0.0,Male,2.0,1,Married,2,0,1.0,1.0,3.0,154.72,1,1,0,1.0,1,154.72,0.5,0,1,1.5000000000000002,0.45
52080,0,0.0,Male,3.0,5,Married,2,0,0.0,1.0,1.0,124.51,1,1,0,1.0,1,124.51,0.0,0,0,1.8,0.25
52081,0,21.0,Male,3.0,3,Single,3,0,0.0,2.0,2.0,142.4,1,2,0,0.09090909090909091,1,6.472727272727273,0.0,0,0,2.3,0.25
52082,0,21.0,Male,3.0,3,Single,8,0,1.0,4.0,3.0,209.99,1,2,0,0.18181818181818182,0,9.545,0.2,0,0,3.7000000000000006,0.0
52083,0,14.0,Female,2.0,3,Single,7,0,2.0,2.0,1.0,150.03,0,2,0,0.13333333333333333,1,10.002,0.6666666666666666,0,0,2.5000000000000004,0.25
52084,0,12.0,Female,3.0,1,Married,2,0,9.0,11.0,3.0,227.42,0,1,0,0.8461538461538461,0,17.493846153846153,0.75,0,1,6.700000000000001,0.2
52085,0,0.0,Female,2.0,1,Married,1,0,2.0,2.0,2.0,142.27,0,1,0,2.0,1,142.27,0.6666666666666666,0,1,1.9000000000000001,0.45
52086,0,8.0,Male,2.0,1,Married,2,0,0.0,1.0,2.0,139.17,1,1,0,0.1111111111111111,1,15.463333333333331,0.0,0,1,1.4000000000000001,0.45
52087,0,0.0,Male,2.0,3,Married,7,0,1.0,1.0,0.0,283.03,1,1,0,1.0,1,283.03,0.5,0,0,2.0000000000000004,0.25
52088,0,23.0,Male,3.0,1,Married,5,0,1.0,1.0,0.0,123.8,1,1,0,0.041666666666666664,1,5.158333333333333,0.5,0,1,2.2,0.45
52089,0,30.0,Female,3.0,1,Single,4,1,4.0,2.0,3.0,237.26,0,2,0,0.06451612903225806,1,7.653548387096774,1.3333333333333333,0,1,2.8,0.45
52090,1,0.0,Female,3.0,4,Married,6,0,1.0,1.0,0.0,147.77,0,1,0,1.0,1,147.77,0.5,0,0,2.3000000000000003,0.25
52091,0,28.0,Male,3.0,4,Married,4,1,2.0,6.0,7.0,163.85,1,1,0,0.20689655172413793,0,5.6499999999999995,0.2857142857142857,0,1,4.200000000000001,0.2
52092,0,14.0,Female,2.0,3,Married,2,0,5.0,5.0,10.0,299.73,0,1,0,0.3333333333333333,0,19.982000000000003,0.8333333333333334,0,0,3.5,0.0
52093,0,11.0,Male,2.0,1,Single,9,1,1.0,1.0,0.0,168.61,1,2,0,0.08333333333333333,1,14.050833333333335,0.5,0,1,2.2,0.45
52094,1,0.0,Male,3.0,5,Single,9,0,1.0,2.0,2.0,149.69,1,2,0,2.0,1,149.69,0.3333333333333333,0,0,3.0,0.25
52095,1,15.0,Female,2.0,1,Married,2,0,3.0,6.0,9.0,298.45,0,1,0,0.375,0,18.653125,0.42857142857142855,0,1,3.7,0.2
52096,0,17.0,Female,2.0,1,Married,4,1,4.0,2.0,11.0,233.2,0,1,1,0.1111111111111111,1,12.955555555555556,1.3333333333333333,0,1,2.4,0.75
52097,0,23.0,Female,3.0,3,Married,1,0,0.0,1.0,13.0,163.47,0,1,1,0.041666666666666664,1,6.81125,0.0,0,0,1.7000000000000002,0.55
52098,1,0.0,Female,3.0,5,Single,2,0,3.0,15.0,14.0,127.43,0,2,1,15.0,0,127.43,0.1875,0,0,7.7,0.3
52099,0,12.0,Female,2.0,5,Single,2,1,1.0,2.0,8.0,208.8,0,2,0,0.15384615384615385,1,16.06153846153846,0.3333333333333333,0,1,1.9000000000000001,0.45
52100,0,6.0,Female,2.0,1,Single,1,0,0.0,2.0,2.0,123.42,0,2,0,0.2857142857142857,1,17.63142857142857,0.0,0,1,1.7000000000000002,0.45
52101,0,18.0,Female,2.0,1,Married,4,0,1.0,1.0,1.0,276.5,0,1,0,0.05263157894736842,1,14.552631578947368,0.5,0,1,1.7000000000000002,0.45
52102,0,5.0,Female,3.0,3,Single,10,0,6.0,7.0,7.0,140.25,0,2,0,1.1666666666666667,0,23.375,0.75,0,0,5.6,0.0
52103,0,7.0,Male,3.0,1,Married,1,0,0.0,1.0,9.0,197.25,1,1,0,0.125,1,24.65625,0.0,0,1,1.7000000000000002,0.45
52104,0,30.0,Male,3.0,1,Married,4,1,1.0,1.0,3.0,219.04,1,1,0,0.03225806451612903,1,7.065806451612903,0.5,0,1,2.1,0.45
52105,0,9.0,Male,2.0,4,Single,2,0,0.0,1.0,4.0,121.77,1,2,0,0.1,1,12.177,0.0,0,0,1.4000000000000001,0.25
52106,0,26.0,Female,2.0,4,Married,3,0,5.0,6.0,12.0,175.25,0,1,1,0.2222222222222222,0,6.4907407407407405,0.7142857142857143,0,0,4.0,0.3
52107,1,0.0,Male,2.0,3,Married,8,0,0.0,1.0,0.0,148.34,1,1,0,1.0,1,148.34,0.0,0,0,2.0,0.25
52108,1,9.0,Male,2.0,5,Married,7,1,0.0,1.0,2.0,120.42,1,1,0,0.1,1,12.042,0.0,0,1,1.9000000000000004,0.45
52109,0,9.0,Female,2.0,3,Married,2,1,0.0,1.0,0.0,122.2,0,1,0,0.1,1,12.22,0.0,0,1,1.4000000000000001,0.45
52110,0,1.0,Male,3.0,4,Married,2,0,0.0,1.0,0.0,110.52,1,1,0,0.5,1,55.26,0.0,0,0,1.8,0.25
52111,0,11.0,Male,3.0,3,Married,4,0,2.0,2.0,2.0,128.21,1,1,0,0.16666666666666666,1,10.684166666666668,0.6666666666666666,0,0,2.6,0.25
52112,0,23.0,Male,3.0,3,Married,3,1,4.0,7.0,7.0,292.37,1,1,0,0.2916666666666667,0,12.182083333333333,0.5,0,1,4.7,0.2
52113,0,10.0,Female,2.0,4,Single,4,0,1.0,1.0,1.0,141.07,0,2,0,0.09090909090909091,1,12.824545454545454,0.5,0,0,1.7000000000000002,0.25
52114,0,13.0,Male,3.0,5,Married,2,0,3.0,7.0,5.0,183.96,1,1,0,0.5,0,13.14,0.375,0,0,4.5,0.0
52115,0,9.0,Female,3.0,3,Married,2,0,0.0,1.0,3.0,120.07,0,1,0,0.1,1,12.007,0.0,0,0,1.8,0.25
52116,0,19.0,Male,2.0,1,Married,10,0,1.0,2.0,2.0,296.27,1,1,0,0.1,1,14.8135,0.3333333333333333,0,1,2.7,0.45
52117,0,27.0,Female,2.0,3,Married,7,0,6.0,7.0,0.0,206.86,0,1,0,0.25,0,7.387857142857143,0.75,0,0,4.9,0.0
52118,0,29.0,Female,3.0,3,Married,3,0,1.0,1.0,3.0,129.42,0,1,0,0.03333333333333333,1,4.313999999999999,0.5,0,0,2.0,0.25
52119,0,9.0,Female,2.0,1,Single,1,0,5.0,7.0,8.0,188.58,0,2,0,0.7,0,18.858,0.625,0,1,4.200000000000001,0.2
52120,0,28.0,Male,2.0,5,Single,8,0,1.0,6.0,2.0,267.56,1,2,0,0.20689655172413793,0,9.226206896551725,0.14285714285714285,0,0,4.1,0.0
52121,0,16.0,Male,3.0,1,Married,6,0,1.0,1.0,0.0,207.98,1,1,0,0.058823529411764705,1,12.234117647058824,0.5,0,1,2.3000000000000003,0.45
52122,1,0.0,Female,2.0,1,Single,2,1,1.0,1.0,2.0,123.23,0,2,0,1.0,1,123.23,0.5,0,1,1.5000000000000002,0.45
52123,1,9.0,Female,2.0,5,Single,2,0,0.0,1.0,0.0,114.16,0,2,0,0.1,1,11.416,0.0,0,0,1.4000000000000001,0.25
52124,0,19.0,Female,3.0,5,Married,9,1,1.0,1.0,7.0,146.15,0,1,0,0.05,1,7.3075,0.5,0,1,2.6,0.45
52125,1,14.0,Male,2.0,3,Married,10,1,0.0,2.0,7.0,124.61,1,1,0,0.13333333333333333,1,8.307333333333334,0.0,0,1,2.6,0.45
52126,1,0.0,Male,3.0,5,Single,2,0,1.0,1.0,9.0,187.22,1,2,0,1.0,1,187.22,0.5,0,0,1.9000000000000001,0.25
52127,0,0.0,Male,2.0,5,Married,2,0,1.0,1.0,3.0,139.55,1,1,0,1.0,1,139.55,0.5,0,0,1.5000000000000002,0.25
52128,0,3.0,Male,2.0,5,Married,1,0,0.0,1.0,2.0,199.57,1,1,0,0.25,1,49.8925,0.0,0,0,1.3000000000000003,0.25
52129,0,14.0,Female,2.0,3,Married,2,0,0.0,1.0,8.0,133.76,0,1,0,0.06666666666666667,1,8.917333333333334,0.0,0,0,1.4000000000000001,0.25
52130,0,11.0,Female,3.0,3,Married,1,0,1.0,1.0,9.0,188.23,0,1,0,0.08333333333333333,1,15.685833333333333,0.5,0,0,1.8000000000000003,0.25
52131,0,13.0,Male,3.0,1,Married,5,0,3.0,11.0,1.0,203.22,1,1,0,0.7857142857142857,0,14.515714285714285,0.25,0,1,6.4,0.2
52132,0,0.0,Male,2.0,3,Married,2,0,1.0,1.0,2.0,146.21,1,1,0,1.0,1,146.21,0.5,0,0,1.5000000000000002,0.25
52133,0,28.0,Male,3.0,4,Married,4,0,0.0,1.0,3.0,209.76,1,1,0,0.034482758620689655,1,7.233103448275862,0.0,0,0,2.0,0.25
52134,0,1.0,Female,2.0,3,Single,4,0,0.0,1.0,7.0,136.6,0,2,0,0.5,1,68.3,0.0,0,0,1.6,0.25
52135,1,7.0,Male,3.0,5,Married,10,0,2.0,3.0,6.0,204.82,1,1,0,0.375,0,25.6025,0.5,0,0,3.6000000000000005,0.0
52136,0,6.0,Male,2.0,1,Married,5,0,1.0,1.0,2.0,171.19,1,1,0,0.14285714285714285,1,24.455714285714286,0.5,0,1,1.8000000000000003,0.45
52137,1,0.0,Male,2.0,5,Single,1,1,2.0,4.0,7.0,195.82,1,2,0,4.0,0,195.82,0.4,0,1,2.7000000000000006,0.2
52138,1,0.0,Female,2.0,3,Single,2,0,2.0,3.0,8.0,145.08,0,2,0,3.0,0,145.08,0.5,0,0,2.4000000000000004,0.0
52139,0,9.0,Male,2.0,3,Married,2,0,0.0,2.0,2.0,122.07,1,1,0,0.2,1,12.206999999999999,0.0,0,0,1.8,0.25
52140,0,7.0,Male,2.0,1,Single,1,0,1.0,1.0,4.0,177.56,1,2,0,0.125,1,22.195,0.5,0,1,1.4000000000000004,0.45
52141,0,10.0,Female,2.0,1,Married,3,1,1.0,1.0,0.0,166.94,0,1,0,0.09090909090909091,1,15.176363636363636,0.5,0,1,1.6000000000000003,0.45
52142,1,0.0,Male,2.0,1,Married,2,1,4.0,5.0,6.0,136.91,1,1,0,5.0,0,136.91,0.6666666666666666,0,1,3.4,0.2
52143,1,0.0,Male,2.0,3,Married,2,0,1.0,1.0,0.0,123.77,1,1,0,1.0,1,123.77,0.5,0,0,1.5000000000000002,0.25
52144,1,0.0,Male,2.0,4,Single,5,1,1.0,2.0,2.0,123.13,1,2,0,2.0,1,123.13,0.3333333333333333,0,1,2.2,0.45
52145,0,15.0,Male,2.0,5,Married,1,0,1.0,13.0,7.0,276.65,1,1,0,0.8125,0,17.290625,0.07142857142857142,0,0,6.199999999999999,0.0
52146,1,0.0,Male,2.0,4,Married,2,0,1.0,1.0,0.0,125.96,1,1,0,1.0,1,125.96,0.5,0,0,1.5000000000000002,0.25
52147,1,13.0,Male,2.0,3,Single,4,1,1.0,1.0,0.0,147.28,1,2,0,0.07142857142857142,1,10.52,0.5,0,1,1.7000000000000002,0.45
52148,0,6.0,Female,1.0,4,Married,1,0,0.0,1.0,2.0,143.02,0,1,0,0.14285714285714285,1,20.431428571428572,0.0,1,0,0.9,0.5
52149,0,7.0,Male,3.0,1,Married,4,0,0.0,1.0,0.0,129.79,1,1,0,0.125,1,16.22375,0.0,0,1,2.0,0.45
52150,0,21.0,Male,2.0,1,Single,3,0,1.0,2.0,1.0,268.85,1,2,0,0.09090909090909091,1,12.220454545454546,0.3333333333333333,0,1,2.0,0.45
52151,0,18.0,Female,3.0,3,Married,2,0,4.0,4.0,12.0,155.93,0,1,1,0.21052631578947367,0,8.206842105263158,0.8,0,0,3.4000000000000004,0.3
52152,0,25.0,Male,2.0,4,Single,8,0,2.0,4.0,0.0,204.45,1,2,0,0.15384615384615385,0,7.863461538461538,0.4,0,0,3.4000000000000004,0.0
52153,0,11.0,Male,3.0,3,Married,1,1,1.0,2.0,7.0,187.4,1,1,0,0.16666666666666666,1,15.616666666666667,0.3333333333333333,0,1,2.2,0.45
52154,0,2.0,Female,3.0,1,Married,5,0,1.0,1.0,7.0,125.14,0,1,0,0.3333333333333333,1,41.71333333333333,0.5,0,1,2.2,0.45
52155,0,1.0,Female,3.0,4,Married,1,0,0.0,1.0,7.0,176.55,0,1,0,0.5,1,88.275,0.0,0,0,1.7000000000000002,0.25
52156,0,19.0,Male,2.0,3,Married,4,0,1.0,4.0,9.0,274.65,1,1,0,0.2,0,13.732499999999998,0.2,0,0,2.9000000000000004,0.0
52157,0,11.0,Male,2.0,4,Single,8,0,1.0,1.0,0.0,173.51,1,2,0,0.08333333333333333,1,14.459166666666667,0.5,0,0,2.1,0.25
52158,0,16.0,Female,2.0,5,Married,9,0,1.0,1.0,1.0,208.2,0,1,0,0.058823529411764705,1,12.24705882352941,0.5,0,0,2.2,0.25
52159,1,2.0,Male,2.0,1,Married,8,0,10.0,11.0,3.0,221.69,1,1,0,3.6666666666666665,0,73.89666666666666,0.8333333333333334,0,1,7.0,0.2
52160,0,13.0,Male,2.0,3,Single,2,0,3.0,4.0,9.0,296.26,1,2,0,0.2857142857142857,0,21.16142857142857,0.6,0,0,2.9000000000000004,0.0
52161,0,9.0,Female,3.0,4,Single,2,1,1.0,2.0,2.0,120.7,0,2,0,0.2,1,12.07,0.3333333333333333,0,1,2.3000000000000003,0.45
52162,0,12.0,Male,3.0,4,Single,10,0,1.0,1.0,3.0,167.82,1,2,0,0.07692307692307693,1,12.909230769230769,0.5,0,0,2.7,0.25
52163,0,9.0,Male,3.0,1,Single,3,0,0.0,1.0,9.0,177.79,1,2,0,0.1,1,17.779,0.0,0,1,1.9000000000000001,0.45
52164,0,4.0,Male,3.0,1,Married,1,0,2.0,2.0,2.0,127.91,1,1,0,0.4,1,25.582,0.6666666666666666,0,1,2.3000000000000003,0.45
52165,0,1.0,Male,3.0,4,Married,1,0,0.0,1.0,4.0,132.01,1,1,0,0.5,1,66.005,0.0,0,0,1.7000000000000002,0.25
52166,0,8.0,Male,2.0,1,Married,2,0,1.0,1.0,2.0,149.68,1,1,0,0.1111111111111111,1,16.63111111111111,0.5,0,1,1.5000000000000002,0.45
52167,0,22.0,Male,2.0,4,Married,7,0,1.0,2.0,3.0,231.2,1,1,0,0.08695652173913043,1,10.052173913043477,0.3333333333333333,0,0,2.4000000000000004,0.25
52168,0,7.0,Male,3.0,3,Single,3,0,1.0,1.0,2.0,140.33,1,2,0,0.125,1,17.54125,0.5,0,0,2.0,0.25
52169,0,2.0,Female,3.0,4,Married,1,0,0.0,1.0,1.0,132.91,0,1,0,0.3333333333333333,1,44.303333333333335,0.0,0,0,1.7000000000000002,0.25
52170,0,15.0,Male,2.0,1,Single,5,0,1.0,1.0,0.0,142.72,1,2,0,0.0625,1,8.92,0.5,0,1,1.8000000000000003,0.45
52171,0,2.0,Male,3.0,1,Married,2,1,1.0,1.0,2.0,150.56,1,1,0,0.3333333333333333,1,50.18666666666667,0.5,0,1,1.9000000000000001,0.45
52172,0,11.0,Male,3.0,3,Married,2,0,3.0,5.0,0.0,128.44,1,1,0,0.4166666666666667,0,10.703333333333333,0.5,0,0,3.7,0.0
52173,0,1.0,Male,3.0,3,Married,2,1,1.0,1.0,2.0,127.03,1,1,0,0.5,1,63.515,0.5,0,1,1.9000000000000001,0.45
52174,1,9.0,Male,3.0,3,Single,2,0,1.0,1.0,0.0,119.04,1,2,0,0.1,1,11.904,0.5,0,0,1.9000000000000001,0.25
52175,1,0.0,Female,3.0,5,Single,4,1,0.0,1.0,3.0,182.24,0,2,0,1.0,1,182.24,0.0,0,1,2.0,0.45
52176,0,14.0,Male,2.0,1,Married,4,1,1.0,1.0,0.0,147.66,1,1,0,0.06666666666666667,1,9.844,0.5,0,1,1.7000000000000002,0.45
52177,1,0.0,Male,3.0,3,Married,2,0,1.0,2.0,2.0,126.1,1,1,0,2.0,1,126.1,0.3333333333333333,0,0,2.3000000000000003,0.25
52178,0,10.0,Female,2.0,1,Married,8,0,1.0,1.0,3.0,157.31,0,1,0,0.09090909090909091,1,14.30090909090909,0.5,0,1,2.1,0.45
52179,0,0.0,Male,2.0,3,Married,2,0,1.0,2.0,2.0,125.39,1,1,0,2.0,1,125.39,0.3333333333333333,0,0,1.9000000000000001,0.25
52180,0,7.0,Female,3.0,3,Married,2,0,0.0,1.0,3.0,157.14,0,1,0,0.125,1,19.6425,0.0,0,0,1.8,0.25
52181,0,8.0,Male,3.0,3,Single,2,0,0.0,1.0,4.0,143.23,1,2,0,0.1111111111111111,1,15.914444444444444,0.0,0,0,1.8,0.25
52182,1,0.0,Female,2.0,5,Married,2,0,1.0,3.0,10.0,173.36,0,1,0,3.0,0,173.36,0.25,0,0,2.3000000000000003,0.0
52183,0,13.0,Female,2.0,3,Single,10,0,1.0,2.0,13.0,234.99,0,2,1,0.14285714285714285,1,16.785,0.3333333333333333,0,0,2.7,0.55
52184,1,5.0,Male,2.0,5,Single,1,1,2.0,2.0,14.0,237.58,1,2,1,0.3333333333333333,1,39.59666666666667,0.6666666666666666,0,1,1.9000000000000001,0.75
52185,0,15.0,Male,2.0,5,Single,8,0,1.0,1.0,5.0,151.55,1,2,0,0.0625,1,9.471875,0.5,0,0,2.1,0.25
52186,0,9.0,Male,2.0,3,Married,7,0,1.0,1.0,7.0,122.58,1,1,0,0.1,1,12.258,0.5,0,0,2.0000000000000004,0.25
52187,0,0.0,Male,2.0,4,Single,9,0,0.0,1.0,2.0,135.97,1,2,0,1.0,1,135.97,0.0,0,0,2.1,0.25
52188,1,0.0,Female,3.0,1,Married,2,1,1.0,1.0,0.0,125.15,0,1,0,1.0,1,125.15,0.5,0,1,1.9000000000000001,0.45
52189,0,0.0,Male,2.0,1,Married,2,0,1.0,1.0,7.0,144.2,1,1,0,1.0,1,144.2,0.5,0,1,1.5000000000000002,0.45
52190,0,3.0,Male,3.0,3,Married,2,0,0.0,1.0,4.0,165.78,1,1,0,0.25,1,41.445,0.0,0,0,1.8,0.25
52191,0,13.0,Female,3.0,1,Married,4,1,0.0,1.0,0.0,144.22,0,1,0,0.07142857142857142,1,10.301428571428572,0.0,0,1,2.0,0.45
52192,0,8.0,Male,2.0,4,Married,3,0,2.0,6.0,4.0,202.74,1,1,0,0.6666666666666666,0,22.526666666666667,0.2857142857142857,0,0,3.7,0.0
52193,0,7.0,Male,3.0,5,Single,1,0,0.0,4.0,9.0,153.43,1,2,0,0.5,0,19.17875,0.0,0,0,2.9000000000000004,0.0
52194,0,8.0,Male,2.0,1,Married,2,0,1.0,2.0,2.0,123.76,1,1,0,0.2222222222222222,1,13.751111111111111,0.3333333333333333,0,1,1.9000000000000001,0.45
52195,1,6.0,Female,2.0,3,Single,9,0,0.0,1.0,3.0,153.46,0,2,0,0.14285714285714285,1,21.922857142857143,0.0,0,0,2.1,0.25
52196,0,5.0,Female,3.0,5,Married,2,0,1.0,1.0,0.0,128.27,0,1,0,0.16666666666666666,1,21.378333333333334,0.5,0,0,1.9000000000000001,0.25
52197,0,29.0,Female,3.0,5,Married,5,0,4.0,4.0,2.0,299.43,0,1,0,0.13333333333333333,0,9.981,0.8,0,0,3.7,0.0
52198,0,2.0,Female,3.0,1,Married,2,0,0.0,1.0,8.0,131.31,0,1,0,0.3333333333333333,1,43.77,0.0,0,1,1.8,0.45
52199,0,0.0,Male,2.0,5,Single,2,0,0.0,1.0,0.0,125.52,1,2,0,1.0,1,125.52,0.0,0,0,1.4000000000000001,0.25
52200,0,18.0,Female,2.0,3,Married,5,1,0.0,1.0,2.0,144.77,0,1,0,0.05263157894736842,1,7.619473684210527,0.0,0,1,1.7000000000000002,0.45
52201,0,10.0,Female,2.0,1,Married,2,0,0.0,3.0,11.0,164.74,0,1,1,0.2727272727272727,0,14.976363636363637,0.0,0,1,2.2,0.5
52202,0,0.0,Male,3.0,3,Single,2,0,0.0,1.0,2.0,130.33,1,2,0,1.0,1,130.33,0.0,0,0,1.8,0.25
52203,1,7.0,Male,3.0,3,Single,2,1,1.0,1.0,2.0,129.36,1,2,0,0.125,1,16.17,0.5,0,1,1.9000000000000001,0.45
52204,0,26.0,Female,2.0,3,Married,4,0,1.0,4.0,7.0,286.06,0,1,0,0.14814814814814814,0,10.594814814814814,0.2,0,0,2.9000000000000004,0.0
52205,0,9.0,Female,3.0,1,Married,1,1,1.0,1.0,3.0,121.68,0,1,0,0.1,1,12.168000000000001,0.5,0,1,1.8000000000000003,0.45
52206,1,0.0,Male,3.0,1,Married,1,1,0.0,1.0,0.0,128.53,1,1,0,1.0,1,128.53,0.0,0,1,1.7000000000000002,0.45
52207,0,19.0,Female,3.0,5,Married,9,0,1.0,15.0,9.0,270.48,0,1,0,0.75,0,13.524000000000001,0.0625,0,0,8.2,0.0
52208,0,9.0,Male,3.0,3,Single,3,0,1.0,1.0,0.0,122.9,1,2,0,0.1,1,12.290000000000001,0.5,0,0,2.0,0.25
52209,0,6.0,Male,3.0,3,Married,2,0,1.0,1.0,4.0,136.0,1,1,0,0.14285714285714285,1,19.428571428571427,0.5,0,0,1.9000000000000001,0.25
52210,1,9.0,Male,3.0,5,Married,7,0,0.0,1.0,0.0,121.07,1,1,0,0.1,1,12.107,0.0,0,0,2.3000000000000003,0.25
52211,0,3.0,Male,3.0,5,Married,9,0,1.0,1.0,3.0,141.15,1,1,0,0.25,1,35.2875,0.5,0,0,2.6,0.25
52212,0,13.0,Male,3.0,4,Married,6,0,1.0,1.0,0.0,143.27,1,1,0,0.07142857142857142,1,10.233571428571429,0.5,0,0,2.3000000000000003,0.25
52213,0,23.0,Female,1.0,5,Married,3,0,1.0,2.0,2.0,278.56,0,1,0,0.08333333333333333,1,11.606666666666667,0.3333333333333333,1,0,1.6000000000000003,0.5
52214,0,1.0,Male,3.0,5,Married,2,0,1.0,3.0,3.0,131.96,1,1,0,1.5,0,65.98,0.25,0,0,2.7000000000000006,0.0
52215,0,19.0,Male,2.0,4,Married,6,0,1.0,1.0,3.0,290.81,1,1,0,0.05,1,14.5405,0.5,0,0,1.9000000000000004,0.25
52216,0,8.0,Male,3.0,5,Married,4,1,0.0,1.0,7.0,189.66,1,1,0,0.1111111111111111,1,21.073333333333334,0.0,0,1,2.0,0.45
52217,1,9.0,Female,3.0,4,Married,2,0,1.0,1.0,0.0,122.1,0,1,0,0.1,1,12.209999999999999,0.5,0,0,1.9000000000000001,0.25
52218,0,6.0,Female,2.0,3,Married,2,0,0.0,1.0,1.0,145.39,0,1,0,0.14285714285714285,1,20.77,0.0,0,0,1.4000000000000001,0.25
52219,0,9.0,Male,3.0,3,Married,2,0,1.0,1.0,7.0,127.41,1,1,0,0.1,1,12.741,0.5,0,0,1.9000000000000001,0.25
52220,0,3.0,Male,2.0,3,Married,2,0,4.0,8.0,9.0,134.91,1,1,0,2.0,0,33.7275,0.4444444444444444,0,0,4.6000000000000005,0.0
52221,0,17.0,Male,2.0,1,Single,2,0,6.0,13.0,17.0,145.41,1,2,1,0.7222222222222222,0,8.078333333333333,0.42857142857142855,0,1,6.800000000000001,0.5
52222,0,0.0,Male,3.0,1,Single,2,0,2.0,2.0,2.0,126.78,1,2,0,2.0,1,126.78,0.6666666666666666,0,1,2.4000000000000004,0.45
52223,0,19.0,Male,2.0,1,Married,3,0,0.0,1.0,4.0,173.79,1,1,0,0.05,1,8.689499999999999,0.0,0,1,1.5000000000000002,0.45
52224,0,15.0,Male,3.0,5,Married,8,0,1.0,1.0,3.0,162.72,1,1,0,0.0625,1,10.17,0.5,0,0,2.5000000000000004,0.25
52225,0,30.0,Male,2.0,1,Married,1,1,0.0,1.0,9.0,152.2,1,1,0,0.03225806451612903,1,4.909677419354838,0.0,0,1,1.3000000000000003,0.45
52226,0,5.0,Female,3.0,4,Married,2,0,2.0,2.0,2.0,134.0,0,1,0,0.3333333333333333,1,22.333333333333332,0.6666666666666666,0,0,2.4000000000000004,0.25
52227,0,5.0,Female,2.0,3,Single,5,1,1.0,1.0,7.0,149.98,0,2,0,0.16666666666666666,1,24.996666666666666,0.5,0,1,1.8000000000000003,0.45
52228,0,9.0,Female,3.0,5,Married,3,1,7.0,7.0,7.0,202.52,0,1,0,0.7,0,20.252000000000002,0.875,0,1,5.0,0.2
52229,0,6.0,Male,3.0,1,Married,1,0,0.0,4.0,10.0,127.81,1,1,0,0.5714285714285714,0,18.25857142857143,0.0,0,1,2.9000000000000004,0.2
52230,0,13.0,Female,2.0,4,Married,8,0,1.0,1.0,3.0,168.52,0,1,0,0.07142857142857142,1,12.037142857142857,0.5,0,0,2.1,0.25
52231,0,0.0,Male,2.0,1,Single,1,0,1.0,1.0,1.0,149.5,1,2,0,1.0,1,149.5,0.5,0,1,1.4000000000000004,0.45
52232,0,3.0,Male,3.0,4,Married,1,1,3.0,5.0,7.0,135.79,1,1,0,1.25,0,33.9475,0.5,0,1,3.6000000000000005,0.2
52233,0,15.0,Female,2.0,5,Married,4,1,0.0,2.0,0.0,231.91,0,1,0,0.125,1,14.494375,0.0,0,1,2.0,0.45
52234,0,8.0,Female,3.0,1,Married,5,1,3.0,4.0,12.0,203.77,0,1,1,0.4444444444444444,0,22.641111111111112,0.6,0,1,3.6000000000000005,0.5
52235,0,9.0,Male,2.0,5,Married,2,1,5.0,6.0,8.0,122.35,1,1,0,0.6,0,12.235,0.7142857142857143,0,1,3.9000000000000004,0.2
52236,0,27.0,Female,2.0,3,Married,8,0,0.0,1.0,4.0,205.02,0,1,0,0.03571428571428571,1,7.3221428571428575,0.0,0,0,2.0,0.25
52237,0,9.0,Female,3.0,1,Married,2,0,1.0,7.0,7.0,120.11,0,1,0,0.7,0,12.011,0.125,0,1,4.3,0.2
52238,1,9.0,Female,3.0,4,Single,2,1,0.0,1.0,0.0,118.59,0,2,0,0.1,1,11.859,0.0,0,1,1.8,0.45
52239,0,2.0,Female,3.0,1,Married,2,0,1.0,1.0,2.0,137.6,0,1,0,0.3333333333333333,1,45.86666666666667,0.5,0,1,1.9000000000000001,0.45
52240,0,27.0,Male,2.0,1,Married,4,0,1.0,1.0,9.0,277.79,1,1,0,0.03571428571428571,1,9.921071428571429,0.5,0,1,1.7000000000000002,0.45
52241,0,4.0,Male,3.0,5,Married,2,1,1.0,1.0,1.0,168.33,1,1,0,0.2,1,33.666000000000004,0.5,0,1,1.9000000000000001,0.45
52242,0,4.0,Female,3.0,5,Single,2,0,1.0,1.0,8.0,168.12,0,2,0,0.2,1,33.624,0.5,0,0,1.9000000000000001,0.25
52243,0,30.0,Female,2.0,1,Single,6,0,0.0,1.0,5.0,151.71,0,2,0,0.03225806451612903,1,4.893870967741936,0.0,0,1,1.8000000000000003,0.45
52244,0,16.0,Male,3.0,1,Married,4,0,1.0,1.0,7.0,297.4,1,1,0,0.058823529411764705,1,17.49411764705882,0.5,0,1,2.1,0.45
52245,0,22.0,Male,2.0,3,Married,3,0,1.0,1.0,0.0,287.11,1,1,0,0.043478260869565216,1,12.48304347826087,0.5,0,0,1.6000000000000003,0.25
52246,0,9.0,Male,2.0,4,Married,2,0,0.0,1.0,7.0,136.92,1,1,0,0.1,1,13.691999999999998,0.0,0,0,1.4000000000000001,0.25
52247,0,21.0,Male,3.0,4,Single,6,0,0.0,1.0,0.0,125.59,1,2,0,0.045454545454545456,1,5.708636363636364,0.0,0,0,2.2,0.25
52248,0,0.0,Male,3.0,3,Married,2,0,1.0,1.0,3.0,125.17,1,1,0,1.0,1,125.17,0.5,0,0,1.9000000000000001,0.25
52249,0,2.0,Male,2.0,1,Married,2,1,1.0,1.0,0.0,166.23,1,1,0,0.3333333333333333,1,55.41,0.5,0,1,1.5000000000000002,0.45
52250,0,21.0,Male,3.0,1,Single,7,0,1.0,1.0,0.0,282.65,1,2,0,0.045454545454545456,1,12.84772727272727,0.5,0,1,2.4000000000000004,0.45
52251,0,2.0,Female,2.0,1,Married,4,0,1.0,1.0,7.0,261.24,0,1,0,0.3333333333333333,1,87.08,0.5,0,1,1.7000000000000002,0.45
52252,0,7.0,Female,2.0,3,Married,1,0,1.0,1.0,0.0,125.85,0,1,0,0.125,1,15.73125,0.5,0,0,1.4000000000000004,0.25
52253,0,17.0,Male,2.0,4,Married,8,0,1.0,3.0,10.0,282.13,1,1,0,0.16666666666666666,0,15.67388888888889,0.25,0,0,2.9,0.0
52254,0,6.0,Male,2.0,3,Married,1,1,0.0,1.0,8.0,183.8,1,1,0,0.14285714285714285,1,26.25714285714286,0.0,0,1,1.3000000000000003,0.45
52255,0,0.0,Female,3.0,1,Single,2,1,0.0,1.0,1.0,129.94,0,2,0,1.0,1,129.94,0.0,0,1,1.8,0.45
52256,0,9.0,Male,2.0,3,Married,2,0,1.0,1.0,1.0,112.23,1,1,0,0.1,1,11.223,0.5,0,0,1.5000000000000002,0.25
52257,1,0.0,Male,3.0,1,Single,2,1,1.0,1.0,0.0,111.18,1,2,0,1.0,1,111.18,0.5,0,1,1.9000000000000001,0.45
52258,0,0.0,Male,3.0,1,Single,2,1,2.0,2.0,2.0,128.75,1,2,0,2.0,1,128.75,0.6666666666666666,0,1,2.4000000000000004,0.45
52259,1,8.0,Female,3.0,4,Single,3,1,1.0,1.0,11.0,288.24,0,2,1,0.1111111111111111,1,32.02666666666667,0.5,0,1,2.0,0.75
52260,0,28.0,Male,2.0,4,Married,2,1,2.0,2.0,0.0,235.77,1,1,0,0.06896551724137931,1,8.13,0.6666666666666666,0,1,2.0,0.45
52261,1,0.0,Female,2.0,3,Single,2,0,1.0,2.0,2.0,126.25,0,2,0,2.0,1,126.25,0.3333333333333333,0,0,1.9000000000000001,0.25
52262,0,19.0,Female,2.0,4,Married,3,0,1.0,1.0,8.0,287.89,0,1,0,0.05,1,14.394499999999999,0.5,0,0,1.6000000000000003,0.25
52263,0,7.0,Female,2.0,5,Single,1,1,1.0,1.0,2.0,145.38,0,2,0,0.125,1,18.1725,0.5,0,1,1.4000000000000004,0.45
52264,0,24.0,Male,2.0,4,Married,5,1,6.0,11.0,10.0,298.47,1,1,0,0.44,0,11.9388,0.5,0,1,6.300000000000001,0.2
52265,0,30.0,Male,3.0,1,Single,7,0,3.0,5.0,4.0,205.12,1,2,0,0.16129032258064516,0,6.6167741935483875,0.5,0,1,4.2,0.2
52266,0,7.0,Female,2.0,4,Married,5,0,0.0,5.0,10.0,144.44,0,1,0,0.625,0,18.055,0.0,0,0,3.3,0.0
52267,0,9.0,Male,2.0,3,Single,1,1,1.0,1.0,2.0,121.54,1,2,0,0.1,1,12.154,0.5,0,1,1.4000000000000004,0.45
52268,0,17.0,Male,3.0,5,Married,2,0,2.0,14.0,13.0,291.9,1,1,1,0.7777777777777778,0,16.216666666666665,0.13333333333333333,0,0,7.200000000000001,0.3
52269,0,7.0,Male,2.0,4,Married,5,0,0.0,1.0,8.0,144.9,1,1,0,0.125,1,18.1125,0.0,0,0,1.7000000000000002,0.25
52270,0,8.0,Male,3.0,3,Married,1,1,1.0,2.0,2.0,135.06,1,1,0,0.2222222222222222,1,15.006666666666668,0.3333333333333333,0,1,2.2,0.45
52271,0,15.0,Female,3.0,4,Married,7,1,0.0,1.0,0.0,123.72,0,1,0,0.0625,1,7.7325,0.0,0,1,2.3000000000000003,0.45
52272,0,16.0,Female,2.0,1,Single,4,0,10.0,15.0,17.0,202.31,0,2,1,0.8823529411764706,0,11.900588235294117,0.625,0,1,8.2,0.5
52273,0,9.0,Female,2.0,4,Single,10,1,4.0,5.0,12.0,154.1,0,2,1,0.5,0,15.41,0.6666666666666666,0,1,4.2,0.5
52274,1,7.0,Female,3.0,1,Married,2,0,0.0,1.0,5.0,179.78,0,1,0,0.125,1,22.4725,0.0,0,1,1.8,0.45
52275,0,1.0,Male,2.0,1,Married,2,1,0.0,2.0,2.0,138.67,1,1,0,1.0,1,69.335,0.0,0,1,1.8,0.45
52276,0,24.0,Female,3.0,3,Single,1,0,3.0,7.0,7.0,128.38,0,2,0,0.28,0,5.1352,0.375,0,0,4.3999999999999995,0.0
52277,0,3.0,Female,3.0,3,Single,8,1,0.0,1.0,7.0,146.95,0,2,0,0.25,1,36.7375,0.0,0,1,2.4000000000000004,0.45
52278,1,0.0,Female,2.0,3,Married,4,1,4.0,7.0,7.0,133.39,0,1,0,7.0,0,133.39,0.5,0,1,4.400000000000001,0.2
52279,0,9.0,Male,2.0,5,Single,3,0,1.0,1.0,2.0,120.8,1,2,0,0.1,1,12.08,0.5,0,0,1.6000000000000003,0.25
52280,0,9.0,Female,2.0,4,Single,2,0,1.0,2.0,1.0,120.96,0,2,0,0.2,1,12.096,0.3333333333333333,0,0,1.9000000000000001,0.25
52281,0,5.0,Male,2.0,1,Married,2,0,0.0,1.0,8.0,162.09,1,1,0,0.16666666666666666,1,27.015,0.0,0,1,1.4000000000000001,0.45
52282,0,18.0,Female,2.0,4,Single,4,0,1.0,1.0,0.0,280.61,0,2,0,0.05263157894736842,1,14.768947368421053,0.5,0,0,1.7000000000000002,0.25
52283,0,12.0,Female,3.0,4,Married,7,1,1.0,15.0,2.0,271.23,0,1,0,1.1538461538461537,0,20.863846153846154,0.0625,0,1,8.0,0.2
52284,0,30.0,Male,2.0,3,Married,2,0,1.0,2.0,2.0,123.72,1,1,0,0.06451612903225806,1,3.9909677419354836,0.3333333333333333,0,0,1.9000000000000001,0.25
52285,1,0.0,Male,3.0,3,Married,2,0,0.0,1.0,1.0,148.83,1,1,0,1.0,1,148.83,0.0,0,0,1.8,0.25
52286,1,2.0,Male,3.0,5,Single,1,0,0.0,1.0,3.0,139.04,1,2,0,0.3333333333333333,1,46.346666666666664,0.0,0,0,1.7000000000000002,0.25
52287,0,3.0,Female,2.0,1,Married,1,0,5.0,6.0,7.0,146.27,0,1,0,1.5,0,36.5675,0.7142857142857143,0,1,3.8000000000000003,0.2
52288,0,9.0,Female,3.0,3,Married,4,0,1.0,1.0,7.0,170.94,0,1,0,0.1,1,17.094,0.5,0,0,2.1,0.25
52289,0,19.0,Female,2.0,5,Single,7,0,2.0,5.0,7.0,134.23,0,2,0,0.25,0,6.711499999999999,0.3333333333333333,0,0,3.7,0.0
52290,0,1.0,Female,2.0,1,Married,1,0,7.0,7.0,5.0,166.74,0,1,0,3.5,0,83.37,0.875,0,1,4.4,0.2
52291,0,23.0,Female,2.0,5,Married,5,1,1.0,1.0,2.0,268.8,0,1,0,0.041666666666666664,1,11.200000000000001,0.5,0,1,1.8000000000000003,0.45
52292,1,3.0,Male,2.0,4,Single,3,1,1.0,1.0,0.0,190.94,1,2,0,0.25,1,47.735,0.5,0,1,1.6000000000000003,0.45
52293,1,15.0,Male,3.0,4,Single,10,1,7.0,7.0,7.0,184.46,1,2,0,0.4375,0,11.52875,0.875,0,1,5.7,0.2
52294,0,3.0,Female,3.0,5,Married,2,1,1.0,1.0,3.0,219.16,0,1,0,0.25,1,54.79,0.5,0,1,1.9000000000000001,0.45
52295,0,12.0,Male,2.0,3,Single,1,0,1.0,1.0,7.0,145.34,1,2,0,0.07692307692307693,1,11.18,0.5,0,0,1.4000000000000004,0.25
52296,0,4.0,Female,2.0,3,Married,2,1,8.0,9.0,6.0,198.52,0,1,0,1.8,0,39.704,0.8,0,1,5.4,0.2
52297,0,14.0,Male,2.0,4,Single,2,0,3.0,11.0,9.0,161.51,1,2,0,0.7333333333333333,0,10.767333333333333,0.25,0,0,5.7,0.0
52298,1,9.0,Female,2.0,4,Single,2,1,2.0,2.0,2.0,123.02,0,2,0,0.2,1,12.302,0.6666666666666666,0,1,2.0,0.45
52299,1,7.0,Male,2.0,5,Married,5,0,1.0,1.0,2.0,123.62,1,1,0,0.125,1,15.4525,0.5,0,0,1.8000000000000003,0.25
52300,0,15.0,Male,2.0,3,Married,1,1,1.0,2.0,10.0,278.61,1,1,0,0.125,1,17.413125,0.3333333333333333,0,1,1.8000000000000003,0.45
52301,0,28.0,Female,2.0,3,Married,5,0,1.0,9.0,11.0,291.87,0,1,1,0.3103448275862069,0,10.06448275862069,0.1,0,0,5.0,0.3
52302,0,29.0,Male,3.0,4,Single,7,0,2.0,7.0,7.0,297.17,1,2,0,0.23333333333333334,0,9.905666666666667,0.25,0,0,4.9,0.0
52303,0,13.0,Male,3.0,3,Married,10,0,1.0,1.0,0.0,135.44,1,1,0,0.07142857142857142,1,9.674285714285714,0.5,0,0,2.7,0.25
52304,0,7.0,Male,2.0,1,Married,1,0,0.0,1.0,6.0,185.0,1,1,0,0.125,1,23.125,0.0,0,1,1.3000000000000003,0.45
52305,0,13.0,Male,3.0,1,Single,2,0,3.0,8.0,8.0,146.61,1,2,0,0.5714285714285714,0,10.472142857142858,0.3333333333333333,0,1,4.9,0.2
52306,0,14.0,Female,3.0,5,Married,1,0,0.0,1.0,7.0,141.03,0,1,0,0.06666666666666667,1,9.402,0.0,0,0,1.7000000000000002,0.25
52307,0,8.0,Male,2.0,3,Single,2,1,1.0,1.0,1.0,142.49,1,2,0,0.1111111111111111,1,15.832222222222223,0.5,0,1,1.5000000000000002,0.45
52308,0,24.0,Male,2.0,4,Married,2,1,0.0,2.0,10.0,240.26,1,1,0,0.08,1,9.6104,0.0,0,1,1.8,0.45
52309,0,11.0,Female,2.0,5,Married,4,0,0.0,1.0,7.0,168.93,0,1,0,0.08333333333333333,1,14.0775,0.0,0,0,1.6,0.25
52310,0,7.0,Female,3.0,5,Single,2,0,4.0,9.0,6.0,161.25,0,2,0,1.125,0,20.15625,0.4,0,0,5.400000000000001,0.0
52311,0,0.0,Male,3.0,1,Married,4,0,0.0,1.0,2.0,136.69,1,1,0,1.0,1,136.69,0.0,0,1,2.0,0.45
52312,1,20.0,Female,2.0,5,Married,8,1,1.0,5.0,9.0,200.08,0,1,0,0.23809523809523808,0,9.527619047619048,0.16666666666666666,0,1,3.6999999999999997,0.2
52313,0,13.0,Male,2.0,4,Married,4,0,1.0,1.0,3.0,123.87,1,1,0,0.07142857142857142,1,8.847857142857142,0.5,0,0,1.7000000000000002,0.25
52314,0,9.0,Female,2.0,5,Married,3,0,5.0,6.0,13.0,146.39,0,1,1,0.6,0,14.639,0.7142857142857143,0,0,4.0,0.3
52315,0,21.0,Male,2.0,1,Single,2,0,1.0,1.0,8.0,178.98,1,2,0,0.045454545454545456,1,8.135454545454545,0.5,0,1,1.5000000000000002,0.45
52316,0,0.0,Female,3.0,1,Married,9,0,0.0,1.0,0.0,125.34,0,1,0,1.0,1,125.34,0.0,0,1,2.5,0.45
52317,0,24.0,Female,2.0,4,Single,4,0,0.0,1.0,3.0,231.42,0,2,0,0.04,1,9.2568,0.0,0,0,1.6,0.25
52318,0,9.0,Female,3.0,1,Single,2,0,1.0,1.0,0.0,116.11,0,2,0,0.1,1,11.611,0.5,0,1,1.9000000000000001,0.45
52319,0,8.0,Female,2.0,1,Married,1,0,0.0,1.0,0.0,153.63,0,1,0,0.1111111111111111,1,17.07,0.0,0,1,1.3000000000000003,0.45
52320,0,0.0,Male,2.0,1,Single,4,0,0.0,1.0,0.0,150.71,1,2,0,1.0,1,150.71,0.0,0,1,1.6,0.45
52321,1,18.0,Male,2.0,3,Single,7,1,1.0,2.0,8.0,236.95,1,2,0,0.10526315789473684,1,12.471052631578948,0.3333333333333333,0,1,2.4000000000000004,0.45
52322,0,29.0,Male,3.0,4,Married,5,1,13.0,2.0,9.0,234.02,1,1,0,0.06666666666666667,1,7.800666666666667,4.333333333333333,0,1,3.8,0.45
52323,0,9.0,Female,3.0,3,Married,2,0,1.0,1.0,0.0,120.29,0,1,0,0.1,1,12.029,0.5,0,0,1.9000000000000001,0.25
52324,0,13.0,Female,2.0,3,Married,6,0,6.0,11.0,8.0,163.77,0,1,0,0.7857142857142857,0,11.697857142857144,0.5,0,0,6.4,0.0
52325,0,7.0,Male,2.0,3,Married,5,0,5.0,7.0,7.0,154.29,1,1,0,0.875,0,19.28625,0.625,0,0,4.6000000000000005,0.0
52326,1,0.0,Female,3.0,1,Single,8,0,0.0,1.0,0.0,127.85,0,2,0,1.0,1,127.85,0.0,0,1,2.4000000000000004,0.45
52327,1,0.0,Female,3.0,3,Married,1,1,0.0,3.0,2.0,146.14,0,1,0,3.0,0,146.14,0.0,0,1,2.5000000000000004,0.2
52328,0,11.0,Male,2.0,3,Married,2,0,0.0,1.0,3.0,126.1,1,1,0,0.08333333333333333,1,10.508333333333333,0.0,0,0,1.4000000000000001,0.25
52329,0,7.0,Female,3.0,1,Single,2,0,4.0,4.0,11.0,166.87,0,2,1,0.5,0,20.85875,0.8,0,1,3.4000000000000004,0.5
52330,0,1.0,Male,2.0,5,Married,2,0,1.0,1.0,4.0,147.24,1,1,0,0.5,1,73.62,0.5,0,0,1.5000000000000002,0.25
52331,1,0.0,Male,3.0,3,Married,2,1,5.0,6.0,7.0,161.79,1,1,0,6.0,0,161.79,0.7142857142857143,0,1,4.300000000000001,0.2
52332,0,12.0,Male,2.0,1,Married,4,1,0.0,1.0,4.0,161.2,1,1,0,0.07692307692307693,1,12.399999999999999,0.0,0,1,1.6,0.45
52333,0,24.0,Male,2.0,4,Married,3,0,3.0,3.0,2.0,205.96,1,1,0,0.12,0,8.2384,0.75,0,0,2.5999999999999996,0.0
52334,0,14.0,Female,3.0,1,Married,4,1,2.0,3.0,3.0,154.67,0,1,0,0.2,0,10.311333333333332,0.5,0,1,3.0000000000000004,0.2
52335,0,10.0,Male,3.0,3,Married,8,1,1.0,1.0,3.0,129.96,1,1,0,0.09090909090909091,1,11.814545454545454,0.5,0,1,2.5000000000000004,0.45
52336,0,6.0,Male,3.0,1,Married,7,0,1.0,1.0,2.0,199.98,1,1,0,0.14285714285714285,1,28.568571428571428,0.5,0,1,2.4000000000000004,0.45
52337,0,5.0,Male,2.0,4,Married,1,1,1.0,1.0,2.0,140.78,1,1,0,0.16666666666666666,1,23.463333333333335,0.5,0,1,1.4000000000000004,0.45
52338,0,12.0,Male,3.0,3,Married,4,0,0.0,1.0,3.0,209.2,1,1,0,0.07692307692307693,1,16.092307692307692,0.0,0,0,2.0,0.25
52339,0,0.0,Male,3.0,3,Married,3,0,1.0,1.0,2.0,162.32,1,1,0,1.0,1,162.32,0.5,0,0,2.0,0.25
52340,0,25.0,Female,2.0,3,Married,3,1,1.0,2.0,2.0,232.47,0,1,0,0.07692307692307693,1,8.941153846153846,0.3333333333333333,0,1,2.0,0.45
52341,0,16.0,Female,3.0,3,Single,2,1,0.0,1.0,8.0,140.81,0,2,0,0.058823529411764705,1,8.282941176470588,0.0,0,1,1.8,0.45
52342,0,0.0,Female,3.0,1,Married,2,1,1.0,4.0,4.0,157.69,0,1,0,4.0,0,157.69,0.2,0,1,3.1000000000000005,0.2
52343,1,0.0,Female,2.0,3,Single,2,1,4.0,7.0,7.0,123.94,0,2,0,7.0,0,123.94,0.5,0,1,4.200000000000001,0.2
52344,0,0.0,Male,2.0,1,Single,1,0,1.0,1.0,1.0,139.04,1,2,0,1.0,1,139.04,0.5,0,1,1.4000000000000004,0.45
52345,0,15.0,Female,2.0,5,Married,1,0,1.0,1.0,9.0,267.99,0,1,0,0.0625,1,16.749375,0.5,0,0,1.4000000000000004,0.25
52346,0,25.0,Female,3.0,5,Married,10,0,1.0,1.0,4.0,129.5,0,1,0,0.038461538461538464,1,4.980769230769231,0.5,0,0,2.7,0.25
52347,0,10.0,Female,3.0,3,Single,5,0,1.0,1.0,2.0,136.29,0,2,0,0.09090909090909091,1,12.389999999999999,0.5,0,0,2.2,0.25
52348,0,8.0,Male,2.0,1,Single,3,0,2.0,2.0,2.0,193.62,1,2,0,0.2222222222222222,1,21.513333333333335,0.6666666666666666,0,1,2.1,0.45
52349,0,0.0,Male,2.0,1,Married,5,0,0.0,1.0,2.0,132.29,1,1,0,1.0,1,132.29,0.0,0,1,1.7000000000000002,0.45
52350,0,0.0,Male,3.0,5,Single,1,0,0.0,1.0,7.0,135.78,1,2,0,1.0,1,135.78,0.0,0,0,1.7000000000000002,0.25
52351,0,2.0,Male,2.0,5,Single,2,0,0.0,1.0,9.0,179.88,1,2,0,0.3333333333333333,1,59.96,0.0,0,0,1.4000000000000001,0.25
52352,1,12.0,Male,3.0,5,Single,4,0,0.0,1.0,3.0,142.84,1,2,0,0.07692307692307693,1,10.987692307692308,0.0,0,0,2.0,0.25
52353,1,0.0,Female,2.0,1,Single,1,1,4.0,7.0,7.0,175.53,0,2,0,7.0,0,175.53,0.5,0,1,4.1000000000000005,0.2
52354,0,27.0,Female,2.0,1,Single,7,0,1.0,12.0,7.0,273.28,0,2,0,0.42857142857142855,0,9.76,0.07692307692307693,0,1,6.4,0.2
52355,0,30.0,Female,3.0,5,Married,4,1,1.0,1.0,5.0,297.01,0,1,0,0.03225806451612903,1,9.580967741935483,0.5,0,1,2.1,0.45
52356,0,28.0,Male,2.0,1,Married,3,0,0.0,2.0,0.0,247.32,1,1,0,0.06896551724137931,1,8.528275862068964,0.0,0,1,1.9000000000000001,0.45
52357,0,9.0,Female,3.0,4,Single,4,1,0.0,1.0,1.0,192.78,0,2,0,0.1,1,19.278,0.0,0,1,2.0,0.45
52358,1,9.0,Female,2.0,3,Single,2,0,0.0,1.0,0.0,113.59,0,2,0,0.1,1,11.359,0.0,0,0,1.4000000000000001,0.25
52359,0,3.0,Female,3.0,5,Married,8,0,1.0,1.0,2.0,147.79,0,1,0,0.25,1,36.9475,0.5,0,0,2.5000000000000004,0.25
52360,0,4.0,Female,3.0,4,Single,4,0,1.0,1.0,0.0,264.22,0,2,0,0.2,1,52.84400000000001,0.5,0,0,2.1,0.25
52361,0,7.0,Male,3.0,5,Married,6,0,1.0,1.0,3.0,129.96,1,1,0,0.125,1,16.245,0.5,0,0,2.3000000000000003,0.25
52362,1,9.0,Female,2.0,4,Single,2,0,0.0,1.0,0.0,112.61,0,2,0,0.1,1,11.261,0.0,0,0,1.4000000000000001,0.25
52363,0,9.0,Male,3.0,5,Married,1,0,1.0,1.0,4.0,120.99,1,1,0,0.1,1,12.099,0.5,0,0,1.8000000000000003,0.25
52364,0,9.0,Male,2.0,1,Single,2,0,0.0,1.0,8.0,158.1,1,2,0,0.1,1,15.809999999999999,0.0,0,1,1.4000000000000001,0.45
52365,0,9.0,Female,3.0,5,Married,5,0,1.0,1.0,2.0,156.47,0,1,0,0.1,1,15.647,0.5,0,0,2.2,0.25
52366,0,20.0,Male,3.0,1,Married,8,0,1.0,1.0,2.0,134.2,1,1,0,0.047619047619047616,1,6.39047619047619,0.5,0,1,2.5000000000000004,0.45
52367,1,0.0,Male,3.0,5,Married,4,0,2.0,2.0,2.0,144.0,1,1,0,2.0,1,144.0,0.6666666666666666,0,0,2.6,0.25
52368,0,10.0,Male,2.0,3,Single,1,0,0.0,1.0,3.0,135.0,1,2,0,0.09090909090909091,1,12.272727272727273,0.0,0,0,1.3000000000000003,0.25
52369,0,9.0,Female,2.0,5,Married,3,0,0.0,1.0,0.0,120.66,0,1,0,0.1,1,12.065999999999999,0.0,0,0,1.5000000000000002,0.25
52370,0,20.0,Female,2.0,3,Married,4,0,1.0,5.0,6.0,271.69,0,1,0,0.23809523809523808,0,12.937619047619048,0.16666666666666666,0,0,3.3,0.0
52371,0,0.0,Female,2.0,3,Married,2,1,1.0,1.0,3.0,141.62,0,1,0,1.0,1,141.62,0.5,0,1,1.5000000000000002,0.45
52372,0,5.0,Male,3.0,1,Married,5,0,0.0,1.0,3.0,192.04,1,1,0,0.16666666666666666,1,32.00666666666667,0.0,0,1,2.1,0.45
52373,0,7.0,Female,2.0,4,Married,6,0,1.0,1.0,2.0,132.94,0,1,0,0.125,1,16.6175,0.5,0,0,1.9000000000000004,0.25
52374,0,9.0,Male,2.0,3,Married,3,1,0.0,1.0,3.0,121.27,1,1,0,0.1,1,12.126999999999999,0.0,0,1,1.5000000000000002,0.45
52375,0,13.0,Male,2.0,3,Married,4,0,0.0,1.0,7.0,139.75,1,1,0,0.07142857142857142,1,9.982142857142858,0.0,0,0,1.6,0.25
52376,0,4.0,Male,2.0,1,Married,2,0,2.0,9.0,9.0,207.93,1,1,0,1.8,0,41.586,0.2,0,1,4.800000000000001,0.2
52377,1,9.0,Male,2.0,1,Married,5,0,4.0,4.0,3.0,200.96,1,1,0,0.4,0,20.096,0.8,0,1,3.3000000000000003,0.2
52378,1,2.0,Female,2.0,5,Single,3,1,0.0,1.0,0.0,136.46,0,2,0,0.3333333333333333,1,45.48666666666667,0.0,0,1,1.5000000000000002,0.45
52379,1,0.0,Female,3.0,4,Single,2,0,1.0,4.0,7.0,174.46,0,2,0,4.0,0,174.46,0.2,0,0,3.1000000000000005,0.0
52380,0,18.0,Male,3.0,5,Married,3,1,1.0,1.0,7.0,208.51,1,1,0,0.05263157894736842,1,10.974210526315789,0.5,0,1,2.0,0.45
52381,0,9.0,Female,3.0,4,Single,10,0,1.0,1.0,2.0,121.09,0,2,0,0.1,1,12.109,0.5,0,0,2.7,0.25
52382,1,0.0,Male,3.0,1,Married,7,1,0.0,2.0,2.0,137.22,1,1,0,2.0,1,137.22,0.0,0,1,2.7,0.45
52383,0,18.0,Male,2.0,1,Married,5,1,1.0,1.0,2.0,193.8,1,1,0,0.05263157894736842,1,10.200000000000001,0.5,0,1,1.8000000000000003,0.45
52384,0,21.0,Male,3.0,5,Married,5,0,0.0,2.0,2.0,154.86,1,1,0,0.09090909090909091,1,7.03909090909091,0.0,0,0,2.5,0.25
52385,1,0.0,Female,3.0,3,Married,2,0,2.0,2.0,2.0,127.42,0,1,0,2.0,1,127.42,0.6666666666666666,0,0,2.4000000000000004,0.25
52386,0,13.0,Male,2.0,4,Married,3,0,4.0,2.0,8.0,237.57,1,1,0,0.14285714285714285,1,16.969285714285714,1.3333333333333333,0,0,2.3000000000000003,0.25
52387,0,1.0,Male,2.0,5,Single,1,0,0.0,1.0,3.0,184.63,1,2,0,0.5,1,92.315,0.0,0,0,1.3000000000000003,0.25
52388,0,17.0,Male,2.0,3,Single,4,0,0.0,1.0,3.0,131.62,1,2,0,0.05555555555555555,1,7.312222222222222,0.0,0,0,1.6,0.25
52389,0,26.0,Male,2.0,4,Single,5,0,1.0,8.0,8.0,265.98,1,2,0,0.2962962962962963,0,9.851111111111111,0.1111111111111111,0,0,4.6,0.0
52390,0,22.0,Male,3.0,3,Married,3,0,0.0,1.0,2.0,166.51,1,1,0,0.043478260869565216,1,7.239565217391304,0.0,0,0,1.9000000000000001,0.25
52391,0,13.0,Male,3.0,3,Married,3,0,1.0,1.0,2.0,123.45,1,1,0,0.07142857142857142,1,8.817857142857143,0.5,0,0,2.0,0.25
52392,0,17.0,Male,2.0,4,Single,2,0,1.0,1.0,3.0,134.2,1,2,0,0.05555555555555555,1,7.455555555555555,0.5,0,0,1.5000000000000002,0.25
52393,0,6.0,Male,2.0,5,Married,1,0,1.0,1.0,3.0,143.73,1,1,0,0.14285714285714285,1,20.532857142857143,0.5,0,0,1.4000000000000004,0.25
52394,0,7.0,Male,2.0,5,Single,4,0,2.0,3.0,12.0,147.59,1,2,1,0.375,0,18.44875,0.5,0,0,2.6,0.3
52395,0,3.0,Male,3.0,3,Married,9,0,1.0,2.0,2.0,153.01,1,1,0,0.5,1,38.2525,0.3333333333333333,0,0,3.0,0.25
52396,0,15.0,Female,3.0,1,Single,2,0,0.0,5.0,8.0,136.73,0,2,0,0.3125,0,8.545625,0.0,0,1,3.4000000000000004,0.2
52397,0,17.0,Female,3.0,3,Married,8,0,0.0,1.0,0.0,147.68,0,1,0,0.05555555555555555,1,8.204444444444444,0.0,0,0,2.4000000000000004,0.25
52398,0,9.0,Male,3.0,3,Married,2,0,0.0,1.0,0.0,112.74,1,1,0,0.1,1,11.274,0.0,0,0,1.8,0.25
52399,0,30.0,Male,3.0,3,Married,1,0,1.0,2.0,8.0,149.0,1,1,0,0.06451612903225806,1,4.806451612903226,0.3333333333333333,0,0,2.2,0.25
52400,0,22.0,Male,2.0,4,Married,4,0,0.0,1.0,7.0,204.66,1,1,0,0.043478260869565216,1,8.898260869565217,0.0,0,0,1.6,0.25
52401,0,7.0,Male,3.0,5,Married,8,0,1.0,6.0,9.0,270.07,1,1,0,0.75,0,33.75875,0.14285714285714285,0,0,4.5,0.0
52402,1,0.0,Male,3.0,3,Married,4,0,1.0,1.0,2.0,129.09,1,1,0,1.0,1,129.09,0.5,0,0,2.1,0.25
52403,1,0.0,Female,2.0,4,Single,6,0,1.0,1.0,0.0,157.65,0,2,0,1.0,1,157.65,0.5,0,0,1.9000000000000004,0.25
52404,1,0.0,Female,2.0,4,Single,1,1,4.0,10.0,10.0,145.99,0,2,0,10.0,0,145.99,0.36363636363636365,0,1,5.3,0.2
52405,0,8.0,Male,3.0,3,Married,2,0,0.0,1.0,0.0,124.04,1,1,0,0.1111111111111111,1,13.782222222222224,0.0,0,0,1.8,0.25
52406,1,0.0,Male,2.0,5,Single,3,1,0.0,1.0,0.0,131.72,1,2,0,1.0,1,131.72,0.0,0,1,1.5000000000000002,0.45
52407,0,9.0,Female,3.0,4,Married,2,0,0.0,1.0,0.0,120.33,0,1,0,0.1,1,12.033,0.0,0,0,1.8,0.25
52408,0,17.0,Male,2.0,3,Single,6,1,2.0,2.0,2.0,202.09,1,2,0,0.1111111111111111,1,11.227222222222222,0.6666666666666666,0,1,2.4000000000000004,0.45
52409,0,2.0,Male,3.0,3,Married,2,0,1.0,1.0,4.0,186.2,1,1,0,0.3333333333333333,1,62.06666666666666,0.5,0,0,1.9000000000000001,0.25
52410,0,9.0,Male,2.0,3,Married,1,0,0.0,1.0,3.0,120.64,1,1,0,0.1,1,12.064,0.0,0,0,1.3000000000000003,0.25
52411,0,28.0,Male,1.0,3,Married,1,1,1.0,1.0,2.0,140.35,1,1,0,0.034482758620689655,1,4.839655172413793,0.5,1,1,1.0,0.7
52412,0,6.0,Female,2.0,4,Married,9,0,1.0,1.0,2.0,138.38,0,1,0,0.14285714285714285,1,19.768571428571427,0.5,0,0,2.2,0.25
52413,0,20.0,Female,3.0,3,Married,4,1,1.0,1.0,2.0,145.91,0,1,0,0.047619047619047616,1,6.948095238095238,0.5,0,1,2.1,0.45
52414,1,0.0,Male,2.0,5,Single,8,0,1.0,1.0,0.0,125.61,1,2,0,1.0,1,125.61,0.5,0,0,2.1,0.25
52415,0,9.0,Male,3.0,3,Married,2,0,0.0,1.0,0.0,115.63,1,1,0,0.1,1,11.562999999999999,0.0,0,0,1.8,0.25
52416,0,1.0,Male,2.0,5,Single,1,0,1.0,1.0,3.0,148.98,1,2,0,0.5,1,74.49,0.5,0,0,1.4000000000000004,0.25
52417,0,22.0,Female,2.0,5,Married,5,0,0.0,1.0,2.0,147.89,0,1,0,0.043478260869565216,1,6.43,0.0,0,0,1.7000000000000002,0.25
52418,0,2.0,Female,3.0,4,Married,1,0,1.0,1.0,2.0,131.8,0,1,0,0.3333333333333333,1,43.93333333333334,0.5,0,0,1.8000000000000003,0.25
52419,0,1.0,Male,3.0,4,Married,2,0,0.0,1.0,7.0,165.49,1,1,0,0.5,1,82.745,0.0,0,0,1.8,0.25
52420,0,6.0,Male,3.0,3,Single,3,1,1.0,1.0,0.0,163.88,1,2,0,0.14285714285714285,1,23.41142857142857,0.5,0,1,2.0,0.45
52421,0,5.0,Male,3.0,1,Single,3,0,0.0,1.0,3.0,212.44,1,2,0,0.16666666666666666,1,35.406666666666666,0.0,0,1,1.9000000000000001,0.45
52422,0,27.0,Female,2.0,1,Married,4,0,0.0,2.0,12.0,260.32,0,1,1,0.07142857142857142,1,9.297142857142857,0.0,0,1,2.0,0.75
52423,1,0.0,Male,3.0,5,Single,7,0,1.0,1.0,7.0,123.62,1,2,0,1.0,1,123.62,0.5,0,0,2.4000000000000004,0.25
52424,0,17.0,Male,2.0,5,Married,4,0,1.0,14.0,17.0,263.28,1,1,1,0.7777777777777778,0,14.626666666666665,0.06666666666666667,0,0,6.9,0.3
52425,0,12.0,Female,2.0,4,Single,5,0,2.0,2.0,2.0,183.76,0,2,0,0.15384615384615385,1,14.135384615384615,0.6666666666666666,0,0,2.3000000000000003,0.25
52426,0,19.0,Female,2.0,4,Married,9,0,1.0,5.0,1.0,266.06,0,1,0,0.25,0,13.303,0.16666666666666666,0,0,3.8,0.0
52427,0,8.0,Female,3.0,4,Single,2,0,3.0,3.0,3.0,186.06,0,2,0,0.3333333333333333,0,20.673333333333332,0.75,0,0,2.9000000000000004,0.0
52428,0,9.0,Male,3.0,3,Single,1,0,1.0,1.0,2.0,122.72,1,2,0,0.1,1,12.272,0.5,0,0,1.8000000000000003,0.25
52429,1,9.0,Male,2.0,5,Single,4,0,1.0,1.0,0.0,120.18,1,2,0,0.1,1,12.018,0.5,0,0,1.7000000000000002,0.25
52430,0,7.0,Male,3.0,3,Married,2,1,7.0,8.0,6.0,170.83,1,1,0,1.0,0,21.35375,0.7777777777777778,0,1,5.300000000000001,0.2
52431,1,0.0,Female,2.0,3,Single,2,0,2.0,7.0,7.0,140.84,0,2,0,7.0,0,140.84,0.25,0,0,4.000000000000001,0.0
52432,0,23.0,Male,2.0,1,Single,2,1,1.0,2.0,9.0,244.11,1,2,0,0.08333333333333333,1,10.17125,0.3333333333333333,0,1,1.9000000000000001,0.45
52433,0,9.0,Male,2.0,3,Married,1,1,3.0,5.0,7.0,123.08,1,1,0,0.5,0,12.308,0.5,0,1,3.2,0.2
52434,0,15.0,Male,3.0,4,Married,5,0,0.0,1.0,0.0,148.41,1,1,0,0.0625,1,9.275625,0.0,0,0,2.1,0.25
52435,0,10.0,Male,2.0,1,Married,2,0,2.0,3.0,7.0,142.85,1,1,0,0.2727272727272727,0,12.986363636363636,0.5,0,1,2.4000000000000004,0.2
52436,0,2.0,Female,2.0,5,Married,4,0,1.0,1.0,7.0,197.15,0,1,0,0.3333333333333333,1,65.71666666666667,0.5,0,0,1.7000000000000002,0.25
52437,0,6.0,Male,2.0,4,Single,2,0,1.0,1.0,2.0,143.2,1,2,0,0.14285714285714285,1,20.457142857142856,0.5,0,0,1.5000000000000002,0.25
52438,0,9.0,Male,3.0,1,Married,5,0,1.0,1.0,3.0,121.32,1,1,0,0.1,1,12.132,0.5,0,1,2.2,0.45
52439,0,15.0,Male,2.0,1,Married,3,1,4.0,13.0,9.0,201.24,1,1,0,0.8125,0,12.5775,0.2857142857142857,0,1,6.7,0.2
52440,0,13.0,Male,2.0,5,Married,1,0,7.0,7.0,1.0,154.73,1,1,0,0.5,0,11.052142857142856,0.875,0,0,4.4,0.0
52441,0,6.0,Male,3.0,3,Married,2,1,4.0,5.0,7.0,152.07,1,1,0,0.7142857142857143,0,21.724285714285713,0.6666666666666666,0,1,3.8000000000000003,0.2
52442,0,13.0,Male,2.0,1,Single,2,1,1.0,7.0,7.0,264.37,1,2,0,0.5,0,18.88357142857143,0.125,0,1,3.900000000000001,0.2
52443,0,9.0,Male,2.0,5,Married,1,0,0.0,1.0,0.0,122.96,1,1,0,0.1,1,12.296,0.0,0,0,1.3000000000000003,0.25
52444,0,13.0,Male,3.0,1,Married,4,1,1.0,2.0,2.0,140.69,1,1,0,0.14285714285714285,1,10.049285714285714,0.3333333333333333,0,1,2.5,0.45
52445,0,18.0,Male,3.0,4,Married,2,0,3.0,7.0,7.0,174.41,1,1,0,0.3684210526315789,0,9.179473684210526,0.375,0,0,4.5,0.0
52446,0,8.0,Female,3.0,3,Married,1,0,2.0,4.0,2.0,124.3,0,1,0,0.4444444444444444,0,13.81111111111111,0.4,0,0,3.1000000000000005,0.0
52447,0,5.0,Female,3.0,4,Married,4,0,1.0,2.0,5.0,158.78,0,1,0,0.3333333333333333,1,26.463333333333335,0.3333333333333333,0,0,2.5,0.25
52448,0,9.0,Male,3.0,1,Single,4,1,1.0,1.0,2.0,126.44,1,2,0,0.1,1,12.644,0.5,0,1,2.1,0.45
52449,0,21.0,Female,3.0,3,Married,9,0,7.0,7.0,7.0,164.39,0,1,0,0.3181818181818182,0,7.472272727272727,0.875,0,0,5.6000000000000005,0.0
52450,0,2.0,Male,3.0,3,Married,7,0,0.0,1.0,0.0,124.51,1,1,0,0.3333333333333333,1,41.50333333333334,0.0,0,0,2.3000000000000003,0.25
52451,0,6.0,Male,2.0,5,Married,3,0,2.0,2.0,2.0,163.92,1,1,0,0.2857142857142857,1,23.417142857142856,0.6666666666666666,0,0,2.1,0.25
52452,1,0.0,Male,3.0,5,Married,2,0,1.0,6.0,7.0,197.14,1,1,0,6.0,0,197.14,0.14285714285714285,0,0,3.900000000000001,0.0
52453,0,11.0,Male,3.0,3,Married,4,0,0.0,1.0,2.0,160.77,1,1,0,0.08333333333333333,1,13.3975,0.0,0,0,2.0,0.25
52454,0,8.0,Male,3.0,5,Single,2,0,1.0,1.0,2.0,124.5,1,2,0,0.1111111111111111,1,13.833333333333334,0.5,0,0,1.9000000000000001,0.25
52455,0,7.0,Male,2.0,4,Married,4,0,1.0,1.0,3.0,192.5,1,1,0,0.125,1,24.0625,0.5,0,0,1.7000000000000002,0.25
52456,1,9.0,Female,3.0,5,Married,2,1,1.0,1.0,0.0,120.74,0,1,0,0.1,1,12.074,0.5,0,1,1.9000000000000001,0.45
52457,1,16.0,Female,3.0,1,Married,1,0,0.0,1.0,9.0,201.69,0,1,0,0.058823529411764705,1,11.864117647058823,0.0,0,1,1.7000000000000002,0.45
52458,1,1.0,Male,2.0,4,Married,5,0,1.0,1.0,4.0,148.55,1,1,0,0.5,1,74.275,0.5,0,0,1.8000000000000003,0.25
52459,0,5.0,Male,3.0,5,Married,5,0,0.0,1.0,2.0,140.87,1,1,0,0.16666666666666666,1,23.478333333333335,0.0,0,0,2.1,0.25
52460,0,21.0,Female,3.0,5,Married,9,0,6.0,7.0,6.0,123.67,0,1,0,0.3181818181818182,0,5.621363636363636,0.75,0,0,5.5,0.0
52461,0,7.0,Male,3.0,1,Single,2,0,0.0,1.0,0.0,129.72,1,2,0,0.125,1,16.215,0.0,0,1,1.8,0.45
52462,0,28.0,Male,2.0,1,Married,2,0,0.0,2.0,13.0,295.86,1,1,1,0.06896551724137931,1,10.202068965517242,0.0,0,1,1.8,0.75
52463,0,7.0,Male,2.0,1,Married,10,0,0.0,2.0,1.0,154.84,1,1,0,0.25,1,19.355,0.0,0,1,2.6,0.45
52464,0,9.0,Female,2.0,1,Married,2,0,1.0,1.0,0.0,120.61,0,1,0,0.1,1,12.061,0.5,0,1,1.5000000000000002,0.45
52465,0,11.0,Male,3.0,4,Married,1,0,3.0,7.0,7.0,199.24,1,1,0,0.5833333333333334,0,16.603333333333335,0.375,0,0,4.3999999999999995,0.0
52466,0,11.0,Female,2.0,4,Single,3,0,1.0,1.0,2.0,141.98,0,2,0,0.08333333333333333,1,11.831666666666665,0.5,0,0,1.6000000000000003,0.25
52467,0,9.0,Female,3.0,3,Single,7,0,1.0,1.0,0.0,168.15,0,2,0,0.1,1,16.815,0.5,0,0,2.4000000000000004,0.25
52468,0,2.0,Male,2.0,5,Single,2,1,0.0,1.0,5.0,147.23,1,2,0,0.3333333333333333,1,49.07666666666666,0.0,0,1,1.4000000000000001,0.45
52469,0,8.0,Female,2.0,3,Single,4,1,0.0,1.0,4.0,161.42,0,2,0,0.1111111111111111,1,17.935555555555553,0.0,0,1,1.6,0.45
52470,0,12.0,Male,2.0,3,Married,3,0,3.0,7.0,6.0,182.37,1,1,0,0.5384615384615384,0,14.028461538461539,0.375,0,0,4.2,0.0
52471,0,2.0,Male,2.0,1,Married,2,0,1.0,1.0,3.0,188.53,1,1,0,0.3333333333333333,1,62.843333333333334,0.5,0,1,1.5000000000000002,0.45
52472,0,23.0,Male,2.0,3,Married,5,1,0.0,1.0,0.0,293.31,1,1,0,0.041666666666666664,1,12.22125,0.0,0,1,1.7000000000000002,0.45
52473,0,9.0,Male,2.0,3,Married,3,0,0.0,2.0,2.0,120.73,1,1,0,0.2,1,12.073,0.0,0,0,1.9000000000000001,0.25
52474,0,9.0,Male,3.0,5,Married,4,1,0.0,1.0,2.0,155.62,1,1,0,0.1,1,15.562000000000001,0.0,0,1,2.0,0.45
52475,0,15.0,Male,3.0,1,Single,9,0,1.0,1.0,1.0,296.13,1,2,0,0.0625,1,18.508125,0.5,0,1,2.6,0.45
52476,0,8.0,Male,2.0,3,Married,2,0,6.0,6.0,8.0,134.07,1,1,0,0.6666666666666666,0,14.896666666666667,0.8571428571428571,0,0,4.0,0.0
52477,0,7.0,Male,3.0,3,Married,2,0,1.0,7.0,7.0,150.63,1,1,0,0.875,0,18.82875,0.125,0,0,4.3,0.0
52478,0,13.0,Female,2.0,5,Married,2,0,0.0,1.0,2.0,146.39,0,1,0,0.07142857142857142,1,10.456428571428571,0.0,0,0,1.4000000000000001,0.25
52479,0,16.0,Male,2.0,4,Married,6,0,1.0,1.0,2.0,148.76,1,1,0,0.058823529411764705,1,8.750588235294117,0.5,0,0,1.9000000000000004,0.25
52480,0,8.0,Male,3.0,1,Married,2,0,1.0,1.0,1.0,126.9,1,1,0,0.1111111111111111,1,14.100000000000001,0.5,0,1,1.9000000000000001,0.45
52481,0,19.0,Male,2.0,5,Single,2,0,1.0,1.0,12.0,275.67,1,2,1,0.05,1,13.7835,0.5,0,0,1.5000000000000002,0.55
52482,1,0.0,Male,2.0,4,Married,2,1,0.0,1.0,0.0,124.08,1,1,0,1.0,1,124.08,0.0,0,1,1.4000000000000001,0.45
52483,0,0.0,Female,3.0,3,Married,2,1,1.0,1.0,3.0,128.14,0,1,0,1.0,1,128.14,0.5,0,1,1.9000000000000001,0.45
52484,0,23.0,Male,2.0,3,Married,3,1,0.0,12.0,3.0,212.45,1,1,0,0.5,0,8.852083333333333,0.0,0,1,5.9,0.2
52485,0,5.0,Female,2.0,1,Married,4,0,1.0,1.0,2.0,133.12,0,1,0,0.16666666666666666,1,22.186666666666667,0.5,0,1,1.7000000000000002,0.45
52486,0,17.0,Female,2.0,1,Married,1,1,1.0,1.0,10.0,290.49,0,1,0,0.05555555555555555,1,16.138333333333335,0.5,0,1,1.4000000000000004,0.45
52487,0,9.0,Male,2.0,4,Married,2,0,1.0,1.0,1.0,121.41,1,1,0,0.1,1,12.141,0.5,0,0,1.5000000000000002,0.25
52488,0,18.0,Female,2.0,5,Single,2,1,0.0,1.0,4.0,157.69,0,2,0,0.05263157894736842,1,8.299473684210525,0.0,0,1,1.4000000000000001,0.45
52489,0,18.0,Male,2.0,5,Married,2,0,3.0,4.0,5.0,143.85,1,1,0,0.21052631578947367,0,7.571052631578947,0.6,0,0,2.9000000000000004,0.0
52490,0,4.0,Male,2.0,5,Single,8,0,1.0,1.0,3.0,153.32,1,2,0,0.2,1,30.663999999999998,0.5,0,0,2.1,0.25
52491,0,9.0,Female,3.0,3,Married,10,1,0.0,1.0,1.0,146.63,0,1,0,0.1,1,14.663,0.0,0,1,2.6,0.45
52492,0,7.0,Male,2.0,1,Married,2,0,3.0,7.0,2.0,147.24,1,1,0,0.875,0,18.405,0.375,0,1,4.1000000000000005,0.2
52493,0,22.0,Female,2.0,5,Married,2,0,1.0,1.0,4.0,132.11,0,1,0,0.043478260869565216,1,5.743913043478261,0.5,0,0,1.5000000000000002,0.25
52494,0,12.0,Male,3.0,5,Married,3,0,3.0,7.0,7.0,153.77,1,1,0,0.5384615384615384,0,11.82846153846154,0.375,0,0,4.6,0.0
52495,0,0.0,Male,3.0,5,Married,2,0,0.0,1.0,7.0,140.66,1,1,0,1.0,1,140.66,0.0,0,0,1.8,0.25
52496,0,8.0,Male,2.0,5,Married,2,0,1.0,1.0,10.0,152.08,1,1,0,0.1111111111111111,1,16.89777777777778,0.5,0,0,1.5000000000000002,0.25
52497,0,1.0,Female,2.0,5,Married,1,0,1.0,1.0,0.0,148.77,0,1,0,0.5,1,74.385,0.5,0,0,1.4000000000000004,0.25
52498,0,0.0,Male,3.0,1,Single,2,0,0.0,2.0,2.0,131.17,1,2,0,2.0,1,131.17,0.0,0,1,2.2,0.45
52499,1,9.0,Female,3.0,1,Single,2,1,1.0,1.0,0.0,115.69,0,2,0,0.1,1,11.568999999999999,0.5,0,1,1.9000000000000001,0.45
52500,0,20.0,Female,3.0,3,Married,4,0,1.0,1.0,0.0,296.58,0,1,0,0.047619047619047616,1,14.122857142857143,0.5,0,0,2.1,0.25
52501,0,12.0,Male,3.0,3,Married,1,0,0.0,1.0,7.0,130.69,1,1,0,0.07692307692307693,1,10.053076923076922,0.0,0,0,1.7000000000000002,0.25
52502,0,13.0,Female,3.0,3,Married,2,0,6.0,14.0,12.0,204.35,0,1,1,1.0,0,14.596428571428572,0.4,0,0,7.600000000000001,0.3
52503,0,8.0,Female,2.0,3,Married,2,0,0.0,2.0,9.0,141.48,0,1,0,0.2222222222222222,1,15.719999999999999,0.0,0,0,1.8,0.25
52504,0,10.0,Male,2.0,3,Married,4,0,0.0,1.0,2.0,157.68,1,1,0,0.09090909090909091,1,14.334545454545456,0.0,0,0,1.6,0.25
52505,0,12.0,Female,2.0,3,Single,1,0,3.0,3.0,8.0,150.42,0,2,0,0.23076923076923078,0,11.57076923076923,0.75,0,0,2.4000000000000004,0.0
52506,0,18.0,Female,2.0,1,Married,2,0,3.0,3.0,9.0,157.7,0,1,0,0.15789473684210525,0,8.299999999999999,0.75,0,1,2.5,0.2
52507,0,11.0,Female,2.0,3,Married,4,1,0.0,1.0,2.0,177.56,0,1,0,0.08333333333333333,1,14.796666666666667,0.0,0,1,1.6,0.45
52508,1,0.0,Male,2.0,5,Married,10,0,0.0,6.0,0.0,203.06,1,1,0,6.0,0,203.06,0.0,0,0,4.2,0.0
52509,0,10.0,Female,3.0,4,Married,2,0,4.0,7.0,7.0,139.36,0,1,0,0.6363636363636364,0,12.66909090909091,0.5,0,0,4.6000000000000005,0.0
52510,0,13.0,Female,2.0,1,Single,7,1,3.0,3.0,3.0,179.45,0,2,0,0.21428571428571427,0,12.817857142857141,0.75,0,1,3.0,0.2
52511,0,17.0,Male,2.0,1,Married,5,1,1.0,1.0,2.0,157.43,1,1,0,0.05555555555555555,1,8.746111111111112,0.5,0,1,1.8000000000000003,0.45
52512,0,21.0,Male,2.0,1,Married,3,0,0.0,2.0,2.0,252.02,1,1,0,0.09090909090909091,1,11.455454545454545,0.0,0,1,1.9000000000000001,0.45
52513,1,0.0,Male,2.0,1,Married,7,1,0.0,2.0,2.0,154.4,1,1,0,2.0,1,154.4,0.0,0,1,2.3000000000000003,0.45
52514,0,0.0,Female,2.0,1,Single,2,1,0.0,1.0,3.0,137.6,0,2,0,1.0,1,137.6,0.0,0,1,1.4000000000000001,0.45
52515,0,0.0,Female,2.0,3,Married,8,0,0.0,1.0,2.0,135.17,0,1,0,1.0,1,135.17,0.0,0,0,2.0,0.25
52516,0,0.0,Male,2.0,1,Single,3,0,0.0,1.0,2.0,125.8,1,2,0,1.0,1,125.8,0.0,0,1,1.5000000000000002,0.45
52517,1,9.0,Male,3.0,5,Single,4,1,0.0,1.0,3.0,121.66,1,2,0,0.1,1,12.166,0.0,0,1,2.0,0.45
52518,0,2.0,Male,2.0,3,Single,10,0,1.0,1.0,4.0,158.69,1,2,0,0.3333333333333333,1,52.89666666666667,0.5,0,0,2.3000000000000003,0.25
52519,0,9.0,Female,2.0,5,Married,5,0,1.0,1.0,2.0,180.08,0,1,0,0.1,1,18.008000000000003,0.5,0,0,1.8000000000000003,0.25
52520,0,0.0,Male,3.0,3,Married,2,0,1.0,1.0,7.0,152.06,1,1,0,1.0,1,152.06,0.5,0,0,1.9000000000000001,0.25
52521,0,12.0,Male,3.0,4,Married,5,0,1.0,1.0,0.0,152.95,1,1,0,0.07692307692307693,1,11.765384615384615,0.5,0,0,2.2,0.25
52522,0,22.0,Female,3.0,4,Married,4,0,1.0,1.0,2.0,264.13,0,1,0,0.043478260869565216,1,11.48391304347826,0.5,0,0,2.1,0.25
52523,0,23.0,Female,2.0,5,Married,6,0,0.0,2.0,11.0,232.69,0,1,1,0.08333333333333333,1,9.695416666666667,0.0,0,0,2.2,0.55
52524,0,0.0,Female,3.0,3,Single,2,0,0.0,2.0,2.0,127.83,0,2,0,2.0,1,127.83,0.0,0,0,2.2,0.25
52525,0,7.0,Female,3.0,4,Married,2,0,1.0,7.0,9.0,154.33,0,1,0,0.875,0,19.29125,0.125,0,0,4.3,0.0
52526,0,9.0,Male,3.0,4,Single,3,0,0.0,1.0,3.0,120.13,1,2,0,0.1,1,12.013,0.0,0,0,1.9000000000000001,0.25
52527,0,22.0,Female,2.0,3,Married,3,1,2.0,2.0,12.0,239.66,0,1,1,0.08695652173913043,1,10.42,0.6666666666666666,0,1,2.1,0.75
52528,0,9.0,Female,2.0,3,Married,1,0,0.0,1.0,2.0,143.74,0,1,0,0.1,1,14.374,0.0,0,0,1.3000000000000003,0.25
52529,0,9.0,Male,3.0,5,Married,7,0,0.0,1.0,4.0,168.42,1,1,0,0.1,1,16.842,0.0,0,0,2.3000000000000003,0.25
52530,0,27.0,Female,3.0,3,Married,4,0,1.0,4.0,7.0,274.26,0,1,0,0.14285714285714285,0,9.795,0.2,0,0,3.3000000000000003,0.0
52531,0,16.0,Male,3.0,3,Married,2,0,1.0,6.0,11.0,276.03,1,1,1,0.35294117647058826,0,16.23705882352941,0.14285714285714285,0,0,3.900000000000001,0.3
52532,1,0.0,Male,2.0,1,Single,4,1,5.0,6.0,7.0,145.81,1,2,0,6.0,0,145.81,0.7142857142857143,0,1,4.1,0.2
52533,0,11.0,Male,2.0,1,Married,8,0,1.0,2.0,9.0,147.35,1,1,0,0.16666666666666666,1,12.279166666666667,0.3333333333333333,0,1,2.5000000000000004,0.45
52534,0,2.0,Male,2.0,4,Married,2,1,0.0,1.0,9.0,141.87,1,1,0,0.3333333333333333,1,47.29,0.0,0,1,1.4000000000000001,0.45
52535,0,6.0,Male,3.0,1,Married,2,0,1.0,1.0,4.0,155.05,1,1,0,0.14285714285714285,1,22.150000000000002,0.5,0,1,1.9000000000000001,0.45
52536,0,5.0,Male,2.0,4,Married,1,0,1.0,1.0,6.0,154.7,1,1,0,0.16666666666666666,1,25.78333333333333,0.5,0,0,1.4000000000000004,0.25
52537,0,4.0,Female,3.0,1,Married,2,0,0.0,1.0,2.0,154.76,0,1,0,0.2,1,30.951999999999998,0.0,0,1,1.8,0.45
52538,0,22.0,Female,3.0,5,Married,5,1,0.0,2.0,2.0,125.87,0,1,0,0.08695652173913043,1,5.472608695652174,0.0,0,1,2.5,0.45
52539,0,11.0,Female,2.0,4,Single,2,0,0.0,3.0,3.0,124.4,0,2,0,0.25,0,10.366666666666667,0.0,0,0,2.2,0.0
52540,0,20.0,Female,2.0,4,Married,7,0,1.0,2.0,2.0,259.72,0,1,0,0.09523809523809523,1,12.36761904761905,0.3333333333333333,0,0,2.4000000000000004,0.25
52541,0,22.0,Male,2.0,3,Single,5,0,1.0,2.0,0.0,253.79,1,2,0,0.08695652173913043,1,11.034347826086956,0.3333333333333333,0,0,2.2,0.25
52542,0,14.0,Male,3.0,3,Single,4,1,0.0,1.0,2.0,170.82,1,2,0,0.06666666666666667,1,11.388,0.0,0,1,2.0,0.45
52543,0,0.0,Male,3.0,5,Single,2,0,0.0,1.0,2.0,127.28,1,2,0,1.0,1,127.28,0.0,0,0,1.8,0.25
52544,0,6.0,Female,2.0,1,Married,2,1,0.0,1.0,2.0,153.68,0,1,0,0.14285714285714285,1,21.954285714285714,0.0,0,1,1.4000000000000001,0.45
52545,0,9.0,Male,3.0,3,Married,7,0,1.0,1.0,2.0,153.47,1,1,0,0.1,1,15.347,0.5,0,0,2.4000000000000004,0.25
52546,0,17.0,Female,2.0,1,Married,5,1,2.0,2.0,2.0,131.95,0,1,0,0.1111111111111111,1,7.330555555555555,0.6666666666666666,0,1,2.3000000000000003,0.45
52547,1,0.0,Male,3.0,3,Single,2,1,1.0,1.0,2.0,139.89,1,2,0,1.0,1,139.89,0.5,0,1,1.9000000000000001,0.45
52548,0,11.0,Female,2.0,3,Married,8,0,0.0,1.0,0.0,133.06,0,1,0,0.08333333333333333,1,11.088333333333333,0.0,0,0,2.0,0.25
52549,0,26.0,Male,2.0,1,Married,4,0,0.0,1.0,2.0,170.05,1,1,0,0.037037037037037035,1,6.298148148148148,0.0,0,1,1.6,0.45
52550,1,11.0,Female,3.0,3,Married,3,1,1.0,7.0,7.0,126.55,0,1,0,0.5833333333333334,0,10.545833333333333,0.125,0,1,4.3999999999999995,0.2
52551,1,9.0,Male,3.0,4,Single,2,0,0.0,1.0,0.0,113.93,1,2,0,0.1,1,11.393,0.0,0,0,1.8,0.25
52552,0,0.0,Male,3.0,1,Single,2,0,0.0,5.0,7.0,125.7,1,2,0,5.0,0,125.7,0.0,0,1,3.4000000000000004,0.2
52553,0,28.0,Male,3.0,4,Married,6,0,1.0,1.0,2.0,135.37,1,1,0,0.034482758620689655,1,4.667931034482759,0.5,0,0,2.3000000000000003,0.25
52554,0,7.0,Male,2.0,1,Married,2,0,0.0,4.0,13.0,139.86,1,1,1,0.5,0,17.4825,0.0,0,1,2.6000000000000005,0.5
52555,0,30.0,Male,3.0,1,Married,4,0,1.0,1.0,0.0,208.83,1,1,0,0.03225806451612903,1,6.736451612903227,0.5,0,1,2.1,0.45
52556,0,9.0,Male,3.0,4,Married,2,0,0.0,2.0,13.0,120.28,1,1,1,0.2,1,12.028,0.0,0,0,2.2,0.55
52557,0,10.0,Male,2.0,1,Married,2,0,1.0,1.0,3.0,195.25,1,1,0,0.09090909090909091,1,17.75,0.5,0,1,1.5000000000000002,0.45
52558,0,7.0,Female,3.0,1,Married,2,0,1.0,8.0,7.0,129.29,0,1,0,1.0,0,16.16125,0.1111111111111111,0,1,4.7,0.2
52559,1,9.0,Male,3.0,1,Married,2,1,1.0,1.0,2.0,122.75,1,1,0,0.1,1,12.275,0.5,0,1,1.9000000000000001,0.45
52560,0,17.0,Female,3.0,1,Married,2,1,1.0,6.0,7.0,178.79,0,1,0,0.3333333333333333,0,9.932777777777778,0.14285714285714285,0,1,3.900000000000001,0.2
52561,0,8.0,Male,3.0,1,Single,1,1,1.0,1.0,4.0,149.3,1,2,0,0.1111111111111111,1,16.58888888888889,0.5,0,1,1.8000000000000003,0.45
52562,0,16.0,Male,3.0,1,Married,2,1,3.0,8.0,8.0,178.47,1,1,0,0.47058823529411764,0,10.498235294117647,0.3333333333333333,0,1,4.9,0.2
52563,0,0.0,Male,3.0,3,Married,2,0,0.0,1.0,4.0,144.01,1,1,0,1.0,1,144.01,0.0,0,0,1.8,0.25
52564,0,14.0,Male,2.0,3,Single,2,0,3.0,8.0,7.0,192.41,1,2,0,0.5333333333333333,0,12.827333333333334,0.3333333333333333,0,0,4.5,0.0
52565,0,2.0,Female,3.0,3,Married,10,0,0.0,1.0,2.0,129.74,0,1,0,0.3333333333333333,1,43.24666666666667,0.0,0,0,2.6,0.25
52566,0,9.0,Female,2.0,1,Single,4,0,6.0,6.0,7.0,145.02,0,2,0,0.6,0,14.502,0.8571428571428571,0,1,4.2,0.2
52567,0,18.0,Male,3.0,3,Married,4,0,4.0,14.0,4.0,207.48,1,1,0,0.7368421052631579,0,10.92,0.26666666666666666,0,0,7.600000000000001,0.0
52568,1,9.0,Male,2.0,3,Married,2,0,0.0,1.0,0.0,115.55,1,1,0,0.1,1,11.555,0.0,0,0,1.4000000000000001,0.25
52569,1,10.0,Male,2.0,3,Married,8,0,6.0,14.0,3.0,229.36,1,1,0,1.2727272727272727,0,20.85090909090909,0.4,0,0,7.800000000000001,0.0
52570,0,9.0,Male,3.0,3,Married,2,0,1.0,1.0,2.0,123.05,1,1,0,0.1,1,12.305,0.5,0,0,1.9000000000000001,0.25
52571,0,18.0,Female,2.0,4,Single,2,0,1.0,8.0,6.0,267.04,0,2,0,0.42105263157894735,0,14.054736842105264,0.1111111111111111,0,0,4.3,0.0
52572,0,5.0,Male,2.0,3,Married,7,0,0.0,1.0,3.0,134.33,1,1,0,0.16666666666666666,1,22.388333333333335,0.0,0,0,1.9000000000000004,0.25
52573,0,4.0,Male,3.0,3,Married,2,0,1.0,1.0,3.0,134.77,1,1,0,0.2,1,26.954,0.5,0,0,1.9000000000000001,0.25
52574,0,14.0,Male,2.0,4,Married,7,0,0.0,1.0,2.0,164.3,1,1,0,0.06666666666666667,1,10.953333333333335,0.0,0,0,1.9000000000000004,0.25
52575,0,13.0,Female,3.0,5,Married,3,1,1.0,1.0,0.0,165.16,0,1,0,0.07142857142857142,1,11.797142857142857,0.5,0,1,2.0,0.45
52576,0,0.0,Male,3.0,5,Married,2,0,1.0,1.0,2.0,139.07,1,1,0,1.0,1,139.07,0.5,0,0,1.9000000000000001,0.25
52577,0,19.0,Male,2.0,4,Single,7,0,1.0,1.0,9.0,155.62,1,2,0,0.05,1,7.781000000000001,0.5,0,0,2.0000000000000004,0.25
52578,0,8.0,Male,2.0,3,Married,3,0,1.0,1.0,7.0,168.83,1,1,0,0.1111111111111111,1,18.75888888888889,0.5,0,0,1.6000000000000003,0.25
52579,0,3.0,Male,3.0,1,Married,2,0,0.0,1.0,8.0,128.62,1,1,0,0.25,1,32.155,0.0,0,1,1.8,0.45
52580,0,20.0,Male,2.0,4,Married,8,0,0.0,1.0,0.0,149.78,1,1,0,0.047619047619047616,1,7.132380952380952,0.0,0,0,2.0,0.25
52581,0,19.0,Male,3.0,1,Married,5,1,0.0,1.0,3.0,203.68,1,1,0,0.05,1,10.184000000000001,0.0,0,1,2.1,0.45
52582,1,0.0,Male,3.0,5,Married,6,1,1.0,2.0,2.0,161.34,1,1,0,2.0,1,161.34,0.3333333333333333,0,1,2.7,0.45
52583,1,0.0,Male,2.0,4,Single,7,0,0.0,1.0,0.0,167.35,1,2,0,1.0,1,167.35,0.0,0,0,1.9000000000000004,0.25
52584,0,0.0,Female,2.0,4,Single,2,0,0.0,1.0,2.0,132.95,0,2,0,1.0,1,132.95,0.0,0,0,1.4000000000000001,0.25
52585,0,4.0,Female,1.0,1,Single,3,0,0.0,1.0,4.0,152.38,0,2,0,0.2,1,30.476,0.0,1,1,1.1,0.7
52586,0,12.0,Male,3.0,1,Married,2,1,0.0,5.0,8.0,164.72,1,1,0,0.38461538461538464,0,12.670769230769231,0.0,0,1,3.4000000000000004,0.2
52587,0,5.0,Male,3.0,3,Married,4,0,0.0,1.0,2.0,196.1,1,1,0,0.16666666666666666,1,32.68333333333333,0.0,0,0,2.0,0.25
52588,0,13.0,Male,2.0,4,Single,2,0,12.0,12.0,8.0,298.33,1,2,0,0.8571428571428571,0,21.309285714285714,0.9230769230769231,0,0,7.000000000000001,0.0
52589,0,18.0,Female,2.0,3,Married,5,0,1.0,1.0,3.0,197.56,0,1,0,0.05263157894736842,1,10.397894736842105,0.5,0,0,1.8000000000000003,0.25
52590,0,3.0,Female,3.0,5,Single,1,0,0.0,1.0,7.0,149.68,0,2,0,0.25,1,37.42,0.0,0,0,1.7000000000000002,0.25
52591,0,9.0,Male,2.0,1,Married,1,0,0.0,2.0,1.0,121.45,1,1,0,0.2,1,12.145,0.0,0,1,1.7000000000000002,0.45
52592,1,9.0,Female,3.0,1,Married,7,0,1.0,1.0,2.0,121.8,0,1,0,0.1,1,12.18,0.5,0,1,2.4000000000000004,0.45
52593,0,4.0,Male,2.0,3,Married,2,0,1.0,1.0,2.0,183.46,1,1,0,0.2,1,36.692,0.5,0,0,1.5000000000000002,0.25
52594,0,0.0,Female,3.0,1,Single,2,0,0.0,1.0,4.0,134.45,0,2,0,1.0,1,134.45,0.0,0,1,1.8,0.45
52595,1,0.0,Female,3.0,4,Single,2,0,2.0,2.0,2.0,127.6,0,2,0,2.0,1,127.6,0.6666666666666666,0,0,2.4000000000000004,0.25
52596,0,2.0,Male,3.0,3,Single,9,1,1.0,1.0,2.0,162.94,1,2,0,0.3333333333333333,1,54.31333333333333,0.5,0,1,2.6,0.45
52597,0,3.0,Male,3.0,5,Married,3,0,1.0,1.0,7.0,171.4,1,1,0,0.25,1,42.85,0.5,0,0,2.0,0.25
52598,0,7.0,Male,3.0,1,Married,1,1,1.0,1.0,2.0,129.32,1,1,0,0.125,1,16.165,0.5,0,1,1.8000000000000003,0.45
52599,0,6.0,Female,3.0,4,Single,9,0,1.0,1.0,7.0,151.47,0,2,0,0.14285714285714285,1,21.638571428571428,0.5,0,0,2.6,0.25
52600,0,22.0,Female,3.0,1,Single,4,0,0.0,1.0,4.0,145.07,0,2,0,0.043478260869565216,1,6.307391304347826,0.0,0,1,2.0,0.45
52601,1,0.0,Female,3.0,5,Single,3,1,1.0,1.0,0.0,185.64,0,2,0,1.0,1,185.64,0.5,0,1,2.0,0.45
52602,0,11.0,Female,3.0,4,Married,5,0,0.0,1.0,5.0,124.68,0,1,0,0.08333333333333333,1,10.39,0.0,0,0,2.1,0.25
52603,1,0.0,Male,3.0,3,Married,3,0,0.0,1.0,0.0,181.61,1,1,0,1.0,1,181.61,0.0,0,0,1.9000000000000001,0.25
52604,0,9.0,Female,3.0,5,Married,2,0,0.0,1.0,0.0,121.09,0,1,0,0.1,1,12.109,0.0,0,0,1.8,0.25
52605,0,3.0,Male,2.0,3,Married,4,0,1.0,1.0,7.0,152.94,1,1,0,0.25,1,38.235,0.5,0,0,1.7000000000000002,0.25
52606,0,5.0,Male,3.0,4,Single,3,0,1.0,1.0,7.0,127.18,1,2,0,0.16666666666666666,1,21.19666666666667,0.5,0,0,2.0,0.25
52607,0,11.0,Male,2.0,1,Married,4,1,0.0,1.0,0.0,158.11,1,1,0,0.08333333333333333,1,13.175833333333335,0.0,0,1,1.6,0.45
52608,1,6.0,Male,2.0,3,Married,10,1,1.0,1.0,0.0,124.37,1,1,0,0.14285714285714285,1,17.767142857142858,0.5,0,1,2.3000000000000003,0.45
52609,0,15.0,Male,3.0,4,Married,9,0,1.0,1.0,4.0,127.66,1,1,0,0.0625,1,7.97875,0.5,0,0,2.6,0.25
52610,0,28.0,Male,2.0,5,Married,9,0,1.0,1.0,0.0,290.38,1,1,0,0.034482758620689655,1,10.013103448275862,0.5,0,0,2.2,0.25
52611,0,6.0,Male,3.0,4,Married,6,0,0.0,1.0,7.0,130.55,1,1,0,0.14285714285714285,1,18.650000000000002,0.0,0,0,2.2,0.25
52612,0,9.0,Male,3.0,5,Married,2,0,0.0,1.0,4.0,122.89,1,1,0,0.1,1,12.289,0.0,0,0,1.8,0.25
52613,0,7.0,Male,2.0,3,Married,2,1,1.0,1.0,7.0,140.01,1,1,0,0.125,1,17.50125,0.5,0,1,1.5000000000000002,0.45
52614,0,26.0,Female,2.0,3,Married,5,1,1.0,1.0,3.0,229.65,0,1,0,0.037037037037037035,1,8.505555555555556,0.5,0,1,1.8000000000000003,0.45
52615,0,16.0,Male,3.0,1,Single,1,0,1.0,1.0,8.0,135.39,1,2,0,0.058823529411764705,1,7.964117647058822,0.5,0,1,1.8000000000000003,0.45
52616,0,7.0,Female,2.0,1,Single,6,0,2.0,2.0,2.0,160.29,0,2,0,0.25,1,20.03625,0.6666666666666666,0,1,2.4000000000000004,0.45
52617,1,0.0,Male,3.0,4,Single,2,0,0.0,1.0,0.0,126.79,1,2,0,1.0,1,126.79,0.0,0,0,1.8,0.25
52618,0,11.0,Female,2.0,3,Married,2,0,1.0,1.0,4.0,137.02,0,1,0,0.08333333333333333,1,11.418333333333335,0.5,0,0,1.5000000000000002,0.25
52619,1,0.0,Female,3.0,5,Married,2,1,0.0,1.0,0.0,123.98,0,1,0,1.0,1,123.98,0.0,0,1,1.8,0.45
52620,0,4.0,Female,3.0,1,Married,2,0,0.0,5.0,7.0,154.68,0,1,0,1.0,0,30.936,0.0,0,1,3.4000000000000004,0.2
52621,0,24.0,Female,2.0,3,Married,3,0,2.0,2.0,3.0,231.16,0,1,0,0.08,1,9.2464,0.6666666666666666,0,0,2.1,0.25
52622,0,10.0,Male,2.0,4,Married,2,0,1.0,1.0,3.0,141.89,1,1,0,0.09090909090909091,1,12.899090909090908,0.5,0,0,1.5000000000000002,0.25
52623,0,19.0,Male,2.0,1,Married,8,1,2.0,2.0,2.0,293.28,1,1,0,0.1,1,14.663999999999998,0.6666666666666666,0,1,2.6000000000000005,0.45
52624,0,9.0,Male,2.0,5,Married,8,1,2.0,5.0,7.0,183.21,1,1,0,0.5,0,18.321,0.3333333333333333,0,1,3.8,0.2
52625,1,7.0,Male,3.0,4,Married,2,1,2.0,2.0,3.0,123.42,1,1,0,0.25,1,15.4275,0.6666666666666666,0,1,2.4000000000000004,0.45
52626,0,10.0,Male,2.0,4,Married,3,0,3.0,4.0,7.0,140.71,1,1,0,0.36363636363636365,0,12.791818181818183,0.6,0,0,3.0,0.0
52627,1,0.0,Male,2.0,1,Single,2,1,3.0,7.0,7.0,158.13,1,2,0,7.0,0,158.13,0.375,0,1,4.1000000000000005,0.2
52628,0,6.0,Male,3.0,5,Married,7,0,3.0,7.0,6.0,131.43,1,1,0,1.0,0,18.775714285714287,0.375,0,0,5.0,0.0
52629,0,9.0,Male,2.0,1,Married,2,0,0.0,1.0,3.0,120.44,1,1,0,0.1,1,12.044,0.0,0,1,1.4000000000000001,0.45
52630,0,12.0,Male,3.0,3,Single,8,0,2.0,2.0,2.0,234.64,1,2,0,0.15384615384615385,1,18.049230769230768,0.6666666666666666,0,0,3.0,0.25
52631,0,19.0,Male,3.0,4,Single,9,0,1.0,2.0,2.0,179.91,1,2,0,0.1,1,8.9955,0.3333333333333333,0,0,3.0,0.25
52632,0,13.0,Female,3.0,5,Married,5,0,1.0,1.0,2.0,133.77,0,1,0,0.07142857142857142,1,9.555000000000001,0.5,0,0,2.2,0.25
52633,0,15.0,Male,3.0,5,Married,6,0,1.0,1.0,0.0,155.38,1,1,0,0.0625,1,9.71125,0.5,0,0,2.3000000000000003,0.25
52634,0,8.0,Male,2.0,1,Married,3,0,1.0,1.0,7.0,157.62,1,1,0,0.1111111111111111,1,17.513333333333335,0.5,0,1,1.6000000000000003,0.45
52635,0,11.0,Male,3.0,4,Married,6,0,2.0,3.0,8.0,125.92,1,1,0,0.25,0,10.493333333333334,0.5,0,0,3.2000000000000006,0.0
52636,1,0.0,Male,3.0,5,Married,5,0,0.0,1.0,7.0,153.46,1,1,0,1.0,1,153.46,0.0,0,0,2.1,0.25
52637,1,0.0,Male,2.0,5,Single,2,0,0.0,1.0,8.0,142.13,1,2,0,1.0,1,142.13,0.0,0,0,1.4000000000000001,0.25
52638,0,12.0,Male,2.0,1,Married,3,0,1.0,2.0,2.0,141.27,1,1,0,0.15384615384615385,1,10.866923076923078,0.3333333333333333,0,1,2.0,0.45
52639,0,16.0,Male,2.0,3,Single,5,0,1.0,1.0,2.0,124.38,1,2,0,0.058823529411764705,1,7.316470588235294,0.5,0,0,1.8000000000000003,0.25
52640,0,14.0,Male,2.0,4,Single,4,0,0.0,1.0,2.0,168.7,1,2,0,0.06666666666666667,1,11.246666666666666,0.0,0,0,1.6,0.25
52641,0,14.0,Female,2.0,3,Married,1,1,5.0,13.0,5.0,204.47,0,1,0,0.8666666666666667,0,13.631333333333334,0.35714285714285715,0,1,6.6,0.2
52642,0,3.0,Female,3.0,3,Single,10,0,0.0,1.0,2.0,196.67,0,2,0,0.25,1,49.1675,0.0,0,0,2.6,0.25
52643,1,9.0,Female,3.0,4,Married,1,1,0.0,1.0,4.0,121.48,0,1,0,0.1,1,12.148,0.0,0,1,1.7000000000000002,0.45
52644,1,9.0,Female,3.0,4,Married,5,0,3.0,3.0,7.0,189.26,0,1,0,0.3,0,18.926,0.75,0,0,3.2,0.0
52645,0,13.0,Female,2.0,1,Married,5,0,0.0,1.0,3.0,165.13,0,1,0,0.07142857142857142,1,11.795,0.0,0,1,1.7000000000000002,0.45
52646,0,7.0,Male,3.0,3,Married,2,0,2.0,4.0,8.0,167.99,1,1,0,0.5,0,20.99875,0.4,0,0,3.2000000000000006,0.0
52647,0,30.0,Male,2.0,4,Married,5,0,1.0,14.0,14.0,262.91,1,1,1,0.45161290322580644,0,8.480967741935485,0.06666666666666667,0,0,7.0,0.3
52648,0,8.0,Male,3.0,3,Married,1,0,0.0,1.0,3.0,127.05,1,1,0,0.1111111111111111,1,14.116666666666667,0.0,0,0,1.7000000000000002,0.25
52649,0,20.0,Female,3.0,4,Married,9,1,5.0,14.0,10.0,203.33,0,1,0,0.6666666666666666,0,9.682380952380953,0.3333333333333333,0,1,8.200000000000001,0.2
52650,0,13.0,Female,2.0,5,Married,3,0,1.0,7.0,7.0,144.48,0,1,0,0.5,0,10.319999999999999,0.125,0,0,4.0,0.0
52651,0,27.0,Female,3.0,1,Married,5,0,1.0,1.0,7.0,168.54,0,1,0,0.03571428571428571,1,6.019285714285714,0.5,0,1,2.2,0.45
52652,0,4.0,Female,3.0,5,Married,3,0,2.0,2.0,2.0,196.37,0,1,0,0.4,1,39.274,0.6666666666666666,0,0,2.5,0.25
52653,0,1.0,Female,3.0,5,Married,2,0,1.0,1.0,2.0,135.91,0,1,0,0.5,1,67.955,0.5,0,0,1.9000000000000001,0.25
52654,0,11.0,Female,3.0,1,Married,3,1,0.0,1.0,3.0,154.05,0,1,0,0.08333333333333333,1,12.8375,0.0,0,1,1.9000000000000001,0.45
52655,0,0.0,Male,2.0,1,Single,2,0,1.0,1.0,2.0,146.84,1,2,0,1.0,1,146.84,0.5,0,1,1.5000000000000002,0.45
52656,0,30.0,Male,2.0,3,Married,3,1,2.0,2.0,2.0,257.87,1,1,0,0.06451612903225806,1,8.318387096774194,0.6666666666666666,0,1,2.1,0.45
52657,0,9.0,Female,2.0,3,Single,2,0,1.0,1.0,0.0,115.14,0,2,0,0.1,1,11.514,0.5,0,0,1.5000000000000002,0.25
52658,1,0.0,Male,3.0,5,Married,1,0,1.0,1.0,0.0,129.56,1,1,0,1.0,1,129.56,0.5,0,0,1.8000000000000003,0.25
52659,1,0.0,Male,2.0,5,Married,5,1,2.0,2.0,0.0,123.35,1,1,0,2.0,1,123.35,0.6666666666666666,0,1,2.3000000000000003,0.45
52660,0,18.0,Female,3.0,3,Married,5,0,3.0,5.0,7.0,151.54,0,1,0,0.2631578947368421,0,7.97578947368421,0.5,0,0,4.0,0.0
52661,0,9.0,Female,3.0,4,Married,5,1,1.0,1.0,0.0,169.62,0,1,0,0.1,1,16.962,0.5,0,1,2.2,0.45
52662,0,16.0,Male,3.0,1,Married,2,0,7.0,7.0,7.0,156.75,1,1,0,0.4117647058823529,0,9.220588235294118,0.875,0,1,4.9,0.2
52663,0,0.0,Female,2.0,1,Single,1,1,1.0,1.0,2.0,123.79,0,2,0,1.0,1,123.79,0.5,0,1,1.4000000000000004,0.45
52664,0,2.0,Male,2.0,1,Married,2,0,1.0,3.0,10.0,138.12,1,1,0,1.0,0,46.04,0.25,0,1,2.3000000000000003,0.2
52665,0,5.0,Male,3.0,1,Single,9,0,0.0,1.0,0.0,146.48,1,2,0,0.16666666666666666,1,24.41333333333333,0.0,0,1,2.5,0.45
52666,0,15.0,Male,3.0,3,Married,4,0,3.0,3.0,3.0,129.36,1,1,0,0.1875,0,8.085,0.75,0,0,3.1000000000000005,0.0
52667,0,9.0,Female,3.0,3,Single,5,0,0.0,2.0,0.0,121.05,0,2,0,0.2,1,12.105,0.0,0,0,2.5,0.25
52668,0,19.0,Male,2.0,1,Married,4,0,0.0,4.0,7.0,185.78,1,1,0,0.2,0,9.289,0.0,0,1,2.8000000000000003,0.2
52669,0,1.0,Male,3.0,1,Married,2,0,1.0,2.0,2.0,127.06,1,1,0,1.0,1,63.53,0.3333333333333333,0,1,2.3000000000000003,0.45
52670,0,2.0,Male,3.0,3,Married,9,0,0.0,1.0,6.0,163.84,1,1,0,0.3333333333333333,1,54.61333333333334,0.0,0,0,2.5,0.25
52671,0,15.0,Male,2.0,3,Single,5,0,1.0,1.0,0.0,139.68,1,2,0,0.0625,1,8.73,0.5,0,0,1.8000000000000003,0.25
52672,1,0.0,Male,2.0,4,Single,8,1,1.0,2.0,2.0,199.07,1,2,0,2.0,1,199.07,0.3333333333333333,0,1,2.5000000000000004,0.45
52673,0,19.0,Female,2.0,5,Married,3,0,2.0,2.0,8.0,232.25,0,1,0,0.1,1,11.6125,0.6666666666666666,0,0,2.1,0.25
52674,0,0.0,Female,2.0,3,Married,2,0,3.0,5.0,8.0,135.4,0,1,0,5.0,0,135.4,0.5,0,0,3.3,0.0
52675,0,2.0,Male,3.0,4,Married,2,0,1.0,1.0,0.0,128.04,1,1,0,0.3333333333333333,1,42.68,0.5,0,0,1.9000000000000001,0.25
52676,0,16.0,Female,2.0,3,Married,8,0,6.0,6.0,14.0,293.92,0,1,1,0.35294117647058826,0,17.289411764705882,0.8571428571428571,0,0,4.6,0.3
52677,0,21.0,Male,3.0,4,Married,5,0,3.0,12.0,9.0,296.65,1,1,0,0.5454545454545454,0,13.484090909090908,0.23076923076923078,0,0,6.800000000000001,0.0
52678,1,0.0,Male,3.0,1,Single,2,1,1.0,1.0,0.0,124.39,1,2,0,1.0,1,124.39,0.5,0,1,1.9000000000000001,0.45
52679,1,9.0,Female,3.0,4,Married,6,0,1.0,1.0,7.0,173.14,0,1,0,0.1,1,17.314,0.5,0,0,2.3000000000000003,0.25
52680,0,0.0,Female,3.0,5,Married,1,0,0.0,7.0,3.0,147.74,0,1,0,7.0,0,147.74,0.0,0,0,4.1,0.0
52681,0,12.0,Male,2.0,1,Married,9,0,0.0,2.0,2.0,139.02,1,1,0,0.15384615384615385,1,10.693846153846154,0.0,0,1,2.5,0.45
52682,0,28.0,Male,3.0,1,Married,9,0,1.0,1.0,4.0,126.62,1,1,0,0.034482758620689655,1,4.3662068965517244,0.5,0,1,2.6,0.45
52683,0,1.0,Female,3.0,4,Married,2,0,1.0,1.0,0.0,128.56,0,1,0,0.5,1,64.28,0.5,0,0,1.9000000000000001,0.25
52684,1,0.0,Male,2.0,1,Single,2,0,0.0,1.0,0.0,110.81,1,2,0,1.0,1,110.81,0.0,0,1,1.4000000000000001,0.45
52685,1,0.0,Male,3.0,4,Single,2,1,1.0,1.0,0.0,124.72,1,2,0,1.0,1,124.72,0.5,0,1,1.9000000000000001,0.45
52686,0,9.0,Female,3.0,3,Married,2,1,0.0,1.0,7.0,156.73,0,1,0,0.1,1,15.672999999999998,0.0,0,1,1.8,0.45
52687,0,4.0,Male,2.0,3,Married,2,0,0.0,1.0,2.0,141.97,1,1,0,0.2,1,28.394,0.0,0,0,1.4000000000000001,0.25
52688,0,7.0,Male,3.0,1,Married,3,1,0.0,1.0,0.0,197.13,1,1,0,0.125,1,24.64125,0.0,0,1,1.9000000000000001,0.45
52689,0,9.0,Male,2.0,5,Single,4,0,0.0,1.0,2.0,120.62,1,2,0,0.1,1,12.062000000000001,0.0,0,0,1.6,0.25
52690,0,10.0,Male,3.0,5,Married,6,1,0.0,1.0,4.0,142.84,1,1,0,0.09090909090909091,1,12.985454545454546,0.0,0,1,2.2,0.45
52691,0,8.0,Female,2.0,4,Married,1,1,0.0,1.0,2.0,147.88,0,1,0,0.1111111111111111,1,16.43111111111111,0.0,0,1,1.3000000000000003,0.45
52692,0,18.0,Female,3.0,1,Married,1,0,0.0,3.0,8.0,159.06,0,1,0,0.15789473684210525,0,8.371578947368421,0.0,0,1,2.5000000000000004,0.2
52693,0,9.0,Male,3.0,1,Single,2,0,1.0,1.0,8.0,138.86,1,2,0,0.1,1,13.886000000000001,0.5,0,1,1.9000000000000001,0.45
52694,0,13.0,Male,3.0,5,Married,3,0,1.0,11.0,16.0,268.23,1,1,1,0.7857142857142857,0,19.159285714285716,0.08333333333333333,0,0,6.0,0.3
52695,0,0.0,Female,3.0,3,Married,2,1,0.0,1.0,0.0,129.33,0,1,0,1.0,1,129.33,0.0,0,1,1.8,0.45
52696,0,0.0,Female,2.0,3,Single,1,0,0.0,1.0,7.0,165.0,0,2,0,1.0,1,165.0,0.0,0,0,1.3000000000000003,0.25
52697,0,21.0,Female,2.0,1,Married,4,0,1.0,4.0,7.0,271.74,0,1,0,0.18181818181818182,0,12.351818181818182,0.2,0,1,2.9000000000000004,0.2
52698,0,17.0,Male,3.0,5,Married,3,0,1.0,2.0,2.0,150.33,1,1,0,0.1111111111111111,1,8.351666666666667,0.3333333333333333,0,0,2.4,0.25
52699,1,9.0,Male,2.0,5,Married,2,1,0.0,3.0,0.0,123.07,1,1,0,0.3,0,12.306999999999999,0.0,0,1,2.2,0.2
52700,1,19.0,Male,3.0,1,Single,2,0,0.0,1.0,0.0,125.87,1,2,0,0.05,1,6.2935,0.0,0,1,1.8,0.45
52701,0,9.0,Male,2.0,4,Married,3,0,1.0,1.0,3.0,155.07,1,1,0,0.1,1,15.507,0.5,0,0,1.6000000000000003,0.25
52702,0,14.0,Female,2.0,4,Married,6,0,0.0,1.0,4.0,143.93,0,1,0,0.06666666666666667,1,9.595333333333334,0.0,0,0,1.8000000000000003,0.25
52703,0,15.0,Male,2.0,5,Married,10,0,5.0,2.0,7.0,233.48,1,1,0,0.125,1,14.5925,1.6666666666666667,0,0,3.1,0.25
52704,0,4.0,Female,2.0,1,Married,3,1,1.0,1.0,4.0,165.83,0,1,0,0.2,1,33.166000000000004,0.5,0,1,1.6000000000000003,0.45
52705,0,7.0,Female,3.0,1,Married,4,1,0.0,1.0,1.0,181.03,0,1,0,0.125,1,22.62875,0.0,0,1,2.0,0.45
52706,0,4.0,Female,3.0,3,Married,9,0,1.0,2.0,2.0,139.78,0,1,0,0.4,1,27.956,0.3333333333333333,0,0,3.0,0.25
52707,0,0.0,Male,3.0,1,Married,1,0,2.0,7.0,7.0,125.44,1,1,0,7.0,0,125.44,0.25,0,1,4.3,0.2
52708,0,18.0,Male,2.0,3,Single,5,0,0.0,1.0,3.0,153.99,1,2,0,0.05263157894736842,1,8.104736842105263,0.0,0,0,1.7000000000000002,0.25
52709,0,6.0,Male,2.0,3,Single,2,0,0.0,1.0,9.0,154.87,1,2,0,0.14285714285714285,1,22.124285714285715,0.0,0,0,1.4000000000000001,0.25
52710,0,1.0,Male,2.0,1,Married,2,1,1.0,1.0,7.0,168.34,1,1,0,0.5,1,84.17,0.5,0,1,1.5000000000000002,0.45
52711,1,0.0,Male,2.0,5,Single,2,0,0.0,1.0,0.0,110.91,1,2,0,1.0,1,110.91,0.0,0,0,1.4000000000000001,0.25
52712,0,12.0,Female,2.0,3,Married,7,0,0.0,1.0,2.0,157.36,0,1,0,0.07692307692307693,1,12.104615384615386,0.0,0,0,1.9000000000000004,0.25
52713,0,9.0,Male,2.0,4,Married,2,0,0.0,1.0,2.0,122.26,1,1,0,0.1,1,12.226,0.0,0,0,1.4000000000000001,0.25
52714,0,7.0,Male,2.0,1,Married,2,1,3.0,6.0,11.0,157.47,1,1,1,0.75,0,19.68375,0.42857142857142855,0,1,3.7,0.5
52715,1,0.0,Female,2.0,3,Single,4,1,0.0,2.0,2.0,198.54,0,2,0,2.0,1,198.54,0.0,0,1,2.0,0.45
52716,0,20.0,Male,3.0,4,Married,9,0,0.0,1.0,7.0,154.67,1,1,0,0.047619047619047616,1,7.3652380952380945,0.0,0,0,2.5,0.25
52717,0,29.0,Female,2.0,5,Married,5,0,0.0,1.0,0.0,153.8,0,1,0,0.03333333333333333,1,5.126666666666667,0.0,0,0,1.7000000000000002,0.25
52718,0,12.0,Male,2.0,5,Married,2,0,0.0,7.0,9.0,151.51,1,1,0,0.5384615384615384,0,11.654615384615385,0.0,0,0,3.8000000000000007,0.0
52719,0,9.0,Female,2.0,4,Married,2,1,1.0,1.0,7.0,121.33,0,1,0,0.1,1,12.133,0.5,0,1,1.5000000000000002,0.45
52720,0,60.0,Female,3.0,1,Married,5,1,1.0,1.0,0.0,278.75,0,1,0,0.01639344262295082,1,4.569672131147541,0.5,0,1,2.2,0.45
52721,1,0.0,Female,2.0,3,Single,4,1,0.0,1.0,3.0,124.32,0,2,0,1.0,1,124.32,0.0,0,1,1.6,0.45
52722,0,11.0,Male,3.0,1,Married,3,0,0.0,1.0,3.0,147.71,1,1,0,0.08333333333333333,1,12.309166666666668,0.0,0,1,1.9000000000000001,0.45
52723,0,22.0,Male,2.0,1,Married,4,0,1.0,4.0,3.0,291.61,1,1,0,0.17391304347826086,0,12.678695652173914,0.2,0,1,2.9000000000000004,0.2
52724,0,15.0,Male,3.0,1,Married,4,1,1.0,1.0,0.0,150.87,1,1,0,0.0625,1,9.429375,0.5,0,1,2.1,0.45
52725,1,0.0,Female,3.0,4,Married,2,0,1.0,1.0,0.0,128.63,0,1,0,1.0,1,128.63,0.5,0,0,1.9000000000000001,0.25
52726,0,8.0,Male,3.0,5,Married,1,0,1.0,1.0,4.0,155.61,1,1,0,0.1111111111111111,1,17.290000000000003,0.5,0,0,1.8000000000000003,0.25
52727,0,9.0,Male,2.0,3,Single,2,0,0.0,1.0,4.0,121.44,1,2,0,0.1,1,12.144,0.0,0,0,1.4000000000000001,0.25
52728,0,4.0,Male,3.0,5,Married,2,1,2.0,2.0,3.0,130.65,1,1,0,0.4,1,26.130000000000003,0.6666666666666666,0,1,2.4000000000000004,0.45
52729,0,9.0,Male,3.0,4,Married,2,0,1.0,1.0,2.0,128.1,1,1,0,0.1,1,12.809999999999999,0.5,0,0,1.9000000000000001,0.25
52730,0,7.0,Male,2.0,1,Single,2,0,2.0,2.0,1.0,198.88,1,2,0,0.25,1,24.86,0.6666666666666666,0,1,2.0,0.45
52731,0,7.0,Male,2.0,3,Married,2,0,0.0,1.0,1.0,186.28,1,1,0,0.125,1,23.285,0.0,0,0,1.4000000000000001,0.25
52732,0,0.0,Male,3.0,5,Single,1,0,7.0,7.0,6.0,128.67,1,2,0,7.0,0,128.67,0.875,0,0,4.8,0.0
52733,0,2.0,Male,2.0,5,Married,1,0,0.0,1.0,2.0,153.73,1,1,0,0.3333333333333333,1,51.24333333333333,0.0,0,0,1.3000000000000003,0.25
52734,0,5.0,Female,2.0,1,Married,6,0,0.0,1.0,2.0,166.67,0,1,0,0.16666666666666666,1,27.778333333333332,0.0,0,1,1.8000000000000003,0.45
52735,0,4.0,Male,2.0,5,Married,2,0,6.0,8.0,7.0,150.03,1,1,0,1.6,0,30.006,0.6666666666666666,0,0,4.800000000000001,0.0
52736,1,0.0,Male,2.0,1,Married,6,0,1.0,1.0,3.0,123.67,1,1,0,1.0,1,123.67,0.5,0,1,1.9000000000000004,0.45
52737,0,11.0,Male,3.0,5,Single,5,0,1.0,1.0,0.0,128.58,1,2,0,0.08333333333333333,1,10.715000000000002,0.5,0,0,2.2,0.25
52738,0,8.0,Female,2.0,1,Married,2,1,1.0,1.0,9.0,152.04,0,1,0,0.1111111111111111,1,16.89333333333333,0.5,0,1,1.5000000000000002,0.45
52739,0,0.0,Male,2.0,1,Single,2,0,1.0,1.0,7.0,141.05,1,2,0,1.0,1,141.05,0.5,0,1,1.5000000000000002,0.45
52740,0,5.0,Male,2.0,1,Single,9,0,1.0,1.0,0.0,196.79,1,2,0,0.16666666666666666,1,32.79833333333333,0.5,0,1,2.2,0.45
52741,1,0.0,Male,3.0,1,Married,2,1,0.0,1.0,8.0,156.17,1,1,0,1.0,1,156.17,0.0,0,1,1.8,0.45
52742,1,16.0,Male,3.0,5,Single,7,1,0.0,2.0,2.0,204.48,1,2,0,0.11764705882352941,1,12.028235294117646,0.0,0,1,2.7,0.45
52743,0,27.0,Female,3.0,3,Married,4,0,1.0,2.0,3.0,128.97,0,1,0,0.07142857142857142,1,4.606071428571428,0.3333333333333333,0,0,2.5,0.25
52744,0,6.0,Male,2.0,3,Married,2,0,0.0,2.0,8.0,159.68,1,1,0,0.2857142857142857,1,22.81142857142857,0.0,0,0,1.8,0.25
52745,0,16.0,Male,1.0,3,Married,2,0,1.0,1.0,9.0,175.1,1,1,0,0.058823529411764705,1,10.299999999999999,0.5,1,0,1.1,0.5
52746,0,11.0,Male,3.0,4,Married,1,1,0.0,1.0,2.0,129.91,1,1,0,0.08333333333333333,1,10.825833333333334,0.0,0,1,1.7000000000000002,0.45
52747,0,28.0,Male,3.0,4,Married,5,1,1.0,1.0,4.0,296.36,1,1,0,0.034482758620689655,1,10.219310344827587,0.5,0,1,2.2,0.45
52748,0,4.0,Female,2.0,1,Married,2,1,0.0,1.0,0.0,111.29,0,1,0,0.2,1,22.258000000000003,0.0,0,1,1.4000000000000001,0.45
52749,0,12.0,Male,3.0,5,Single,1,0,4.0,2.0,10.0,233.41,1,2,0,0.15384615384615385,1,17.954615384615384,1.3333333333333333,0,0,2.5,0.25
52750,0,15.0,Male,2.0,3,Single,2,0,3.0,3.0,7.0,143.32,1,2,0,0.1875,0,8.9575,0.75,0,0,2.5,0.0
52751,0,4.0,Female,2.0,3,Married,5,0,3.0,4.0,3.0,210.31,0,1,0,0.8,0,42.062,0.6,0,0,3.2,0.0
52752,0,27.0,Female,3.0,5,Single,7,1,0.0,1.0,4.0,144.4,0,2,0,0.03571428571428571,1,5.1571428571428575,0.0,0,1,2.3000000000000003,0.45
52753,0,0.0,Male,2.0,3,Single,2,0,1.0,1.0,2.0,146.17,1,2,0,1.0,1,146.17,0.5,0,0,1.5000000000000002,0.25
52754,0,0.0,Male,3.0,1,Single,2,0,1.0,1.0,4.0,126.47,1,2,0,1.0,1,126.47,0.5,0,1,1.9000000000000001,0.45
52755,0,13.0,Female,3.0,3,Married,2,0,7.0,9.0,4.0,163.23,0,1,0,0.6428571428571429,0,11.659285714285714,0.7,0,0,5.700000000000001,0.0
52756,0,13.0,Female,3.0,4,Married,4,0,1.0,5.0,10.0,156.77,0,1,0,0.35714285714285715,0,11.197857142857144,0.16666666666666666,0,0,3.7,0.0
52757,0,9.0,Female,2.0,4,Married,5,0,0.0,1.0,2.0,121.87,0,1,0,0.1,1,12.187000000000001,0.0,0,0,1.7000000000000002,0.25
52758,0,3.0,Male,3.0,4,Married,2,0,1.0,1.0,7.0,137.48,1,1,0,0.25,1,34.37,0.5,0,0,1.9000000000000001,0.25
52759,0,0.0,Male,2.0,3,Married,7,1,0.0,1.0,2.0,139.77,1,1,0,1.0,1,139.77,0.0,0,1,1.9000000000000004,0.45
52760,0,20.0,Male,2.0,3,Single,3,0,9.0,12.0,11.0,186.33,1,2,1,0.5714285714285714,0,8.872857142857143,0.6923076923076923,0,0,6.800000000000001,0.3
52761,0,9.0,Male,2.0,3,Married,2,0,0.0,1.0,0.0,120.08,1,1,0,0.1,1,12.008,0.0,0,0,1.4000000000000001,0.25
52762,0,11.0,Male,2.0,4,Married,1,0,1.0,5.0,8.0,144.4,1,1,0,0.4166666666666667,0,12.033333333333333,0.16666666666666666,0,0,3.0,0.0
52763,0,4.0,Male,3.0,3,Married,1,0,0.0,1.0,2.0,130.67,1,1,0,0.2,1,26.133999999999997,0.0,0,0,1.7000000000000002,0.25
52764,0,11.0,Male,3.0,3,Married,3,0,2.0,7.0,7.0,153.21,1,1,0,0.5833333333333334,0,12.7675,0.25,0,0,4.5,0.0
52765,0,15.0,Male,2.0,5,Married,7,1,1.0,1.0,2.0,154.1,1,1,0,0.0625,1,9.63125,0.5,0,1,2.0000000000000004,0.45
52766,0,14.0,Male,3.0,1,Married,4,0,0.0,1.0,0.0,127.82,1,1,0,0.06666666666666667,1,8.521333333333333,0.0,0,1,2.0,0.45
52767,0,20.0,Female,3.0,4,Married,1,0,0.0,5.0,3.0,219.57,0,1,0,0.23809523809523808,0,10.455714285714285,0.0,0,0,3.3000000000000003,0.0
52768,0,8.0,Male,2.0,3,Married,8,1,2.0,2.0,2.0,126.6,1,1,0,0.2222222222222222,1,14.066666666666666,0.6666666666666666,0,1,2.6000000000000005,0.45
52769,0,0.0,Male,3.0,3,Single,1,0,1.0,1.0,2.0,133.75,1,2,0,1.0,1,133.75,0.5,0,0,1.8000000000000003,0.25
52770,0,8.0,Male,2.0,3,Single,2,0,0.0,1.0,8.0,150.98,1,2,0,0.1111111111111111,1,16.775555555555556,0.0,0,0,1.4000000000000001,0.25
52771,0,6.0,Female,3.0,1,Married,1,1,6.0,8.0,1.0,148.78,0,1,0,1.1428571428571428,0,21.254285714285714,0.6666666666666666,0,1,5.1,0.2
52772,0,5.0,Female,3.0,4,Single,2,0,0.0,4.0,1.0,128.37,0,2,0,0.6666666666666666,0,21.395,0.0,0,0,3.0000000000000004,0.0
52773,0,13.0,Male,2.0,1,Married,9,0,1.0,1.0,0.0,124.06,1,1,0,0.07142857142857142,1,8.861428571428572,0.5,0,1,2.2,0.45
52774,0,9.0,Male,3.0,4,Married,1,0,2.0,2.0,2.0,122.69,1,1,0,0.2,1,12.269,0.6666666666666666,0,0,2.3000000000000003,0.25
52775,0,12.0,Male,2.0,1,Single,8,0,0.0,1.0,7.0,141.08,1,2,0,0.07692307692307693,1,10.852307692307694,0.0,0,1,2.0,0.45
52776,0,11.0,Female,3.0,3,Married,4,0,0.0,2.0,11.0,232.06,0,1,1,0.16666666666666666,1,19.338333333333335,0.0,0,0,2.4,0.55
52777,0,5.0,Female,2.0,1,Married,2,0,0.0,5.0,7.0,204.22,0,1,0,0.8333333333333334,0,34.03666666666667,0.0,0,1,3.0,0.2
52778,0,10.0,Female,2.0,1,Married,2,1,5.0,2.0,8.0,237.44,0,1,0,0.18181818181818182,1,21.585454545454546,1.6666666666666667,0,1,2.3,0.45
52779,0,0.0,Female,2.0,3,Married,1,1,0.0,1.0,4.0,149.07,0,1,0,1.0,1,149.07,0.0,0,1,1.3000000000000003,0.45
52780,0,25.0,Male,2.0,1,Married,3,0,1.0,1.0,0.0,134.82,1,1,0,0.038461538461538464,1,5.185384615384615,0.5,0,1,1.6000000000000003,0.45
52781,0,17.0,Male,2.0,1,Single,7,1,1.0,1.0,2.0,124.36,1,2,0,0.05555555555555555,1,6.908888888888889,0.5,0,1,2.0000000000000004,0.45
52782,0,0.0,Male,2.0,5,Single,2,1,1.0,1.0,2.0,123.8,1,2,0,1.0,1,123.8,0.5,0,1,1.5000000000000002,0.45
52783,0,12.0,Male,2.0,1,Single,3,0,1.0,1.0,3.0,294.31,1,2,0,0.07692307692307693,1,22.63923076923077,0.5,0,1,1.6000000000000003,0.45
52784,1,9.0,Male,2.0,5,Married,2,0,1.0,1.0,0.0,117.9,1,1,0,0.1,1,11.790000000000001,0.5,0,0,1.5000000000000002,0.25
52785,0,9.0,Female,3.0,1,Married,1,0,0.0,3.0,4.0,176.44,0,1,0,0.3,0,17.644,0.0,0,1,2.5000000000000004,0.2
52786,0,9.0,Female,3.0,4,Married,8,0,0.0,1.0,2.0,151.31,0,1,0,0.1,1,15.131,0.0,0,0,2.4000000000000004,0.25
52787,0,29.0,Male,2.0,3,Married,2,0,0.0,1.0,9.0,163.06,1,1,0,0.03333333333333333,1,5.435333333333333,0.0,0,0,1.4000000000000001,0.25
52788,1,0.0,Male,2.0,1,Married,10,1,2.0,2.0,2.0,147.87,1,1,0,2.0,1,147.87,0.6666666666666666,0,1,2.8000000000000003,0.45
52789,0,15.0,Male,2.0,3,Married,6,0,1.0,4.0,14.0,288.8,1,1,1,0.25,0,18.05,0.2,0,0,3.1000000000000005,0.3
52790,1,19.0,Male,3.0,3,Married,9,0,6.0,9.0,8.0,123.39,1,1,0,0.45,0,6.1695,0.6,0,0,6.300000000000001,0.0
52791,0,14.0,Female,2.0,4,Married,1,0,1.0,2.0,10.0,235.7,0,1,0,0.13333333333333333,1,15.713333333333333,0.3333333333333333,0,0,1.8000000000000003,0.25
52792,0,7.0,Female,3.0,3,Married,2,0,1.0,1.0,7.0,167.12,0,1,0,0.125,1,20.89,0.5,0,0,1.9000000000000001,0.25
52793,0,9.0,Male,2.0,1,Married,2,0,5.0,11.0,11.0,154.06,1,1,1,1.1,0,15.406,0.4166666666666667,0,1,5.9,0.5
52794,0,14.0,Male,2.0,4,Married,3,0,1.0,1.0,4.0,189.38,1,1,0,0.06666666666666667,1,12.625333333333334,0.5,0,0,1.6000000000000003,0.25
52795,0,5.0,Male,3.0,5,Single,2,0,0.0,1.0,2.0,124.39,1,2,0,0.16666666666666666,1,20.731666666666666,0.0,0,0,1.8,0.25
52796,0,8.0,Female,2.0,1,Single,2,1,1.0,1.0,7.0,188.37,0,2,0,0.1111111111111111,1,20.93,0.5,0,1,1.5000000000000002,0.45
52797,0,11.0,Female,3.0,1,Married,2,0,0.0,1.0,9.0,153.43,0,1,0,0.08333333333333333,1,12.785833333333334,0.0,0,1,1.8,0.45
52798,1,13.0,Male,3.0,3,Married,8,0,1.0,1.0,1.0,167.28,1,1,0,0.07142857142857142,1,11.948571428571428,0.5,0,0,2.5000000000000004,0.25
52799,0,9.0,Female,3.0,1,Married,5,0,1.0,1.0,0.0,166.52,0,1,0,0.1,1,16.652,0.5,0,1,2.2,0.45
52800,0,18.0,Female,2.0,3,Single,9,0,0.0,1.0,1.0,148.5,0,2,0,0.05263157894736842,1,7.815789473684211,0.0,0,0,2.1,0.25
52801,0,13.0,Male,3.0,3,Single,3,0,0.0,2.0,2.0,128.09,1,2,0,0.14285714285714285,1,9.149285714285714,0.0,0,0,2.3,0.25
52802,0,8.0,Male,3.0,3,Married,2,1,0.0,1.0,2.0,156.89,1,1,0,0.1111111111111111,1,17.432222222222222,0.0,0,1,1.8,0.45
52803,0,9.0,Female,3.0,3,Married,3,0,0.0,1.0,2.0,120.01,0,1,0,0.1,1,12.001000000000001,0.0,0,0,1.9000000000000001,0.25
52804,0,8.0,Female,3.0,1,Married,2,0,1.0,1.0,1.0,129.77,0,1,0,0.1111111111111111,1,14.41888888888889,0.5,0,1,1.9000000000000001,0.45
52805,0,2.0,Male,2.0,4,Married,5,1,0.0,1.0,3.0,140.25,1,1,0,0.3333333333333333,1,46.75,0.0,0,1,1.7000000000000002,0.45
52806,0,2.0,Female,3.0,5,Single,2,0,0.0,1.0,4.0,137.85,0,2,0,0.3333333333333333,1,45.949999999999996,0.0,0,0,1.8,0.25
52807,1,13.0,Male,2.0,5,Married,5,1,2.0,2.0,0.0,208.54,1,1,0,0.14285714285714285,1,14.895714285714286,0.6666666666666666,0,1,2.3000000000000003,0.45
52808,0,12.0,Female,2.0,1,Married,1,0,3.0,9.0,3.0,220.31,0,1,0,0.6923076923076923,0,16.946923076923078,0.3,0,1,4.8,0.2
52809,0,4.0,Male,3.0,5,Single,1,0,1.0,1.0,7.0,199.36,1,2,0,0.2,1,39.872,0.5,0,0,1.8000000000000003,0.25
52810,0,0.0,Female,3.0,3,Single,1,0,1.0,1.0,0.0,129.66,0,2,0,1.0,1,129.66,0.5,0,0,1.8000000000000003,0.25
52811,0,9.0,Male,2.0,1,Married,5,0,0.0,1.0,3.0,125.71,1,1,0,0.1,1,12.571,0.0,0,1,1.7000000000000002,0.45
52812,0,12.0,Male,2.0,5,Married,5,0,0.0,1.0,7.0,199.91,1,1,0,0.07692307692307693,1,15.377692307692307,0.0,0,0,1.7000000000000002,0.25
52813,0,0.0,Male,2.0,4,Married,2,1,0.0,1.0,3.0,161.42,1,1,0,1.0,1,161.42,0.0,0,1,1.4000000000000001,0.45
52814,0,22.0,Male,3.0,4,Married,3,0,1.0,1.0,8.0,153.9,1,1,0,0.043478260869565216,1,6.691304347826088,0.5,0,0,2.0,0.25
52815,0,7.0,Male,2.0,3,Married,3,0,1.0,1.0,2.0,144.04,1,1,0,0.125,1,18.005,0.5,0,0,1.6000000000000003,0.25
52816,1,5.0,Female,4.0,2,Single,10,1,2.0,2.0,6.0,184.93,0,2,0,0.3333333333333333,1,30.82166666666667,0.6666666666666666,0,1,3.6000000000000005,0.45
52817,1,1.0,Male,4.0,3,Single,8,1,1.0,2.0,1.0,145.9,1,2,0,1.0,1,72.95,0.3333333333333333,0,1,3.3000000000000003,0.45
52818,1,1.0,Male,3.0,3,Single,7,1,1.0,2.0,4.0,145.28,1,2,0,1.0,1,72.64,0.3333333333333333,0,1,2.8000000000000003,0.45
52819,1,1.0,Male,3.0,5,Single,9,0,1.0,2.0,4.0,159.07,1,2,0,1.0,1,79.535,0.3333333333333333,0,0,3.0,0.25
52820,1,1.0,Male,3.0,5,Single,4,0,2.0,2.0,4.0,154.6,1,2,0,1.0,1,77.3,0.6666666666666666,0,0,2.6,0.25
52821,1,1.0,Female,4.0,5,Single,3,1,5.0,7.0,8.0,164.19,0,2,0,3.5,0,82.095,0.625,0,1,5.2,0.2
52822,1,3.0,Male,3.0,2,Divorced,5,0,1.0,2.0,1.0,145.86,1,0,0,0.5,1,36.465,0.3333333333333333,0,1,2.6,0.45
52823,1,1.0,Male,4.0,2,Divorced,4,1,3.0,3.0,1.0,147.93,1,0,0,1.5,0,73.965,0.75,0,1,3.5,0.2
52824,1,14.0,Male,3.0,3,Divorced,3,1,1.0,2.0,3.0,151.83,1,0,0,0.13333333333333333,1,10.122000000000002,0.3333333333333333,0,1,2.4,0.45
52825,1,1.0,Male,3.0,3,Single,3,0,2.0,2.0,2.0,147.93,1,2,0,1.0,1,73.965,0.6666666666666666,0,0,2.5,0.25
52826,1,5.0,Female,3.0,3,Divorced,3,0,10.0,16.0,9.0,320.45,0,0,0,2.6666666666666665,0,53.40833333333333,0.5882352941176471,0,0,8.9,0.0
52827,1,12.0,Male,4.0,3,Single,11,1,1.0,2.0,1.0,178.81,1,2,0,0.15384615384615385,1,13.754615384615384,0.3333333333333333,0,1,3.6000000000000005,0.45
52828,1,1.0,Male,3.0,3,Single,3,1,3.0,3.0,3.0,159.41,1,2,0,1.5,0,79.705,0.75,0,1,3.0,0.2
52829,1,1.0,Male,4.0,3,Divorced,2,1,1.0,2.0,1.0,158.88,1,0,0,1.0,1,79.44,0.3333333333333333,0,1,2.7000000000000006,0.45
52830,1,10.0,Male,4.0,2,Single,3,0,1.0,5.0,3.0,221.19,1,2,0,0.45454545454545453,0,20.10818181818182,0.16666666666666666,0,1,4.0,0.2
52831,1,1.0,Male,4.0,5,Married,6,1,2.0,2.0,3.0,145.73,1,1,0,1.0,1,72.865,0.6666666666666666,0,1,3.2000000000000006,0.45
52832,1,1.0,Female,4.0,2,Single,3,1,2.0,2.0,1.0,154.26,0,2,0,1.0,1,77.13,0.6666666666666666,0,1,2.9000000000000004,0.45
52833,1,1.0,Male,3.0,3,Single,3,1,2.0,2.0,4.0,182.44,1,2,0,1.0,1,91.22,0.6666666666666666,0,1,2.5,0.45
52834,1,1.0,Male,4.0,3,Single,3,1,2.0,2.0,7.0,185.74,1,2,0,1.0,1,92.87,0.6666666666666666,0,1,2.9000000000000004,0.45
52835,1,20.0,Female,4.0,4,Divorced,11,1,2.0,5.0,4.0,174.63,0,0,0,0.23809523809523808,0,8.315714285714286,0.3333333333333333,0,1,4.9,0.2
52836,1,1.0,Male,4.0,3,Divorced,6,1,7.0,8.0,8.0,186.72,1,0,0,4.0,0,93.36,0.7777777777777778,0,1,6.1000000000000005,0.2
52837,1,21.0,Female,4.0,2,Divorced,3,0,12.0,16.0,3.0,228.12,0,0,0,0.7272727272727273,0,10.36909090909091,0.7058823529411765,0,1,9.5,0.2
52838,1,1.0,Male,3.0,3,Single,3,1,1.0,2.0,1.0,141.75,1,2,0,1.0,1,70.875,0.3333333333333333,0,1,2.4,0.45
52839,1,1.0,Female,4.0,3,Divorced,5,1,2.0,3.0,3.0,170.59,0,0,0,1.5,0,85.295,0.5,0,1,3.5000000000000004,0.2
52840,1,15.0,Male,3.0,2,Single,4,0,1.0,2.0,4.0,231.5,1,2,0,0.125,1,14.46875,0.3333333333333333,0,1,2.5,0.45
52841,1,1.0,Female,3.0,5,Single,9,0,2.0,2.0,5.0,167.0,0,2,0,1.0,1,83.5,0.6666666666666666,0,0,3.1,0.25
52842,0,9.0,Male,4.0,4,Divorced,3,0,2.0,2.0,7.0,197.95,1,0,0,0.2,1,19.794999999999998,0.6666666666666666,0,0,2.9000000000000004,0.25
52843,0,27.0,Male,3.0,3,Divorced,4,1,1.0,5.0,6.0,148.06,1,0,0,0.17857142857142858,0,5.287857142857143,0.16666666666666666,0,1,3.7,0.2
52844,0,19.0,Male,3.0,4,Married,10,0,2.0,2.0,16.0,148.48,1,1,1,0.1,1,7.4239999999999995,0.6666666666666666,0,0,3.2,0.55
52845,0,6.0,Female,3.0,2,Single,3,0,3.0,4.0,3.0,214.98,0,2,0,0.5714285714285714,0,30.71142857142857,0.6,0,1,3.4000000000000004,0.2
52846,0,3.0,Male,3.0,3,Divorced,3,0,1.0,2.0,10.0,168.19,1,0,0,0.5,1,42.0475,0.3333333333333333,0,0,2.4,0.25
52847,0,1.0,Male,3.0,3,Divorced,4,0,2.0,2.0,1.0,186.32,1,0,0,1.0,1,93.16,0.6666666666666666,0,0,2.6,0.25
52848,0,31.0,Female,4.0,4,Divorced,6,1,2.0,2.0,1.0,158.46,0,0,0,0.0625,1,4.951875,0.6666666666666666,0,1,3.2000000000000006,0.45
52849,0,14.0,Male,4.0,2,Divorced,9,0,3.0,2.0,12.0,233.55,1,0,1,0.13333333333333333,1,15.57,1.0,0,1,3.6000000000000005,0.75
52850,0,8.0,Female,4.0,3,Divorced,8,0,2.0,2.0,3.0,147.31,0,0,0,0.2222222222222222,1,16.36777777777778,0.6666666666666666,0,0,3.4000000000000004,0.25
52851,0,1.0,Male,4.0,2,Divorced,3,0,1.0,3.0,3.0,148.23,1,0,0,1.5,0,74.115,0.25,0,1,3.2000000000000006,0.2
52852,0,1.0,Male,3.0,4,Married,8,0,1.0,3.0,3.0,145.24,1,1,0,1.5,0,72.62,0.25,0,0,3.3000000000000003,0.0
52853,0,2.0,Male,3.0,2,Divorced,3,0,1.0,2.0,3.0,152.13,1,0,0,0.6666666666666666,1,50.71,0.3333333333333333,0,1,2.4,0.45
52854,0,31.0,Male,3.0,2,Married,5,1,2.0,2.0,3.0,219.39,1,1,0,0.0625,1,6.8559375,0.6666666666666666,0,1,2.7,0.45
52855,0,1.0,Male,4.0,3,Married,3,1,1.0,2.0,2.0,150.66,1,1,0,1.0,1,75.33,0.3333333333333333,0,1,2.8000000000000003,0.45
52856,0,24.0,Female,3.0,4,Single,5,0,3.0,5.0,5.0,324.26,0,2,0,0.2,0,12.9704,0.5,0,0,4.0,0.0
52857,0,15.0,Male,3.0,3,Married,6,0,2.0,2.0,9.0,149.51,1,1,0,0.125,1,9.344375,0.6666666666666666,0,0,2.8000000000000003,0.25
52858,0,4.0,Female,3.0,2,Divorced,4,0,3.0,8.0,3.0,219.19,0,0,0,1.6,0,43.838,0.3333333333333333,0,1,5.1000000000000005,0.2
52859,0,12.0,Female,3.0,2,Single,6,0,2.0,2.0,3.0,211.86,0,2,0,0.15384615384615385,1,16.29692307692308,0.6666666666666666,0,1,2.8000000000000003,0.45
52860,0,6.0,Male,3.0,3,Single,5,0,1.0,2.0,5.0,155.38,1,2,0,0.2857142857142857,1,22.197142857142858,0.3333333333333333,0,0,2.6,0.25
52861,0,1.0,Male,3.0,4,Divorced,2,1,2.0,2.0,2.0,155.58,1,0,0,1.0,1,77.79,0.6666666666666666,0,1,2.4000000000000004,0.45
52862,1,1.0,Female,4.0,5,Single,2,0,2.0,2.0,1.0,148.25,0,2,0,1.0,1,74.125,0.6666666666666666,0,0,2.8000000000000007,0.25
52863,0,10.0,Male,2.0,4,Single,6,0,5.0,8.0,3.0,145.88,1,2,0,0.7272727272727273,0,13.261818181818182,0.5555555555555556,0,0,5.1,0.0
52864,0,4.0,Male,4.0,5,Married,3,0,1.0,7.0,11.0,155.72,1,1,1,1.4,0,31.144,0.125,0,0,4.8,0.3
52865,0,19.0,Female,2.0,5,Married,6,1,1.0,2.0,4.0,175.06,0,1,0,0.1,1,8.753,0.3333333333333333,0,1,2.3000000000000003,0.45
52866,0,30.0,Female,4.0,5,Married,6,1,2.0,3.0,3.0,167.57,0,1,0,0.0967741935483871,0,5.405483870967742,0.5,0,1,3.6000000000000005,0.2
52867,0,7.0,Male,3.0,2,Single,2,0,1.0,2.0,3.0,150.0,1,2,0,0.25,1,18.75,0.3333333333333333,0,1,2.3000000000000003,0.45
52868,1,1.0,Male,3.0,2,Single,3,0,1.0,2.0,1.0,136.02,1,2,0,1.0,1,68.01,0.3333333333333333,0,1,2.4,0.45
52869,0,20.0,Female,4.0,5,Married,3,0,5.0,16.0,3.0,229.53,0,1,0,0.7619047619047619,0,10.93,0.29411764705882354,0,0,8.8,0.0
52870,0,12.0,Female,4.0,2,Single,3,0,2.0,3.0,2.0,147.88,0,2,0,0.23076923076923078,0,11.375384615384615,0.5,0,1,3.3000000000000007,0.2
52871,0,5.0,Female,4.0,2,Divorced,10,1,2.0,2.0,3.0,164.29,0,0,0,0.3333333333333333,1,27.381666666666664,0.6666666666666666,0,1,3.6000000000000005,0.45
52872,0,8.0,Female,4.0,4,Single,4,0,2.0,2.0,3.0,148.11,0,2,0,0.2222222222222222,1,16.456666666666667,0.6666666666666666,0,0,3.0000000000000004,0.25
52873,1,5.0,Female,4.0,4,Single,3,1,1.0,2.0,3.0,156.4,0,2,0,0.3333333333333333,1,26.066666666666666,0.3333333333333333,0,1,2.8000000000000003,0.45
52874,0,24.0,Male,3.0,3,Divorced,4,0,1.0,2.0,3.0,161.9,1,0,0,0.08,1,6.476,0.3333333333333333,0,0,2.5,0.25
52875,0,27.0,Female,3.0,5,Married,3,0,2.0,2.0,4.0,169.5,0,1,0,0.07142857142857142,1,6.053571428571429,0.6666666666666666,0,0,2.5,0.25
52876,0,7.0,Female,4.0,4,Divorced,3,0,1.0,2.0,7.0,152.56,0,0,0,0.25,1,19.07,0.3333333333333333,0,0,2.8000000000000003,0.25
52877,0,14.0,Female,3.0,3,Divorced,3,0,1.0,10.0,10.0,315.33,0,0,0,0.6666666666666666,0,21.022,0.09090909090909091,0,0,5.6,0.0
52878,0,29.0,Male,4.0,4,Single,10,0,1.0,3.0,16.0,312.22,1,2,1,0.1,0,10.407333333333334,0.25,0,0,3.9000000000000004,0.3
52879,0,8.0,Male,3.0,3,Divorced,3,0,1.0,2.0,3.0,220.47,1,0,0,0.2222222222222222,1,24.496666666666666,0.3333333333333333,0,0,2.4,0.25
52880,0,25.0,Female,4.0,4,Single,5,0,1.0,2.0,1.0,262.34,0,2,0,0.07692307692307693,1,10.09,0.3333333333333333,0,0,3.0000000000000004,0.25
52881,0,26.0,Male,4.0,3,Divorced,2,0,2.0,12.0,10.0,324.99,1,0,0,0.4444444444444444,0,12.036666666666667,0.15384615384615385,0,0,6.800000000000001,0.0
52882,0,1.0,Female,3.0,4,Single,3,0,2.0,2.0,4.0,147.79,0,2,0,1.0,1,73.895,0.6666666666666666,0,0,2.5,0.25
52883,1,1.0,Male,3.0,3,Divorced,5,1,2.0,2.0,2.0,184.16,1,0,0,1.0,1,92.08,0.6666666666666666,0,1,2.7,0.45
52884,0,17.0,Male,3.0,2,Married,6,0,1.0,3.0,3.0,145.89,1,1,0,0.16666666666666666,0,8.104999999999999,0.25,0,1,3.1000000000000005,0.2
52885,0,19.0,Male,4.0,2,Divorced,11,0,10.0,12.0,9.0,292.92,1,0,0,0.6,0,14.646,0.7692307692307693,0,1,8.5,0.2
52886,0,11.0,Male,4.0,5,Divorced,3,1,1.0,2.0,8.0,160.64,1,0,0,0.16666666666666666,1,13.386666666666665,0.3333333333333333,0,1,2.8000000000000003,0.45
52887,0,9.0,Female,3.0,4,Single,7,0,2.0,2.0,3.0,169.25,0,2,0,0.2,1,16.925,0.6666666666666666,0,0,2.9000000000000004,0.25
52888,0,16.0,Female,3.0,3,Married,4,0,1.0,2.0,3.0,177.65,0,1,0,0.11764705882352941,1,10.450000000000001,0.3333333333333333,0,0,2.5,0.25
52889,0,12.0,Male,3.0,3,Divorced,11,0,1.0,2.0,1.0,190.53,1,0,0,0.15384615384615385,1,14.656153846153845,0.3333333333333333,0,0,3.2,0.25
52890,0,12.0,Male,3.0,2,Divorced,5,0,1.0,2.0,8.0,187.61,1,0,0,0.15384615384615385,1,14.431538461538462,0.3333333333333333,0,1,2.6,0.45
52891,0,1.0,Male,3.0,5,Divorced,7,0,1.0,3.0,1.0,167.98,1,0,0,1.5,0,83.99,0.25,0,0,3.2000000000000006,0.0
52892,0,23.0,Male,4.0,2,Married,3,1,1.0,2.0,8.0,193.04,1,1,0,0.08333333333333333,1,8.043333333333333,0.3333333333333333,0,1,2.8000000000000003,0.45
52893,0,8.0,Male,3.0,3,Married,3,1,3.0,3.0,1.0,163.15,1,1,0,0.3333333333333333,0,18.12777777777778,0.75,0,1,3.0,0.2
52894,0,14.0,Male,3.0,2,Divorced,10,1,2.0,4.0,8.0,152.41,1,0,0,0.26666666666666666,0,10.160666666666666,0.4,0,1,4.0,0.2
52895,1,2.0,Male,4.0,5,Divorced,9,1,1.0,2.0,1.0,191.73,1,0,0,0.6666666666666666,1,63.91,0.3333333333333333,0,1,3.4000000000000004,0.45
52896,1,1.0,Female,3.0,2,Divorced,3,0,2.0,2.0,10.0,201.39,0,0,0,1.0,1,100.695,0.6666666666666666,0,1,2.5,0.45
52897,0,1.0,Male,3.0,4,Married,3,1,1.0,3.0,3.0,148.28,1,1,0,1.5,0,74.14,0.25,0,1,2.8000000000000003,0.2
52898,0,10.0,Female,4.0,2,Single,3,0,2.0,2.0,8.0,146.53,0,2,0,0.18181818181818182,1,13.32090909090909,0.6666666666666666,0,1,2.9000000000000004,0.45
52899,0,14.0,Male,4.0,2,Divorced,11,0,2.0,2.0,3.0,173.76,1,0,0,0.13333333333333333,1,11.584,0.6666666666666666,0,1,3.7000000000000006,0.45
52900,0,20.0,Male,4.0,5,Married,9,0,1.0,2.0,3.0,218.96,1,1,0,0.09523809523809523,1,10.426666666666668,0.3333333333333333,0,0,3.4000000000000004,0.25
52901,1,1.0,Male,3.0,2,Divorced,3,0,8.0,10.0,3.0,229.0,1,0,0,5.0,0,114.5,0.7272727272727273,0,1,6.3,0.2
52902,0,4.0,Male,3.0,3,Single,3,0,3.0,6.0,3.0,209.74,1,2,0,1.2,0,41.948,0.42857142857142855,0,0,4.2,0.0
52903,0,1.0,Female,3.0,3,Single,3,0,2.0,2.0,3.0,224.81,0,2,0,1.0,1,112.405,0.6666666666666666,0,0,2.5,0.25
52904,0,25.0,Male,3.0,4,Divorced,7,0,2.0,2.0,8.0,249.9,1,0,0,0.07692307692307693,1,9.611538461538462,0.6666666666666666,0,0,2.9000000000000004,0.25
52905,1,1.0,Female,3.0,5,Single,7,1,2.0,2.0,5.0,151.57,0,2,0,1.0,1,75.785,0.6666666666666666,0,1,2.9000000000000004,0.45
52906,0,15.0,Female,4.0,2,Single,5,1,1.0,2.0,1.0,260.91,0,2,0,0.125,1,16.306875,0.3333333333333333,0,1,3.0000000000000004,0.45
52907,1,1.0,Female,3.0,5,Single,7,0,1.0,2.0,2.0,191.96,0,2,0,1.0,1,95.98,0.3333333333333333,0,0,2.8000000000000003,0.25
52908,1,1.0,Male,3.0,3,Single,2,0,1.0,2.0,6.0,145.58,1,2,0,1.0,1,72.79,0.3333333333333333,0,0,2.3000000000000003,0.25
52909,0,19.0,Female,3.0,2,Single,8,0,13.0,13.0,3.0,213.65,0,2,0,0.65,0,10.682500000000001,0.9285714285714286,0,1,8.5,0.2
52910,0,28.0,Female,3.0,5,Divorced,4,0,2.0,2.0,6.0,184.4,0,0,0,0.06896551724137931,1,6.358620689655172,0.6666666666666666,0,0,2.6,0.25
52911,0,10.0,Male,4.0,4,Single,10,0,1.0,4.0,8.0,184.14,1,2,0,0.36363636363636365,0,16.74,0.2,0,0,4.3,0.0
52912,0,7.0,Female,3.0,4,Divorced,8,0,1.0,2.0,2.0,151.22,0,0,0,0.25,1,18.9025,0.3333333333333333,0,0,2.9,0.25
52913,0,11.0,Male,3.0,2,Married,3,1,1.0,2.0,8.0,246.85,1,1,0,0.16666666666666666,1,20.570833333333333,0.3333333333333333,0,1,2.4,0.45
52914,0,12.0,Male,4.0,3,Married,2,0,2.0,6.0,3.0,231.09,1,1,0,0.46153846153846156,0,17.776153846153846,0.2857142857142857,0,0,4.4,0.0
52915,0,5.0,Male,3.0,3,Divorced,2,0,2.0,2.0,5.0,168.45,1,0,0,0.3333333333333333,1,28.075,0.6666666666666666,0,0,2.4000000000000004,0.25
52916,0,31.0,Male,4.0,2,Divorced,5,0,1.0,2.0,1.0,146.77,1,0,0,0.0625,1,4.5865625,0.3333333333333333,0,1,3.0000000000000004,0.45
52917,0,11.0,Male,3.0,2,Married,6,0,2.0,6.0,9.0,25.0,1,1,0,0.5,0,2.0833333333333335,0.2857142857142857,0,1,4.400000000000001,0.2
52918,0,3.0,Female,3.0,2,Divorced,3,0,5.0,5.0,2.0,204.18,0,0,0,1.25,0,51.045,0.8333333333333334,0,1,4.0,0.2
52919,0,9.0,Female,4.0,3,Single,3,0,2.0,2.0,3.0,212.89,0,2,0,0.2,1,21.288999999999998,0.6666666666666666,0,0,2.9000000000000004,0.25
52920,1,1.0,Male,3.0,2,Single,3,1,1.0,2.0,2.0,148.89,1,2,0,1.0,1,74.445,0.3333333333333333,0,1,2.4,0.45
52921,0,26.0,Female,3.0,2,Single,9,0,1.0,3.0,3.0,157.12,0,2,0,0.1111111111111111,0,5.819259259259259,0.25,0,1,3.4000000000000004,0.2
52922,0,16.0,Male,3.0,2,Divorced,3,0,1.0,12.0,16.0,317.32,1,0,1,0.7058823529411765,0,18.665882352941175,0.07692307692307693,0,1,6.4,0.5
52923,0,31.0,Male,3.0,3,Divorced,10,0,3.0,3.0,3.0,147.67,1,0,0,0.09375,0,4.6146875,0.75,0,0,3.7,0.0
52924,0,24.0,Female,4.0,2,Married,5,0,2.0,2.0,7.0,320.17,0,1,0,0.08,1,12.8068,0.6666666666666666,0,1,3.1000000000000005,0.45
52925,1,1.0,Male,3.0,2,Divorced,7,1,1.0,2.0,5.0,149.36,1,0,0,1.0,1,74.68,0.3333333333333333,0,1,2.8000000000000003,0.45
52926,0,17.0,Female,4.0,2,Divorced,7,1,1.0,2.0,10.0,285.64,0,0,0,0.1111111111111111,1,15.868888888888888,0.3333333333333333,0,1,3.2000000000000006,0.45
52927,1,1.0,Female,3.0,5,Divorced,9,0,2.0,2.0,8.0,152.07,0,0,0,1.0,1,76.035,0.6666666666666666,0,0,3.1,0.25
52928,0,26.0,Male,4.0,3,Single,3,1,8.0,16.0,13.0,315.68,1,2,1,0.5925925925925926,0,11.691851851851853,0.47058823529411764,0,1,9.100000000000001,0.5
52929,0,6.0,Female,3.0,4,Divorced,4,0,2.0,2.0,3.0,164.31,0,0,0,0.2857142857142857,1,23.472857142857144,0.6666666666666666,0,0,2.6,0.25
52930,1,1.0,Male,4.0,3,Single,2,1,2.0,2.0,3.0,162.3,1,2,0,1.0,1,81.15,0.6666666666666666,0,1,2.8000000000000007,0.45
52931,0,13.0,Female,4.0,3,Married,9,0,1.0,2.0,3.0,147.32,0,1,0,0.14285714285714285,1,10.522857142857143,0.3333333333333333,0,0,3.4000000000000004,0.25
52932,0,6.0,Male,4.0,2,Divorced,2,0,2.0,3.0,3.0,169.65,1,0,0,0.42857142857142855,0,24.235714285714288,0.5,0,1,3.2000000000000006,0.2
52933,0,15.0,Male,3.0,5,Married,4,0,2.0,2.0,1.0,155.72,1,1,0,0.125,1,9.7325,0.6666666666666666,0,0,2.6,0.25
52934,0,14.0,Male,4.0,2,Married,3,0,3.0,5.0,8.0,158.19,1,1,0,0.3333333333333333,0,10.546,0.5,0,1,4.2,0.2
52935,0,19.0,Male,4.0,2,Divorced,2,0,2.0,2.0,8.0,317.02,1,0,0,0.1,1,15.850999999999999,0.6666666666666666,0,1,2.8000000000000007,0.45
52936,0,5.0,Male,4.0,3,Married,11,0,1.0,3.0,3.0,261.75,1,1,0,0.5,0,43.625,0.25,0,0,4.0,0.0
52937,0,7.0,Female,4.0,2,Divorced,3,0,1.0,2.0,3.0,154.11,0,0,0,0.25,1,19.26375,0.3333333333333333,0,1,2.8000000000000003,0.45
52938,0,8.0,Male,3.0,5,Divorced,8,0,1.0,6.0,10.0,184.57,1,0,0,0.6666666666666666,0,20.507777777777775,0.14285714285714285,0,0,4.5,0.0
52939,0,11.0,Female,3.0,5,Divorced,4,0,2.0,2.0,3.0,164.2,0,0,0,0.16666666666666666,1,13.683333333333332,0.6666666666666666,0,0,2.6,0.25
52940,0,19.0,Male,4.0,3,Divorced,6,0,1.0,2.0,3.0,189.34,1,0,0,0.1,1,9.467,0.3333333333333333,0,0,3.1000000000000005,0.25
52941,1,1.0,Male,4.0,3,Married,8,0,2.0,2.0,3.0,225.48,1,1,0,1.0,1,112.74,0.6666666666666666,0,0,3.4000000000000004,0.25
52942,0,13.0,Female,4.0,3,Single,2,0,11.0,2.0,9.0,234.38,0,2,0,0.14285714285714285,1,16.74142857142857,3.6666666666666665,0,0,3.7000000000000006,0.25
52943,0,3.0,Male,3.0,2,Single,3,0,1.0,2.0,6.0,148.4,1,2,0,0.5,1,37.1,0.3333333333333333,0,1,2.4,0.45
52944,0,16.0,Female,3.0,5,Single,5,1,1.0,2.0,3.0,190.45,0,2,0,0.11764705882352941,1,11.202941176470588,0.3333333333333333,0,1,2.6,0.45
52945,0,3.0,Male,3.0,2,Married,4,0,2.0,2.0,3.0,194.31,1,1,0,0.5,1,48.5775,0.6666666666666666,0,1,2.6,0.45
52946,0,1.0,Female,4.0,3,Divorced,2,0,2.0,2.0,3.0,173.98,0,0,0,1.0,1,86.99,0.6666666666666666,0,0,2.8000000000000007,0.25
52947,0,16.0,Female,3.0,5,Married,2,1,5.0,8.0,9.0,150.93,0,1,0,0.47058823529411764,0,8.878235294117648,0.5555555555555556,0,1,5.1000000000000005,0.2
52948,0,14.0,Male,3.0,3,Married,2,0,1.0,4.0,10.0,319.36,1,1,0,0.26666666666666666,0,21.290666666666667,0.2,0,0,3.1000000000000005,0.0
52949,0,25.0,Male,4.0,2,Divorced,3,0,2.0,2.0,1.0,152.23,1,0,0,0.07692307692307693,1,5.8549999999999995,0.6666666666666666,0,1,2.9000000000000004,0.45
52950,1,1.0,Male,4.0,4,Single,2,0,2.0,2.0,5.0,159.79,1,2,0,1.0,1,79.895,0.6666666666666666,0,0,2.8000000000000007,0.25
52951,0,6.0,Male,4.0,4,Divorced,3,0,1.0,2.0,4.0,152.94,1,0,0,0.2857142857142857,1,21.84857142857143,0.3333333333333333,0,0,2.8000000000000003,0.25
52952,0,12.0,Male,3.0,2,Divorced,5,0,7.0,8.0,6.0,177.49,1,0,0,0.6153846153846154,0,13.653076923076924,0.7777777777777778,0,1,5.6000000000000005,0.2
52953,0,6.0,Male,3.0,5,Single,6,0,1.0,2.0,5.0,146.76,1,2,0,0.2857142857142857,1,20.965714285714284,0.3333333333333333,0,0,2.7,0.25
52954,0,20.0,Female,4.0,4,Divorced,5,1,7.0,8.0,8.0,293.72,0,0,0,0.38095238095238093,0,13.986666666666668,0.7777777777777778,0,1,6.000000000000001,0.2
52955,1,1.0,Male,4.0,3,Single,4,0,2.0,2.0,1.0,159.85,1,2,0,1.0,1,79.925,0.6666666666666666,0,0,3.0000000000000004,0.25
52956,0,3.0,Male,4.0,4,Divorced,4,0,1.0,2.0,1.0,191.44,1,0,0,0.5,1,47.86,0.3333333333333333,0,0,2.9000000000000004,0.25
52957,0,5.0,Male,4.0,2,Divorced,2,0,2.0,8.0,9.0,180.82,1,0,0,1.3333333333333333,0,30.136666666666667,0.2222222222222222,0,1,5.200000000000001,0.2
52958,0,1.0,Male,3.0,5,Married,3,0,2.0,2.0,6.0,165.0,1,1,0,1.0,1,82.5,0.6666666666666666,0,0,2.5,0.25
52959,0,19.0,Male,4.0,2,Divorced,2,1,1.0,2.0,11.0,259.96,1,0,1,0.1,1,12.998,0.3333333333333333,0,1,2.7000000000000006,0.75
52960,0,10.0,Male,3.0,2,Divorced,2,0,5.0,11.0,12.0,157.1,1,0,1,1.0,0,14.281818181818181,0.4166666666666667,0,1,6.300000000000001,0.5
52961,0,29.0,Male,3.0,5,Single,2,1,5.0,5.0,14.0,315.45,1,2,1,0.16666666666666666,0,10.514999999999999,0.8333333333333334,0,1,3.9000000000000004,0.5
52962,1,11.0,Male,3.0,4,Divorced,3,1,6.0,2.0,10.0,243.49,1,0,0,0.16666666666666666,1,20.290833333333335,2.0,0,1,2.9,0.45
52963,0,2.0,Male,4.0,2,Divorced,3,0,2.0,2.0,5.0,145.7,1,0,0,0.6666666666666666,1,48.56666666666666,0.6666666666666666,0,1,2.9000000000000004,0.45
52964,0,11.0,Male,4.0,2,Divorced,6,0,1.0,2.0,2.0,190.02,1,0,0,0.16666666666666666,1,15.835,0.3333333333333333,0,1,3.1000000000000005,0.45
52965,0,1.0,Male,4.0,3,Single,3,0,2.0,2.0,1.0,157.3,1,2,0,1.0,1,78.65,0.6666666666666666,0,0,2.9000000000000004,0.25
52966,0,11.0,Female,1.0,2,Married,4,1,1.0,2.0,3.0,261.03,0,1,0,0.16666666666666666,1,21.752499999999998,0.3333333333333333,1,1,1.7000000000000002,0.7
52967,0,3.0,Female,4.0,4,Married,9,0,6.0,2.0,3.0,244.96,0,1,0,0.5,1,61.24,2.0,0,0,3.9000000000000004,0.25
52968,0,12.0,Female,3.0,5,Married,3,1,1.0,8.0,8.0,181.05,0,1,0,0.6153846153846154,0,13.926923076923078,0.1111111111111111,0,1,4.8,0.2
52969,0,1.0,Female,3.0,4,Married,3,0,1.0,2.0,5.0,188.97,0,1,0,1.0,1,94.485,0.3333333333333333,0,0,2.4,0.25
52970,0,24.0,Male,4.0,4,Married,5,0,2.0,2.0,7.0,316.44,1,1,0,0.08,1,12.6576,0.6666666666666666,0,0,3.1000000000000005,0.25
52971,0,27.0,Male,3.0,3,Divorced,5,1,1.0,2.0,4.0,300.84,1,0,0,0.07142857142857142,1,10.744285714285713,0.3333333333333333,0,1,2.6,0.45
52972,0,16.0,Male,3.0,3,Divorced,3,0,5.0,12.0,7.0,174.07,1,0,0,0.7058823529411765,0,10.239411764705881,0.38461538461538464,0,0,6.800000000000001,0.0
52973,0,3.0,Male,3.0,2,Single,3,0,1.0,2.0,10.0,170.54,1,2,0,0.5,1,42.635,0.3333333333333333,0,1,2.4,0.45
52974,0,29.0,Male,3.0,2,Divorced,5,1,2.0,2.0,9.0,179.15,1,0,0,0.06666666666666667,1,5.971666666666667,0.6666666666666666,0,1,2.7,0.45
52975,0,1.0,Male,3.0,5,Divorced,3,1,3.0,4.0,4.0,172.41,1,0,0,2.0,0,86.205,0.6,0,1,3.4000000000000004,0.2
52976,0,11.0,Female,3.0,2,Single,3,0,2.0,6.0,8.0,146.15,0,2,0,0.5,0,12.179166666666667,0.2857142857142857,0,1,4.1000000000000005,0.2
52977,1,8.0,Male,3.0,3,Married,5,1,1.0,2.0,1.0,156.61,1,1,0,0.2222222222222222,1,17.401111111111113,0.3333333333333333,0,1,2.6,0.45
52978,0,12.0,Male,3.0,2,Married,11,0,1.0,2.0,3.0,182.45,1,1,0,0.15384615384615385,1,14.034615384615384,0.3333333333333333,0,1,3.2,0.45
52979,1,1.0,Male,3.0,4,Married,4,1,2.0,2.0,3.0,148.73,1,1,0,1.0,1,74.365,0.6666666666666666,0,1,2.6,0.45
52980,0,2.0,Female,4.0,2,Single,3,0,1.0,2.0,3.0,158.1,0,2,0,0.6666666666666666,1,52.699999999999996,0.3333333333333333,0,1,2.8000000000000003,0.45
52981,0,23.0,Female,3.0,5,Single,11,1,1.0,2.0,3.0,311.65,0,2,0,0.08333333333333333,1,12.985416666666666,0.3333333333333333,0,1,3.2,0.45
52982,0,10.0,Male,2.0,4,Single,6,0,7.0,8.0,8.0,169.85,1,2,0,0.7272727272727273,0,15.44090909090909,0.7777777777777778,0,0,5.3,0.0
52983,0,5.0,Female,3.0,4,Married,3,0,1.0,3.0,3.0,152.89,0,1,0,0.5,0,25.481666666666666,0.25,0,0,2.8000000000000003,0.0
52984,1,1.0,Male,3.0,2,Single,3,1,8.0,8.0,5.0,183.28,1,2,0,4.0,0,91.64,0.8888888888888888,0,1,5.5,0.2
52985,0,11.0,Male,3.0,2,Divorced,3,1,1.0,2.0,3.0,148.26,1,0,0,0.16666666666666666,1,12.354999999999999,0.3333333333333333,0,1,2.4,0.45
52986,0,16.0,Female,4.0,4,Divorced,7,0,3.0,2.0,9.0,260.25,0,0,0,0.11764705882352941,1,15.308823529411764,1.0,0,0,3.4000000000000004,0.25
52987,1,1.0,Male,3.0,3,Single,3,0,1.0,2.0,1.0,139.2,1,2,0,1.0,1,69.6,0.3333333333333333,0,0,2.4,0.25
52988,0,9.0,Male,4.0,4,Divorced,2,0,4.0,7.0,10.0,205.2,1,0,0,0.7,0,20.52,0.5,0,0,5.000000000000001,0.0
52989,0,10.0,Male,3.0,2,Divorced,6,0,1.0,2.0,1.0,161.88,1,0,0,0.18181818181818182,1,14.716363636363637,0.3333333333333333,0,1,2.7,0.45
52990,0,25.0,Male,3.0,4,Married,7,0,1.0,2.0,3.0,179.82,1,1,0,0.07692307692307693,1,6.916153846153846,0.3333333333333333,0,0,2.8000000000000003,0.25
52991,0,15.0,Male,3.0,4,Single,3,0,1.0,2.0,5.0,285.15,1,2,0,0.125,1,17.821875,0.3333333333333333,0,0,2.4,0.25
52992,0,1.0,Female,4.0,3,Single,3,0,2.0,2.0,1.0,137.0,0,2,0,1.0,1,68.5,0.6666666666666666,0,0,2.9000000000000004,0.25
52993,0,2.0,Male,4.0,5,Single,2,0,1.0,2.0,8.0,181.61,1,2,0,0.6666666666666666,1,60.53666666666667,0.3333333333333333,0,0,2.7000000000000006,0.25
52994,0,5.0,Male,4.0,2,Divorced,6,0,4.0,8.0,8.0,194.29,1,0,0,1.3333333333333333,0,32.38166666666667,0.4444444444444444,0,1,5.800000000000001,0.2
52995,0,13.0,Male,3.0,2,Married,2,0,4.0,4.0,3.0,221.13,1,1,0,0.2857142857142857,0,15.795,0.8,0,1,3.4000000000000004,0.2
52996,0,10.0,Female,3.0,4,Divorced,9,0,1.0,2.0,9.0,181.74,0,0,0,0.18181818181818182,1,16.521818181818183,0.3333333333333333,0,0,3.0,0.25
52997,0,6.0,Male,4.0,3,Divorced,3,0,2.0,5.0,9.0,179.84,1,0,0,0.7142857142857143,0,25.69142857142857,0.3333333333333333,0,0,4.1000000000000005,0.0
52998,0,12.0,Female,3.0,4,Divorced,5,0,2.0,2.0,2.0,245.61,0,0,0,0.15384615384615385,1,18.893076923076926,0.6666666666666666,0,0,2.7,0.25
52999,0,31.0,Male,3.0,3,Married,4,1,2.0,2.0,3.0,181.6,1,1,0,0.0625,1,5.675,0.6666666666666666,0,1,2.6,0.45
53000,0,5.0,Male,3.0,2,Divorced,2,1,1.0,2.0,4.0,173.21,1,0,0,0.3333333333333333,1,28.868333333333336,0.3333333333333333,0,1,2.3000000000000003,0.45
53001,0,5.0,Male,4.0,5,Divorced,5,0,1.0,2.0,1.0,189.1,1,0,0,0.3333333333333333,1,31.516666666666666,0.3333333333333333,0,0,3.0000000000000004,0.25
53002,0,19.0,Male,4.0,5,Married,3,0,6.0,10.0,12.0,177.1,1,1,1,0.5,0,8.855,0.5454545454545454,0,0,6.5,0.3
53003,0,5.0,Male,3.0,2,Married,2,1,2.0,3.0,3.0,151.95,1,1,0,0.5,0,25.325,0.5,0,1,2.8000000000000007,0.2
53004,0,7.0,Female,4.0,4,Divorced,8,0,3.0,2.0,9.0,243.78,0,0,0,0.25,1,30.4725,1.0,0,0,3.5,0.25
53005,0,13.0,Male,3.0,5,Divorced,3,1,12.0,12.0,11.0,295.68,1,0,1,0.8571428571428571,0,21.12,0.9230769230769231,0,1,7.500000000000001,0.5
53006,0,17.0,Female,3.0,2,Single,2,0,1.0,2.0,8.0,149.55,0,2,0,0.1111111111111111,1,8.308333333333334,0.3333333333333333,0,1,2.3000000000000003,0.45
53007,0,23.0,Female,3.0,3,Single,9,1,1.0,2.0,8.0,264.64,0,2,0,0.08333333333333333,1,11.026666666666666,0.3333333333333333,0,1,3.0,0.45
53008,1,16.0,Male,3.0,4,Divorced,4,0,8.0,8.0,8.0,174.41,1,0,0,0.47058823529411764,0,10.259411764705883,0.8888888888888888,0,0,5.6000000000000005,0.0
53009,0,1.0,Female,3.0,4,Single,3,1,1.0,2.0,3.0,149.78,0,2,0,1.0,1,74.89,0.3333333333333333,0,1,2.4,0.45
53010,0,6.0,Female,4.0,4,Divorced,3,1,7.0,12.0,10.0,177.28,0,0,0,1.7142857142857142,0,25.325714285714287,0.5384615384615384,0,1,7.4,0.2
53011,0,1.0,Male,4.0,3,Single,3,1,2.0,2.0,5.0,169.78,1,2,0,1.0,1,84.89,0.6666666666666666,0,1,2.9000000000000004,0.45
53012,0,5.0,Male,4.0,2,Married,6,0,1.0,2.0,8.0,200.47,1,1,0,0.3333333333333333,1,33.41166666666667,0.3333333333333333,0,1,3.1000000000000005,0.45
53013,0,6.0,Female,4.0,2,Single,9,0,2.0,2.0,8.0,175.55,0,2,0,0.2857142857142857,1,25.07857142857143,0.6666666666666666,0,1,3.5000000000000004,0.45
53014,1,1.0,Male,3.0,2,Divorced,7,1,3.0,3.0,3.0,159.64,1,0,0,1.5,0,79.82,0.75,0,1,3.4000000000000004,0.2
53015,0,4.0,Female,4.0,2,Divorced,3,0,1.0,2.0,10.0,182.75,0,0,0,0.4,1,36.55,0.3333333333333333,0,1,2.8000000000000003,0.45
53016,0,5.0,Female,3.0,3,Divorced,3,0,4.0,9.0,3.0,214.43,0,0,0,1.5,0,35.73833333333334,0.4,0,0,5.500000000000001,0.0
53017,0,13.0,Male,3.0,2,Divorced,3,0,10.0,14.0,4.0,317.72,1,0,0,1.0,0,22.694285714285716,0.6666666666666666,0,1,8.100000000000001,0.2
53018,1,3.0,Female,3.0,3,Divorced,6,1,2.0,2.0,1.0,177.38,0,0,0,0.5,1,44.345,0.6666666666666666,0,1,2.8000000000000003,0.45
53019,0,7.0,Male,3.0,2,Single,5,0,2.0,2.0,2.0,171.82,1,2,0,0.25,1,21.4775,0.6666666666666666,0,1,2.7,0.45
53020,0,21.0,Male,3.0,3,Divorced,6,0,1.0,2.0,2.0,308.0,1,0,0,0.09090909090909091,1,14.0,0.3333333333333333,0,0,2.7,0.25
53021,0,17.0,Female,3.0,3,Married,3,0,1.0,2.0,1.0,177.57,0,1,0,0.1111111111111111,1,9.865,0.3333333333333333,0,0,2.4,0.25
53022,0,1.0,Male,4.0,4,Divorced,2,1,1.0,2.0,5.0,188.49,1,0,0,1.0,1,94.245,0.3333333333333333,0,1,2.7000000000000006,0.45
53023,0,28.0,Female,3.0,3,Single,5,0,2.0,2.0,4.0,173.69,0,2,0,0.06896551724137931,1,5.989310344827586,0.6666666666666666,0,0,2.7,0.25
53024,0,17.0,Female,3.0,5,Divorced,10,0,2.0,2.0,3.0,224.85,0,0,0,0.1111111111111111,1,12.491666666666667,0.6666666666666666,0,0,3.2,0.25
53025,0,19.0,Male,4.0,2,Divorced,11,0,8.0,10.0,9.0,161.97,1,0,0,0.5,0,8.0985,0.7272727272727273,0,1,7.499999999999999,0.2
53026,0,14.0,Male,3.0,2,Divorced,4,1,2.0,2.0,3.0,199.57,1,0,0,0.13333333333333333,1,13.304666666666666,0.6666666666666666,0,1,2.6,0.45
53027,1,1.0,Male,4.0,5,Divorced,3,1,2.0,2.0,8.0,146.19,1,0,0,1.0,1,73.095,0.6666666666666666,0,1,2.9000000000000004,0.45
53028,0,3.0,Male,2.0,2,Single,2,0,3.0,3.0,3.0,164.83,1,2,0,0.75,0,41.2075,0.75,0,1,2.5,0.2
53029,0,4.0,Female,2.0,3,Married,3,0,1.0,2.0,3.0,186.18,0,1,0,0.4,1,37.236000000000004,0.3333333333333333,0,0,2.0,0.25
53030,0,1.0,Female,3.0,4,Divorced,3,0,1.0,2.0,8.0,187.14,0,0,0,1.0,1,93.57,0.3333333333333333,0,0,2.4,0.25
53031,0,11.0,Male,4.0,2,Married,9,0,1.0,2.0,5.0,188.47,1,1,0,0.16666666666666666,1,15.705833333333333,0.3333333333333333,0,1,3.4000000000000004,0.45
53032,0,12.0,Male,4.0,2,Married,2,1,2.0,2.0,10.0,240.1,1,1,0,0.15384615384615385,1,18.46923076923077,0.6666666666666666,0,1,2.8000000000000007,0.45
53033,0,5.0,Female,3.0,2,Single,3,1,3.0,5.0,11.0,196.43,0,2,1,0.8333333333333334,0,32.73833333333334,0.5,0,1,3.8,0.5
53034,0,3.0,Female,3.0,4,Married,3,1,1.0,2.0,8.0,207.68,0,1,0,0.5,1,51.92,0.3333333333333333,0,1,2.4,0.45
53035,0,9.0,Male,4.0,4,Single,2,0,1.0,2.0,14.0,205.95,1,2,1,0.2,1,20.595,0.3333333333333333,0,0,2.7000000000000006,0.55
53036,0,1.0,Male,3.0,2,Married,3,0,2.0,2.0,3.0,154.04,1,1,0,1.0,1,77.02,0.6666666666666666,0,1,2.5,0.45
53037,0,15.0,Male,4.0,4,Single,8,1,2.0,2.0,3.0,185.32,1,2,0,0.125,1,11.5825,0.6666666666666666,0,1,3.4000000000000004,0.45
53038,0,21.0,Male,3.0,3,Single,5,0,1.0,2.0,1.0,154.76,1,2,0,0.09090909090909091,1,7.034545454545454,0.3333333333333333,0,0,2.6,0.25
53039,0,16.0,Female,3.0,2,Single,4,0,1.0,2.0,1.0,284.92,0,2,0,0.11764705882352941,1,16.76,0.3333333333333333,0,1,2.5,0.45
53040,0,3.0,Male,4.0,3,Divorced,3,0,2.0,2.0,3.0,171.49,1,0,0,0.5,1,42.8725,0.6666666666666666,0,0,2.9000000000000004,0.25
53041,0,16.0,Male,3.0,3,Married,2,1,2.0,2.0,1.0,151.96,1,1,0,0.11764705882352941,1,8.938823529411765,0.6666666666666666,0,1,2.4000000000000004,0.45
53042,0,6.0,Female,4.0,4,Divorced,3,0,1.0,2.0,8.0,148.7,0,0,0,0.2857142857142857,1,21.24285714285714,0.3333333333333333,0,0,2.8000000000000003,0.25
53043,0,22.0,Female,4.0,3,Divorced,5,0,1.0,2.0,1.0,250.04,0,0,0,0.08695652173913043,1,10.871304347826086,0.3333333333333333,0,0,3.0000000000000004,0.25
53044,0,11.0,Male,3.0,5,Married,6,1,3.0,7.0,8.0,184.74,1,1,0,0.5833333333333334,0,15.395000000000001,0.375,0,1,4.8999999999999995,0.2
53045,0,4.0,Female,3.0,3,Divorced,9,1,2.0,3.0,3.0,172.36,0,0,0,0.6,0,34.472,0.5,0,1,3.5000000000000004,0.2
53046,0,1.0,Male,3.0,3,Divorced,3,0,3.0,8.0,8.0,177.96,1,0,0,4.0,0,88.98,0.3333333333333333,0,0,5.0,0.0
53047,0,16.0,Male,4.0,2,Single,5,0,1.0,2.0,1.0,192.81,1,2,0,0.11764705882352941,1,11.341764705882353,0.3333333333333333,0,1,3.0000000000000004,0.45
53048,1,1.0,Female,3.0,4,Single,3,1,2.0,2.0,3.0,146.74,0,2,0,1.0,1,73.37,0.6666666666666666,0,1,2.5,0.45
53049,0,10.0,Female,3.0,2,Single,6,0,2.0,2.0,1.0,191.53,0,2,0,0.18181818181818182,1,17.41181818181818,0.6666666666666666,0,1,2.8000000000000003,0.45
53050,0,10.0,Male,3.0,2,Divorced,6,0,1.0,2.0,3.0,221.99,1,0,0,0.18181818181818182,1,20.180909090909093,0.3333333333333333,0,1,2.7,0.45
53051,0,31.0,Male,3.0,3,Divorced,4,0,2.0,2.0,3.0,192.55,1,0,0,0.0625,1,6.0171875,0.6666666666666666,0,0,2.6,0.25
53052,0,14.0,Female,3.0,3,Divorced,5,1,1.0,2.0,8.0,147.13,0,0,0,0.13333333333333333,1,9.808666666666666,0.3333333333333333,0,1,2.6,0.45
53053,0,1.0,Male,3.0,2,Single,3,0,1.0,3.0,3.0,151.1,1,2,0,1.5,0,75.55,0.25,0,1,2.8000000000000003,0.2
53054,1,1.0,Female,3.0,3,Single,3,1,2.0,2.0,1.0,153.51,0,2,0,1.0,1,76.755,0.6666666666666666,0,1,2.5,0.45
53055,0,11.0,Female,4.0,5,Divorced,8,0,2.0,2.0,4.0,159.52,0,0,0,0.16666666666666666,1,13.293333333333335,0.6666666666666666,0,0,3.4000000000000004,0.25
53056,0,20.0,Female,2.0,3,Divorced,4,0,1.0,2.0,1.0,177.58,0,0,0,0.09523809523809523,1,8.456190476190477,0.3333333333333333,0,0,2.1,0.25
53057,1,5.0,Male,3.0,4,Single,3,0,8.0,8.0,3.0,218.55,1,2,0,1.3333333333333333,0,36.425000000000004,0.8888888888888888,0,0,5.5,0.0
53058,0,24.0,Male,4.0,2,Single,8,0,1.0,2.0,3.0,229.96,1,2,0,0.08,1,9.1984,0.3333333333333333,0,1,3.3000000000000003,0.45
53059,1,4.0,Male,4.0,3,Divorced,4,1,2.0,2.0,1.0,188.8,1,0,0,0.4,1,37.760000000000005,0.6666666666666666,0,1,3.0000000000000004,0.45
53060,0,5.0,Male,3.0,4,Single,2,1,2.0,3.0,3.0,151.57,1,2,0,0.5,0,25.261666666666667,0.5,0,1,2.8000000000000007,0.2
53061,1,1.0,Female,3.0,4,Single,3,0,1.0,2.0,1.0,152.16,0,2,0,1.0,1,76.08,0.3333333333333333,0,0,2.4,0.25
53062,0,3.0,Male,3.0,2,Single,11,0,2.0,2.0,3.0,147.01,1,2,0,0.5,1,36.7525,0.6666666666666666,0,1,3.3000000000000003,0.45
53063,0,9.0,Male,4.0,4,Single,11,0,2.0,2.0,1.0,190.4,1,2,0,0.2,1,19.04,0.6666666666666666,0,0,3.7000000000000006,0.25
53064,0,1.0,Male,3.0,4,Married,3,0,1.0,2.0,5.0,163.16,1,1,0,1.0,1,81.58,0.3333333333333333,0,0,2.4,0.25
53065,0,2.0,Male,4.0,2,Single,3,0,2.0,2.0,8.0,177.53,1,2,0,0.6666666666666666,1,59.17666666666667,0.6666666666666666,0,1,2.9000000000000004,0.45
53066,0,23.0,Male,3.0,3,Single,10,0,2.0,2.0,1.0,170.0,1,2,0,0.08333333333333333,1,7.083333333333333,0.6666666666666666,0,0,3.2,0.25
53067,0,25.0,Female,3.0,2,Divorced,6,0,1.0,2.0,8.0,174.36,0,0,0,0.07692307692307693,1,6.706153846153847,0.3333333333333333,0,1,2.7,0.45
53068,0,10.0,Female,4.0,3,Divorced,6,0,2.0,3.0,3.0,150.43,0,0,0,0.2727272727272727,0,13.675454545454546,0.5,0,0,3.6000000000000005,0.0
53069,1,1.0,Male,4.0,2,Single,10,1,2.0,2.0,5.0,178.04,1,2,0,1.0,1,89.02,0.6666666666666666,0,1,3.6000000000000005,0.45
53070,0,29.0,Female,4.0,2,Single,4,1,1.0,2.0,3.0,291.59,0,2,0,0.06666666666666667,1,9.719666666666665,0.3333333333333333,0,1,2.9000000000000004,0.45
53071,0,1.0,Female,4.0,3,Married,3,1,1.0,2.0,4.0,167.6,0,1,0,1.0,1,83.8,0.3333333333333333,0,1,2.8000000000000003,0.45
53072,0,4.0,Male,4.0,4,Divorced,3,0,2.0,2.0,1.0,149.76,1,0,0,0.4,1,29.951999999999998,0.6666666666666666,0,0,2.9000000000000004,0.25
53073,1,1.0,Male,4.0,5,Single,2,0,1.0,2.0,5.0,156.02,1,2,0,1.0,1,78.01,0.3333333333333333,0,0,2.7000000000000006,0.25
53074,0,1.0,Female,3.0,4,Divorced,3,0,2.0,2.0,3.0,147.44,0,0,0,1.0,1,73.72,0.6666666666666666,0,0,2.5,0.25
53075,0,10.0,Male,4.0,3,Divorced,3,0,10.0,10.0,1.0,200.96,1,0,0,0.9090909090909091,0,18.26909090909091,0.9090909090909091,0,0,6.8999999999999995,0.0
53076,1,1.0,Male,3.0,2,Single,20,1,2.0,2.0,1.0,147.85,1,2,0,1.0,1,73.925,0.6666666666666666,0,1,4.2,0.45
53077,0,11.0,Female,4.0,5,Married,3,0,4.0,13.0,18.0,155.34,0,1,1,1.0833333333333333,0,12.945,0.2857142857142857,0,0,7.500000000000001,0.3
53078,0,14.0,Female,3.0,4,Married,9,0,1.0,2.0,4.0,182.15,0,1,0,0.13333333333333333,1,12.143333333333334,0.3333333333333333,0,0,3.0,0.25
53079,0,16.0,Female,4.0,5,Married,5,0,2.0,2.0,3.0,150.76,0,1,0,0.11764705882352941,1,8.868235294117646,0.6666666666666666,0,0,3.1000000000000005,0.25
53080,0,11.0,Male,3.0,4,Single,4,1,1.0,2.0,2.0,166.97,1,2,0,0.16666666666666666,1,13.914166666666667,0.3333333333333333,0,1,2.5,0.45
53081,0,17.0,Male,3.0,4,Married,3,0,1.0,4.0,10.0,268.36,1,1,0,0.2222222222222222,0,14.908888888888889,0.2,0,0,3.2000000000000006,0.0
53082,0,14.0,Female,4.0,3,Divorced,8,0,2.0,2.0,1.0,159.48,0,0,0,0.13333333333333333,1,10.632,0.6666666666666666,0,0,3.4000000000000004,0.25
53083,0,28.0,Male,3.0,5,Divorced,6,0,2.0,2.0,3.0,319.06,1,0,0,0.06896551724137931,1,11.00206896551724,0.6666666666666666,0,0,2.8000000000000003,0.25
53084,0,8.0,Female,4.0,3,Divorced,11,0,2.0,2.0,3.0,190.38,0,0,0,0.2222222222222222,1,21.153333333333332,0.6666666666666666,0,0,3.7000000000000006,0.25
53085,0,5.0,Female,3.0,5,Divorced,3,0,4.0,4.0,13.0,168.06,0,0,1,0.6666666666666666,0,28.01,0.8,0,0,3.5000000000000004,0.3
53086,0,17.0,Male,4.0,2,Divorced,9,0,1.0,2.0,3.0,147.58,1,0,0,0.1111111111111111,1,8.19888888888889,0.3333333333333333,0,1,3.4000000000000004,0.45
53087,0,17.0,Female,4.0,3,Married,6,1,1.0,2.0,3.0,170.22,0,1,0,0.1111111111111111,1,9.456666666666667,0.3333333333333333,0,1,3.1000000000000005,0.45
53088,0,1.0,Female,3.0,2,Single,3,1,1.0,2.0,4.0,169.87,0,2,0,1.0,1,84.935,0.3333333333333333,0,1,2.4,0.45
53089,0,11.0,Female,4.0,3,Divorced,5,1,4.0,11.0,8.0,169.49,0,0,0,0.9166666666666666,0,14.124166666666667,0.3333333333333333,0,1,6.9,0.2
53090,0,5.0,Male,4.0,5,Divorced,3,0,1.0,4.0,3.0,147.18,1,0,0,0.6666666666666666,0,24.53,0.2,0,0,3.6,0.0
53091,0,13.0,Male,3.0,3,Married,3,1,1.0,2.0,7.0,316.97,1,1,0,0.14285714285714285,1,22.64071428571429,0.3333333333333333,0,1,2.4,0.45
53092,0,30.0,Female,3.0,5,Divorced,11,0,3.0,2.0,8.0,257.12,0,0,0,0.06451612903225806,1,8.294193548387097,1.0,0,0,3.4000000000000004,0.25
53093,0,4.0,Female,3.0,3,Single,2,0,4.0,5.0,5.0,190.77,0,2,0,1.0,0,38.154,0.6666666666666666,0,0,3.8000000000000003,0.0
53094,0,15.0,Male,3.0,5,Divorced,3,0,2.0,2.0,8.0,208.92,1,0,0,0.125,1,13.0575,0.6666666666666666,0,0,2.5,0.25
53095,0,2.0,Male,4.0,5,Married,3,0,1.0,2.0,9.0,170.58,1,1,0,0.6666666666666666,1,56.86000000000001,0.3333333333333333,0,0,2.8000000000000003,0.25
53096,1,1.0,Male,4.0,5,Divorced,7,0,2.0,2.0,3.0,165.31,1,0,0,1.0,1,82.655,0.6666666666666666,0,0,3.3000000000000007,0.25
53097,0,26.0,Male,3.0,3,Divorced,4,1,1.0,2.0,5.0,204.69,1,0,0,0.07407407407407407,1,7.581111111111111,0.3333333333333333,0,1,2.5,0.45
53098,0,19.0,Male,4.0,2,Divorced,5,0,2.0,2.0,3.0,151.54,1,0,0,0.1,1,7.577,0.6666666666666666,0,1,3.1000000000000005,0.45
53099,0,26.0,Female,2.0,2,Divorced,4,0,1.0,2.0,5.0,290.55,0,0,0,0.07407407407407407,1,10.761111111111111,0.3333333333333333,0,1,2.1,0.45
53100,0,16.0,Female,4.0,3,Married,4,0,2.0,2.0,3.0,170.56,0,1,0,0.11764705882352941,1,10.032941176470588,0.6666666666666666,0,0,3.0000000000000004,0.25
53101,0,4.0,Female,3.0,2,Single,4,0,1.0,2.0,3.0,185.91,0,2,0,0.4,1,37.182,0.3333333333333333,0,1,2.5,0.45
53102,0,31.0,Female,3.0,5,Divorced,7,0,1.0,12.0,11.0,320.66,0,0,1,0.375,0,10.020625,0.07692307692307693,0,0,6.800000000000001,0.3
53103,0,20.0,Female,3.0,3,Married,4,0,1.0,2.0,9.0,173.1,0,1,0,0.09523809523809523,1,8.242857142857142,0.3333333333333333,0,0,2.5,0.25
53104,0,16.0,Female,3.0,2,Divorced,2,0,1.0,2.0,5.0,170.23,0,0,0,0.11764705882352941,1,10.013529411764706,0.3333333333333333,0,1,2.3000000000000003,0.45
53105,1,1.0,Female,4.0,4,Single,3,1,2.0,2.0,5.0,157.02,0,2,0,1.0,1,78.51,0.6666666666666666,0,1,2.9000000000000004,0.45
53106,1,1.0,Female,3.0,3,Married,2,0,2.0,2.0,1.0,148.51,0,1,0,1.0,1,74.255,0.6666666666666666,0,0,2.4000000000000004,0.25
53107,0,12.0,Male,3.0,2,Divorced,3,1,2.0,2.0,1.0,142.02,1,0,0,0.15384615384615385,1,10.924615384615386,0.6666666666666666,0,1,2.5,0.45
53108,0,14.0,Female,4.0,3,Divorced,2,0,1.0,2.0,13.0,305.41,0,0,1,0.13333333333333333,1,20.360666666666667,0.3333333333333333,0,0,2.7000000000000006,0.55
53109,0,1.0,Female,3.0,2,Married,3,0,2.0,2.0,3.0,153.86,0,1,0,1.0,1,76.93,0.6666666666666666,0,1,2.5,0.45
53110,0,4.0,Male,3.0,2,Divorced,6,0,1.0,2.0,5.0,145.97,1,0,0,0.4,1,29.194,0.3333333333333333,0,1,2.7,0.45
53111,0,3.0,Male,4.0,3,Divorced,3,0,2.0,2.0,8.0,244.35,1,0,0,0.5,1,61.0875,0.6666666666666666,0,0,2.9000000000000004,0.25
53112,1,1.0,Female,4.0,4,Divorced,7,0,1.0,2.0,2.0,150.46,0,0,0,1.0,1,75.23,0.3333333333333333,0,0,3.2000000000000006,0.25
53113,1,1.0,Male,3.0,2,Single,3,0,2.0,2.0,1.0,150.64,1,2,0,1.0,1,75.32,0.6666666666666666,0,1,2.5,0.45
53114,0,4.0,Female,4.0,5,Divorced,2,0,3.0,8.0,9.0,209.12,0,0,0,1.6,0,41.824,0.3333333333333333,0,0,5.300000000000001,0.0
53115,0,31.0,Male,3.0,2,Married,5,0,1.0,2.0,1.0,266.18,1,1,0,0.0625,1,8.318125,0.3333333333333333,0,1,2.6,0.45
53116,0,24.0,Male,3.0,3,Divorced,2,0,12.0,16.0,8.0,295.46,1,0,0,0.64,0,11.818399999999999,0.7058823529411765,0,0,9.0,0.0
53117,0,4.0,Female,3.0,2,Single,2,0,6.0,7.0,8.0,150.64,0,2,0,1.4,0,30.127999999999997,0.75,0,1,4.800000000000001,0.2
53118,0,31.0,Female,4.0,5,Divorced,6,0,14.0,14.0,3.0,227.66,0,0,0,0.4375,0,7.114375,0.9333333333333333,0,0,9.200000000000001,0.0
53119,0,21.0,Female,4.0,2,Married,7,0,1.0,2.0,5.0,175.7,0,1,0,0.09090909090909091,1,7.986363636363635,0.3333333333333333,0,1,3.2000000000000006,0.45
53120,0,20.0,Male,3.0,3,Divorced,8,0,1.0,2.0,2.0,303.61,1,0,0,0.09523809523809523,1,14.457619047619048,0.3333333333333333,0,0,2.9,0.25
53121,0,9.0,Male,3.0,3,Single,2,0,3.0,5.0,4.0,167.3,1,2,0,0.5,0,16.73,0.5,0,0,3.7,0.0
53122,0,28.0,Female,3.0,3,Single,9,0,2.0,2.0,1.0,162.8,0,2,0,0.06896551724137931,1,5.613793103448276,0.6666666666666666,0,0,3.1,0.25
53123,0,8.0,Male,4.0,3,Married,5,0,6.0,6.0,8.0,152.68,1,1,0,0.6666666666666666,0,16.964444444444446,0.8571428571428571,0,0,5.1,0.0
53124,0,20.0,Female,4.0,2,Divorced,4,1,2.0,2.0,3.0,215.71,0,0,0,0.09523809523809523,1,10.271904761904763,0.6666666666666666,0,1,3.0000000000000004,0.45
53125,0,5.0,Male,3.0,4,Married,3,0,2.0,2.0,9.0,231.48,1,1,0,0.3333333333333333,1,38.58,0.6666666666666666,0,0,2.5,0.25
53126,1,1.0,Male,3.0,3,Divorced,9,1,1.0,8.0,8.0,261.1,1,0,0,4.0,0,130.55,0.1111111111111111,0,1,5.4,0.2
53127,1,1.0,Male,3.0,2,Married,9,0,1.0,2.0,4.0,159.08,1,1,0,1.0,1,79.54,0.3333333333333333,0,1,3.0,0.45
53128,0,4.0,Male,3.0,4,Single,2,0,2.0,2.0,3.0,154.83,1,2,0,0.4,1,30.966,0.6666666666666666,0,0,2.4000000000000004,0.25
53129,0,9.0,Male,4.0,3,Divorced,6,1,1.0,2.0,1.0,201.32,1,0,0,0.2,1,20.131999999999998,0.3333333333333333,0,1,3.1000000000000005,0.45
53130,1,1.0,Male,4.0,3,Divorced,5,0,2.0,2.0,3.0,223.24,1,0,0,1.0,1,111.62,0.6666666666666666,0,0,3.1000000000000005,0.25
53131,1,1.0,Female,3.0,5,Married,11,1,2.0,2.0,3.0,224.5,0,1,0,1.0,1,112.25,0.6666666666666666,0,1,3.3000000000000003,0.45
53132,0,16.0,Male,4.0,3,Divorced,6,0,3.0,3.0,1.0,145.93,1,0,0,0.17647058823529413,0,8.584117647058823,0.75,0,0,3.7,0.0
53133,0,10.0,Male,3.0,2,Single,3,0,2.0,10.0,3.0,224.8,1,2,0,0.9090909090909091,0,20.436363636363637,0.18181818181818182,0,1,5.7,0.2
53134,1,1.0,Male,3.0,3,Single,7,0,2.0,2.0,3.0,163.94,1,2,0,1.0,1,81.97,0.6666666666666666,0,0,2.9000000000000004,0.25
53135,0,22.0,Female,3.0,2,Divorced,4,0,5.0,7.0,8.0,165.51,0,0,0,0.30434782608695654,0,7.1960869565217385,0.625,0,1,4.9,0.2
53136,0,29.0,Female,3.0,4,Single,5,0,1.0,8.0,8.0,293.35,0,2,0,0.26666666666666666,0,9.778333333333334,0.1111111111111111,0,0,5.0,0.0
53137,0,15.0,Male,3.0,2,Single,9,0,1.0,2.0,11.0,187.3,1,2,1,0.125,1,11.70625,0.3333333333333333,0,1,3.0,0.75
53138,0,9.0,Male,3.0,3,Divorced,11,0,4.0,7.0,10.0,172.17,1,0,0,0.7,0,17.217,0.5,0,0,5.5,0.0
53139,0,14.0,Female,4.0,3,Single,9,0,5.0,2.0,14.0,257.37,0,2,1,0.13333333333333333,1,17.158,1.6666666666666667,0,0,3.8000000000000003,0.55
53140,0,13.0,Female,3.0,3,Divorced,3,0,1.0,2.0,8.0,162.55,0,0,0,0.14285714285714285,1,11.610714285714286,0.3333333333333333,0,0,2.4,0.25
53141,0,5.0,Male,4.0,2,Single,6,1,2.0,2.0,6.0,190.82,1,2,0,0.3333333333333333,1,31.80333333333333,0.6666666666666666,0,1,3.2000000000000006,0.45
53142,0,16.0,Male,3.0,5,Divorced,3,1,5.0,6.0,9.0,199.06,1,0,0,0.35294117647058826,0,11.709411764705882,0.7142857142857143,0,1,4.4,0.2
53143,0,19.0,Male,4.0,4,Divorced,2,0,4.0,4.0,8.0,173.05,1,0,0,0.2,0,8.6525,0.8,0,0,3.8000000000000003,0.0
53144,1,1.0,Female,3.0,3,Married,2,1,1.0,2.0,1.0,152.41,0,1,0,1.0,1,76.205,0.3333333333333333,0,1,2.3000000000000003,0.45
53145,0,3.0,Male,3.0,2,Married,6,0,1.0,2.0,3.0,167.62,1,1,0,0.5,1,41.905,0.3333333333333333,0,1,2.7,0.45
53146,0,7.0,Female,4.0,3,Married,6,0,1.0,2.0,6.0,286.84,0,1,0,0.25,1,35.855,0.3333333333333333,0,0,3.1000000000000005,0.25
53147,0,1.0,Male,3.0,2,Married,11,0,2.0,2.0,2.0,240.57,1,1,0,1.0,1,120.285,0.6666666666666666,0,1,3.3000000000000003,0.45
53148,1,1.0,Male,4.0,4,Single,3,1,2.0,2.0,1.0,143.78,1,2,0,1.0,1,71.89,0.6666666666666666,0,1,2.9000000000000004,0.45
53149,0,14.0,Male,3.0,5,Married,5,0,2.0,2.0,2.0,234.32,1,1,0,0.13333333333333333,1,15.621333333333332,0.6666666666666666,0,0,2.7,0.25
53150,0,15.0,Female,4.0,3,Single,4,1,1.0,2.0,8.0,193.11,0,2,0,0.125,1,12.069375,0.3333333333333333,0,1,2.9000000000000004,0.45
53151,0,1.0,Male,3.0,3,Married,7,0,2.0,2.0,1.0,168.06,1,1,0,1.0,1,84.03,0.6666666666666666,0,0,2.9000000000000004,0.25
53152,0,9.0,Female,4.0,3,Single,3,0,1.0,2.0,4.0,173.59,0,2,0,0.2,1,17.359,0.3333333333333333,0,0,2.8000000000000003,0.25
53153,0,8.0,Male,4.0,2,Single,3,0,6.0,6.0,8.0,178.37,1,2,0,0.6666666666666666,0,19.81888888888889,0.8571428571428571,0,1,4.9,0.2
53154,1,1.0,Male,4.0,2,Single,3,1,2.0,2.0,1.0,148.4,1,2,0,1.0,1,74.2,0.6666666666666666,0,1,2.9000000000000004,0.45
53155,0,11.0,Female,3.0,2,Single,6,0,2.0,2.0,3.0,199.91,0,2,0,0.16666666666666666,1,16.659166666666668,0.6666666666666666,0,1,2.8000000000000003,0.45
53156,0,20.0,Female,3.0,3,Divorced,7,0,2.0,2.0,3.0,230.27,0,0,0,0.09523809523809523,1,10.965238095238096,0.6666666666666666,0,0,2.9000000000000004,0.25
53157,0,15.0,Female,4.0,5,Divorced,9,0,1.0,12.0,9.0,290.95,0,0,0,0.75,0,18.184375,0.07692307692307693,0,0,7.4,0.0
53158,0,11.0,Male,4.0,4,Married,3,0,7.0,8.0,3.0,213.34,1,1,0,0.6666666666666666,0,17.778333333333332,0.7777777777777778,0,0,5.800000000000001,0.0
53159,0,26.0,Male,4.0,5,Married,5,1,3.0,7.0,10.0,180.77,1,1,0,0.25925925925925924,0,6.695185185185186,0.375,0,1,5.2,0.2
53160,1,1.0,Male,3.0,3,Divorced,10,0,2.0,2.0,3.0,172.07,1,0,0,1.0,1,86.035,0.6666666666666666,0,0,3.2,0.25
53161,0,1.0,Male,3.0,2,Divorced,2,0,1.0,3.0,2.0,149.0,1,0,0,1.5,0,74.5,0.25,0,1,2.7000000000000006,0.2
53162,0,12.0,Female,4.0,3,Divorced,5,0,2.0,2.0,3.0,223.24,0,0,0,0.15384615384615385,1,17.172307692307694,0.6666666666666666,0,0,3.1000000000000005,0.25
53163,0,11.0,Female,4.0,4,Divorced,8,0,4.0,5.0,4.0,189.47,0,0,0,0.4166666666666667,0,15.789166666666667,0.6666666666666666,0,0,4.800000000000001,0.0
53164,0,23.0,Male,3.0,3,Married,3,1,1.0,2.0,10.0,320.02,1,1,0,0.08333333333333333,1,13.334166666666667,0.3333333333333333,0,1,2.4,0.45
53165,0,1.0,Male,3.0,2,Divorced,3,1,1.0,2.0,5.0,152.25,1,0,0,1.0,1,76.125,0.3333333333333333,0,1,2.4,0.45
53166,0,1.0,Male,4.0,4,Divorced,3,0,2.0,2.0,5.0,187.72,1,0,0,1.0,1,93.86,0.6666666666666666,0,0,2.9000000000000004,0.25
53167,0,1.0,Male,4.0,4,Divorced,3,0,2.0,2.0,1.0,146.27,1,0,0,1.0,1,73.135,0.6666666666666666,0,0,2.9000000000000004,0.25
53168,0,24.0,Male,3.0,4,Divorced,3,0,7.0,11.0,8.0,307.0,1,0,0,0.44,0,12.28,0.5833333333333334,0,0,6.6000000000000005,0.0
53169,0,1.0,Male,3.0,3,Divorced,3,0,2.0,2.0,7.0,145.96,1,0,0,1.0,1,72.98,0.6666666666666666,0,0,2.5,0.25
53170,1,1.0,Female,3.0,3,Divorced,3,1,1.0,2.0,3.0,153.86,0,0,0,1.0,1,76.93,0.3333333333333333,0,1,2.4,0.45
53171,1,1.0,Male,4.0,5,Divorced,3,0,2.0,2.0,1.0,145.33,1,0,0,1.0,1,72.665,0.6666666666666666,0,0,2.9000000000000004,0.25
53172,0,8.0,Male,3.0,2,Divorced,3,1,1.0,2.0,4.0,161.22,1,0,0,0.2222222222222222,1,17.913333333333334,0.3333333333333333,0,1,2.4,0.45
53173,1,1.0,Male,3.0,5,Married,4,0,1.0,2.0,3.0,167.33,1,1,0,1.0,1,83.665,0.3333333333333333,0,0,2.5,0.25
53174,0,9.0,Male,3.0,2,Single,6,0,1.0,2.0,3.0,161.81,1,2,0,0.2,1,16.181,0.3333333333333333,0,1,2.7,0.45
53175,0,5.0,Male,4.0,2,Married,6,0,4.0,6.0,8.0,179.6,1,1,0,1.0,0,29.933333333333334,0.5714285714285714,0,1,5.0,0.2
53176,0,1.0,Female,4.0,3,Married,2,0,2.0,2.0,4.0,146.87,0,1,0,1.0,1,73.435,0.6666666666666666,0,0,2.8000000000000007,0.25
53177,0,11.0,Male,4.0,3,Divorced,6,1,1.0,2.0,3.0,221.02,1,0,0,0.16666666666666666,1,18.418333333333333,0.3333333333333333,0,1,3.1000000000000005,0.45
53178,0,1.0,Female,3.0,4,Single,3,0,2.0,2.0,1.0,153.36,0,2,0,1.0,1,76.68,0.6666666666666666,0,0,2.5,0.25
53179,0,16.0,Female,3.0,2,Divorced,3,0,3.0,3.0,3.0,165.89,0,0,0,0.17647058823529413,0,9.758235294117647,0.75,0,1,3.0,0.2
53180,0,17.0,Male,3.0,2,Married,6,1,1.0,2.0,1.0,291.27,1,1,0,0.1111111111111111,1,16.181666666666665,0.3333333333333333,0,1,2.7,0.45
53181,0,12.0,Female,3.0,5,Single,5,0,2.0,2.0,1.0,151.19,0,2,0,0.15384615384615385,1,11.629999999999999,0.6666666666666666,0,0,2.7,0.25
53182,0,17.0,Male,4.0,3,Married,5,1,3.0,5.0,8.0,181.79,1,1,0,0.2777777777777778,0,10.099444444444444,0.5,0,1,4.3999999999999995,0.2
53183,0,22.0,Female,3.0,5,Divorced,9,0,1.0,2.0,3.0,279.02,0,0,0,0.08695652173913043,1,12.131304347826086,0.3333333333333333,0,0,3.0,0.25
53184,0,18.0,Female,3.0,3,Single,6,0,2.0,2.0,3.0,184.85,0,2,0,0.10526315789473684,1,9.728947368421052,0.6666666666666666,0,0,2.8000000000000003,0.25
53185,0,8.0,Female,3.0,3,Married,3,1,2.0,2.0,7.0,150.79,0,1,0,0.2222222222222222,1,16.754444444444445,0.6666666666666666,0,1,2.5,0.45
53186,1,1.0,Male,3.0,5,Married,2,0,1.0,2.0,3.0,155.41,1,1,0,1.0,1,77.705,0.3333333333333333,0,0,2.3000000000000003,0.25
53187,0,1.0,Male,3.0,3,Single,3,0,2.0,2.0,3.0,159.47,1,2,0,1.0,1,79.735,0.6666666666666666,0,0,2.5,0.25
53188,0,18.0,Male,3.0,2,Divorced,6,1,2.0,2.0,2.0,320.13,1,0,0,0.10526315789473684,1,16.84894736842105,0.6666666666666666,0,1,2.8000000000000003,0.45
53189,0,1.0,Male,4.0,3,Divorced,2,0,3.0,3.0,3.0,152.73,1,0,0,1.5,0,76.365,0.75,0,0,3.3000000000000007,0.0
53190,0,7.0,Male,3.0,3,Married,2,0,2.0,2.0,3.0,196.04,1,1,0,0.25,1,24.505,0.6666666666666666,0,0,2.4000000000000004,0.25
53191,0,6.0,Female,4.0,2,Divorced,3,1,2.0,2.0,6.0,188.22,0,0,0,0.2857142857142857,1,26.888571428571428,0.6666666666666666,0,1,2.9000000000000004,0.45
53192,0,4.0,Female,4.0,3,Married,3,0,2.0,2.0,1.0,145.83,0,1,0,0.4,1,29.166000000000004,0.6666666666666666,0,0,2.9000000000000004,0.25
53193,0,27.0,Female,3.0,5,Single,9,0,7.0,9.0,11.0,208.81,0,2,1,0.32142857142857145,0,7.4575000000000005,0.7,0,0,6.400000000000001,0.3
53194,0,8.0,Male,3.0,2,Divorced,3,0,7.0,9.0,9.0,151.91,1,0,0,1.0,0,16.878888888888888,0.7,0,1,5.800000000000001,0.2
53195,1,9.0,Female,4.0,5,Divorced,4,0,1.0,2.0,1.0,167.86,0,0,0,0.2,1,16.786,0.3333333333333333,0,0,2.9000000000000004,0.25
53196,0,1.0,Female,4.0,2,Divorced,3,1,1.0,2.0,3.0,151.59,0,0,0,1.0,1,75.795,0.3333333333333333,0,1,2.8000000000000003,0.45
53197,0,11.0,Male,3.0,3,Divorced,3,0,7.0,8.0,3.0,219.34,1,0,0,0.6666666666666666,0,18.278333333333332,0.7777777777777778,0,0,5.4,0.0
53198,0,3.0,Female,4.0,3,Divorced,3,0,1.0,2.0,3.0,180.61,0,0,0,0.5,1,45.1525,0.3333333333333333,0,0,2.8000000000000003,0.25
53199,0,9.0,Male,3.0,2,Single,3,0,12.0,12.0,9.0,191.46,1,2,0,1.2,0,19.146,0.9230769230769231,0,1,7.500000000000001,0.2
53200,0,7.0,Male,2.0,2,Married,5,0,5.0,5.0,8.0,202.25,1,1,0,0.625,0,25.28125,0.8333333333333334,0,1,3.8,0.2
53201,0,28.0,Male,3.0,4,Divorced,4,0,4.0,2.0,2.0,232.25,1,0,0,0.06896551724137931,1,8.008620689655173,1.3333333333333333,0,0,2.8,0.25
53202,0,10.0,Male,3.0,4,Married,4,1,2.0,2.0,3.0,213.47,1,1,0,0.18181818181818182,1,19.406363636363636,0.6666666666666666,0,1,2.6,0.45
53203,0,1.0,Male,3.0,2,Single,2,0,1.0,2.0,2.0,145.45,1,2,0,1.0,1,72.725,0.3333333333333333,0,1,2.3000000000000003,0.45
53204,1,1.0,Male,3.0,3,Single,3,1,1.0,2.0,2.0,135.09,1,2,0,1.0,1,67.545,0.3333333333333333,0,1,2.4,0.45
53205,1,1.0,Male,4.0,5,Single,3,1,10.0,10.0,8.0,158.48,1,2,0,5.0,0,79.24,0.9090909090909091,0,1,6.8999999999999995,0.2
53206,0,9.0,Male,3.0,3,Divorced,3,0,2.0,2.0,1.0,137.81,1,0,0,0.2,1,13.781,0.6666666666666666,0,0,2.5,0.25
53207,0,1.0,Male,3.0,5,Divorced,4,0,1.0,2.0,3.0,153.19,1,0,0,1.0,1,76.595,0.3333333333333333,0,0,2.5,0.25
53208,0,1.0,Male,3.0,4,Divorced,2,0,1.0,2.0,3.0,173.51,1,0,0,1.0,1,86.755,0.3333333333333333,0,0,2.3000000000000003,0.25
53209,0,12.0,Female,3.0,2,Single,2,0,2.0,2.0,6.0,165.28,0,2,0,0.15384615384615385,1,12.713846153846154,0.6666666666666666,0,1,2.4000000000000004,0.45
53210,0,3.0,Male,4.0,2,Married,3,0,3.0,3.0,9.0,152.2,1,1,0,0.75,0,38.05,0.75,0,1,3.4000000000000004,0.2
53211,0,22.0,Male,3.0,4,Divorced,5,0,3.0,3.0,3.0,206.2,1,0,0,0.13043478260869565,0,8.965217391304348,0.75,0,0,3.2,0.0
53212,0,1.0,Female,4.0,2,Married,3,1,2.0,2.0,5.0,171.47,0,1,0,1.0,1,85.735,0.6666666666666666,0,1,2.9000000000000004,0.45
53213,0,11.0,Male,4.0,2,Single,5,0,2.0,2.0,1.0,171.8,1,2,0,0.16666666666666666,1,14.316666666666668,0.6666666666666666,0,1,3.1000000000000005,0.45
53214,0,24.0,Male,4.0,3,Divorced,3,1,4.0,4.0,9.0,157.21,1,0,0,0.16,0,6.2884,0.8,0,1,3.9,0.2
53215,0,8.0,Female,3.0,4,Single,3,0,5.0,8.0,3.0,211.21,0,2,0,0.8888888888888888,0,23.46777777777778,0.5555555555555556,0,0,5.2,0.0
53216,1,1.0,Female,4.0,3,Single,11,0,2.0,3.0,1.0,170.77,0,2,0,1.5,0,85.385,0.5,0,0,4.1000000000000005,0.0
53217,0,13.0,Female,4.0,3,Single,3,0,3.0,12.0,11.0,170.53,0,2,1,0.8571428571428571,0,12.180714285714286,0.23076923076923078,0,0,7.0,0.3
53218,0,6.0,Male,3.0,2,Single,3,0,1.0,2.0,9.0,178.96,1,2,0,0.2857142857142857,1,25.565714285714286,0.3333333333333333,0,1,2.4,0.45
53219,1,14.0,Male,3.0,3,Divorced,5,1,2.0,2.0,4.0,192.96,1,0,0,0.13333333333333333,1,12.864,0.6666666666666666,0,1,2.7,0.45
53220,0,12.0,Female,3.0,2,Single,2,0,2.0,2.0,9.0,201.25,0,2,0,0.15384615384615385,1,15.48076923076923,0.6666666666666666,0,1,2.4000000000000004,0.45
53221,0,1.0,Female,4.0,5,Divorced,3,0,2.0,2.0,8.0,199.12,0,0,0,1.0,1,99.56,0.6666666666666666,0,0,2.9000000000000004,0.25
53222,0,6.0,Female,3.0,2,Single,5,0,4.0,2.0,8.0,236.59,0,2,0,0.2857142857142857,1,33.79857142857143,1.3333333333333333,0,1,2.9,0.45
53223,0,21.0,Male,3.0,5,Single,4,0,1.0,2.0,8.0,174.6,1,2,0,0.09090909090909091,1,7.9363636363636365,0.3333333333333333,0,0,2.5,0.25
53224,0,14.0,Male,3.0,5,Divorced,7,1,1.0,2.0,3.0,229.75,1,0,0,0.13333333333333333,1,15.316666666666666,0.3333333333333333,0,1,2.8000000000000003,0.45
53225,0,27.0,Male,3.0,3,Divorced,5,0,1.0,2.0,4.0,273.14,1,0,0,0.07142857142857142,1,9.754999999999999,0.3333333333333333,0,0,2.6,0.25
53226,0,15.0,Male,4.0,2,Married,5,0,13.0,13.0,7.0,316.41,1,1,0,0.8125,0,19.775625,0.9285714285714286,0,1,8.600000000000001,0.2
53227,0,31.0,Male,3.0,5,Single,10,0,2.0,3.0,3.0,179.05,1,2,0,0.09375,0,5.5953125,0.5,0,0,3.6000000000000005,0.0
53228,0,1.0,Male,3.0,5,Married,3,0,2.0,2.0,3.0,212.93,1,1,0,1.0,1,106.465,0.6666666666666666,0,0,2.5,0.25
53229,0,15.0,Male,3.0,3,Divorced,3,0,3.0,3.0,11.0,316.89,1,0,1,0.1875,0,19.805625,0.75,0,0,3.0,0.3
53230,0,24.0,Male,3.0,4,Divorced,9,0,2.0,3.0,3.0,163.75,1,0,0,0.12,0,6.55,0.5,0,0,3.5000000000000004,0.0
53231,1,1.0,Female,4.0,4,Single,9,1,2.0,4.0,8.0,147.16,0,2,0,2.0,0,73.58,0.4,0,1,4.300000000000001,0.2
53232,0,10.0,Female,4.0,5,Divorced,11,0,1.0,2.0,6.0,242.13,0,0,0,0.18181818181818182,1,22.01181818181818,0.3333333333333333,0,0,3.6000000000000005,0.25
53233,0,12.0,Female,3.0,3,Single,6,1,1.0,2.0,1.0,203.61,0,2,0,0.15384615384615385,1,15.662307692307694,0.3333333333333333,0,1,2.7,0.45
53234,0,18.0,Male,3.0,3,Single,4,0,1.0,2.0,5.0,162.08,1,2,0,0.10526315789473684,1,8.530526315789475,0.3333333333333333,0,0,2.5,0.25
53235,0,21.0,Female,3.0,3,Married,11,1,1.0,12.0,14.0,262.7,0,1,1,0.5454545454545454,0,11.94090909090909,0.07692307692307693,0,1,7.200000000000001,0.5
53236,0,4.0,Male,3.0,2,Married,9,0,5.0,8.0,8.0,178.04,1,1,0,1.6,0,35.608,0.5555555555555556,0,1,5.800000000000001,0.2
53237,0,3.0,Male,3.0,3,Single,3,0,1.0,2.0,1.0,151.42,1,2,0,0.5,1,37.855,0.3333333333333333,0,0,2.4,0.25
53238,1,6.0,Male,3.0,3,Married,8,1,3.0,3.0,3.0,152.59,1,1,0,0.42857142857142855,0,21.798571428571428,0.75,0,1,3.5,0.2
53239,0,17.0,Male,3.0,2,Divorced,5,0,1.0,3.0,3.0,193.04,1,0,0,0.16666666666666666,0,10.724444444444444,0.25,0,1,3.0000000000000004,0.2
53240,0,8.0,Female,4.0,3,Single,5,0,2.0,5.0,4.0,186.42,0,2,0,0.5555555555555556,0,20.71333333333333,0.3333333333333333,0,0,4.3,0.0
53241,0,1.0,Male,3.0,5,Divorced,3,0,1.0,2.0,3.0,150.0,1,0,0,1.0,1,75.0,0.3333333333333333,0,0,2.4,0.25
53242,0,13.0,Female,3.0,4,Divorced,11,0,4.0,4.0,7.0,188.89,0,0,0,0.2857142857142857,0,13.492142857142856,0.8,0,0,4.300000000000001,0.0
53243,0,30.0,Male,3.0,2,Divorced,9,0,1.0,2.0,2.0,236.03,1,0,0,0.06451612903225806,1,7.613870967741936,0.3333333333333333,0,1,3.0,0.45
53244,0,14.0,Female,3.0,2,Single,2,1,3.0,3.0,4.0,148.42,0,2,0,0.2,0,9.894666666666666,0.75,0,1,2.9000000000000004,0.2
53245,0,1.0,Female,3.0,5,Single,10,0,2.0,2.0,8.0,193.11,0,2,0,1.0,1,96.555,0.6666666666666666,0,0,3.2,0.25
53246,0,3.0,Male,3.0,4,Married,3,0,1.0,3.0,3.0,147.97,1,1,0,0.75,0,36.9925,0.25,0,0,2.8000000000000003,0.0
53247,0,27.0,Male,3.0,2,Single,4,0,2.0,3.0,3.0,149.5,1,2,0,0.10714285714285714,0,5.339285714285714,0.5,0,1,3.0000000000000004,0.2
53248,0,9.0,Female,4.0,5,Married,4,0,1.0,2.0,1.0,175.93,0,1,0,0.2,1,17.593,0.3333333333333333,0,0,2.9000000000000004,0.25
53249,0,6.0,Male,4.0,2,Divorced,3,0,3.0,5.0,8.0,178.09,1,0,0,0.7142857142857143,0,25.44142857142857,0.5,0,1,4.2,0.2
53250,0,12.0,Male,4.0,3,Divorced,8,1,1.0,2.0,2.0,155.57,1,0,0,0.15384615384615385,1,11.966923076923077,0.3333333333333333,0,1,3.3000000000000003,0.45
53251,0,8.0,Female,3.0,5,Married,5,0,2.0,2.0,1.0,176.21,0,1,0,0.2222222222222222,1,19.57888888888889,0.6666666666666666,0,0,2.7,0.25
53252,0,26.0,Male,3.0,5,Divorced,3,0,2.0,2.0,17.0,293.56,1,0,1,0.07407407407407407,1,10.872592592592593,0.6666666666666666,0,0,2.5,0.55
53253,1,1.0,Male,4.0,2,Single,3,1,6.0,8.0,9.0,151.86,1,2,0,4.0,0,75.93,0.6666666666666666,0,1,5.700000000000001,0.2
53254,0,1.0,Female,3.0,2,Single,3,0,1.0,2.0,5.0,186.8,0,2,0,1.0,1,93.4,0.3333333333333333,0,1,2.4,0.45
53255,0,19.0,Male,3.0,3,Single,2,0,1.0,4.0,2.0,191.32,1,2,0,0.2,0,9.565999999999999,0.2,0,0,3.1000000000000005,0.0
53256,0,1.0,Male,4.0,3,Single,3,0,2.0,2.0,3.0,160.05,1,2,0,1.0,1,80.025,0.6666666666666666,0,0,2.9000000000000004,0.25
53257,1,11.0,Female,4.0,3,Single,6,1,2.0,2.0,4.0,188.97,0,2,0,0.16666666666666666,1,15.7475,0.6666666666666666,0,1,3.2000000000000006,0.45
53258,0,8.0,Male,3.0,2,Single,3,0,1.0,2.0,5.0,187.74,1,2,0,0.2222222222222222,1,20.86,0.3333333333333333,0,1,2.4,0.45
53259,1,19.0,Male,4.0,5,Divorced,7,1,2.0,2.0,5.0,323.59,1,0,0,0.1,1,16.179499999999997,0.6666666666666666,0,1,3.3000000000000007,0.45
53260,0,10.0,Male,4.0,5,Single,3,0,1.0,2.0,10.0,200.87,1,2,0,0.18181818181818182,1,18.26090909090909,0.3333333333333333,0,0,2.8000000000000003,0.25
53261,0,26.0,Male,3.0,2,Divorced,2,0,2.0,2.0,3.0,167.58,1,0,0,0.07407407407407407,1,6.206666666666667,0.6666666666666666,0,1,2.4000000000000004,0.45
53262,0,1.0,Female,4.0,2,Married,5,0,3.0,3.0,1.0,168.64,0,1,0,1.5,0,84.32,0.75,0,1,3.6000000000000005,0.2
53263,0,3.0,Female,4.0,3,Divorced,6,0,2.0,2.0,2.0,168.35,0,0,0,0.5,1,42.0875,0.6666666666666666,0,0,3.2000000000000006,0.25
53264,1,1.0,Male,3.0,5,Single,8,0,2.0,2.0,3.0,178.26,1,2,0,1.0,1,89.13,0.6666666666666666,0,0,3.0,0.25
53265,0,8.0,Female,4.0,2,Single,4,0,1.0,2.0,4.0,157.8,0,2,0,0.2222222222222222,1,17.533333333333335,0.3333333333333333,0,1,2.9000000000000004,0.45
53266,0,28.0,Female,4.0,5,Married,11,1,1.0,2.0,5.0,179.85,0,1,0,0.06896551724137931,1,6.201724137931034,0.3333333333333333,0,1,3.6000000000000005,0.45
53267,0,3.0,Male,3.0,2,Divorced,2,0,1.0,2.0,2.0,168.42,1,0,0,0.5,1,42.105,0.3333333333333333,0,1,2.3000000000000003,0.45
53268,0,11.0,Female,3.0,5,Married,2,1,4.0,5.0,4.0,152.82,0,1,0,0.4166666666666667,0,12.735,0.6666666666666666,0,1,3.8000000000000003,0.2
53269,0,12.0,Female,4.0,5,Single,8,1,5.0,5.0,13.0,184.8,0,2,1,0.38461538461538464,0,14.215384615384616,0.8333333333333334,0,1,4.9,0.5
53270,0,8.0,Female,3.0,5,Single,3,0,2.0,2.0,4.0,168.81,0,2,0,0.2222222222222222,1,18.756666666666668,0.6666666666666666,0,0,2.5,0.25
53271,0,9.0,Female,4.0,2,Divorced,3,0,1.0,2.0,3.0,150.72,0,0,0,0.2,1,15.072,0.3333333333333333,0,1,2.8000000000000003,0.45
53272,0,4.0,Male,3.0,3,Divorced,5,0,2.0,2.0,3.0,163.33,1,0,0,0.4,1,32.666000000000004,0.6666666666666666,0,0,2.7,0.25
53273,0,14.0,Female,3.0,4,Divorced,3,0,1.0,4.0,8.0,167.44,0,0,0,0.26666666666666666,0,11.162666666666667,0.2,0,0,3.2000000000000006,0.0
53274,0,8.0,Female,4.0,5,Divorced,7,0,2.0,2.0,3.0,190.0,0,0,0,0.2222222222222222,1,21.11111111111111,0.6666666666666666,0,0,3.3000000000000007,0.25
53275,0,16.0,Male,4.0,2,Married,3,0,1.0,15.0,10.0,309.3,1,1,0,0.8823529411764706,0,18.194117647058825,0.0625,0,1,7.999999999999999,0.2
53276,1,1.0,Male,4.0,5,Divorced,3,1,2.0,2.0,1.0,141.01,1,0,0,1.0,1,70.505,0.6666666666666666,0,1,2.9000000000000004,0.45
53277,0,1.0,Male,3.0,4,Married,3,0,2.0,2.0,1.0,151.94,1,1,0,1.0,1,75.97,0.6666666666666666,0,0,2.5,0.25
53278,0,26.0,Female,3.0,3,Divorced,10,0,2.0,2.0,5.0,156.49,0,0,0,0.07407407407407407,1,5.795925925925927,0.6666666666666666,0,0,3.2,0.25
53279,0,24.0,Male,4.0,3,Divorced,7,0,1.0,2.0,4.0,301.39,1,0,0,0.08,1,12.0556,0.3333333333333333,0,0,3.2000000000000006,0.25
53280,1,1.0,Female,3.0,5,Divorced,3,1,1.0,2.0,1.0,148.19,0,0,0,1.0,1,74.095,0.3333333333333333,0,1,2.4,0.45
53281,0,7.0,Male,3.0,3,Divorced,2,0,1.0,2.0,8.0,241.91,1,0,0,0.25,1,30.23875,0.3333333333333333,0,0,2.3000000000000003,0.25
53282,1,1.0,Female,4.0,5,Single,7,0,2.0,2.0,3.0,178.24,0,2,0,1.0,1,89.12,0.6666666666666666,0,0,3.3000000000000007,0.25
53283,0,21.0,Female,3.0,2,Divorced,3,1,4.0,4.0,1.0,292.52,0,0,0,0.18181818181818182,0,13.296363636363635,0.8,0,1,3.5000000000000004,0.2
53284,0,10.0,Female,3.0,4,Divorced,2,0,1.0,2.0,6.0,177.28,0,0,0,0.18181818181818182,1,16.116363636363637,0.3333333333333333,0,0,2.3000000000000003,0.25
53285,0,3.0,Male,3.0,3,Divorced,3,0,2.0,2.0,8.0,152.0,1,0,0,0.5,1,38.0,0.6666666666666666,0,0,2.5,0.25
53286,1,21.0,Male,3.0,4,Single,9,1,6.0,14.0,9.0,317.46,1,2,0,0.6363636363636364,0,14.43,0.4,0,1,8.3,0.2
53287,0,9.0,Female,3.0,3,Single,5,0,1.0,3.0,3.0,150.06,0,2,0,0.3,0,15.006,0.25,0,0,3.0000000000000004,0.0
53288,0,16.0,Female,3.0,2,Divorced,11,1,1.0,2.0,3.0,185.62,0,0,0,0.11764705882352941,1,10.918823529411766,0.3333333333333333,0,1,3.2,0.45
53289,1,1.0,Male,3.0,3,Single,8,0,1.0,3.0,2.0,168.82,1,2,0,1.5,0,84.41,0.25,0,0,3.3000000000000003,0.0
53290,0,10.0,Male,3.0,4,Divorced,5,0,2.0,2.0,5.0,146.43,1,0,0,0.18181818181818182,1,13.311818181818182,0.6666666666666666,0,0,2.7,0.25
53291,0,6.0,Female,4.0,3,Divorced,3,0,2.0,7.0,9.0,186.62,0,0,0,1.0,0,26.66,0.25,0,0,4.9,0.0
53292,0,14.0,Male,3.0,3,Single,8,0,2.0,2.0,1.0,175.94,1,2,0,0.13333333333333333,1,11.729333333333333,0.6666666666666666,0,0,3.0,0.25
53293,0,4.0,Female,3.0,2,Single,7,1,2.0,2.0,1.0,193.77,0,2,0,0.4,1,38.754000000000005,0.6666666666666666,0,1,2.9000000000000004,0.45
53294,0,19.0,Female,4.0,3,Single,3,0,2.0,2.0,1.0,147.74,0,2,0,0.1,1,7.3870000000000005,0.6666666666666666,0,0,2.9000000000000004,0.25
53295,0,16.0,Male,4.0,4,Divorced,3,0,3.0,8.0,9.0,169.34,1,0,0,0.47058823529411764,0,9.961176470588235,0.3333333333333333,0,0,5.4,0.0
53296,0,12.0,Male,3.0,5,Married,4,0,2.0,2.0,3.0,187.88,1,1,0,0.15384615384615385,1,14.452307692307691,0.6666666666666666,0,0,2.6,0.25
53297,0,8.0,Female,4.0,2,Single,3,0,2.0,2.0,4.0,150.53,0,2,0,0.2222222222222222,1,16.725555555555555,0.6666666666666666,0,1,2.9000000000000004,0.45
53298,1,13.0,Female,3.0,2,Divorced,3,0,1.0,8.0,8.0,201.54,0,0,0,0.5714285714285714,0,14.395714285714286,0.1111111111111111,0,1,4.8,0.2
53299,1,19.0,Male,3.0,2,Single,6,0,1.0,8.0,4.0,176.6,1,2,0,0.4,0,8.83,0.1111111111111111,0,1,5.1,0.2
53300,0,17.0,Male,4.0,5,Divorced,8,0,2.0,2.0,1.0,296.59,1,0,0,0.1111111111111111,1,16.47722222222222,0.6666666666666666,0,0,3.4000000000000004,0.25
53301,0,1.0,Male,3.0,2,Married,3,1,1.0,2.0,9.0,253.08,1,1,0,1.0,1,126.54,0.3333333333333333,0,1,2.4,0.45
53302,0,9.0,Male,3.0,3,Single,5,0,1.0,2.0,3.0,227.21,1,2,0,0.2,1,22.721,0.3333333333333333,0,0,2.6,0.25
53303,0,2.0,Female,3.0,4,Divorced,3,1,8.0,8.0,6.0,172.79,0,0,0,2.6666666666666665,0,57.596666666666664,0.8888888888888888,0,1,5.5,0.2
53304,0,8.0,Male,3.0,2,Divorced,2,0,2.0,2.0,3.0,162.37,1,0,0,0.2222222222222222,1,18.04111111111111,0.6666666666666666,0,1,2.4000000000000004,0.45
53305,1,1.0,Female,3.0,3,Divorced,3,1,1.0,2.0,8.0,148.66,0,0,0,1.0,1,74.33,0.3333333333333333,0,1,2.4,0.45
53306,0,1.0,Male,3.0,2,Divorced,3,0,2.0,2.0,1.0,142.06,1,0,0,1.0,1,71.03,0.6666666666666666,0,1,2.5,0.45
53307,0,25.0,Female,4.0,3,Divorced,4,0,1.0,5.0,18.0,288.07,0,0,1,0.19230769230769232,0,11.079615384615384,0.16666666666666666,0,0,4.1,0.3
53308,0,18.0,Male,3.0,4,Single,11,0,2.0,3.0,4.0,184.33,1,2,0,0.15789473684210525,0,9.701578947368422,0.5,0,0,3.7000000000000006,0.0
53309,0,1.0,Male,4.0,5,Single,9,0,2.0,2.0,2.0,159.24,1,2,0,1.0,1,79.62,0.6666666666666666,0,0,3.5000000000000004,0.25
53310,0,7.0,Male,3.0,5,Married,3,0,1.0,2.0,9.0,165.37,1,1,0,0.25,1,20.67125,0.3333333333333333,0,0,2.4,0.25
53311,0,9.0,Female,3.0,5,Single,3,0,2.0,2.0,2.0,150.59,0,2,0,0.2,1,15.059000000000001,0.6666666666666666,0,0,2.5,0.25
53312,0,10.0,Male,3.0,2,Divorced,3,1,3.0,5.0,12.0,187.01,1,0,1,0.45454545454545453,0,17.00090909090909,0.5,0,1,3.8,0.5
53313,0,6.0,Male,4.0,2,Married,4,0,1.0,2.0,4.0,169.03,1,1,0,0.2857142857142857,1,24.147142857142857,0.3333333333333333,0,1,2.9000000000000004,0.45
53314,0,4.0,Male,4.0,2,Married,11,0,1.0,2.0,4.0,162.61,1,1,0,0.4,1,32.522000000000006,0.3333333333333333,0,1,3.6000000000000005,0.45
53315,0,27.0,Female,4.0,2,Divorced,9,1,1.0,2.0,5.0,234.34,0,0,0,0.07142857142857142,1,8.369285714285715,0.3333333333333333,0,1,3.4000000000000004,0.45
53316,0,19.0,Male,4.0,5,Married,6,1,2.0,2.0,3.0,232.61,1,1,0,0.1,1,11.630500000000001,0.6666666666666666,0,1,3.2000000000000006,0.45
53317,0,6.0,Female,4.0,3,Divorced,7,0,2.0,2.0,4.0,176.75,0,0,0,0.2857142857142857,1,25.25,0.6666666666666666,0,0,3.3000000000000007,0.25
53318,0,26.0,Female,3.0,2,Divorced,5,0,1.0,2.0,1.0,263.26,0,0,0,0.07407407407407407,1,9.75037037037037,0.3333333333333333,0,1,2.6,0.45
53319,0,11.0,Male,4.0,3,Married,6,0,2.0,2.0,1.0,188.34,1,1,0,0.16666666666666666,1,15.695,0.6666666666666666,0,0,3.2000000000000006,0.25
53320,0,2.0,Male,4.0,2,Married,3,0,1.0,2.0,5.0,174.36,1,1,0,0.6666666666666666,1,58.120000000000005,0.3333333333333333,0,1,2.8000000000000003,0.45
53321,0,1.0,Male,3.0,2,Divorced,8,0,3.0,3.0,3.0,172.75,1,0,0,1.5,0,86.375,0.75,0,1,3.5,0.2
53322,0,18.0,Male,4.0,2,Divorced,4,1,2.0,2.0,3.0,153.18,1,0,0,0.10526315789473684,1,8.062105263157894,0.6666666666666666,0,1,3.0000000000000004,0.45
53323,0,16.0,Male,3.0,2,Single,7,1,1.0,3.0,3.0,150.15,1,2,0,0.17647058823529413,0,8.83235294117647,0.25,0,1,3.2000000000000006,0.2
53324,0,10.0,Male,4.0,5,Divorced,2,0,2.0,2.0,4.0,148.42,1,0,0,0.18181818181818182,1,13.492727272727272,0.6666666666666666,0,0,2.8000000000000007,0.25
53325,0,1.0,Male,4.0,5,Divorced,3,1,2.0,2.0,4.0,166.94,1,0,0,1.0,1,83.47,0.6666666666666666,0,1,2.9000000000000004,0.45
53326,0,9.0,Female,4.0,3,Divorced,3,1,3.0,2.0,16.0,231.85,0,0,1,0.2,1,23.185,1.0,0,1,3.0,0.75
53327,1,1.0,Female,4.0,4,Married,3,1,1.0,8.0,9.0,145.22,0,1,0,4.0,0,72.61,0.1111111111111111,0,1,5.2,0.2
53328,0,6.0,Male,4.0,2,Married,2,0,1.0,2.0,3.0,148.14,1,1,0,0.2857142857142857,1,21.162857142857142,0.3333333333333333,0,1,2.7000000000000006,0.45
53329,0,1.0,Male,3.0,5,Divorced,3,0,2.0,2.0,4.0,167.56,1,0,0,1.0,1,83.78,0.6666666666666666,0,0,2.5,0.25
53330,0,23.0,Female,3.0,5,Divorced,4,0,2.0,2.0,3.0,160.8,0,0,0,0.08333333333333333,1,6.7,0.6666666666666666,0,0,2.6,0.25
53331,0,1.0,Male,3.0,2,Divorced,2,0,1.0,4.0,5.0,156.62,1,0,0,2.0,0,78.31,0.2,0,1,3.1000000000000005,0.2
53332,0,6.0,Male,3.0,4,Divorced,3,0,3.0,6.0,4.0,190.24,1,0,0,0.8571428571428571,0,27.177142857142858,0.42857142857142855,0,0,4.2,0.0
53333,0,12.0,Male,4.0,4,Divorced,2,0,1.0,2.0,3.0,153.99,1,0,0,0.15384615384615385,1,11.845384615384615,0.3333333333333333,0,0,2.7000000000000006,0.25
53334,0,16.0,Female,4.0,2,Divorced,4,1,1.0,2.0,4.0,177.31,0,0,0,0.11764705882352941,1,10.43,0.3333333333333333,0,1,2.9000000000000004,0.45
53335,0,5.0,Male,3.0,2,Divorced,5,1,2.0,2.0,3.0,148.56,1,0,0,0.3333333333333333,1,24.76,0.6666666666666666,0,1,2.7,0.45
53336,1,1.0,Female,3.0,3,Married,8,1,1.0,2.0,3.0,153.0,0,1,0,1.0,1,76.5,0.3333333333333333,0,1,2.9,0.45
53337,0,27.0,Male,4.0,2,Divorced,7,0,1.0,2.0,3.0,243.36,1,0,0,0.07142857142857142,1,8.691428571428572,0.3333333333333333,0,1,3.2000000000000006,0.45
53338,0,9.0,Male,4.0,4,Divorced,5,0,4.0,2.0,9.0,234.03,1,0,0,0.2,1,23.403,1.3333333333333333,0,0,3.3000000000000003,0.25
53339,0,11.0,Female,3.0,2,Divorced,7,0,2.0,2.0,1.0,154.73,0,0,0,0.16666666666666666,1,12.894166666666665,0.6666666666666666,0,1,2.9000000000000004,0.45
53340,0,27.0,Female,4.0,2,Single,8,0,1.0,4.0,9.0,267.75,0,2,0,0.14285714285714285,0,9.5625,0.2,0,1,4.1,0.2
53341,0,17.0,Female,3.0,2,Divorced,6,0,2.0,3.0,3.0,180.62,0,0,0,0.16666666666666666,0,10.034444444444444,0.5,0,1,3.2000000000000006,0.2
53342,0,21.0,Female,3.0,2,Divorced,2,1,6.0,8.0,8.0,170.37,0,0,0,0.36363636363636365,0,7.744090909090909,0.6666666666666666,0,1,5.200000000000001,0.2
53343,0,11.0,Male,3.0,4,Single,3,1,1.0,2.0,10.0,201.42,1,2,0,0.16666666666666666,1,16.785,0.3333333333333333,0,1,2.4,0.45
53344,0,24.0,Male,4.0,5,Married,3,0,14.0,15.0,8.0,304.24,1,1,0,0.6,0,12.1696,0.875,0,0,9.299999999999999,0.0
53345,0,13.0,Female,3.0,2,Divorced,10,0,1.0,2.0,5.0,177.04,0,0,0,0.14285714285714285,1,12.645714285714286,0.3333333333333333,0,1,3.1,0.45
53346,0,7.0,Male,3.0,4,Married,5,1,1.0,2.0,4.0,147.77,1,1,0,0.25,1,18.47125,0.3333333333333333,0,1,2.6,0.45
53347,1,1.0,Male,3.0,2,Single,3,1,2.0,2.0,2.0,152.95,1,2,0,1.0,1,76.475,0.6666666666666666,0,1,2.5,0.45
53348,0,3.0,Female,4.0,2,Married,8,0,2.0,2.0,4.0,150.32,0,1,0,0.5,1,37.58,0.6666666666666666,0,1,3.4000000000000004,0.45
53349,0,18.0,Male,4.0,5,Divorced,3,1,3.0,8.0,2.0,150.59,1,0,0,0.42105263157894735,0,7.925789473684211,0.3333333333333333,0,1,5.4,0.2
53350,0,2.0,Male,4.0,2,Single,3,0,2.0,2.0,3.0,174.08,1,2,0,0.6666666666666666,1,58.02666666666667,0.6666666666666666,0,1,2.9000000000000004,0.45
53351,1,21.0,Male,3.0,2,Married,11,1,1.0,2.0,1.0,148.8,1,1,0,0.09090909090909091,1,6.763636363636365,0.3333333333333333,0,1,3.2,0.45
53352,0,17.0,Female,3.0,4,Married,6,0,2.0,2.0,1.0,172.65,0,1,0,0.1111111111111111,1,9.591666666666667,0.6666666666666666,0,0,2.8000000000000003,0.25
53353,1,1.0,Female,3.0,3,Single,3,0,1.0,2.0,3.0,145.44,0,2,0,1.0,1,72.72,0.3333333333333333,0,0,2.4,0.25
53354,1,1.0,Female,4.0,2,Single,3,0,2.0,2.0,1.0,151.93,0,2,0,1.0,1,75.965,0.6666666666666666,0,1,2.9000000000000004,0.45
53355,0,10.0,Male,4.0,2,Divorced,2,1,5.0,5.0,12.0,190.86,1,0,1,0.45454545454545453,0,17.35090909090909,0.8333333333333334,0,1,4.300000000000001,0.5
53356,0,21.0,Female,4.0,2,Single,3,1,2.0,2.0,3.0,157.94,0,2,0,0.09090909090909091,1,7.179090909090909,0.6666666666666666,0,1,2.9000000000000004,0.45
53357,1,1.0,Female,3.0,3,Divorced,2,1,2.0,2.0,3.0,166.71,0,0,0,1.0,1,83.355,0.6666666666666666,0,1,2.4000000000000004,0.45
53358,1,5.0,Female,3.0,2,Married,6,1,1.0,2.0,1.0,152.78,0,1,0,0.3333333333333333,1,25.463333333333335,0.3333333333333333,0,1,2.7,0.45
53359,0,2.0,Female,4.0,3,Married,7,0,3.0,3.0,3.0,148.77,0,1,0,1.0,0,49.59,0.75,0,0,3.8000000000000007,0.0
53360,1,3.0,Male,4.0,5,Divorced,9,1,2.0,3.0,3.0,149.04,1,0,0,0.75,0,37.26,0.5,0,1,3.9000000000000004,0.2
53361,0,1.0,Female,4.0,3,Single,3,0,2.0,2.0,1.0,148.18,0,2,0,1.0,1,74.09,0.6666666666666666,0,0,2.9000000000000004,0.25
53362,0,8.0,Male,3.0,4,Married,3,0,2.0,2.0,1.0,145.08,1,1,0,0.2222222222222222,1,16.12,0.6666666666666666,0,0,2.5,0.25
53363,0,16.0,Female,4.0,3,Single,9,0,1.0,2.0,4.0,187.44,0,2,0,0.11764705882352941,1,11.025882352941176,0.3333333333333333,0,0,3.4000000000000004,0.25
53364,0,7.0,Male,4.0,5,Single,5,1,1.0,2.0,3.0,152.99,1,2,0,0.25,1,19.12375,0.3333333333333333,0,1,3.0000000000000004,0.45
53365,0,31.0,Female,3.0,4,Married,4,1,2.0,2.0,3.0,230.52,0,1,0,0.0625,1,7.20375,0.6666666666666666,0,1,2.6,0.45
53366,0,5.0,Male,3.0,3,Divorced,5,0,4.0,6.0,3.0,148.29,1,0,0,1.0,0,24.715,0.5714285714285714,0,0,4.500000000000001,0.0
53367,0,9.0,Female,3.0,2,Divorced,3,1,1.0,2.0,8.0,165.14,0,0,0,0.2,1,16.514,0.3333333333333333,0,1,2.4,0.45
53368,0,23.0,Female,3.0,4,Divorced,6,0,1.0,2.0,8.0,199.03,0,0,0,0.08333333333333333,1,8.292916666666667,0.3333333333333333,0,0,2.7,0.25
53369,0,22.0,Male,3.0,3,Divorced,6,0,1.0,2.0,1.0,147.59,1,0,0,0.08695652173913043,1,6.416956521739131,0.3333333333333333,0,0,2.7,0.25
53370,0,5.0,Female,3.0,3,Divorced,3,0,2.0,2.0,1.0,194.32,0,0,0,0.3333333333333333,1,32.38666666666666,0.6666666666666666,0,0,2.5,0.25
53371,0,10.0,Male,4.0,2,Single,4,0,1.0,2.0,2.0,171.78,1,2,0,0.18181818181818182,1,15.616363636363637,0.3333333333333333,0,1,2.9000000000000004,0.45
53372,0,12.0,Female,4.0,5,Divorced,3,0,4.0,6.0,12.0,260.82,0,0,1,0.46153846153846156,0,20.063076923076924,0.5714285714285714,0,0,4.7,0.3
53373,0,6.0,Female,4.0,4,Divorced,8,0,2.0,2.0,3.0,148.32,0,0,0,0.2857142857142857,1,21.18857142857143,0.6666666666666666,0,0,3.4000000000000004,0.25
53374,1,1.0,Male,3.0,4,Divorced,3,1,1.0,2.0,1.0,149.13,1,0,0,1.0,1,74.565,0.3333333333333333,0,1,2.4,0.45
53375,0,14.0,Male,4.0,4,Married,4,0,2.0,2.0,3.0,222.05,1,1,0,0.13333333333333333,1,14.803333333333335,0.6666666666666666,0,0,3.0000000000000004,0.25
53376,0,1.0,Male,3.0,5,Single,3,0,2.0,2.0,8.0,167.94,1,2,0,1.0,1,83.97,0.6666666666666666,0,0,2.5,0.25
53377,0,15.0,Male,3.0,5,Single,4,1,2.0,3.0,18.0,172.21,1,2,1,0.1875,0,10.763125,0.5,0,1,3.0000000000000004,0.5
53378,0,10.0,Male,4.0,3,Single,6,0,3.0,4.0,10.0,150.19,1,2,0,0.36363636363636365,0,13.653636363636364,0.6,0,0,4.1000000000000005,0.0
53379,1,1.0,Male,3.0,4,Single,3,1,1.0,2.0,1.0,146.21,1,2,0,1.0,1,73.105,0.3333333333333333,0,1,2.4,0.45
53380,1,1.0,Male,3.0,5,Single,3,0,2.0,2.0,1.0,154.73,1,2,0,1.0,1,77.365,0.6666666666666666,0,0,2.5,0.25
53381,0,5.0,Female,3.0,2,Divorced,2,1,1.0,9.0,6.0,183.55,0,0,0,1.5,0,30.59166666666667,0.1,0,1,5.1000000000000005,0.2
53382,0,14.0,Male,3.0,4,Married,10,1,1.0,2.0,1.0,161.17,1,1,0,0.13333333333333333,1,10.744666666666665,0.3333333333333333,0,1,3.1,0.45
53383,0,6.0,Female,4.0,5,Divorced,3,0,7.0,7.0,4.0,192.25,0,0,0,1.0,0,27.464285714285715,0.875,0,0,5.4,0.0
53384,1,1.0,Male,3.0,2,Divorced,3,1,4.0,4.0,3.0,228.25,1,0,0,2.0,0,114.125,0.8,0,1,3.5000000000000004,0.2
53385,0,7.0,Female,3.0,2,Single,2,0,1.0,2.0,5.0,194.49,0,2,0,0.25,1,24.31125,0.3333333333333333,0,1,2.3000000000000003,0.45
53386,1,1.0,Male,3.0,3,Divorced,7,0,2.0,12.0,3.0,231.09,1,0,0,6.0,0,115.545,0.15384615384615385,0,0,6.900000000000001,0.0
53387,0,19.0,Male,3.0,4,Divorced,3,0,2.0,2.0,9.0,169.47,1,0,0,0.1,1,8.4735,0.6666666666666666,0,0,2.5,0.25
53388,0,3.0,Female,3.0,2,Divorced,3,0,1.0,2.0,3.0,146.57,0,0,0,0.5,1,36.6425,0.3333333333333333,0,1,2.4,0.45
53389,0,9.0,Female,3.0,3,Divorced,3,0,2.0,2.0,1.0,171.01,0,0,0,0.2,1,17.101,0.6666666666666666,0,0,2.5,0.25
53390,0,26.0,Male,4.0,2,Divorced,4,0,8.0,8.0,9.0,295.99,1,0,0,0.2962962962962963,0,10.962592592592593,0.8888888888888888,0,1,6.000000000000001,0.2
53391,1,21.0,Male,3.0,3,Single,6,0,2.0,2.0,1.0,149.79,1,2,0,0.09090909090909091,1,6.808636363636364,0.6666666666666666,0,0,2.8000000000000003,0.25
53392,0,27.0,Male,3.0,3,Married,8,0,1.0,16.0,3.0,273.52,1,1,0,0.5714285714285714,0,9.768571428571429,0.058823529411764705,0,0,8.5,0.0
53393,0,4.0,Male,4.0,3,Married,7,0,5.0,8.0,8.0,197.64,1,1,0,1.6,0,39.528,0.5555555555555556,0,0,6.000000000000001,0.0
53394,0,12.0,Female,3.0,2,Single,3,1,1.0,2.0,4.0,181.66,0,2,0,0.15384615384615385,1,13.973846153846154,0.3333333333333333,0,1,2.4,0.45
53395,0,9.0,Male,4.0,2,Married,8,0,1.0,2.0,9.0,203.23,1,1,0,0.2,1,20.323,0.3333333333333333,0,1,3.3000000000000003,0.45
53396,0,13.0,Male,3.0,3,Single,2,0,2.0,2.0,8.0,203.8,1,2,0,0.14285714285714285,1,14.557142857142859,0.6666666666666666,0,0,2.4000000000000004,0.25
53397,1,4.0,Female,4.0,4,Single,6,1,2.0,2.0,1.0,256.94,0,2,0,0.4,1,51.388,0.6666666666666666,0,1,3.2000000000000006,0.45
53398,0,21.0,Male,4.0,3,Married,3,1,1.0,3.0,8.0,175.67,1,1,0,0.13636363636363635,0,7.984999999999999,0.25,0,1,3.2000000000000006,0.2
53399,0,10.0,Male,3.0,2,Married,6,0,2.0,2.0,8.0,175.79,1,1,0,0.18181818181818182,1,15.98090909090909,0.6666666666666666,0,1,2.8000000000000003,0.45
53400,1,1.0,Male,3.0,5,Single,2,1,2.0,2.0,3.0,148.21,1,2,0,1.0,1,74.105,0.6666666666666666,0,1,2.4000000000000004,0.45
53401,0,7.0,Male,3.0,3,Single,3,0,6.0,7.0,1.0,299.44,1,2,0,0.875,0,37.43,0.75,0,0,4.9,0.0
53402,1,1.0,Female,4.0,5,Single,8,1,2.0,2.0,1.0,149.04,0,2,0,1.0,1,74.52,0.6666666666666666,0,1,3.4000000000000004,0.45
53403,0,7.0,Female,3.0,2,Single,5,0,2.0,2.0,3.0,159.52,0,2,0,0.25,1,19.94,0.6666666666666666,0,1,2.7,0.45
53404,0,19.0,Female,4.0,2,Married,5,0,1.0,2.0,3.0,147.7,0,1,0,0.1,1,7.385,0.3333333333333333,0,1,3.0000000000000004,0.45
53405,0,24.0,Male,4.0,2,Married,11,0,1.0,2.0,4.0,298.99,1,1,0,0.08,1,11.9596,0.3333333333333333,0,1,3.6000000000000005,0.45
53406,0,7.0,Female,3.0,4,Divorced,3,1,1.0,2.0,3.0,179.88,0,0,0,0.25,1,22.485,0.3333333333333333,0,1,2.4,0.45
53407,0,15.0,Male,4.0,3,Married,4,0,2.0,2.0,12.0,319.19,1,1,1,0.125,1,19.949375,0.6666666666666666,0,0,3.0000000000000004,0.55
53408,0,1.0,Female,3.0,4,Divorced,11,0,3.0,3.0,3.0,153.11,0,0,0,1.5,0,76.555,0.75,0,0,3.8000000000000007,0.0
53409,0,19.0,Male,3.0,5,Divorced,3,1,2.0,2.0,9.0,161.33,1,0,0,0.1,1,8.066500000000001,0.6666666666666666,0,1,2.5,0.45
53410,0,21.0,Female,3.0,2,Single,3,1,2.0,2.0,8.0,166.63,0,2,0,0.09090909090909091,1,7.574090909090909,0.6666666666666666,0,1,2.5,0.45
53411,1,1.0,Female,3.0,3,Divorced,6,1,1.0,2.0,2.0,146.32,0,0,0,1.0,1,73.16,0.3333333333333333,0,1,2.7,0.45
53412,0,24.0,Male,4.0,3,Divorced,5,1,1.0,2.0,6.0,264.73,1,0,0,0.08,1,10.5892,0.3333333333333333,0,1,3.0000000000000004,0.45
53413,0,12.0,Male,4.0,3,Divorced,2,0,1.0,2.0,3.0,151.84,1,0,0,0.15384615384615385,1,11.68,0.3333333333333333,0,0,2.7000000000000006,0.25
53414,0,20.0,Male,4.0,3,Married,8,0,1.0,2.0,8.0,233.45,1,1,0,0.09523809523809523,1,11.116666666666665,0.3333333333333333,0,0,3.3000000000000003,0.25
53415,0,1.0,Female,3.0,3,Married,3,0,3.0,4.0,3.0,168.77,0,1,0,2.0,0,84.385,0.6,0,0,3.4000000000000004,0.0
53416,1,1.0,Male,3.0,4,Married,3,1,2.0,2.0,3.0,162.43,1,1,0,1.0,1,81.215,0.6666666666666666,0,1,2.5,0.45
53417,0,5.0,Female,4.0,5,Divorced,3,0,2.0,2.0,4.0,166.48,0,0,0,0.3333333333333333,1,27.746666666666666,0.6666666666666666,0,0,2.9000000000000004,0.25
53418,0,1.0,Male,4.0,2,Single,3,0,2.0,2.0,1.0,135.51,1,2,0,1.0,1,67.755,0.6666666666666666,0,1,2.9000000000000004,0.45
53419,0,28.0,Female,3.0,3,Divorced,10,0,2.0,2.0,9.0,232.39,0,0,0,0.06896551724137931,1,8.013448275862068,0.6666666666666666,0,0,3.2,0.25
53420,0,9.0,Female,3.0,3,Married,3,1,3.0,11.0,3.0,228.88,0,1,0,1.1,0,22.887999999999998,0.25,0,1,6.2,0.2
53421,0,4.0,Female,4.0,5,Divorced,2,1,1.0,2.0,8.0,239.16,0,0,0,0.4,1,47.832,0.3333333333333333,0,1,2.7000000000000006,0.45
53422,1,1.0,Female,4.0,5,Single,3,1,1.0,2.0,1.0,151.0,0,2,0,1.0,1,75.5,0.3333333333333333,0,1,2.8000000000000003,0.45
53423,1,1.0,Female,3.0,4,Single,2,0,1.0,2.0,3.0,149.22,0,2,0,1.0,1,74.61,0.3333333333333333,0,0,2.3000000000000003,0.25
53424,0,1.0,Male,3.0,2,Divorced,3,0,2.0,2.0,4.0,179.72,1,0,0,1.0,1,89.86,0.6666666666666666,0,1,2.5,0.45
53425,0,1.0,Male,4.0,5,Divorced,3,0,2.0,2.0,2.0,149.51,1,0,0,1.0,1,74.755,0.6666666666666666,0,0,2.9000000000000004,0.25
53426,0,22.0,Male,4.0,3,Single,4,0,1.0,3.0,3.0,167.4,1,2,0,0.13043478260869565,0,7.278260869565218,0.25,0,0,3.3000000000000003,0.0
53427,0,22.0,Male,4.0,3,Single,9,0,2.0,2.0,9.0,234.99,1,2,0,0.08695652173913043,1,10.216956521739132,0.6666666666666666,0,0,3.5000000000000004,0.25
53428,0,15.0,Female,3.0,3,Single,8,0,2.0,3.0,2.0,175.03,0,2,0,0.1875,0,10.939375,0.5,0,0,3.4000000000000004,0.0
53429,0,13.0,Female,4.0,2,Divorced,3,0,1.0,2.0,9.0,252.42,0,0,0,0.14285714285714285,1,18.029999999999998,0.3333333333333333,0,1,2.8000000000000003,0.45
53430,0,1.0,Female,3.0,2,Divorced,2,0,1.0,3.0,3.0,167.27,0,0,0,1.5,0,83.635,0.25,0,1,2.7000000000000006,0.2
53431,0,9.0,Male,3.0,2,Married,3,0,2.0,2.0,3.0,164.17,1,1,0,0.2,1,16.416999999999998,0.6666666666666666,0,1,2.5,0.45
53432,0,16.0,Male,3.0,3,Divorced,8,0,1.0,2.0,1.0,308.03,1,0,0,0.11764705882352941,1,18.11941176470588,0.3333333333333333,0,0,2.9,0.25
53433,0,24.0,Male,4.0,2,Divorced,6,0,2.0,2.0,1.0,148.8,1,0,0,0.08,1,5.952000000000001,0.6666666666666666,0,1,3.2000000000000006,0.45
53434,0,31.0,Female,4.0,2,Single,5,1,1.0,5.0,4.0,262.26,0,2,0,0.15625,0,8.195625,0.16666666666666666,0,1,4.199999999999999,0.2
53435,1,1.0,Female,4.0,4,Divorced,7,0,2.0,2.0,1.0,172.77,0,0,0,1.0,1,86.385,0.6666666666666666,0,0,3.3000000000000007,0.25
53436,0,29.0,Male,4.0,4,Divorced,5,1,7.0,7.0,8.0,188.85,1,0,0,0.23333333333333334,0,6.295,0.875,0,1,5.6000000000000005,0.2
53437,0,15.0,Female,3.0,3,Married,3,0,2.0,6.0,11.0,324.73,0,1,1,0.375,0,20.295625,0.2857142857142857,0,0,4.1000000000000005,0.3
53438,0,12.0,Male,3.0,2,Single,10,1,2.0,2.0,1.0,193.61,1,2,0,0.15384615384615385,1,14.893076923076924,0.6666666666666666,0,1,3.2,0.45
53439,1,1.0,Male,4.0,5,Single,10,0,1.0,3.0,3.0,174.69,1,2,0,1.5,0,87.345,0.25,0,0,3.9000000000000004,0.0
53440,1,16.0,Female,3.0,2,Divorced,3,0,6.0,7.0,10.0,323.45,0,0,0,0.4117647058823529,0,19.026470588235295,0.75,0,1,4.9,0.2
53441,0,18.0,Female,3.0,2,Divorced,5,1,2.0,2.0,12.0,258.2,0,0,1,0.10526315789473684,1,13.589473684210526,0.6666666666666666,0,1,2.7,0.75
53442,0,24.0,Female,4.0,3,Divorced,2,0,2.0,2.0,14.0,188.47,0,0,1,0.08,1,7.5388,0.6666666666666666,0,0,2.8000000000000007,0.55
53443,1,1.0,Female,3.0,5,Single,3,0,16.0,16.0,15.0,152.43,0,2,1,8.0,0,76.215,0.9411764705882353,0,0,9.5,0.3
53444,0,13.0,Female,3.0,5,Single,3,1,2.0,2.0,9.0,233.8,0,2,0,0.14285714285714285,1,16.7,0.6666666666666666,0,1,2.5,0.45
53445,0,7.0,Female,3.0,2,Single,2,0,3.0,3.0,3.0,148.42,0,2,0,0.375,0,18.5525,0.75,0,1,2.9000000000000004,0.2
53446,0,19.0,Female,3.0,2,Divorced,5,0,2.0,2.0,2.0,301.5,0,0,0,0.1,1,15.075,0.6666666666666666,0,1,2.7,0.45
53447,0,6.0,Female,4.0,3,Single,11,0,6.0,8.0,8.0,165.25,0,2,0,1.1428571428571428,0,23.607142857142858,0.6666666666666666,0,0,6.5,0.0
53448,0,8.0,Male,4.0,2,Married,2,0,2.0,2.0,3.0,222.25,1,1,0,0.2222222222222222,1,24.694444444444443,0.6666666666666666,0,1,2.8000000000000007,0.45
53449,0,31.0,Male,4.0,2,Divorced,5,1,1.0,2.0,5.0,244.04,1,0,0,0.0625,1,7.62625,0.3333333333333333,0,1,3.0000000000000004,0.45
53450,0,19.0,Male,3.0,4,Single,3,0,1.0,2.0,5.0,146.77,1,2,0,0.1,1,7.338500000000001,0.3333333333333333,0,0,2.4,0.25
53451,0,27.0,Female,3.0,4,Divorced,4,0,1.0,7.0,13.0,200.25,0,0,1,0.25,0,7.151785714285714,0.125,0,0,4.5,0.3
53452,1,1.0,Male,3.0,3,Married,9,0,1.0,2.0,1.0,173.34,1,1,0,1.0,1,86.67,0.3333333333333333,0,0,3.0,0.25
53453,1,1.0,Male,3.0,5,Divorced,8,1,2.0,2.0,3.0,145.42,1,0,0,1.0,1,72.71,0.6666666666666666,0,1,3.0,0.45
53454,0,8.0,Female,3.0,3,Divorced,3,1,1.0,2.0,1.0,147.2,0,0,0,0.2222222222222222,1,16.355555555555554,0.3333333333333333,0,1,2.4,0.45
53455,0,2.0,Male,4.0,4,Divorced,3,0,2.0,2.0,1.0,135.52,1,0,0,0.6666666666666666,1,45.17333333333334,0.6666666666666666,0,0,2.9000000000000004,0.25
53456,0,12.0,Male,3.0,3,Divorced,5,0,3.0,3.0,3.0,153.21,1,0,0,0.23076923076923078,0,11.785384615384617,0.75,0,0,3.2,0.0
53457,0,24.0,Male,4.0,3,Divorced,4,1,8.0,8.0,8.0,317.37,1,0,0,0.32,0,12.6948,0.8888888888888888,0,1,6.000000000000001,0.2
53458,0,11.0,Female,3.0,4,Single,5,0,2.0,2.0,2.0,166.07,0,2,0,0.16666666666666666,1,13.839166666666666,0.6666666666666666,0,0,2.7,0.25
53459,0,14.0,Male,4.0,5,Divorced,3,0,6.0,8.0,6.0,208.96,1,0,0,0.5333333333333333,0,13.930666666666667,0.6666666666666666,0,0,5.700000000000001,0.0
53460,0,1.0,Female,4.0,3,Married,3,0,2.0,2.0,4.0,145.07,0,1,0,1.0,1,72.535,0.6666666666666666,0,0,2.9000000000000004,0.25
53461,0,20.0,Male,3.0,2,Married,11,0,2.0,3.0,3.0,321.27,1,1,0,0.14285714285714285,0,15.298571428571428,0.5,0,1,3.7000000000000006,0.2
53462,0,28.0,Female,3.0,3,Divorced,8,0,7.0,2.0,1.0,231.86,0,0,0,0.06896551724137931,1,7.995172413793104,2.3333333333333335,0,0,3.5,0.25
53463,0,30.0,Female,4.0,3,Divorced,4,0,1.0,2.0,4.0,154.42,0,0,0,0.06451612903225806,1,4.981290322580644,0.3333333333333333,0,0,2.9000000000000004,0.25
53464,0,10.0,Female,3.0,2,Single,2,0,6.0,8.0,3.0,213.58,0,2,0,0.7272727272727273,0,19.416363636363638,0.6666666666666666,0,1,5.200000000000001,0.2
53465,0,29.0,Male,3.0,5,Single,9,0,4.0,7.0,3.0,292.56,1,2,0,0.23333333333333334,0,9.752,0.5,0,0,5.300000000000001,0.0
53466,0,17.0,Male,4.0,2,Married,7,0,2.0,2.0,1.0,259.0,1,1,0,0.1111111111111111,1,14.38888888888889,0.6666666666666666,0,1,3.3000000000000007,0.45
53467,1,1.0,Female,3.0,2,Single,3,1,1.0,2.0,3.0,148.23,0,2,0,1.0,1,74.115,0.3333333333333333,0,1,2.4,0.45
53468,1,1.0,Female,3.0,5,Single,3,0,2.0,2.0,1.0,139.16,0,2,0,1.0,1,69.58,0.6666666666666666,0,0,2.5,0.25
53469,0,20.0,Female,4.0,5,Married,10,1,2.0,2.0,8.0,171.15,0,1,0,0.09523809523809523,1,8.15,0.6666666666666666,0,1,3.6000000000000005,0.45
53470,1,15.0,Male,3.0,3,Divorced,11,1,2.0,3.0,8.0,149.61,1,0,0,0.1875,0,9.350625,0.5,0,1,3.7000000000000006,0.2
53471,1,1.0,Male,4.0,5,Single,3,0,1.0,2.0,3.0,212.22,1,2,0,1.0,1,106.11,0.3333333333333333,0,0,2.8000000000000003,0.25
53472,0,1.0,Male,3.0,5,Divorced,3,0,1.0,2.0,4.0,164.55,1,0,0,1.0,1,82.275,0.3333333333333333,0,0,2.4,0.25
53473,0,4.0,Male,3.0,5,Divorced,2,0,2.0,2.0,3.0,224.57,1,0,0,0.4,1,44.914,0.6666666666666666,0,0,2.4000000000000004,0.25
53474,0,15.0,Female,3.0,3,Divorced,3,0,2.0,2.0,9.0,158.76,0,0,0,0.125,1,9.9225,0.6666666666666666,0,0,2.5,0.25
53475,0,12.0,Female,4.0,3,Divorced,2,0,1.0,2.0,3.0,213.23,0,0,0,0.15384615384615385,1,16.40230769230769,0.3333333333333333,0,0,2.7000000000000006,0.25
53476,0,14.0,Male,4.0,2,Divorced,6,0,5.0,12.0,3.0,228.22,1,0,0,0.8,0,15.214666666666666,0.38461538461538464,0,1,7.5,0.2
53477,0,1.0,Male,3.0,3,Divorced,3,0,2.0,2.0,3.0,171.21,1,0,0,1.0,1,85.605,0.6666666666666666,0,0,2.5,0.25
53478,0,29.0,Male,4.0,4,Divorced,5,0,2.0,2.0,3.0,234.76,1,0,0,0.06666666666666667,1,7.825333333333333,0.6666666666666666,0,0,3.1000000000000005,0.25
53479,0,2.0,Female,3.0,3,Single,5,0,2.0,2.0,8.0,161.6,0,2,0,0.6666666666666666,1,53.86666666666667,0.6666666666666666,0,0,2.7,0.25
53480,1,8.0,Male,4.0,5,Divorced,11,0,3.0,4.0,3.0,229.82,1,0,0,0.4444444444444444,0,25.535555555555554,0.6,0,0,4.6000000000000005,0.0
53481,0,7.0,Male,3.0,2,Married,6,0,1.0,2.0,3.0,196.19,1,1,0,0.25,1,24.52375,0.3333333333333333,0,1,2.7,0.45
53482,1,1.0,Male,3.0,5,Single,2,1,4.0,5.0,3.0,220.82,1,2,0,2.5,0,110.41,0.6666666666666666,0,1,3.8000000000000003,0.2
53483,1,1.0,Female,3.0,3,Single,3,0,4.0,4.0,9.0,170.08,0,2,0,2.0,0,85.04,0.8,0,0,3.5000000000000004,0.0
53484,0,2.0,Male,3.0,3,Married,3,0,3.0,3.0,3.0,147.07,1,1,0,1.0,0,49.02333333333333,0.75,0,0,3.0,0.0
53485,0,8.0,Male,3.0,2,Single,2,0,2.0,2.0,5.0,202.56,1,2,0,0.2222222222222222,1,22.506666666666668,0.6666666666666666,0,1,2.4000000000000004,0.45
53486,0,11.0,Female,3.0,2,Married,4,1,1.0,2.0,1.0,191.94,0,1,0,0.16666666666666666,1,15.995,0.3333333333333333,0,1,2.5,0.45
53487,1,1.0,Male,3.0,2,Divorced,3,1,6.0,6.0,7.0,161.91,1,0,0,3.0,0,80.955,0.8571428571428571,0,1,4.5,0.2
53488,1,1.0,Male,3.0,3,Married,3,0,2.0,2.0,1.0,148.77,1,1,0,1.0,1,74.385,0.6666666666666666,0,0,2.5,0.25
53489,1,1.0,Male,3.0,4,Single,6,1,1.0,3.0,3.0,148.13,1,2,0,1.5,0,74.065,0.25,0,1,3.1000000000000005,0.2
53490,0,16.0,Male,3.0,5,Divorced,2,0,6.0,14.0,8.0,301.65,1,0,0,0.8235294117647058,0,17.74411764705882,0.4,0,0,7.600000000000001,0.0
53491,1,1.0,Male,3.0,4,Married,3,0,1.0,2.0,1.0,150.96,1,1,0,1.0,1,75.48,0.3333333333333333,0,0,2.4,0.25
53492,1,14.0,Male,3.0,3,Single,5,1,1.0,2.0,1.0,172.28,1,2,0,0.13333333333333333,1,11.485333333333333,0.3333333333333333,0,1,2.6,0.45
53493,0,7.0,Female,2.0,4,Divorced,2,0,2.0,2.0,3.0,168.02,0,0,0,0.25,1,21.0025,0.6666666666666666,0,0,2.0,0.25
53494,0,8.0,Male,3.0,2,Divorced,5,0,2.0,2.0,1.0,154.79,1,0,0,0.2222222222222222,1,17.198888888888888,0.6666666666666666,0,1,2.7,0.45
53495,0,22.0,Male,3.0,2,Single,4,0,1.0,3.0,2.0,293.85,1,2,0,0.13043478260869565,0,12.77608695652174,0.25,0,1,2.9000000000000004,0.2
53496,0,19.0,Female,4.0,3,Divorced,3,0,1.0,5.0,13.0,180.93,0,0,1,0.25,0,9.0465,0.16666666666666666,0,0,4.0,0.3
53497,0,26.0,Male,3.0,4,Single,9,0,4.0,5.0,3.0,229.45,1,2,0,0.18518518518518517,0,8.498148148148148,0.6666666666666666,0,0,4.500000000000001,0.0
53498,0,12.0,Male,4.0,3,Married,2,1,3.0,3.0,3.0,212.4,1,1,0,0.23076923076923078,0,16.338461538461537,0.75,0,1,3.3000000000000007,0.2
53499,0,3.0,Female,4.0,2,Married,6,0,1.0,2.0,8.0,150.14,0,1,0,0.5,1,37.535,0.3333333333333333,0,1,3.1000000000000005,0.45
53500,0,2.0,Female,4.0,4,Married,2,0,1.0,2.0,8.0,201.55,0,1,0,0.6666666666666666,1,67.18333333333334,0.3333333333333333,0,0,2.7000000000000006,0.25
53501,0,20.0,Male,3.0,3,Divorced,5,0,2.0,5.0,10.0,299.65,1,0,0,0.23809523809523808,0,14.269047619047617,0.3333333333333333,0,0,3.9000000000000004,0.0
53502,0,12.0,Male,3.0,4,Single,9,0,2.0,2.0,1.0,198.51,1,2,0,0.15384615384615385,1,15.27,0.6666666666666666,0,0,3.1,0.25
53503,0,17.0,Female,3.0,5,Divorced,10,0,1.0,2.0,2.0,233.2,0,0,0,0.1111111111111111,1,12.955555555555556,0.3333333333333333,0,0,3.1,0.25
53504,1,3.0,Male,3.0,2,Married,9,0,8.0,2.0,6.0,246.69,1,1,0,0.5,1,61.6725,2.6666666666666665,0,1,3.7,0.45
53505,0,14.0,Male,3.0,3,Single,3,0,5.0,5.0,10.0,321.26,1,2,0,0.3333333333333333,0,21.417333333333332,0.8333333333333334,0,0,4.0,0.0
53506,0,1.0,Female,4.0,4,Single,3,1,1.0,3.0,3.0,145.7,0,2,0,1.5,0,72.85,0.25,0,1,3.2000000000000006,0.2
53507,0,13.0,Male,4.0,4,Single,22,0,2.0,2.0,4.0,192.82,1,2,0,0.14285714285714285,1,13.772857142857143,0.6666666666666666,0,0,4.800000000000001,0.25
53508,0,10.0,Male,4.0,2,Single,4,0,2.0,2.0,10.0,202.79,1,2,0,0.18181818181818182,1,18.435454545454544,0.6666666666666666,0,1,3.0000000000000004,0.45
53509,0,5.0,Male,4.0,2,Divorced,2,0,2.0,3.0,3.0,152.91,1,0,0,0.5,0,25.485,0.5,0,1,3.2000000000000006,0.2
53510,0,2.0,Male,4.0,4,Divorced,2,0,1.0,2.0,5.0,157.01,1,0,0,0.6666666666666666,1,52.336666666666666,0.3333333333333333,0,0,2.7000000000000006,0.25
53511,0,9.0,Male,3.0,2,Married,3,0,1.0,2.0,3.0,174.68,1,1,0,0.2,1,17.468,0.3333333333333333,0,1,2.4,0.45
53512,0,23.0,Male,3.0,4,Divorced,8,0,2.0,2.0,4.0,256.2,1,0,0,0.08333333333333333,1,10.674999999999999,0.6666666666666666,0,0,3.0,0.25
53513,0,8.0,Male,4.0,3,Single,4,0,2.0,2.0,3.0,165.33,1,2,0,0.2222222222222222,1,18.37,0.6666666666666666,0,0,3.0000000000000004,0.25
53514,0,3.0,Female,4.0,4,Married,2,0,2.0,2.0,2.0,157.91,0,1,0,0.5,1,39.4775,0.6666666666666666,0,0,2.8000000000000007,0.25
53515,0,16.0,Male,3.0,2,Single,6,0,2.0,2.0,1.0,167.72,1,2,0,0.11764705882352941,1,9.865882352941176,0.6666666666666666,0,1,2.8000000000000003,0.45
53516,0,3.0,Male,4.0,2,Divorced,3,1,1.0,2.0,3.0,175.56,1,0,0,0.5,1,43.89,0.3333333333333333,0,1,2.8000000000000003,0.45
53517,0,12.0,Male,3.0,3,Divorced,3,0,2.0,6.0,1.0,153.44,1,0,0,0.46153846153846156,0,11.803076923076922,0.2857142857142857,0,0,4.1000000000000005,0.0
53518,0,5.0,Male,3.0,3,Married,3,1,2.0,2.0,3.0,152.03,1,1,0,0.3333333333333333,1,25.338333333333335,0.6666666666666666,0,1,2.5,0.45
53519,1,1.0,Male,4.0,3,Single,3,0,1.0,2.0,1.0,144.04,1,2,0,1.0,1,72.02,0.3333333333333333,0,0,2.8000000000000003,0.25
53520,1,1.0,Female,4.0,5,Single,2,1,1.0,2.0,4.0,207.24,0,2,0,1.0,1,103.62,0.3333333333333333,0,1,2.7000000000000006,0.45
53521,0,15.0,Male,3.0,2,Divorced,5,1,2.0,2.0,1.0,172.66,1,0,0,0.125,1,10.79125,0.6666666666666666,0,1,2.7,0.45
53522,1,1.0,Male,4.0,3,Divorced,3,0,3.0,3.0,3.0,151.1,1,0,0,1.5,0,75.55,0.75,0,0,3.4000000000000004,0.0
53523,0,11.0,Female,3.0,2,Married,9,0,1.0,2.0,4.0,182.31,0,1,0,0.16666666666666666,1,15.1925,0.3333333333333333,0,1,3.0,0.45
53524,0,1.0,Male,3.0,3,Divorced,3,0,3.0,3.0,3.0,150.39,1,0,0,1.5,0,75.195,0.75,0,0,3.0,0.0
53525,0,8.0,Female,4.0,3,Divorced,3,0,2.0,2.0,4.0,182.14,0,0,0,0.2222222222222222,1,20.237777777777776,0.6666666666666666,0,0,2.9000000000000004,0.25
53526,0,9.0,Male,4.0,3,Single,3,0,1.0,2.0,5.0,168.23,1,2,0,0.2,1,16.823,0.3333333333333333,0,0,2.8000000000000003,0.25
53527,1,1.0,Female,3.0,5,Divorced,3,0,1.0,4.0,11.0,198.36,0,0,1,2.0,0,99.18,0.2,0,0,3.2000000000000006,0.3
53528,0,14.0,Female,3.0,3,Single,11,0,1.0,2.0,14.0,259.99,0,2,1,0.13333333333333333,1,17.332666666666668,0.3333333333333333,0,0,3.2,0.55
53529,1,6.0,Male,3.0,5,Single,2,1,1.0,14.0,15.0,262.58,1,2,1,2.0,0,37.51142857142857,0.06666666666666667,0,1,7.1000000000000005,0.5
53530,0,16.0,Male,3.0,5,Single,9,0,2.0,2.0,6.0,176.55,1,2,0,0.11764705882352941,1,10.38529411764706,0.6666666666666666,0,0,3.1,0.25
53531,0,9.0,Male,3.0,3,Divorced,8,0,2.0,2.0,8.0,147.58,1,0,0,0.2,1,14.758000000000001,0.6666666666666666,0,0,3.0,0.25
53532,0,1.0,Male,3.0,4,Single,10,0,2.0,2.0,3.0,160.97,1,2,0,1.0,1,80.485,0.6666666666666666,0,0,3.2,0.25
53533,1,1.0,Female,4.0,2,Divorced,3,1,2.0,2.0,1.0,150.15,0,0,0,1.0,1,75.075,0.6666666666666666,0,1,2.9000000000000004,0.45
53534,0,1.0,Male,3.0,2,Divorced,3,0,2.0,2.0,8.0,169.2,1,0,0,1.0,1,84.6,0.6666666666666666,0,1,2.5,0.45
53535,0,4.0,Male,4.0,3,Divorced,3,0,2.0,2.0,5.0,190.78,1,0,0,0.4,1,38.156,0.6666666666666666,0,0,2.9000000000000004,0.25
53536,0,14.0,Female,4.0,2,Divorced,5,1,2.0,2.0,1.0,169.22,0,0,0,0.13333333333333333,1,11.281333333333333,0.6666666666666666,0,1,3.1000000000000005,0.45
53537,0,9.0,Male,3.0,4,Married,4,0,7.0,7.0,3.0,227.74,1,1,0,0.7,0,22.774,0.875,0,0,5.1000000000000005,0.0
53538,0,8.0,Male,4.0,5,Single,2,0,2.0,5.0,10.0,178.43,1,2,0,0.5555555555555556,0,19.825555555555557,0.3333333333333333,0,0,4.0,0.0
53539,0,9.0,Male,3.0,2,Divorced,3,0,3.0,3.0,3.0,148.76,1,0,0,0.3,0,14.876,0.75,0,1,3.0,0.2
53540,1,7.0,Female,3.0,3,Single,10,0,2.0,2.0,4.0,178.46,0,2,0,0.25,1,22.3075,0.6666666666666666,0,0,3.2,0.25
53541,0,6.0,Female,4.0,5,Married,3,0,1.0,2.0,1.0,153.27,0,1,0,0.2857142857142857,1,21.895714285714288,0.3333333333333333,0,0,2.8000000000000003,0.25
53542,0,30.0,Female,4.0,5,Married,6,0,1.0,5.0,3.0,324.43,0,1,0,0.16129032258064516,0,10.465483870967741,0.16666666666666666,0,0,4.3,0.0
53543,0,3.0,Female,3.0,2,Divorced,3,0,1.0,2.0,9.0,156.31,0,0,0,0.5,1,39.0775,0.3333333333333333,0,1,2.4,0.45
53544,0,1.0,Male,3.0,5,Single,3,0,1.0,2.0,1.0,150.52,1,2,0,1.0,1,75.26,0.3333333333333333,0,0,2.4,0.25
53545,0,19.0,Female,3.0,3,Divorced,6,1,2.0,2.0,3.0,169.77,0,0,0,0.1,1,8.4885,0.6666666666666666,0,1,2.8000000000000003,0.45
53546,0,11.0,Female,3.0,2,Divorced,3,0,4.0,4.0,12.0,189.74,0,0,1,0.3333333333333333,0,15.811666666666667,0.8,0,1,3.5000000000000004,0.5
53547,0,1.0,Male,3.0,3,Single,3,0,1.0,2.0,3.0,155.33,1,2,0,1.0,1,77.665,0.3333333333333333,0,0,2.4,0.25
53548,1,8.0,Male,4.0,3,Single,3,1,2.0,2.0,3.0,154.36,1,2,0,0.2222222222222222,1,17.151111111111113,0.6666666666666666,0,1,2.9000000000000004,0.45
53549,0,27.0,Female,3.0,3,Married,5,0,5.0,5.0,8.0,311.06,0,1,0,0.17857142857142858,0,11.109285714285715,0.8333333333333334,0,0,4.2,0.0
53550,0,3.0,Female,4.0,2,Divorced,2,1,2.0,2.0,4.0,146.68,0,0,0,0.5,1,36.67,0.6666666666666666,0,1,2.8000000000000007,0.45
53551,1,1.0,Male,3.0,2,Divorced,2,1,1.0,2.0,1.0,153.53,1,0,0,1.0,1,76.765,0.3333333333333333,0,1,2.3000000000000003,0.45
53552,0,20.0,Female,4.0,5,Divorced,10,0,13.0,16.0,10.0,295.48,0,0,0,0.7619047619047619,0,14.07047619047619,0.7647058823529411,0,0,10.3,0.0
53553,0,18.0,Male,4.0,3,Single,4,0,2.0,2.0,1.0,147.9,1,2,0,0.10526315789473684,1,7.78421052631579,0.6666666666666666,0,0,3.0000000000000004,0.25
53554,0,7.0,Male,3.0,3,Divorced,3,0,1.0,2.0,5.0,161.0,1,0,0,0.25,1,20.125,0.3333333333333333,0,0,2.4,0.25
53555,1,5.0,Male,4.0,5,Married,8,0,2.0,2.0,1.0,146.07,1,1,0,0.3333333333333333,1,24.345,0.6666666666666666,0,0,3.4000000000000004,0.25
53556,0,4.0,Male,4.0,5,Married,10,0,2.0,2.0,4.0,166.15,1,1,0,0.4,1,33.230000000000004,0.6666666666666666,0,0,3.6000000000000005,0.25
53557,0,14.0,Male,4.0,4,Divorced,7,0,2.0,2.0,1.0,168.27,1,0,0,0.13333333333333333,1,11.218,0.6666666666666666,0,0,3.3000000000000007,0.25
53558,0,24.0,Female,2.0,5,Divorced,4,0,3.0,3.0,3.0,303.56,0,0,0,0.12,0,12.1424,0.75,0,0,2.7,0.0
53559,0,2.0,Male,4.0,5,Divorced,3,0,2.0,4.0,4.0,156.96,1,0,0,1.3333333333333333,0,52.32,0.4,0,0,3.7,0.0
53560,0,20.0,Male,3.0,4,Divorced,7,0,2.0,2.0,4.0,315.81,1,0,0,0.09523809523809523,1,15.038571428571428,0.6666666666666666,0,0,2.9000000000000004,0.25
53561,0,9.0,Male,4.0,5,Divorced,5,1,2.0,2.0,3.0,214.66,1,0,0,0.2,1,21.466,0.6666666666666666,0,1,3.1000000000000005,0.45
53562,1,1.0,Female,4.0,4,Divorced,3,0,1.0,2.0,1.0,147.1,0,0,0,1.0,1,73.55,0.3333333333333333,0,0,2.8000000000000003,0.25
53563,0,7.0,Female,3.0,3,Divorced,3,0,1.0,2.0,2.0,170.39,0,0,0,0.25,1,21.29875,0.3333333333333333,0,0,2.4,0.25
53564,0,10.0,Male,3.0,3,Married,3,0,1.0,2.0,8.0,152.41,1,1,0,0.18181818181818182,1,13.855454545454545,0.3333333333333333,0,0,2.4,0.25
53565,0,4.0,Male,3.0,3,Married,3,0,9.0,9.0,10.0,159.91,1,1,0,1.8,0,31.982,0.9,0,0,6.000000000000001,0.0
53566,0,18.0,Male,3.0,2,Single,3,0,2.0,2.0,18.0,170.41,1,2,1,0.10526315789473684,1,8.968947368421052,0.6666666666666666,0,1,2.5,0.75
53567,0,1.0,Male,3.0,2,Single,3,0,1.0,3.0,3.0,151.78,1,2,0,1.5,0,75.89,0.25,0,1,2.8000000000000003,0.2
53568,0,20.0,Male,3.0,2,Married,4,0,2.0,2.0,5.0,198.79,1,1,0,0.09523809523809523,1,9.466190476190476,0.6666666666666666,0,1,2.6,0.45
53569,0,16.0,Male,4.0,5,Divorced,9,0,1.0,2.0,4.0,187.72,1,0,0,0.11764705882352941,1,11.042352941176471,0.3333333333333333,0,0,3.4000000000000004,0.25
53570,0,31.0,Male,3.0,2,Married,2,1,1.0,2.0,10.0,177.2,1,1,0,0.0625,1,5.5375,0.3333333333333333,0,1,2.3000000000000003,0.45
53571,0,6.0,Female,4.0,4,Divorced,3,0,1.0,3.0,3.0,152.43,0,0,0,0.42857142857142855,0,21.775714285714287,0.25,0,0,3.2000000000000006,0.0
53572,0,6.0,Female,3.0,3,Single,6,1,2.0,2.0,8.0,174.98,0,2,0,0.2857142857142857,1,24.997142857142855,0.6666666666666666,0,1,2.8000000000000003,0.45
53573,0,10.0,Female,4.0,5,Married,4,1,6.0,8.0,3.0,227.52,0,1,0,0.7272727272727273,0,20.683636363636364,0.6666666666666666,0,1,5.800000000000001,0.2
53574,0,7.0,Male,3.0,2,Divorced,2,0,2.0,5.0,11.0,152.81,1,0,1,0.625,0,19.10125,0.3333333333333333,0,1,3.6000000000000005,0.5
53575,0,14.0,Female,3.0,4,Married,9,0,2.0,2.0,4.0,193.52,0,1,0,0.13333333333333333,1,12.901333333333334,0.6666666666666666,0,0,3.1,0.25
53576,0,1.0,Male,3.0,2,Single,2,0,1.0,2.0,2.0,174.5,1,2,0,1.0,1,87.25,0.3333333333333333,0,1,2.3000000000000003,0.45
53577,0,4.0,Male,4.0,4,Divorced,2,1,2.0,6.0,8.0,160.79,1,0,0,1.2,0,32.158,0.2857142857142857,0,1,4.4,0.2
53578,0,16.0,Female,3.0,5,Divorced,5,1,1.0,2.0,1.0,256.91,0,0,0,0.11764705882352941,1,15.112352941176471,0.3333333333333333,0,1,2.6,0.45
53579,0,9.0,Female,4.0,2,Divorced,6,1,3.0,5.0,3.0,228.77,0,0,0,0.5,0,22.877000000000002,0.5,0,1,4.5,0.2
53580,0,1.0,Male,3.0,5,Divorced,3,1,3.0,7.0,9.0,147.35,1,0,0,3.5,0,73.675,0.375,0,1,4.6,0.2
53581,0,28.0,Female,3.0,3,Married,9,0,2.0,2.0,3.0,230.02,0,1,0,0.06896551724137931,1,7.931724137931035,0.6666666666666666,0,0,3.1,0.25
53582,0,18.0,Female,4.0,2,Divorced,3,0,7.0,8.0,8.0,145.11,0,0,0,0.42105263157894735,0,7.637368421052632,0.7777777777777778,0,1,5.800000000000001,0.2
53583,1,1.0,Female,4.0,4,Single,3,1,2.0,2.0,1.0,143.59,0,2,0,1.0,1,71.795,0.6666666666666666,0,1,2.9000000000000004,0.45
53584,0,3.0,Female,4.0,2,Married,3,0,1.0,2.0,3.0,162.6,0,1,0,0.5,1,40.65,0.3333333333333333,0,1,2.8000000000000003,0.45
53585,0,28.0,Male,3.0,2,Divorced,5,0,2.0,2.0,10.0,302.79,1,0,0,0.06896551724137931,1,10.44103448275862,0.6666666666666666,0,1,2.7,0.45
53586,0,5.0,Male,4.0,5,Divorced,3,1,1.0,2.0,2.0,193.33,1,0,0,0.3333333333333333,1,32.22166666666667,0.3333333333333333,0,1,2.8000000000000003,0.45
53587,0,5.0,Female,4.0,5,Single,3,0,1.0,2.0,9.0,193.12,0,2,0,0.3333333333333333,1,32.18666666666667,0.3333333333333333,0,0,2.8000000000000003,0.25
53588,0,31.0,Female,3.0,2,Single,7,0,1.0,2.0,6.0,176.71,0,2,0,0.0625,1,5.5221875,0.3333333333333333,0,1,2.8000000000000003,0.45
53589,0,17.0,Male,4.0,2,Divorced,5,0,2.0,2.0,8.0,322.4,1,0,0,0.1111111111111111,1,17.91111111111111,0.6666666666666666,0,1,3.1000000000000005,0.45
53590,0,23.0,Male,3.0,3,Divorced,4,0,1.0,2.0,1.0,312.11,1,0,0,0.08333333333333333,1,13.004583333333334,0.3333333333333333,0,0,2.5,0.25
53591,0,10.0,Male,3.0,4,Divorced,3,0,2.0,2.0,8.0,161.92,1,0,0,0.18181818181818182,1,14.719999999999999,0.6666666666666666,0,0,2.5,0.25
53592,0,22.0,Male,4.0,4,Single,7,0,1.0,2.0,1.0,150.59,1,2,0,0.08695652173913043,1,6.547391304347826,0.3333333333333333,0,0,3.2000000000000006,0.25
53593,0,1.0,Male,4.0,3,Married,3,0,2.0,2.0,4.0,150.17,1,1,0,1.0,1,75.085,0.6666666666666666,0,0,2.9000000000000004,0.25
53594,0,3.0,Male,3.0,2,Married,3,1,1.0,2.0,1.0,191.23,1,1,0,0.5,1,47.8075,0.3333333333333333,0,1,2.4,0.45
53595,0,22.0,Male,4.0,2,Single,8,0,2.0,2.0,1.0,307.65,1,2,0,0.08695652173913043,1,13.376086956521737,0.6666666666666666,0,1,3.4000000000000004,0.45
53596,0,3.0,Female,3.0,2,Married,5,0,1.0,2.0,8.0,286.24,0,1,0,0.5,1,71.56,0.3333333333333333,0,1,2.6,0.45
53597,0,8.0,Female,3.0,3,Divorced,2,0,2.0,2.0,1.0,150.85,0,0,0,0.2222222222222222,1,16.76111111111111,0.6666666666666666,0,0,2.4000000000000004,0.25
53598,0,18.0,Male,3.0,4,Divorced,9,0,2.0,4.0,11.0,307.13,1,0,1,0.21052631578947367,0,16.164736842105263,0.4,0,0,3.9000000000000004,0.3
53599,0,7.0,Male,3.0,3,Married,2,1,2.0,2.0,9.0,208.8,1,1,0,0.25,1,26.1,0.6666666666666666,0,1,2.4000000000000004,0.45
53600,0,1.0,Female,3.0,2,Single,3,1,2.0,2.0,2.0,154.94,0,2,0,1.0,1,77.47,0.6666666666666666,0,1,2.5,0.45
53601,0,1.0,Male,3.0,3,Divorced,3,0,1.0,2.0,2.0,137.23,1,0,0,1.0,1,68.615,0.3333333333333333,0,0,2.4,0.25
53602,1,1.0,Male,4.0,2,Single,3,1,2.0,2.0,1.0,136.18,1,2,0,1.0,1,68.09,0.6666666666666666,0,1,2.9000000000000004,0.45
53603,0,1.0,Male,3.0,2,Single,3,1,1.0,3.0,3.0,153.75,1,2,0,1.5,0,76.875,0.25,0,1,2.8000000000000003,0.2
53604,1,9.0,Female,4.0,4,Single,4,1,1.0,2.0,12.0,313.24,0,2,1,0.2,1,31.324,0.3333333333333333,0,1,2.9000000000000004,0.75
53605,0,29.0,Male,3.0,4,Married,3,1,4.0,16.0,1.0,260.77,1,1,0,0.5333333333333333,0,8.692333333333332,0.23529411764705882,0,1,8.3,0.2
53606,1,1.0,Female,3.0,3,Single,3,0,3.0,3.0,3.0,151.25,0,2,0,1.5,0,75.625,0.75,0,0,3.0,0.0
53607,0,20.0,Female,3.0,4,Divorced,4,0,2.0,2.0,9.0,312.89,0,0,0,0.09523809523809523,1,14.899523809523808,0.6666666666666666,0,0,2.6,0.25
53608,0,8.0,Female,3.0,5,Single,2,1,2.0,2.0,3.0,170.38,0,2,0,0.2222222222222222,1,18.93111111111111,0.6666666666666666,0,1,2.4000000000000004,0.45
53609,0,25.0,Male,3.0,4,Married,6,1,3.0,12.0,11.0,323.47,1,1,1,0.46153846153846156,0,12.441153846153847,0.23076923076923078,0,1,6.900000000000001,0.5
53610,0,31.0,Male,4.0,2,Single,8,0,2.0,6.0,3.0,230.12,1,2,0,0.1875,0,7.19125,0.2857142857142857,0,1,5.0,0.2
53611,0,8.0,Female,3.0,4,Married,6,0,4.0,6.0,11.0,169.44,0,1,1,0.6666666666666666,0,18.826666666666668,0.5714285714285714,0,0,4.600000000000001,0.3
53612,0,2.0,Male,3.0,3,Single,2,1,1.0,2.0,3.0,146.54,1,2,0,0.6666666666666666,1,48.846666666666664,0.3333333333333333,0,1,2.3000000000000003,0.45
53613,0,18.0,Male,4.0,5,Married,3,0,2.0,15.0,14.0,316.9,1,1,1,0.7894736842105263,0,16.678947368421053,0.125,0,0,8.1,0.3
53614,0,8.0,Male,3.0,4,Divorced,6,0,1.0,2.0,9.0,169.9,1,0,0,0.2222222222222222,1,18.87777777777778,0.3333333333333333,0,0,2.7,0.25
53615,0,9.0,Male,4.0,3,Divorced,2,1,2.0,3.0,3.0,160.06,1,0,0,0.3,0,16.006,0.5,0,1,3.2000000000000006,0.2
53616,0,16.0,Female,4.0,4,Divorced,8,1,1.0,2.0,1.0,148.72,0,0,0,0.11764705882352941,1,8.748235294117647,0.3333333333333333,0,1,3.3000000000000003,0.45
53617,0,17.0,Female,3.0,2,Single,5,0,11.0,16.0,3.0,227.31,0,2,0,0.8888888888888888,0,12.628333333333334,0.6470588235294118,0,1,9.200000000000001,0.2
53618,0,10.0,Female,3.0,4,Single,11,1,5.0,6.0,13.0,179.1,0,2,1,0.5454545454545454,0,16.28181818181818,0.7142857142857143,0,1,5.200000000000001,0.5
53619,1,8.0,Female,4.0,2,Divorced,3,0,1.0,2.0,6.0,204.78,0,0,0,0.2222222222222222,1,22.753333333333334,0.3333333333333333,0,1,2.8000000000000003,0.45
53620,0,2.0,Male,3.0,2,Divorced,3,1,3.0,3.0,3.0,163.67,1,0,0,1.0,0,54.556666666666665,0.75,0,1,3.0,0.2
53621,0,25.0,Female,3.0,3,Single,2,0,8.0,8.0,8.0,153.38,0,2,0,0.3076923076923077,0,5.899230769230769,0.8888888888888888,0,0,5.4,0.0
53622,0,4.0,Female,4.0,3,Single,9,1,2.0,2.0,8.0,171.95,0,2,0,0.4,1,34.39,0.6666666666666666,0,1,3.5000000000000004,0.45
53623,1,1.0,Female,3.0,3,Married,5,1,2.0,8.0,8.0,158.39,0,1,0,4.0,0,79.195,0.2222222222222222,0,1,5.1000000000000005,0.2
53624,0,2.0,Male,3.0,5,Single,4,0,1.0,2.0,3.0,145.8,1,2,0,0.6666666666666666,1,48.6,0.3333333333333333,0,0,2.5,0.25
53625,0,1.0,Female,3.0,4,Single,3,0,2.0,3.0,2.0,145.96,0,2,0,1.5,0,72.98,0.5,0,0,2.9000000000000004,0.0
53626,0,6.0,Male,3.0,2,Divorced,3,0,1.0,2.0,9.0,187.09,1,0,0,0.2857142857142857,1,26.72714285714286,0.3333333333333333,0,1,2.4,0.45
53627,0,19.0,Female,3.0,4,Single,5,0,2.0,2.0,1.0,305.61,0,2,0,0.1,1,15.2805,0.6666666666666666,0,0,2.7,0.25
53628,0,13.0,Female,4.0,4,Married,8,1,14.0,16.0,3.0,296.23,0,1,0,1.1428571428571428,0,21.159285714285716,0.8235294117647058,0,1,10.200000000000001,0.2
53629,0,31.0,Male,3.0,3,Married,3,0,3.0,3.0,3.0,148.72,1,1,0,0.09375,0,4.6475,0.75,0,0,3.0,0.0
53630,1,1.0,Male,4.0,3,Divorced,3,0,2.0,2.0,2.0,173.83,1,0,0,1.0,1,86.915,0.6666666666666666,0,0,2.9000000000000004,0.25
53631,1,3.0,Male,4.0,5,Single,2,0,1.0,2.0,4.0,164.04,1,2,0,0.5,1,41.01,0.3333333333333333,0,0,2.7000000000000006,0.25
53632,0,4.0,Female,3.0,2,Divorced,2,0,6.0,7.0,8.0,171.27,0,0,0,1.4,0,34.254000000000005,0.75,0,1,4.800000000000001,0.2
53633,0,10.0,Female,4.0,3,Divorced,5,0,1.0,2.0,8.0,195.94,0,0,0,0.18181818181818182,1,17.812727272727273,0.3333333333333333,0,0,3.0000000000000004,0.25
53634,0,20.0,Female,3.0,5,Single,8,0,4.0,6.0,8.0,159.23,0,2,0,0.2857142857142857,0,7.5823809523809516,0.5714285714285714,0,0,4.800000000000001,0.0
53635,0,2.0,Female,3.0,2,Divorced,2,0,8.0,8.0,6.0,191.74,0,0,0,2.6666666666666665,0,63.913333333333334,0.8888888888888888,0,1,5.4,0.2
53636,0,24.0,Female,3.0,5,Divorced,6,1,1.0,2.0,3.0,293.8,0,0,0,0.08,1,11.752,0.3333333333333333,0,1,2.7,0.45
53637,1,4.0,Male,3.0,4,Single,4,1,1.0,2.0,3.0,215.94,1,2,0,0.4,1,43.188,0.3333333333333333,0,1,2.5,0.45
53638,1,16.0,Male,4.0,4,Single,11,1,6.0,8.0,3.0,209.46,1,2,0,0.47058823529411764,0,12.321176470588236,0.6666666666666666,0,1,6.5,0.2
53639,0,4.0,Female,4.0,5,Divorced,3,1,1.0,2.0,9.0,244.16,0,0,0,0.4,1,48.832,0.3333333333333333,0,1,2.8000000000000003,0.45
53640,0,13.0,Male,3.0,3,Single,2,0,1.0,2.0,8.0,170.34,1,2,0,0.14285714285714285,1,12.167142857142858,0.3333333333333333,0,0,2.3000000000000003,0.25
53641,0,5.0,Female,3.0,3,Married,3,1,4.0,10.0,3.0,223.52,0,1,0,1.6666666666666667,0,37.25333333333334,0.36363636363636365,0,1,5.9,0.2
53642,0,15.0,Male,3.0,4,Single,3,0,4.0,12.0,10.0,186.51,1,2,0,0.75,0,11.656875,0.3076923076923077,0,0,6.700000000000001,0.0
53643,1,1.0,Female,3.0,4,Single,3,1,2.0,3.0,3.0,148.02,0,2,0,1.5,0,74.01,0.5,0,1,2.9000000000000004,0.2
53644,1,8.0,Male,3.0,5,Divorced,6,0,2.0,2.0,3.0,148.62,1,0,0,0.2222222222222222,1,16.513333333333335,0.6666666666666666,0,0,2.8000000000000003,0.25
53645,0,16.0,Male,3.0,3,Divorced,2,1,1.0,3.0,11.0,303.61,1,0,1,0.17647058823529413,0,17.859411764705882,0.25,0,1,2.7000000000000006,0.5
53646,0,29.0,Female,3.0,3,Divorced,6,0,6.0,10.0,12.0,316.87,0,0,1,0.3333333333333333,0,10.562333333333333,0.5454545454545454,0,0,6.4,0.3
53647,0,30.0,Male,3.0,4,Single,8,0,2.0,8.0,8.0,322.17,1,2,0,0.25806451612903225,0,10.39258064516129,0.2222222222222222,0,0,5.4,0.0
53648,0,14.0,Male,4.0,3,Married,11,0,2.0,2.0,1.0,160.44,1,1,0,0.13333333333333333,1,10.696,0.6666666666666666,0,0,3.7000000000000006,0.25
53649,0,8.0,Male,3.0,2,Married,2,0,2.0,2.0,3.0,210.0,1,1,0,0.2222222222222222,1,23.333333333333332,0.6666666666666666,0,1,2.4000000000000004,0.45
53650,0,14.0,Male,4.0,2,Single,3,0,4.0,9.0,9.0,171.61,1,2,0,0.6,0,11.440666666666667,0.4,0,1,5.9,0.2
53651,0,15.0,Female,4.0,5,Married,2,0,1.0,2.0,8.0,166.03,0,1,0,0.125,1,10.376875,0.3333333333333333,0,0,2.7000000000000006,0.25
53652,0,9.0,Male,3.0,3,Single,3,1,2.0,2.0,2.0,167.49,1,2,0,0.2,1,16.749000000000002,0.6666666666666666,0,1,2.5,0.45
53653,0,25.0,Male,3.0,4,Married,3,1,1.0,2.0,11.0,265.26,1,1,1,0.07692307692307693,1,10.202307692307691,0.3333333333333333,0,1,2.4,0.75
53654,0,12.0,Female,3.0,5,Married,5,0,1.0,2.0,8.0,193.93,0,1,0,0.15384615384615385,1,14.917692307692308,0.3333333333333333,0,0,2.6,0.25
53655,0,8.0,Female,4.0,5,Single,3,0,2.0,10.0,7.0,186.25,0,2,0,1.1111111111111112,0,20.694444444444443,0.18181818181818182,0,0,6.1,0.0
53656,0,1.0,Male,4.0,2,Divorced,5,0,2.0,2.0,3.0,161.69,1,0,0,1.0,1,80.845,0.6666666666666666,0,1,3.1000000000000005,0.45
53657,1,21.0,Female,3.0,5,Divorced,9,1,5.0,6.0,3.0,225.08,0,0,0,0.2727272727272727,0,10.230909090909092,0.7142857142857143,0,1,5.000000000000001,0.2
53658,0,14.0,Male,3.0,4,Divorced,5,0,2.0,2.0,4.0,148.87,1,0,0,0.13333333333333333,1,9.924666666666667,0.6666666666666666,0,0,2.7,0.25
53659,0,10.0,Female,3.0,5,Divorced,4,0,6.0,7.0,14.0,171.39,0,0,1,0.6363636363636364,0,15.58090909090909,0.75,0,0,5.0,0.3
53660,0,22.0,Male,3.0,2,Single,3,0,2.0,2.0,9.0,203.98,1,2,0,0.08695652173913043,1,8.868695652173912,0.6666666666666666,0,1,2.5,0.45
53661,0,1.0,Female,4.0,2,Divorced,10,0,2.0,2.0,1.0,150.34,0,0,0,1.0,1,75.17,0.6666666666666666,0,1,3.6000000000000005,0.45
53662,0,25.0,Female,3.0,4,Single,5,0,1.0,2.0,4.0,256.42,0,2,0,0.07692307692307693,1,9.862307692307693,0.3333333333333333,0,0,2.6,0.25
53663,0,1.0,Female,4.0,2,Single,3,0,2.0,2.0,1.0,141.11,0,2,0,1.0,1,70.555,0.6666666666666666,0,1,2.9000000000000004,0.45
53664,0,9.0,Female,3.0,2,Divorced,2,0,2.0,2.0,1.0,178.63,0,0,0,0.2,1,17.863,0.6666666666666666,0,1,2.4000000000000004,0.45
53665,0,1.0,Male,3.0,2,Single,5,0,2.0,2.0,1.0,175.71,1,2,0,1.0,1,87.855,0.6666666666666666,0,1,2.7,0.45
53666,1,19.0,Male,3.0,3,Single,8,1,1.0,4.0,9.0,261.95,1,2,0,0.2,0,13.0975,0.2,0,1,3.7000000000000006,0.2
53667,0,30.0,Male,4.0,4,Divorced,6,1,12.0,2.0,10.0,259.02,1,0,0,0.06451612903225806,1,8.355483870967742,4.0,0,1,4.200000000000001,0.45
53668,0,8.0,Female,4.0,3,Married,3,0,2.0,2.0,1.0,145.29,0,1,0,0.2222222222222222,1,16.14333333333333,0.6666666666666666,0,0,2.9000000000000004,0.25
53669,0,14.0,Female,3.0,3,Married,7,0,6.0,12.0,9.0,188.77,0,1,0,0.8,0,12.584666666666667,0.46153846153846156,0,0,7.300000000000001,0.0
53670,0,8.0,Male,3.0,3,Divorced,6,0,1.0,8.0,8.0,179.29,1,0,0,0.8888888888888888,0,19.92111111111111,0.1111111111111111,0,0,5.1,0.0
53671,1,1.0,Female,3.0,2,Single,9,0,1.0,2.0,1.0,152.85,0,2,0,1.0,1,76.425,0.3333333333333333,0,1,3.0,0.45
53672,1,1.0,Female,4.0,3,Divorced,2,1,4.0,4.0,3.0,171.14,0,0,0,2.0,0,85.57,0.8,0,1,3.8000000000000003,0.2
53673,0,12.0,Male,3.0,3,Married,3,0,1.0,2.0,4.0,151.1,1,1,0,0.15384615384615385,1,11.623076923076923,0.3333333333333333,0,0,2.4,0.25
53674,0,8.0,Female,4.0,2,Single,3,0,2.0,5.0,12.0,191.87,0,2,1,0.5555555555555556,0,21.31888888888889,0.3333333333333333,0,1,4.1000000000000005,0.5
53675,0,2.0,Male,3.0,5,Divorced,3,0,2.0,2.0,5.0,172.24,1,0,0,0.6666666666666666,1,57.413333333333334,0.6666666666666666,0,0,2.5,0.25
53676,1,1.0,Male,4.0,3,Divorced,3,1,4.0,7.0,8.0,186.79,1,0,0,3.5,0,93.395,0.5,0,1,5.1000000000000005,0.2
53677,0,13.0,Male,3.0,2,Divorced,5,1,1.0,2.0,5.0,186.2,1,0,0,0.14285714285714285,1,13.299999999999999,0.3333333333333333,0,1,2.6,0.45
53678,0,25.0,Male,3.0,4,Divorced,4,0,1.0,4.0,3.0,230.96,1,0,0,0.15384615384615385,0,8.883076923076924,0.2,0,0,3.3000000000000003,0.0
53679,0,15.0,Female,4.0,2,Married,5,1,1.0,4.0,4.0,179.67,0,1,0,0.25,0,11.229375,0.2,0,1,3.8000000000000003,0.2
53680,0,11.0,Male,3.0,3,Divorced,9,1,2.0,2.0,4.0,154.96,1,0,0,0.16666666666666666,1,12.913333333333334,0.6666666666666666,0,1,3.1,0.45
53681,0,7.0,Male,4.0,2,Divorced,8,0,2.0,2.0,3.0,224.98,1,0,0,0.25,1,28.1225,0.6666666666666666,0,1,3.4000000000000004,0.45
53682,0,6.0,Male,3.0,4,Divorced,2,1,1.0,2.0,3.0,165.78,1,0,0,0.2857142857142857,1,23.68285714285714,0.3333333333333333,0,1,2.3000000000000003,0.45
53683,0,13.0,Male,4.0,3,Divorced,5,0,1.0,2.0,6.0,234.2,1,0,0,0.14285714285714285,1,16.728571428571428,0.3333333333333333,0,0,3.0000000000000004,0.25
53684,0,1.0,Male,4.0,3,Divorced,4,0,1.0,2.0,3.0,187.32,1,0,0,1.0,1,93.66,0.3333333333333333,0,0,2.9000000000000004,0.25
53685,0,26.0,Female,3.0,3,Divorced,4,1,1.0,2.0,3.0,257.47,0,0,0,0.07407407407407407,1,9.535925925925927,0.3333333333333333,0,1,2.5,0.45
53686,0,17.0,Female,4.0,3,Single,3,1,2.0,2.0,9.0,165.81,0,2,0,0.1111111111111111,1,9.211666666666666,0.6666666666666666,0,1,2.9000000000000004,0.45
53687,0,1.0,Female,4.0,2,Divorced,3,1,3.0,5.0,5.0,182.69,0,0,0,2.5,0,91.345,0.5,0,1,4.2,0.2
53688,1,1.0,Female,3.0,3,Single,3,1,4.0,8.0,8.0,148.94,0,2,0,4.0,0,74.47,0.4444444444444444,0,1,5.1000000000000005,0.2
53689,0,1.0,Male,3.0,2,Single,2,0,1.0,2.0,2.0,164.04,1,2,0,1.0,1,82.02,0.3333333333333333,0,1,2.3000000000000003,0.45
53690,0,16.0,Female,3.0,5,Divorced,2,0,1.0,2.0,10.0,292.99,0,0,0,0.11764705882352941,1,17.23470588235294,0.3333333333333333,0,0,2.3000000000000003,0.25
53691,0,26.0,Female,3.0,5,Divorced,11,0,2.0,2.0,5.0,154.5,0,0,0,0.07407407407407407,1,5.722222222222222,0.6666666666666666,0,0,3.3000000000000003,0.25
53692,0,11.0,Female,4.0,3,Single,6,0,1.0,2.0,3.0,161.29,0,2,0,0.16666666666666666,1,13.440833333333332,0.3333333333333333,0,0,3.1000000000000005,0.25
53693,0,9.0,Male,3.0,2,Single,4,0,1.0,3.0,3.0,218.62,1,2,0,0.3,0,21.862000000000002,0.25,0,1,2.9000000000000004,0.2
53694,0,1.0,Male,3.0,2,Divorced,6,0,2.0,2.0,3.0,157.29,1,0,0,1.0,1,78.645,0.6666666666666666,0,1,2.8000000000000003,0.45
53695,0,1.0,Male,4.0,5,Single,2,0,2.0,2.0,8.0,160.78,1,2,0,1.0,1,80.39,0.6666666666666666,0,0,2.8000000000000007,0.25
53696,0,3.0,Male,3.0,5,Single,3,0,1.0,2.0,10.0,204.88,1,2,0,0.5,1,51.22,0.3333333333333333,0,0,2.4,0.25
53697,1,1.0,Male,4.0,5,Single,5,0,1.0,2.0,4.0,167.84,1,2,0,1.0,1,83.92,0.3333333333333333,0,0,3.0000000000000004,0.25
53698,1,1.0,Female,3.0,2,Single,2,1,3.0,8.0,8.0,200.53,0,2,0,4.0,0,100.265,0.3333333333333333,0,1,4.9,0.2
53699,0,28.0,Female,3.0,2,Single,8,0,6.0,13.0,8.0,298.28,0,2,0,0.4482758620689655,0,10.28551724137931,0.42857142857142855,0,1,7.800000000000001,0.2
53700,0,31.0,Female,4.0,5,Divorced,5,1,2.0,2.0,6.0,322.01,0,0,0,0.0625,1,10.0628125,0.6666666666666666,0,1,3.1000000000000005,0.45
53701,0,29.0,Male,3.0,2,Married,4,0,1.0,2.0,1.0,272.32,1,1,0,0.06666666666666667,1,9.077333333333334,0.3333333333333333,0,1,2.5,0.45
53702,0,10.0,Female,3.0,4,Single,5,1,1.0,2.0,3.0,217.78,0,2,0,0.18181818181818182,1,19.798181818181817,0.3333333333333333,0,1,2.6,0.45
53703,1,1.0,Female,3.0,3,Single,3,0,2.0,2.0,1.0,138.59,0,2,0,1.0,1,69.295,0.6666666666666666,0,0,2.5,0.25
53704,0,4.0,Female,4.0,5,Married,9,0,2.0,2.0,3.0,172.79,0,1,0,0.4,1,34.558,0.6666666666666666,0,0,3.5000000000000004,0.25
53705,0,5.0,Female,4.0,4,Single,5,0,1.0,2.0,1.0,289.22,0,2,0,0.3333333333333333,1,48.20333333333334,0.3333333333333333,0,0,3.0000000000000004,0.25
53706,0,8.0,Male,4.0,5,Married,7,0,2.0,2.0,4.0,154.96,1,1,0,0.2222222222222222,1,17.21777777777778,0.6666666666666666,0,0,3.3000000000000007,0.25
53707,1,1.0,Female,3.0,4,Single,3,0,1.0,2.0,1.0,137.61,0,2,0,1.0,1,68.805,0.3333333333333333,0,0,2.4,0.25
53708,0,1.0,Male,4.0,5,Divorced,2,0,2.0,2.0,5.0,145.99,1,0,0,1.0,1,72.995,0.6666666666666666,0,0,2.8000000000000007,0.25
53709,0,10.0,Male,3.0,2,Single,3,0,2.0,2.0,9.0,183.1,1,2,0,0.18181818181818182,1,16.645454545454545,0.6666666666666666,0,1,2.5,0.45
53710,0,10.0,Female,4.0,5,Divorced,6,0,2.0,2.0,3.0,181.47,0,0,0,0.18181818181818182,1,16.497272727272726,0.6666666666666666,0,0,3.2000000000000006,0.25
53711,0,21.0,Male,4.0,2,Divorced,9,0,2.0,2.0,3.0,159.2,1,0,0,0.09090909090909091,1,7.236363636363635,0.6666666666666666,0,1,3.5000000000000004,0.45
53712,1,1.0,Male,4.0,5,Divorced,5,0,2.0,3.0,3.0,169.0,1,0,0,1.5,0,84.5,0.5,0,0,3.5000000000000004,0.0
53713,0,11.0,Male,3.0,3,Single,2,0,2.0,2.0,4.0,160.0,1,2,0,0.16666666666666666,1,13.333333333333334,0.6666666666666666,0,0,2.4000000000000004,0.25
53714,0,30.0,Female,3.0,5,Divorced,4,0,2.0,2.0,1.0,145.66,0,0,0,0.06451612903225806,1,4.698709677419354,0.6666666666666666,0,0,2.6,0.25
53715,0,21.0,Female,3.0,3,Divorced,5,0,4.0,6.0,7.0,296.69,0,0,0,0.2727272727272727,0,13.485909090909091,0.5714285714285714,0,0,4.500000000000001,0.0
53716,0,1.0,Female,3.0,3,Divorced,3,1,2.0,2.0,4.0,166.62,0,0,0,1.0,1,83.31,0.6666666666666666,0,1,2.5,0.45
53717,0,6.0,Male,4.0,2,Divorced,6,0,2.0,2.0,3.0,217.04,1,0,0,0.2857142857142857,1,31.005714285714284,0.6666666666666666,0,1,3.2000000000000006,0.45
53718,0,8.0,Female,3.0,4,Divorced,7,0,2.0,2.0,3.0,157.94,0,0,0,0.2222222222222222,1,17.54888888888889,0.6666666666666666,0,0,2.9000000000000004,0.25
53719,0,15.0,Male,3.0,3,Divorced,4,1,2.0,2.0,4.0,146.27,1,0,0,0.125,1,9.141875,0.6666666666666666,0,1,2.6,0.45
53720,0,14.0,Male,3.0,3,Married,5,0,2.0,2.0,8.0,164.75,1,1,0,0.13333333333333333,1,10.983333333333333,0.6666666666666666,0,0,2.7,0.25
53721,0,5.0,Male,3.0,2,Married,3,0,3.0,2.0,10.0,232.93,1,1,0,0.3333333333333333,1,38.821666666666665,1.0,0,1,2.5999999999999996,0.45
53722,1,10.0,Male,3.0,1,Married,6,0,1.0,5.0,3.0,225.96,1,1,0,0.45454545454545453,0,20.541818181818183,0.16666666666666666,0,1,3.9000000000000004,0.2
53723,1,3.0,Female,3.0,5,Single,4,1,1.0,2.0,1.0,161.46,0,2,0,0.5,1,40.365,0.3333333333333333,0,1,2.5,0.45
53724,1,1.0,Female,4.0,4,Single,3,0,4.0,5.0,8.0,199.46,0,2,0,2.5,0,99.73,0.6666666666666666,0,0,4.300000000000001,0.0
53725,0,19.0,Male,4.0,5,Married,4,1,1.0,2.0,8.0,233.51,1,1,0,0.1,1,11.6755,0.3333333333333333,0,1,2.9000000000000004,0.45
53726,0,5.0,Female,4.0,4,Single,11,0,1.0,2.0,3.0,146.09,0,2,0,0.3333333333333333,1,24.348333333333333,0.3333333333333333,0,0,3.6000000000000005,0.25
53727,1,1.0,Male,4.0,1,Divorced,8,1,3.0,3.0,3.0,162.22,1,0,0,1.5,0,81.11,0.75,0,1,3.9000000000000004,0.2
53728,0,19.0,Male,3.0,1,Divorced,6,1,2.0,2.0,3.0,218.8,1,0,0,0.1,1,10.940000000000001,0.6666666666666666,0,1,2.8000000000000003,0.45
53729,0,22.0,Male,4.0,5,Married,6,0,2.0,3.0,3.0,179.86,1,1,0,0.13043478260869565,0,7.82,0.5,0,0,3.6000000000000005,0.0
53730,1,1.0,Female,3.0,3,Divorced,3,0,2.0,3.0,3.0,152.42,0,0,0,1.5,0,76.21,0.5,0,0,2.9000000000000004,0.0
53731,0,14.0,Male,3.0,4,Married,4,0,1.0,5.0,9.0,262.57,1,1,0,0.3333333333333333,0,17.504666666666665,0.16666666666666666,0,0,3.7,0.0
53732,0,2.0,Male,3.0,5,Single,2,0,2.0,2.0,3.0,209.63,1,2,0,0.6666666666666666,1,69.87666666666667,0.6666666666666666,0,0,2.4000000000000004,0.25
53733,0,18.0,Male,3.0,3,Single,5,0,1.0,2.0,4.0,156.62,1,2,0,0.10526315789473684,1,8.243157894736843,0.3333333333333333,0,0,2.6,0.25
53734,0,27.0,Male,3.0,4,Single,6,0,1.0,9.0,9.0,290.98,1,2,0,0.32142857142857145,0,10.392142857142858,0.1,0,0,5.5,0.0
53735,0,23.0,Male,4.0,3,Divorced,4,0,1.0,2.0,3.0,191.51,1,0,0,0.08333333333333333,1,7.979583333333333,0.3333333333333333,0,0,2.9000000000000004,0.25
53736,0,14.0,Male,4.0,3,Married,4,0,1.0,2.0,3.0,148.45,1,1,0,0.13333333333333333,1,9.896666666666667,0.3333333333333333,0,0,2.9000000000000004,0.25
53737,0,18.0,Male,3.0,4,Single,3,0,2.0,2.0,4.0,159.2,1,2,0,0.10526315789473684,1,8.378947368421052,0.6666666666666666,0,0,2.5,0.25
53738,0,7.0,Male,3.0,5,Divorced,2,0,1.0,2.0,4.0,168.73,1,0,0,0.25,1,21.09125,0.3333333333333333,0,0,2.3000000000000003,0.25
53739,0,8.0,Male,3.0,5,Single,5,0,3.0,4.0,13.0,172.59,1,2,1,0.4444444444444444,0,19.176666666666666,0.6,0,0,3.6000000000000005,0.3
53740,0,4.0,Male,4.0,3,Divorced,10,0,1.0,3.0,3.0,178.01,1,0,0,0.6,0,35.602,0.25,0,0,3.9000000000000004,0.0
53741,0,16.0,Female,4.0,1,Single,3,0,5.0,6.0,9.0,161.73,0,2,0,0.35294117647058826,0,9.513529411764706,0.7142857142857143,0,1,4.8,0.2
53742,0,18.0,Female,4.0,3,Divorced,9,0,2.0,2.0,1.0,172.68,0,0,0,0.10526315789473684,1,9.08842105263158,0.6666666666666666,0,0,3.5000000000000004,0.25
53743,0,4.0,Male,4.0,3,Married,3,0,1.0,2.0,1.0,137.74,1,1,0,0.4,1,27.548000000000002,0.3333333333333333,0,0,2.8000000000000003,0.25
53744,0,51.0,Male,4.0,3,Divorced,2,0,2.0,3.0,9.0,174.0,1,0,0,0.057692307692307696,0,3.3461538461538463,0.5,0,0,3.2000000000000006,0.0
53745,0,23.0,Male,3.0,4,Married,5,0,1.0,2.0,3.0,229.66,1,1,0,0.08333333333333333,1,9.569166666666666,0.3333333333333333,0,0,2.6,0.25
53746,0,8.0,Male,4.0,5,Married,9,0,3.0,7.0,10.0,295.07,1,1,0,0.7777777777777778,0,32.785555555555554,0.375,0,0,5.6000000000000005,0.0
53747,1,1.0,Male,4.0,3,Divorced,5,0,2.0,2.0,3.0,154.09,1,0,0,1.0,1,77.045,0.6666666666666666,0,0,3.1000000000000005,0.25
53748,1,1.0,Female,3.0,4,Single,7,0,1.0,2.0,1.0,182.65,0,2,0,1.0,1,91.325,0.3333333333333333,0,0,2.8000000000000003,0.25
53749,1,1.0,Female,3.0,4,Single,2,1,3.0,11.0,11.0,170.99,0,2,1,5.5,0,85.495,0.25,0,1,6.1000000000000005,0.5
53750,0,9.0,Male,4.0,3,Divorced,3,0,2.0,2.0,1.0,149.04,1,0,0,0.2,1,14.904,0.6666666666666666,0,0,2.9000000000000004,0.25
53751,1,1.0,Male,3.0,5,Single,4,1,1.0,2.0,1.0,156.72,1,2,0,1.0,1,78.36,0.3333333333333333,0,1,2.5,0.45
53752,0,1.0,Female,4.0,4,Divorced,3,0,1.0,2.0,1.0,145.33,0,0,0,1.0,1,72.665,0.3333333333333333,0,0,2.8000000000000003,0.25
53753,0,18.0,Male,3.0,3,Single,7,1,1.0,3.0,3.0,227.09,1,2,0,0.15789473684210525,0,11.952105263157895,0.25,0,1,3.2000000000000006,0.2
53754,0,3.0,Male,4.0,3,Married,3,0,2.0,2.0,3.0,211.2,1,1,0,0.5,1,52.8,0.6666666666666666,0,0,2.9000000000000004,0.25
53755,0,4.0,Male,3.0,3,Married,2,0,1.0,2.0,4.0,145.64,1,1,0,0.4,1,29.127999999999997,0.3333333333333333,0,0,2.3000000000000003,0.25
53756,0,29.0,Male,2.0,3,Divorced,2,1,1.0,2.0,3.0,165.35,1,0,0,0.06666666666666667,1,5.511666666666667,0.3333333333333333,0,1,1.9000000000000001,0.45
53757,0,7.0,Female,3.0,4,Divorced,10,0,1.0,2.0,3.0,163.38,0,0,0,0.25,1,20.4225,0.3333333333333333,0,0,3.1,0.25
53758,0,21.0,Female,4.0,3,Divorced,5,1,2.0,2.0,3.0,170.91,0,0,0,0.09090909090909091,1,7.768636363636364,0.6666666666666666,0,1,3.1000000000000005,0.45
53759,1,1.0,Male,3.0,5,Single,9,0,1.0,2.0,1.0,150.61,1,2,0,1.0,1,75.305,0.3333333333333333,0,0,3.0,0.25
53760,0,2.0,Male,4.0,3,Married,3,0,1.0,2.0,1.0,140.63,1,1,0,0.6666666666666666,1,46.876666666666665,0.3333333333333333,0,0,2.8000000000000003,0.25
53761,0,2.0,Male,3.0,5,Single,2,0,2.0,2.0,4.0,173.98,1,2,0,0.6666666666666666,1,57.99333333333333,0.6666666666666666,0,0,2.4000000000000004,0.25
53762,0,23.0,Female,3.0,5,Divorced,6,0,2.0,2.0,3.0,172.89,0,0,0,0.08333333333333333,1,7.203749999999999,0.6666666666666666,0,0,2.8000000000000003,0.25
53763,0,3.0,Female,4.0,4,Divorced,2,0,1.0,2.0,3.0,156.8,0,0,0,0.5,1,39.2,0.3333333333333333,0,0,2.7000000000000006,0.25
53764,0,2.0,Male,4.0,4,Divorced,3,0,2.0,2.0,8.0,190.49,1,0,0,0.6666666666666666,1,63.49666666666667,0.6666666666666666,0,0,2.9000000000000004,0.25
53765,0,7.0,Male,4.0,3,Single,4,1,1.0,2.0,1.0,188.88,1,2,0,0.25,1,23.61,0.3333333333333333,0,1,2.9000000000000004,0.45
53766,0,6.0,Male,1.0,1,Single,4,0,1.0,2.0,1.0,237.44,1,2,0,0.2857142857142857,1,33.92,0.3333333333333333,1,1,1.7000000000000002,0.7
53767,0,28.0,Female,3.0,1,Married,5,0,1.0,2.0,13.0,285.32,0,1,1,0.06896551724137931,1,9.838620689655173,0.3333333333333333,0,1,2.6,0.75
53768,1,1.0,Male,4.0,5,Single,8,0,1.0,2.0,8.0,148.62,1,2,0,1.0,1,74.31,0.3333333333333333,0,0,3.3000000000000003,0.25
53769,0,18.0,Male,3.0,5,Divorced,5,0,1.0,15.0,18.0,288.28,1,0,1,0.7894736842105263,0,15.172631578947367,0.0625,0,0,7.8,0.3
53770,0,13.0,Female,3.0,4,Single,6,0,1.0,3.0,3.0,208.76,0,2,0,0.21428571428571427,0,14.911428571428571,0.25,0,0,3.1000000000000005,0.0
53771,0,20.0,Female,3.0,4,Divorced,10,0,1.0,6.0,2.0,291.06,0,0,0,0.2857142857142857,0,13.86,0.14285714285714285,0,0,4.7,0.0
53772,0,9.0,Female,4.0,4,Single,3,0,2.0,4.0,3.0,211.06,0,2,0,0.4,0,21.106,0.4,0,0,3.7,0.0
53773,0,1.0,Male,4.0,3,Single,2,0,2.0,2.0,3.0,147.72,1,2,0,1.0,1,73.86,0.6666666666666666,0,0,2.8000000000000007,0.25
53774,1,4.0,Male,3.0,5,Single,5,0,2.0,2.0,1.0,145.18,1,2,0,0.4,1,29.036,0.6666666666666666,0,0,2.7,0.25
53775,0,8.0,Male,4.0,3,Divorced,3,1,8.0,9.0,7.0,195.83,1,0,0,1.0,0,21.75888888888889,0.8,0,1,6.3,0.2
53776,1,1.0,Female,3.0,3,Single,3,0,7.0,8.0,8.0,165.84,0,2,0,4.0,0,82.92,0.7777777777777778,0,0,5.4,0.0
53777,0,24.0,Male,3.0,1,Single,3,1,1.0,14.0,10.0,269.11,1,2,0,0.56,0,10.7644,0.06666666666666667,0,1,7.2,0.2
53778,0,8.0,Male,3.0,3,Married,2,1,1.0,6.0,8.0,148.08,1,1,0,0.6666666666666666,0,16.453333333333333,0.14285714285714285,0,1,3.900000000000001,0.2
53779,0,16.0,Male,4.0,4,Married,6,0,2.0,2.0,1.0,173.41,1,1,0,0.11764705882352941,1,10.200588235294118,0.6666666666666666,0,0,3.2000000000000006,0.25
53780,0,11.0,Male,3.0,1,Married,3,0,1.0,4.0,8.0,167.85,1,1,0,0.3333333333333333,0,13.987499999999999,0.2,0,1,3.2000000000000006,0.2
53781,0,3.0,Female,3.0,5,Married,5,0,1.0,2.0,3.0,222.15,0,1,0,0.5,1,55.5375,0.3333333333333333,0,0,2.6,0.25
53782,0,7.0,Male,3.0,4,Single,3,0,1.0,2.0,3.0,168.2,1,2,0,0.25,1,21.025,0.3333333333333333,0,0,2.4,0.25
53783,0,19.0,Male,4.0,1,Married,6,0,2.0,2.0,4.0,146.32,1,1,0,0.1,1,7.316,0.6666666666666666,0,1,3.2000000000000006,0.45
53784,0,16.0,Male,3.0,1,Married,4,1,13.0,14.0,3.0,226.24,1,1,0,0.8235294117647058,0,13.308235294117647,0.8666666666666667,0,1,8.500000000000002,0.2
53785,0,14.0,Male,3.0,5,Married,2,0,3.0,8.0,2.0,179.73,1,1,0,0.5333333333333333,0,11.982,0.3333333333333333,0,0,4.9,0.0
53786,0,7.0,Male,4.0,3,Married,3,1,2.0,6.0,8.0,177.07,1,1,0,0.75,0,22.13375,0.2857142857142857,0,1,4.5,0.2
53787,0,14.0,Male,3.0,1,Single,3,1,1.0,8.0,8.0,289.37,1,2,0,0.5333333333333333,0,19.291333333333334,0.1111111111111111,0,1,4.8,0.2
53788,0,1.0,Male,3.0,5,Married,2,0,1.0,2.0,1.0,147.96,1,1,0,1.0,1,73.98,0.3333333333333333,0,0,2.3000000000000003,0.25
53789,0,14.0,Male,4.0,1,Married,5,1,3.0,3.0,3.0,165.69,1,1,0,0.2,0,11.046,0.75,0,1,3.6000000000000005,0.2
53790,0,19.0,Male,4.0,4,Married,3,0,7.0,8.0,8.0,199.41,1,1,0,0.4,0,9.9705,0.7777777777777778,0,0,5.800000000000001,0.0
53791,0,9.0,Female,4.0,3,Married,2,0,3.0,5.0,3.0,149.3,0,1,0,0.5,0,14.930000000000001,0.5,0,0,4.1000000000000005,0.0
53792,0,6.0,Female,4.0,4,Married,5,0,2.0,3.0,6.0,183.78,0,1,0,0.42857142857142855,0,26.254285714285714,0.5,0,0,3.5000000000000004,0.0
53793,0,10.0,Male,4.0,1,Single,5,1,1.0,2.0,3.0,151.44,1,2,0,0.18181818181818182,1,13.767272727272728,0.3333333333333333,0,1,3.0000000000000004,0.45
53794,0,22.0,Female,4.0,3,Married,10,0,2.0,8.0,8.0,189.39,0,1,0,0.34782608695652173,0,8.234347826086957,0.2222222222222222,0,0,6.000000000000001,0.0
53795,0,3.0,Male,4.0,3,Married,8,0,2.0,2.0,1.0,149.51,1,1,0,0.5,1,37.3775,0.6666666666666666,0,0,3.4000000000000004,0.25
53796,0,7.0,Male,3.0,5,Married,4,0,3.0,3.0,3.0,188.92,1,1,0,0.375,0,23.615,0.75,0,0,3.1000000000000005,0.0
53797,1,1.0,Male,4.0,5,Married,3,0,4.0,7.0,3.0,222.14,1,1,0,3.5,0,111.07,0.5,0,0,5.1000000000000005,0.0
53798,0,12.0,Male,4.0,3,Married,5,0,1.0,2.0,3.0,185.77,1,1,0,0.15384615384615385,1,14.290000000000001,0.3333333333333333,0,0,3.0000000000000004,0.25
53799,0,9.0,Male,4.0,5,Single,3,0,1.0,2.0,3.0,149.5,1,2,0,0.2,1,14.95,0.3333333333333333,0,0,2.8000000000000003,0.25
53800,0,4.0,Male,3.0,4,Married,5,0,1.0,2.0,3.0,217.5,1,1,0,0.4,1,43.5,0.3333333333333333,0,0,2.6,0.25
53801,1,1.0,Female,4.0,5,Married,3,1,2.0,2.0,1.0,145.74,0,1,0,1.0,1,72.87,0.6666666666666666,0,1,2.9000000000000004,0.45
53802,1,17.0,Female,4.0,1,Married,2,0,2.0,2.0,3.0,226.69,0,1,0,0.1111111111111111,1,12.59388888888889,0.6666666666666666,0,1,2.8000000000000007,0.45
53803,1,2.0,Male,3.0,4,Married,6,0,1.0,2.0,5.0,173.55,1,1,0,0.6666666666666666,1,57.85,0.3333333333333333,0,0,2.7,0.25
53804,0,6.0,Male,4.0,5,Married,6,0,2.0,2.0,3.0,165.87,1,1,0,0.2857142857142857,1,23.695714285714285,0.6666666666666666,0,0,3.2000000000000006,0.25
53805,0,22.0,Female,4.0,5,Married,10,0,8.0,8.0,7.0,148.67,0,1,0,0.34782608695652173,0,6.46391304347826,0.8888888888888888,0,0,6.6000000000000005,0.0
53806,0,8.0,Male,3.0,1,Single,3,0,1.0,2.0,1.0,154.72,1,2,0,0.2222222222222222,1,17.191111111111113,0.3333333333333333,0,1,2.4,0.45
53807,0,29.0,Male,3.0,1,Married,3,0,3.0,3.0,14.0,320.86,1,1,1,0.1,0,10.695333333333334,0.75,0,1,3.0,0.5
53808,0,8.0,Male,3.0,1,Married,11,0,2.0,3.0,2.0,179.84,1,1,0,0.3333333333333333,0,19.982222222222223,0.5,0,1,3.7000000000000006,0.2
53809,0,1.0,Female,3.0,1,Married,3,0,2.0,2.0,1.0,145.61,0,1,0,1.0,1,72.805,0.6666666666666666,0,1,2.5,0.45
53810,0,12.0,Male,4.0,4,Married,2,0,6.0,8.0,3.0,224.24,1,1,0,0.6153846153846154,0,17.24923076923077,0.6666666666666666,0,0,5.600000000000001,0.0
53811,0,12.0,Female,3.0,4,Single,4,0,1.0,2.0,3.0,166.98,0,2,0,0.15384615384615385,1,12.844615384615384,0.3333333333333333,0,0,2.5,0.25
53812,0,10.0,Female,4.0,3,Single,8,0,2.0,2.0,1.0,193.15,0,2,0,0.18181818181818182,1,17.55909090909091,0.6666666666666666,0,0,3.4000000000000004,0.25
53813,0,3.0,Male,3.0,5,Single,3,1,1.0,2.0,6.0,172.23,1,2,0,0.5,1,43.0575,0.3333333333333333,0,1,2.4,0.45
53814,0,9.0,Female,3.0,3,Single,5,1,2.0,2.0,5.0,186.42,0,2,0,0.2,1,18.642,0.6666666666666666,0,1,2.7,0.45
53815,0,13.0,Male,3.0,3,Married,4,0,5.0,8.0,7.0,207.37,1,1,0,0.5714285714285714,0,14.812142857142858,0.5555555555555556,0,0,5.300000000000001,0.0
53816,0,3.0,Male,3.0,1,Married,3,0,1.0,2.0,3.0,213.53,1,1,0,0.5,1,53.3825,0.3333333333333333,0,1,2.4,0.45
53817,0,24.0,Male,3.0,3,Married,6,1,1.0,2.0,1.0,318.31,1,1,0,0.08,1,12.7324,0.3333333333333333,0,1,2.7,0.45
53818,0,1.0,Male,3.0,3,Married,4,0,3.0,3.0,3.0,145.73,1,1,0,1.5,0,72.865,0.75,0,0,3.1000000000000005,0.0
53819,0,10.0,Male,4.0,5,Married,5,1,2.0,2.0,3.0,180.62,1,1,0,0.18181818181818182,1,16.42,0.6666666666666666,0,1,3.1000000000000005,0.45
53820,0,16.0,Male,4.0,1,Single,10,0,2.0,2.0,2.0,321.13,1,2,0,0.11764705882352941,1,18.89,0.6666666666666666,0,1,3.6000000000000005,0.45
53821,0,9.0,Male,3.0,3,Married,3,0,6.0,7.0,9.0,159.07,1,1,0,0.7,0,15.907,0.75,0,0,4.9,0.0
53822,0,8.0,Male,4.0,3,Married,3,0,3.0,8.0,8.0,175.63,1,1,0,0.8888888888888888,0,19.514444444444443,0.3333333333333333,0,0,5.4,0.0
53823,0,14.0,Female,3.0,5,Married,3,0,1.0,2.0,3.0,171.39,0,1,0,0.13333333333333333,1,11.425999999999998,0.3333333333333333,0,0,2.4,0.25
53824,0,17.0,Male,3.0,4,Married,7,0,2.0,2.0,3.0,173.76,1,1,0,0.1111111111111111,1,9.653333333333332,0.6666666666666666,0,0,2.9000000000000004,0.25
53825,0,9.0,Male,4.0,1,Married,3,0,2.0,2.0,2.0,151.9,1,1,0,0.2,1,15.190000000000001,0.6666666666666666,0,1,2.9000000000000004,0.45
53826,0,20.0,Male,3.0,5,Single,3,0,2.0,2.0,13.0,300.67,1,2,1,0.09523809523809523,1,14.317619047619049,0.6666666666666666,0,0,2.5,0.55
53827,1,1.0,Male,3.0,4,Married,3,1,1.0,2.0,1.0,149.08,1,1,0,1.0,1,74.54,0.3333333333333333,0,1,2.4,0.45
53828,0,1.0,Female,3.0,3,Married,3,1,1.0,2.0,4.0,153.14,0,1,0,1.0,1,76.57,0.3333333333333333,0,1,2.4,0.45
53829,0,24.0,Male,3.0,3,Married,4,1,4.0,2.0,14.0,237.45,1,1,1,0.08,1,9.498,1.3333333333333333,0,1,2.8,0.75
53830,0,6.0,Female,3.0,1,Married,5,0,2.0,2.0,3.0,158.12,0,1,0,0.2857142857142857,1,22.58857142857143,0.6666666666666666,0,1,2.7,0.45
53831,0,18.0,Female,3.0,1,Married,2,1,2.0,2.0,11.0,315.49,0,1,1,0.10526315789473684,1,16.604736842105265,0.6666666666666666,0,1,2.4000000000000004,0.75
53832,0,4.0,Male,3.0,4,Married,3,0,1.0,2.0,2.0,146.41,1,1,0,0.4,1,29.282,0.3333333333333333,0,0,2.4,0.25
53833,0,19.0,Female,3.0,5,Single,3,1,2.0,2.0,5.0,182.69,0,2,0,0.1,1,9.1345,0.6666666666666666,0,1,2.5,0.45
53834,0,19.0,Male,3.0,5,Married,3,0,1.0,5.0,6.0,168.85,1,1,0,0.25,0,8.442499999999999,0.16666666666666666,0,0,3.6,0.0
53835,0,5.0,Male,3.0,5,Single,9,0,1.0,2.0,4.0,178.32,1,2,0,0.3333333333333333,1,29.72,0.3333333333333333,0,0,3.0,0.25
53836,0,10.0,Female,4.0,3,Married,11,1,1.0,2.0,2.0,171.63,0,1,0,0.18181818181818182,1,15.602727272727272,0.3333333333333333,0,1,3.6000000000000005,0.45
53837,0,8.0,Male,3.0,1,Married,3,0,6.0,8.0,3.0,172.24,1,1,0,0.8888888888888888,0,19.137777777777778,0.6666666666666666,0,1,5.300000000000001,0.2
53838,0,23.0,Female,3.0,5,Married,3,0,1.0,2.0,5.0,157.11,0,1,0,0.08333333333333333,1,6.546250000000001,0.3333333333333333,0,0,2.4,0.25
53839,0,13.0,Male,4.0,5,Married,4,0,5.0,8.0,8.0,178.77,1,1,0,0.5714285714285714,0,12.769285714285715,0.5555555555555556,0,0,5.700000000000001,0.0
53840,0,1.0,Male,4.0,5,Married,3,0,1.0,2.0,8.0,165.66,1,1,0,1.0,1,82.83,0.3333333333333333,0,0,2.8000000000000003,0.25
53841,0,9.0,Male,3.0,5,Married,3,0,1.0,2.0,11.0,177.08,1,1,1,0.2,1,17.708000000000002,0.3333333333333333,0,0,2.4,0.55
53842,0,2.0,Female,3.0,5,Married,2,0,2.0,2.0,1.0,25.0,0,1,0,0.6666666666666666,1,8.333333333333334,0.6666666666666666,0,0,2.4000000000000004,0.25
53843,0,1.0,Male,4.0,1,Single,3,0,2.0,3.0,3.0,156.17,1,2,0,1.5,0,78.085,0.5,0,1,3.3000000000000007,0.2
53844,1,1.0,Female,4.0,1,Single,3,1,1.0,2.0,1.0,140.69,0,2,0,1.0,1,70.345,0.3333333333333333,0,1,2.8000000000000003,0.45
53845,0,21.0,Female,4.0,3,Married,5,0,2.0,2.0,1.0,321.58,0,1,0,0.09090909090909091,1,14.617272727272727,0.6666666666666666,0,0,3.1000000000000005,0.25
53846,0,13.0,Male,4.0,3,Married,2,0,1.0,2.0,8.0,155.69,1,1,0,0.14285714285714285,1,11.120714285714286,0.3333333333333333,0,0,2.7000000000000006,0.25
53847,0,14.0,Female,4.0,3,Married,3,0,2.0,15.0,3.0,229.35,0,1,0,1.0,0,15.29,0.125,0,0,8.1,0.0
53848,0,9.0,Female,3.0,3,Married,3,0,3.0,3.0,10.0,166.48,0,1,0,0.3,0,16.648,0.75,0,0,3.0,0.0
53849,0,11.0,Male,3.0,3,Married,5,0,1.0,2.0,3.0,182.68,1,1,0,0.16666666666666666,1,15.223333333333334,0.3333333333333333,0,0,2.6,0.25
53850,0,13.0,Female,3.0,3,Single,2,0,4.0,4.0,9.0,175.42,0,2,0,0.2857142857142857,0,12.53,0.8,0,0,3.4000000000000004,0.0
53851,0,19.0,Female,3.0,1,Married,3,0,3.0,4.0,10.0,182.7,0,1,0,0.2,0,9.135,0.6,0,1,3.4000000000000004,0.2
53852,0,12.0,Female,3.0,3,Married,5,1,2.0,2.0,3.0,202.56,0,1,0,0.15384615384615385,1,15.581538461538461,0.6666666666666666,0,1,2.7,0.45
53853,1,1.0,Male,3.0,5,Married,11,0,5.0,7.0,3.0,228.06,1,1,0,3.5,0,114.03,0.625,0,0,5.6,0.0
53854,0,11.0,Female,4.0,4,Married,3,0,2.0,8.0,8.0,164.36,0,1,0,0.6666666666666666,0,13.696666666666667,0.2222222222222222,0,0,5.300000000000001,0.0
53855,0,14.0,Female,3.0,1,Single,8,1,2.0,4.0,4.0,204.45,0,2,0,0.26666666666666666,0,13.629999999999999,0.4,0,1,3.8000000000000007,0.2
53856,0,18.0,Male,3.0,1,Married,6,1,2.0,2.0,3.0,182.43,1,1,0,0.10526315789473684,1,9.601578947368422,0.6666666666666666,0,1,2.8000000000000003,0.45
53857,0,22.0,Male,3.0,1,Married,4,0,1.0,3.0,3.0,277.02,1,1,0,0.13043478260869565,0,12.044347826086955,0.25,0,1,2.9000000000000004,0.2
53858,1,1.0,Male,3.0,1,Married,8,1,2.0,3.0,3.0,179.4,1,1,0,1.5,0,89.7,0.5,0,1,3.4000000000000004,0.2
53859,0,1.0,Female,3.0,1,Single,3,1,2.0,2.0,4.0,162.6,0,2,0,1.0,1,81.3,0.6666666666666666,0,1,2.5,0.45
53860,0,1.0,Female,3.0,3,Married,9,0,1.0,2.0,3.0,160.17,0,1,0,1.0,1,80.085,0.3333333333333333,0,0,3.0,0.25
53861,0,1.0,Male,3.0,1,Single,4,0,1.0,2.0,3.0,150.8,1,2,0,1.0,1,75.4,0.3333333333333333,0,1,2.5,0.45
53862,1,4.0,Male,4.0,5,Single,5,1,1.0,2.0,4.0,146.66,1,2,0,0.4,1,29.332,0.3333333333333333,0,1,3.0000000000000004,0.45
53863,0,3.0,Male,3.0,3,Single,11,0,2.0,2.0,5.0,183.69,1,2,0,0.5,1,45.9225,0.6666666666666666,0,0,3.3000000000000003,0.25
53864,0,10.0,Female,3.0,5,Married,6,0,2.0,2.0,3.0,205.08,0,1,0,0.18181818181818182,1,18.643636363636364,0.6666666666666666,0,0,2.8000000000000003,0.25
53865,0,1.0,Male,4.0,3,Married,3,0,1.0,2.0,8.0,177.06,1,1,0,1.0,1,88.53,0.3333333333333333,0,0,2.8000000000000003,0.25
53866,0,13.0,Male,4.0,4,Married,6,0,2.0,2.0,1.0,177.95,1,1,0,0.14285714285714285,1,12.710714285714285,0.6666666666666666,0,0,3.2000000000000006,0.25
53867,0,23.0,Female,4.0,4,Married,5,0,1.0,2.0,3.0,289.13,0,1,0,0.08333333333333333,1,12.047083333333333,0.3333333333333333,0,0,3.0000000000000004,0.25
53868,0,24.0,Female,3.0,5,Married,7,0,2.0,2.0,12.0,257.69,0,1,1,0.08,1,10.3076,0.6666666666666666,0,0,2.9000000000000004,0.55
53869,0,1.0,Female,3.0,3,Single,3,0,1.0,3.0,3.0,152.83,0,2,0,1.5,0,76.415,0.25,0,0,2.8000000000000003,0.0
53870,0,8.0,Female,4.0,4,Married,3,0,8.0,8.0,10.0,179.33,0,1,0,0.8888888888888888,0,19.925555555555558,0.8888888888888888,0,0,5.9,0.0
53871,0,10.0,Male,4.0,4,Single,4,0,1.0,2.0,4.0,145.13,1,2,0,0.18181818181818182,1,13.193636363636363,0.3333333333333333,0,0,2.9000000000000004,0.25
53872,0,23.0,Female,3.0,3,Married,4,1,1.0,3.0,13.0,264.66,0,1,1,0.125,0,11.027500000000002,0.25,0,1,2.9000000000000004,0.5
53873,0,10.0,Female,3.0,3,Married,2,0,2.0,2.0,3.0,168.74,0,1,0,0.18181818181818182,1,15.340000000000002,0.6666666666666666,0,0,2.4000000000000004,0.25
53874,0,10.0,Male,4.0,5,Married,8,0,2.0,2.0,5.0,193.42,1,1,0,0.18181818181818182,1,17.583636363636362,0.6666666666666666,0,0,3.4000000000000004,0.25
53875,0,28.0,Female,4.0,3,Married,5,0,3.0,5.0,8.0,299.26,0,1,0,0.1724137931034483,0,10.319310344827587,0.5,0,0,4.3999999999999995,0.0
53876,0,17.0,Male,4.0,3,Married,3,0,5.0,7.0,12.0,301.03,1,1,1,0.3888888888888889,0,16.723888888888887,0.625,0,0,5.2,0.3
53877,1,1.0,Male,3.0,1,Single,5,1,4.0,7.0,8.0,170.81,1,2,0,3.5,0,85.405,0.5,0,1,4.9,0.2
53878,0,12.0,Male,3.0,1,Married,9,0,3.0,3.0,10.0,172.35,1,1,0,0.23076923076923078,0,13.257692307692308,0.75,0,1,3.6000000000000005,0.2
53879,0,3.0,Male,3.0,4,Married,3,1,1.0,2.0,10.0,166.87,1,1,0,0.5,1,41.7175,0.3333333333333333,0,1,2.4,0.45
53880,0,7.0,Male,4.0,1,Married,3,0,2.0,2.0,5.0,180.05,1,1,0,0.25,1,22.50625,0.6666666666666666,0,1,2.9000000000000004,0.45
53881,0,6.0,Male,3.0,4,Married,2,0,1.0,2.0,7.0,179.7,1,1,0,0.2857142857142857,1,25.67142857142857,0.3333333333333333,0,0,2.3000000000000003,0.25
53882,0,5.0,Female,4.0,1,Married,3,0,1.0,2.0,3.0,179.76,0,1,0,0.3333333333333333,1,29.959999999999997,0.3333333333333333,0,1,2.8000000000000003,0.45
53883,0,23.0,Female,4.0,5,Married,6,1,2.0,3.0,3.0,150.87,0,1,0,0.125,0,6.28625,0.5,0,1,3.6000000000000005,0.2
53884,0,12.0,Female,3.0,4,Single,3,0,2.0,4.0,4.0,149.4,0,2,0,0.3076923076923077,0,11.492307692307692,0.4,0,0,3.3000000000000007,0.0
53885,0,21.0,Female,3.0,4,Married,8,0,1.0,2.0,3.0,284.72,0,1,0,0.09090909090909091,1,12.941818181818183,0.3333333333333333,0,0,2.9,0.25
53886,0,23.0,Male,3.0,3,Single,6,0,1.0,2.0,1.0,278.79,1,2,0,0.08333333333333333,1,11.61625,0.3333333333333333,0,0,2.7,0.25
53887,0,15.0,Male,4.0,3,Single,5,1,1.0,2.0,3.0,195.82,1,2,0,0.125,1,12.23875,0.3333333333333333,0,1,3.0000000000000004,0.45
53888,0,1.0,Male,3.0,5,Single,3,0,1.0,2.0,3.0,152.28,1,2,0,1.0,1,76.14,0.3333333333333333,0,0,2.4,0.25
53889,0,7.0,Female,3.0,1,Married,3,1,1.0,2.0,3.0,178.68,0,1,0,0.25,1,22.335,0.3333333333333333,0,1,2.4,0.45
53890,0,10.0,Male,4.0,3,Married,8,0,2.0,2.0,3.0,178.47,1,1,0,0.18181818181818182,1,16.224545454545453,0.6666666666666666,0,0,3.4000000000000004,0.25
53891,0,18.0,Female,3.0,1,Married,6,1,3.0,3.0,3.0,156.95,0,1,0,0.15789473684210525,0,8.260526315789473,0.75,0,1,3.3000000000000007,0.2
53892,1,1.0,Male,4.0,3,Single,3,1,2.0,2.0,3.0,164.89,1,2,0,1.0,1,82.445,0.6666666666666666,0,1,2.9000000000000004,0.45
53893,0,12.0,Female,3.0,3,Married,9,0,1.0,2.0,1.0,158.06,0,1,0,0.15384615384615385,1,12.15846153846154,0.3333333333333333,0,0,3.0,0.25
53894,0,27.0,Male,3.0,1,Married,5,0,1.0,2.0,3.0,195.05,1,1,0,0.07142857142857142,1,6.966071428571429,0.3333333333333333,0,1,2.6,0.45
53895,1,12.0,Female,4.0,3,Married,4,1,5.0,8.0,8.0,151.55,0,1,0,0.6153846153846154,0,11.657692307692308,0.5555555555555556,0,1,5.700000000000001,0.2
53896,1,1.0,Male,4.0,4,Single,3,0,2.0,2.0,1.0,138.93,1,2,0,1.0,1,69.465,0.6666666666666666,0,0,2.9000000000000004,0.25
53897,0,1.0,Male,4.0,1,Single,3,0,6.0,6.0,8.0,150.7,1,2,0,3.0,0,75.35,0.8571428571428571,0,1,4.9,0.2
53898,0,29.0,Male,4.0,4,Married,7,0,2.0,2.0,3.0,160.37,1,1,0,0.06666666666666667,1,5.345666666666667,0.6666666666666666,0,0,3.3000000000000007,0.25
53899,0,8.0,Male,3.0,1,Married,3,0,5.0,5.0,14.0,164.86,1,1,1,0.5555555555555556,0,18.317777777777778,0.8333333333333334,0,1,4.0,0.5
53900,0,31.0,Male,4.0,1,Married,5,0,1.0,2.0,1.0,233.83,1,1,0,0.0625,1,7.3071875,0.3333333333333333,0,1,3.0000000000000004,0.45
53901,0,7.0,Male,4.0,4,Married,3,0,3.0,3.0,14.0,145.28,1,1,1,0.375,0,18.16,0.75,0,0,3.4000000000000004,0.3
53902,0,11.0,Male,3.0,1,Married,3,0,1.0,2.0,3.0,220.25,1,1,0,0.16666666666666666,1,18.354166666666668,0.3333333333333333,0,1,2.4,0.45
53903,0,8.0,Female,3.0,1,Married,3,0,4.0,9.0,8.0,154.29,0,1,0,1.0,0,17.14333333333333,0.4,0,1,5.500000000000001,0.2
53904,1,1.0,Male,3.0,1,Married,3,1,2.0,2.0,3.0,147.75,1,1,0,1.0,1,73.875,0.6666666666666666,0,1,2.5,0.45
53905,0,18.0,Female,4.0,1,Married,3,1,7.0,7.0,8.0,203.79,0,1,0,0.3684210526315789,0,10.72578947368421,0.875,0,1,5.4,0.2
53906,0,9.0,Male,4.0,1,Single,2,1,2.0,2.0,5.0,174.3,1,2,0,0.2,1,17.43,0.6666666666666666,0,1,2.8000000000000007,0.45
53907,0,17.0,Male,4.0,1,Married,3,1,1.0,9.0,9.0,203.47,1,1,0,0.5,0,11.303888888888888,0.1,0,1,5.6,0.2
53908,0,1.0,Male,4.0,3,Married,3,0,1.0,2.0,5.0,169.01,1,1,0,1.0,1,84.505,0.3333333333333333,0,0,2.8000000000000003,0.25
53909,0,15.0,Male,3.0,3,Single,3,0,7.0,9.0,3.0,217.41,1,2,0,0.5625,0,13.588125,0.7,0,0,5.800000000000001,0.0
53910,0,3.0,Female,3.0,3,Married,11,0,2.0,2.0,3.0,154.74,0,1,0,0.5,1,38.685,0.6666666666666666,0,0,3.3000000000000003,0.25
53911,0,10.0,Female,3.0,1,Single,5,0,4.0,7.0,8.0,170.02,0,2,0,0.6363636363636364,0,15.456363636363637,0.5,0,1,4.9,0.2
53912,0,19.0,Male,4.0,3,Married,5,0,4.0,2.0,5.0,232.48,1,1,0,0.1,1,11.623999999999999,1.3333333333333333,0,0,3.3000000000000003,0.25
53913,1,1.0,Male,3.0,3,Married,3,0,1.0,2.0,1.0,140.55,1,1,0,1.0,1,70.275,0.3333333333333333,0,0,2.4,0.25
53914,1,11.0,Male,3.0,3,Married,9,0,2.0,2.0,11.0,254.36,1,1,1,0.16666666666666666,1,21.19666666666667,0.6666666666666666,0,0,3.1,0.55
53915,0,1.0,Male,4.0,3,Married,3,0,1.0,2.0,3.0,148.05,1,1,0,1.0,1,74.025,0.3333333333333333,0,0,2.8000000000000003,0.25
53916,0,19.0,Female,3.0,4,Single,3,0,4.0,9.0,7.0,292.04,0,2,0,0.45,0,14.602,0.4,0,0,5.500000000000001,0.0
53917,0,6.0,Male,3.0,3,Married,8,0,1.0,2.0,4.0,159.33,1,1,0,0.2857142857142857,1,22.761428571428574,0.3333333333333333,0,0,2.9,0.25
53918,0,5.0,Male,4.0,3,Married,3,0,1.0,2.0,4.0,159.77,1,1,0,0.3333333333333333,1,26.628333333333334,0.3333333333333333,0,0,2.8000000000000003,0.25
53919,0,15.0,Male,3.0,4,Married,8,0,1.0,2.0,3.0,189.3,1,1,0,0.125,1,11.83125,0.3333333333333333,0,0,2.9,0.25
53920,0,14.0,Female,4.0,5,Married,4,1,1.0,2.0,1.0,190.16,0,1,0,0.13333333333333333,1,12.677333333333333,0.3333333333333333,0,1,2.9000000000000004,0.45
53921,0,1.0,Male,4.0,5,Married,3,0,2.0,2.0,3.0,164.07,1,1,0,1.0,1,82.035,0.6666666666666666,0,0,2.9000000000000004,0.25
53922,0,20.0,Male,3.0,4,Single,8,0,2.0,2.0,10.0,180.62,1,2,0,0.09523809523809523,1,8.600952380952382,0.6666666666666666,0,0,3.0,0.25
53923,0,9.0,Male,3.0,3,Married,4,0,1.0,2.0,8.0,193.83,1,1,0,0.2,1,19.383000000000003,0.3333333333333333,0,0,2.5,0.25
53924,0,4.0,Male,3.0,1,Married,3,0,1.0,2.0,9.0,153.62,1,1,0,0.4,1,30.724,0.3333333333333333,0,1,2.4,0.45
53925,0,21.0,Male,3.0,4,Married,9,0,1.0,2.0,1.0,174.78,1,1,0,0.09090909090909091,1,7.944545454545454,0.3333333333333333,0,0,3.0,0.25
53926,0,20.0,Male,4.0,1,Married,6,1,1.0,2.0,3.0,228.68,1,1,0,0.09523809523809523,1,10.88952380952381,0.3333333333333333,0,1,3.1000000000000005,0.45
53927,1,1.0,Male,4.0,5,Married,7,1,3.0,3.0,3.0,186.34,1,1,0,1.5,0,93.17,0.75,0,1,3.8000000000000007,0.2
53928,1,1.0,Male,3.0,4,Single,8,0,1.0,2.0,1.0,192.35,1,2,0,1.0,1,96.175,0.3333333333333333,0,0,2.9,0.25
53929,0,1.0,Female,3.0,4,Single,3,0,2.0,2.0,3.0,157.95,0,2,0,1.0,1,78.975,0.6666666666666666,0,0,2.5,0.25
53930,0,5.0,Female,2.0,1,Single,4,0,2.0,2.0,5.0,177.38,0,2,0,0.3333333333333333,1,29.563333333333333,0.6666666666666666,0,1,2.2,0.45
53931,0,13.0,Male,4.0,1,Married,3,1,4.0,6.0,9.0,189.72,1,1,0,0.42857142857142855,0,13.551428571428572,0.5714285714285714,0,1,4.7,0.2
53932,0,6.0,Male,4.0,3,Married,5,0,2.0,2.0,3.0,221.1,1,1,0,0.2857142857142857,1,31.585714285714285,0.6666666666666666,0,0,3.1000000000000005,0.25
53933,0,14.0,Male,3.0,4,Single,3,0,2.0,13.0,9.0,323.33,1,2,0,0.8666666666666667,0,21.555333333333333,0.14285714285714285,0,0,6.9,0.0
53934,0,19.0,Female,3.0,3,Married,6,0,2.0,2.0,3.0,222.56,0,1,0,0.1,1,11.128,0.6666666666666666,0,0,2.8000000000000003,0.25
53935,0,4.0,Female,4.0,5,Single,2,0,1.0,2.0,8.0,174.68,0,2,0,0.4,1,34.936,0.3333333333333333,0,0,2.7000000000000006,0.25
53936,0,1.0,Male,3.0,1,Married,2,0,2.0,3.0,2.0,146.45,1,1,0,1.5,0,73.225,0.5,0,1,2.8000000000000007,0.2
53937,1,1.0,Female,4.0,1,Married,8,0,2.0,2.0,3.0,146.8,0,1,0,1.0,1,73.4,0.6666666666666666,0,1,3.4000000000000004,0.45
53938,0,5.0,Male,3.0,3,Married,3,0,1.0,2.0,3.0,208.46,1,1,0,0.3333333333333333,1,34.74333333333333,0.3333333333333333,0,0,2.4,0.25
53939,0,1.0,Female,4.0,1,Single,3,0,2.0,2.0,5.0,159.45,0,2,0,1.0,1,79.725,0.6666666666666666,0,1,2.9000000000000004,0.45
53940,1,1.0,Female,3.0,4,Single,3,0,2.0,3.0,3.0,152.6,0,2,0,1.5,0,76.3,0.5,0,0,2.9000000000000004,0.0
53941,0,3.0,Male,4.0,3,Single,10,1,1.0,2.0,3.0,187.94,1,2,0,0.5,1,46.985,0.3333333333333333,0,1,3.5000000000000004,0.45
53942,0,4.0,Male,4.0,5,Married,4,0,1.0,2.0,8.0,196.4,1,1,0,0.4,1,39.28,0.3333333333333333,0,0,2.9000000000000004,0.25
53943,0,8.0,Male,4.0,1,Married,2,1,1.0,2.0,3.0,154.32,1,1,0,0.2222222222222222,1,17.146666666666665,0.3333333333333333,0,1,2.7000000000000006,0.45
53944,0,7.0,Female,4.0,4,Single,10,0,1.0,2.0,8.0,176.47,0,2,0,0.25,1,22.05875,0.3333333333333333,0,0,3.5000000000000004,0.25
53945,0,23.0,Female,4.0,1,Single,5,0,1.0,2.0,5.0,170.07,0,2,0,0.08333333333333333,1,7.08625,0.3333333333333333,0,1,3.0000000000000004,0.45
53946,1,1.0,Female,4.0,5,Single,4,1,1.0,2.0,3.0,210.64,0,2,0,1.0,1,105.32,0.3333333333333333,0,1,2.9000000000000004,0.45
53947,0,12.0,Female,4.0,4,Married,6,0,1.0,2.0,6.0,149.68,0,1,0,0.15384615384615385,1,11.513846153846155,0.3333333333333333,0,0,3.1000000000000005,0.25
53948,1,1.0,Male,4.0,3,Married,4,0,2.0,2.0,1.0,206.61,1,1,0,1.0,1,103.305,0.6666666666666666,0,0,3.0000000000000004,0.25
53949,0,3.0,Female,4.0,5,Married,3,0,1.0,2.0,1.0,146.09,0,1,0,0.5,1,36.5225,0.3333333333333333,0,0,2.8000000000000003,0.25
53950,0,1.0,Male,3.0,3,Married,5,0,2.0,2.0,8.0,177.94,1,1,0,1.0,1,88.97,0.6666666666666666,0,0,2.7,0.25
53951,0,6.0,Male,4.0,4,Single,4,0,2.0,2.0,8.0,152.18,1,2,0,0.2857142857142857,1,21.740000000000002,0.6666666666666666,0,0,3.0000000000000004,0.25
53952,0,12.0,Male,3.0,1,Married,5,1,1.0,2.0,1.0,183.11,1,1,0,0.15384615384615385,1,14.085384615384616,0.3333333333333333,0,1,2.6,0.45
53953,1,7.0,Male,3.0,3,Married,11,1,2.0,2.0,1.0,149.37,1,1,0,0.25,1,18.67125,0.6666666666666666,0,1,3.3000000000000003,0.45
53954,0,16.0,Male,3.0,4,Married,10,0,2.0,2.0,5.0,152.66,1,1,0,0.11764705882352941,1,8.98,0.6666666666666666,0,0,3.2,0.25
53955,0,29.0,Male,3.0,5,Married,10,0,1.0,2.0,1.0,315.38,1,1,0,0.06666666666666667,1,10.512666666666666,0.3333333333333333,0,0,3.1,0.25
53956,0,7.0,Male,3.0,4,Married,7,0,1.0,2.0,8.0,155.55,1,1,0,0.25,1,19.44375,0.3333333333333333,0,0,2.8000000000000003,0.25
53957,0,15.0,Male,4.0,5,Married,3,0,2.0,2.0,5.0,147.89,1,1,0,0.125,1,9.243125,0.6666666666666666,0,0,2.9000000000000004,0.25
53958,0,8.0,Male,3.0,3,Married,3,1,2.0,2.0,8.0,165.01,1,1,0,0.2222222222222222,1,18.334444444444443,0.6666666666666666,0,1,2.5,0.45
53959,0,27.0,Female,3.0,3,Married,6,1,1.0,2.0,3.0,254.65,0,1,0,0.07142857142857142,1,9.094642857142857,0.3333333333333333,0,1,2.7,0.45
53960,0,17.0,Male,4.0,1,Single,2,0,1.0,2.0,9.0,160.39,1,2,0,0.1111111111111111,1,8.910555555555554,0.3333333333333333,0,1,2.7000000000000006,0.45
53961,0,8.0,Female,3.0,1,Single,7,0,2.0,3.0,3.0,185.29,0,2,0,0.3333333333333333,0,20.587777777777777,0.5,0,1,3.3000000000000007,0.2
53962,1,1.0,Male,3.0,4,Single,3,0,2.0,2.0,1.0,151.79,1,2,0,1.0,1,75.895,0.6666666666666666,0,0,2.5,0.25
53963,0,12.0,Female,3.0,3,Married,3,0,1.0,2.0,5.0,162.02,0,1,0,0.15384615384615385,1,12.463076923076924,0.3333333333333333,0,0,2.4,0.25
53964,1,1.0,Female,4.0,5,Married,3,1,1.0,2.0,1.0,148.98,0,1,0,1.0,1,74.49,0.3333333333333333,0,1,2.8000000000000003,0.45
53965,0,5.0,Female,4.0,1,Married,3,0,3.0,6.0,8.0,179.68,0,1,0,1.0,0,29.94666666666667,0.42857142857142855,0,1,4.6,0.2
53966,0,25.0,Female,3.0,3,Married,4,0,3.0,2.0,3.0,256.16,0,1,0,0.07692307692307693,1,9.852307692307694,1.0,0,0,2.7,0.25
53967,0,11.0,Male,3.0,4,Married,3,0,1.0,2.0,4.0,166.89,1,1,0,0.16666666666666666,1,13.907499999999999,0.3333333333333333,0,0,2.4,0.25
53968,0,20.0,Male,3.0,1,Married,9,1,2.0,3.0,3.0,318.28,1,1,0,0.14285714285714285,0,15.156190476190474,0.5,0,1,3.5000000000000004,0.2
53969,0,10.0,Male,3.0,5,Married,9,1,2.0,6.0,8.0,208.21,1,1,0,0.5454545454545454,0,18.92818181818182,0.2857142857142857,0,1,4.700000000000001,0.2
53970,1,8.0,Male,3.0,4,Married,3,1,2.0,3.0,4.0,148.42,1,1,0,0.3333333333333333,0,16.49111111111111,0.5,0,1,2.9000000000000004,0.2
53971,0,11.0,Male,3.0,4,Married,4,0,5.0,5.0,8.0,165.71,1,1,0,0.4166666666666667,0,13.809166666666668,0.8333333333333334,0,0,4.1,0.0
53972,1,1.0,Male,3.0,1,Single,3,1,1.0,8.0,8.0,183.13,1,2,0,4.0,0,91.565,0.1111111111111111,0,1,4.8,0.2
53973,0,7.0,Male,3.0,5,Married,8,0,7.0,8.0,7.0,156.43,1,1,0,1.0,0,19.55375,0.7777777777777778,0,0,5.9,0.0
53974,0,2.0,Male,3.0,1,Married,3,0,1.0,2.0,4.0,145.44,1,1,0,0.6666666666666666,1,48.48,0.3333333333333333,0,1,2.4,0.45
53975,0,13.0,Male,4.0,3,Single,9,0,3.0,2.0,3.0,259.64,1,2,0,0.14285714285714285,1,18.545714285714286,1.0,0,0,3.6000000000000005,0.25
53976,0,20.0,Male,4.0,4,Single,10,0,3.0,3.0,3.0,204.91,1,2,0,0.14285714285714285,0,9.757619047619048,0.75,0,0,4.1000000000000005,0.0
53977,0,14.0,Female,3.0,5,Married,6,0,2.0,2.0,3.0,158.77,0,1,0,0.13333333333333333,1,10.584666666666667,0.6666666666666666,0,0,2.8000000000000003,0.25
53978,0,16.0,Male,4.0,5,Married,7,0,2.0,2.0,1.0,180.38,1,1,0,0.11764705882352941,1,10.610588235294117,0.6666666666666666,0,0,3.3000000000000007,0.25
53979,0,9.0,Male,3.0,1,Married,4,0,1.0,2.0,8.0,182.62,1,1,0,0.2,1,18.262,0.3333333333333333,0,1,2.5,0.45
53980,0,12.0,Male,4.0,4,Married,7,0,4.0,4.0,9.0,150.92,1,1,0,0.3076923076923077,0,11.609230769230768,0.8,0,0,4.300000000000001,0.0
53981,1,1.0,Male,4.0,5,Married,6,0,1.0,2.0,8.0,178.46,1,1,0,1.0,1,89.23,0.3333333333333333,0,0,3.1000000000000005,0.25
53982,1,1.0,Male,3.0,5,Single,3,0,1.0,2.0,9.0,167.13,1,2,0,1.0,1,83.565,0.3333333333333333,0,0,2.4,0.25
53983,0,13.0,Male,3.0,1,Married,4,0,2.0,3.0,3.0,166.27,1,1,0,0.21428571428571427,0,11.876428571428573,0.5,0,1,3.0000000000000004,0.2
53984,0,17.0,Male,3.0,3,Single,6,0,1.0,2.0,3.0,149.38,1,2,0,0.1111111111111111,1,8.29888888888889,0.3333333333333333,0,0,2.7,0.25
53985,0,15.0,Male,3.0,4,Single,5,0,2.0,2.0,3.0,193.7,1,2,0,0.125,1,12.10625,0.6666666666666666,0,0,2.7,0.25
53986,0,15.0,Female,3.0,3,Married,2,1,1.0,14.0,3.0,229.47,0,1,0,0.875,0,14.341875,0.06666666666666667,0,1,7.1000000000000005,0.2
53987,0,4.0,Female,4.0,3,Single,11,0,1.0,2.0,3.0,221.67,0,2,0,0.4,1,44.333999999999996,0.3333333333333333,0,0,3.6000000000000005,0.25
53988,1,1.0,Female,4.0,4,Married,2,1,1.0,2.0,5.0,146.48,0,1,0,1.0,1,73.24,0.3333333333333333,0,1,2.7000000000000006,0.45
53989,1,10.0,Female,4.0,4,Married,6,0,2.0,4.0,3.0,214.26,0,1,0,0.36363636363636365,0,19.478181818181817,0.4,0,0,4.0,0.0
53990,0,14.0,Female,3.0,1,Married,6,0,1.0,2.0,4.0,190.13,0,1,0,0.13333333333333333,1,12.675333333333333,0.3333333333333333,0,1,2.7,0.45
53991,0,8.0,Male,4.0,3,Married,3,0,1.0,5.0,9.0,192.99,1,1,0,0.5555555555555556,0,21.443333333333335,0.16666666666666666,0,0,4.0,0.0
53992,0,31.0,Male,3.0,4,Married,6,0,11.0,15.0,15.0,25.0,1,1,1,0.46875,0,0.78125,0.6875,0,0,8.9,0.3
53993,0,9.0,Male,4.0,3,Married,2,0,2.0,2.0,4.0,152.05,1,1,0,0.2,1,15.205000000000002,0.6666666666666666,0,0,2.8000000000000007,0.25
53994,0,21.0,Female,4.0,4,Married,10,1,3.0,15.0,3.0,228.33,0,1,0,0.6818181818181818,0,10.378636363636364,0.1875,0,1,8.9,0.2
53995,0,14.0,Female,3.0,5,Married,4,0,8.0,8.0,8.0,169.48,0,1,0,0.5333333333333333,0,11.298666666666666,0.8888888888888888,0,0,5.6000000000000005,0.0
53996,0,28.0,Female,4.0,1,Married,6,0,2.0,2.0,8.0,193.54,0,1,0,0.06896551724137931,1,6.673793103448276,0.6666666666666666,0,1,3.2000000000000006,0.45
53997,0,5.0,Female,4.0,5,Married,4,0,3.0,3.0,3.0,221.37,0,1,0,0.5,0,36.895,0.75,0,0,3.5,0.0
53998,0,2.0,Female,4.0,5,Married,3,0,2.0,2.0,3.0,160.91,0,1,0,0.6666666666666666,1,53.63666666666666,0.6666666666666666,0,0,2.9000000000000004,0.25
53999,0,12.0,Female,4.0,1,Married,4,1,1.0,2.0,4.0,179.05,0,1,0,0.15384615384615385,1,13.773076923076925,0.3333333333333333,0,1,2.9000000000000004,0.45
54000,0,1.0,Male,3.0,1,Single,3,0,1.0,2.0,3.0,171.84,1,2,0,1.0,1,85.92,0.3333333333333333,0,1,2.4,0.45
54001,0,31.0,Male,3.0,3,Married,4,1,1.0,3.0,3.0,282.87,1,1,0,0.09375,0,8.8396875,0.25,0,1,2.9000000000000004,0.2
54002,0,1.0,Female,3.0,3,Single,3,0,2.0,2.0,1.0,140.14,0,2,0,1.0,1,70.07,0.6666666666666666,0,0,2.5,0.25
54003,1,1.0,Male,3.0,5,Married,2,0,2.0,2.0,1.0,154.56,1,1,0,1.0,1,77.28,0.6666666666666666,0,0,2.4000000000000004,0.25
54004,1,1.0,Male,3.0,5,Married,6,1,2.0,3.0,1.0,148.35,1,1,0,1.5,0,74.175,0.5,0,1,3.2000000000000006,0.2
54005,0,19.0,Female,4.0,3,Married,6,0,4.0,6.0,8.0,176.54,0,1,0,0.3,0,8.827,0.5714285714285714,0,0,5.0,0.0
54006,0,10.0,Female,4.0,4,Married,6,1,1.0,2.0,1.0,194.62,0,1,0,0.18181818181818182,1,17.69272727272727,0.3333333333333333,0,1,3.1000000000000005,0.45
54007,0,17.0,Male,4.0,1,Married,3,0,6.0,8.0,8.0,181.75,1,1,0,0.4444444444444444,0,10.097222222222221,0.6666666666666666,0,1,5.700000000000001,0.2
54008,0,1.0,Female,3.0,1,Single,2,1,2.0,2.0,3.0,148.79,0,2,0,1.0,1,74.395,0.6666666666666666,0,1,2.4000000000000004,0.45
54009,0,3.0,Male,3.0,1,Married,3,0,2.0,4.0,11.0,163.12,1,1,1,1.0,0,40.78,0.4,0,1,3.3000000000000007,0.5
54010,0,6.0,Male,4.0,1,Single,10,0,2.0,2.0,1.0,171.48,1,2,0,0.2857142857142857,1,24.497142857142855,0.6666666666666666,0,1,3.6000000000000005,0.45
54011,0,16.0,Male,3.0,3,Married,5,0,2.0,4.0,4.0,154.36,1,1,0,0.23529411764705882,0,9.08,0.4,0,0,3.5000000000000004,0.0
54012,0,21.0,Female,4.0,3,Single,6,0,2.0,3.0,1.0,146.05,0,2,0,0.13636363636363635,0,6.638636363636365,0.5,0,0,3.6000000000000005,0.0
54013,0,20.0,Male,3.0,1,Married,5,0,2.0,5.0,3.0,210.78,1,1,0,0.23809523809523808,0,10.037142857142857,0.3333333333333333,0,1,3.9000000000000004,0.2
54014,0,2.0,Male,3.0,1,Married,3,0,1.0,3.0,3.0,152.06,1,1,0,1.0,0,50.68666666666667,0.25,0,1,2.8000000000000003,0.2
54015,0,3.0,Male,4.0,3,Married,10,0,2.0,2.0,7.0,188.84,1,1,0,0.5,1,47.21,0.6666666666666666,0,0,3.6000000000000005,0.25
54016,0,16.0,Male,3.0,3,Single,6,0,2.0,2.0,1.0,164.68,1,2,0,0.11764705882352941,1,9.687058823529412,0.6666666666666666,0,0,2.8000000000000003,0.25
54017,1,1.0,Male,3.0,4,Single,9,1,3.0,3.0,3.0,224.07,1,2,0,1.5,0,112.035,0.75,0,1,3.6000000000000005,0.2
54018,0,20.0,Female,3.0,5,Married,4,0,2.0,2.0,9.0,257.25,0,1,0,0.09523809523809523,1,12.25,0.6666666666666666,0,0,2.6,0.25
54019,0,1.0,Female,3.0,3,Married,3,0,5.0,6.0,9.0,160.4,0,1,0,3.0,0,80.2,0.7142857142857143,0,0,4.4,0.0
54020,0,3.0,Male,3.0,4,Married,3,0,2.0,2.0,1.0,153.04,1,1,0,0.5,1,38.26,0.6666666666666666,0,0,2.5,0.25
54021,0,17.0,Female,3.0,3,Married,9,0,4.0,7.0,15.0,318.92,0,1,1,0.3888888888888889,0,17.71777777777778,0.5,0,0,5.300000000000001,0.3
54022,0,22.0,Male,4.0,4,Married,6,0,4.0,13.0,10.0,321.65,1,1,0,0.5652173913043478,0,13.984782608695651,0.2857142857142857,0,0,7.800000000000001,0.0
54023,1,1.0,Male,4.0,1,Single,3,1,2.0,2.0,1.0,149.39,1,2,0,1.0,1,74.695,0.6666666666666666,0,1,2.9000000000000004,0.45
54024,1,10.0,Female,4.0,4,Married,7,0,1.0,2.0,8.0,198.14,0,1,0,0.18181818181818182,1,18.012727272727272,0.3333333333333333,0,0,3.2000000000000006,0.25
54025,0,1.0,Female,4.0,5,Married,2,0,8.0,8.0,4.0,172.74,0,1,0,4.0,0,86.37,0.8888888888888888,0,0,5.800000000000001,0.0
54026,0,13.0,Male,3.0,1,Married,10,0,2.0,3.0,3.0,164.02,1,1,0,0.21428571428571427,0,11.715714285714286,0.5,0,1,3.6000000000000005,0.2
54027,0,29.0,Male,4.0,1,Married,10,0,1.0,2.0,5.0,151.62,1,1,0,0.06666666666666667,1,5.054,0.3333333333333333,0,1,3.5000000000000004,0.45
54028,0,2.0,Female,4.0,4,Married,3,0,2.0,2.0,1.0,153.56,0,1,0,0.6666666666666666,1,51.18666666666667,0.6666666666666666,0,0,2.9000000000000004,0.25
54029,1,1.0,Male,3.0,1,Single,3,0,1.0,2.0,1.0,135.81,1,2,0,1.0,1,67.905,0.3333333333333333,0,1,2.4,0.45
54030,1,1.0,Male,4.0,4,Single,3,1,2.0,2.0,1.0,149.72,1,2,0,1.0,1,74.86,0.6666666666666666,0,1,2.9000000000000004,0.45
54031,0,10.0,Female,4.0,3,Married,3,1,2.0,2.0,8.0,181.73,0,1,0,0.18181818181818182,1,16.52090909090909,0.6666666666666666,0,1,2.9000000000000004,0.45
54032,0,5.0,Male,3.0,3,Married,3,0,1.0,2.0,3.0,166.97,1,1,0,0.3333333333333333,1,27.828333333333333,0.3333333333333333,0,0,2.4,0.25
54033,0,8.0,Male,4.0,1,Married,4,1,1.0,2.0,3.0,222.13,1,1,0,0.2222222222222222,1,24.68111111111111,0.3333333333333333,0,1,2.9000000000000004,0.45
54034,0,3.0,Male,3.0,5,Single,5,0,1.0,2.0,3.0,145.62,1,2,0,0.5,1,36.405,0.3333333333333333,0,0,2.6,0.25
54035,0,11.0,Male,4.0,5,Married,7,1,1.0,2.0,5.0,167.84,1,1,0,0.16666666666666666,1,13.986666666666666,0.3333333333333333,0,1,3.2000000000000006,0.45
54036,0,9.0,Female,3.0,4,Married,2,1,2.0,2.0,3.0,172.88,0,1,0,0.2,1,17.288,0.6666666666666666,0,1,2.4000000000000004,0.45
54037,0,19.0,Female,4.0,1,Married,2,0,1.0,4.0,9.0,184.06,0,1,0,0.2,0,9.203,0.2,0,1,3.5000000000000004,0.2
54038,0,10.0,Male,4.0,1,Single,3,0,2.0,2.0,9.0,163.86,1,2,0,0.18181818181818182,1,14.896363636363638,0.6666666666666666,0,1,2.9000000000000004,0.45
54039,0,14.0,Male,4.0,5,Married,4,0,10.0,12.0,17.0,293.23,1,1,1,0.8,0,19.54866666666667,0.7692307692307693,0,0,7.800000000000001,0.3
54040,0,1.0,Female,3.0,3,Married,3,1,1.0,2.0,1.0,154.33,0,1,0,1.0,1,77.165,0.3333333333333333,0,1,2.4,0.45
54041,0,1.0,Female,3.0,3,Single,2,0,1.0,2.0,8.0,190.0,0,2,0,1.0,1,95.0,0.3333333333333333,0,0,2.3000000000000003,0.25
54042,0,22.0,Female,3.0,1,Married,5,0,1.0,5.0,8.0,296.74,0,1,0,0.21739130434782608,0,12.901739130434782,0.16666666666666666,0,1,3.8000000000000003,0.2
54043,0,18.0,Male,4.0,5,Married,4,0,3.0,3.0,3.0,175.33,1,1,0,0.15789473684210525,0,9.227894736842106,0.75,0,0,3.5,0.0
54044,1,1.0,Male,3.0,5,Married,3,1,4.0,4.0,1.0,148.07,1,1,0,2.0,0,74.035,0.8,0,1,3.5000000000000004,0.2
54045,1,20.0,Male,4.0,1,Single,3,0,1.0,2.0,1.0,150.87,1,2,0,0.09523809523809523,1,7.184285714285714,0.3333333333333333,0,1,2.8000000000000003,0.45
54046,0,10.0,Male,3.0,4,Married,4,0,2.0,2.0,4.0,180.07,1,1,0,0.18181818181818182,1,16.37,0.6666666666666666,0,0,2.6,0.25
54047,0,15.0,Female,3.0,4,Married,7,0,2.0,2.0,5.0,168.93,0,1,0,0.125,1,10.558125,0.6666666666666666,0,0,2.9000000000000004,0.25
54048,0,16.0,Male,3.0,5,Married,11,0,4.0,2.0,8.0,258.48,1,1,0,0.11764705882352941,1,15.204705882352942,1.3333333333333333,0,0,3.5,0.25
54049,0,5.0,Female,3.0,1,Married,4,1,1.0,2.0,5.0,190.83,0,1,0,0.3333333333333333,1,31.805000000000003,0.3333333333333333,0,1,2.5,0.45
54050,0,8.0,Female,4.0,1,Married,5,1,1.0,2.0,2.0,206.03,0,1,0,0.2222222222222222,1,22.892222222222223,0.3333333333333333,0,1,3.0000000000000004,0.45
54051,0,5.0,Female,4.0,3,Married,10,0,3.0,3.0,3.0,164.78,0,1,0,0.5,0,27.463333333333335,0.75,0,0,4.1000000000000005,0.0
54052,0,1.0,Male,4.0,1,Married,2,0,3.0,8.0,8.0,150.44,1,1,0,4.0,0,75.22,0.3333333333333333,0,1,5.300000000000001,0.2
54053,0,19.0,Male,3.0,3,Single,6,0,2.0,2.0,4.0,178.99,1,2,0,0.1,1,8.9495,0.6666666666666666,0,0,2.8000000000000003,0.25
54054,0,7.0,Male,3.0,3,Single,3,0,1.0,2.0,10.0,179.87,1,2,0,0.25,1,22.48375,0.3333333333333333,0,0,2.4,0.25
54055,0,2.0,Male,3.0,1,Married,3,1,1.0,2.0,8.0,193.34,1,1,0,0.6666666666666666,1,64.44666666666667,0.3333333333333333,0,1,2.4,0.45
54056,1,1.0,Male,3.0,5,Single,3,0,2.0,2.0,1.0,135.91,1,2,0,1.0,1,67.955,0.6666666666666666,0,0,2.5,0.25
54057,0,13.0,Female,3.0,3,Married,8,0,1.0,2.0,3.0,182.36,0,1,0,0.14285714285714285,1,13.025714285714287,0.3333333333333333,0,0,2.9,0.25
54058,0,1.0,Male,3.0,4,Married,3,0,2.0,2.0,3.0,147.26,1,1,0,1.0,1,73.63,0.6666666666666666,0,0,2.5,0.25
54059,0,8.0,Male,3.0,1,Married,3,1,4.0,7.0,12.0,182.47,1,1,1,0.7777777777777778,0,20.274444444444445,0.5,0,1,4.7,0.5
54060,1,1.0,Female,3.0,3,Single,5,1,3.0,3.0,3.0,223.54,0,2,0,1.5,0,111.77,0.75,0,1,3.2,0.2
54061,0,21.0,Male,4.0,4,Married,10,0,1.0,2.0,8.0,179.67,1,1,0,0.09090909090909091,1,8.166818181818181,0.3333333333333333,0,0,3.5000000000000004,0.25
54062,0,30.0,Female,3.0,5,Married,6,0,1.0,2.0,1.0,178.8,0,1,0,0.06451612903225806,1,5.767741935483872,0.3333333333333333,0,0,2.7,0.25
54063,0,13.0,Male,3.0,5,Married,3,0,5.0,8.0,10.0,176.51,1,1,0,0.5714285714285714,0,12.607857142857142,0.5555555555555556,0,0,5.2,0.0
54064,0,12.0,Female,3.0,4,Married,3,1,2.0,2.0,8.0,146.33,0,1,0,0.15384615384615385,1,11.256153846153847,0.6666666666666666,0,1,2.5,0.45
54065,0,31.0,Female,4.0,1,Married,6,1,2.0,2.0,1.0,303.75,0,1,0,0.0625,1,9.4921875,0.6666666666666666,0,1,3.2000000000000006,0.45
54066,1,1.0,Female,3.0,3,Single,5,1,1.0,2.0,4.0,149.32,0,2,0,1.0,1,74.66,0.3333333333333333,0,1,2.6,0.45
54067,0,12.0,Male,4.0,1,Married,4,0,2.0,2.0,4.0,172.71,1,1,0,0.15384615384615385,1,13.285384615384617,0.6666666666666666,0,1,3.0000000000000004,0.45
54068,0,23.0,Male,3.0,1,Married,5,0,3.0,5.0,4.0,316.61,1,1,0,0.20833333333333334,0,13.192083333333334,0.5,0,1,4.0,0.2
54069,0,16.0,Male,4.0,1,Married,5,1,1.0,2.0,1.0,175.87,1,1,0,0.11764705882352941,1,10.34529411764706,0.3333333333333333,0,1,3.0000000000000004,0.45
54070,1,1.0,Female,3.0,4,Married,3,0,2.0,2.0,1.0,153.63,0,1,0,1.0,1,76.815,0.6666666666666666,0,0,2.5,0.25
54071,0,9.0,Male,4.0,5,Married,2,0,1.0,2.0,5.0,25.0,1,1,0,0.2,1,2.5,0.3333333333333333,0,0,2.7000000000000006,0.25
54072,0,2.0,Male,3.0,3,Single,3,0,1.0,2.0,5.0,146.44,1,2,0,0.6666666666666666,1,48.81333333333333,0.3333333333333333,0,0,2.4,0.25
54073,0,5.0,Male,3.0,5,Married,3,1,1.0,3.0,4.0,155.65,1,1,0,0.5,0,25.941666666666666,0.25,0,1,2.8000000000000003,0.2
54074,0,10.0,Male,4.0,4,Married,3,0,2.0,2.0,3.0,153.1,1,1,0,0.18181818181818182,1,13.918181818181818,0.6666666666666666,0,0,2.9000000000000004,0.25
54075,0,8.0,Male,3.0,1,Single,3,0,2.0,3.0,3.0,223.88,1,2,0,0.3333333333333333,0,24.875555555555554,0.5,0,1,2.9000000000000004,0.2
54076,0,8.0,Male,3.0,3,Married,3,0,2.0,2.0,3.0,211.28,1,1,0,0.2222222222222222,1,23.475555555555555,0.6666666666666666,0,0,2.5,0.25
54077,0,1.0,Male,4.0,5,Single,2,0,4.0,8.0,7.0,153.67,1,2,0,4.0,0,76.835,0.4444444444444444,0,0,5.400000000000001,0.0
54078,0,3.0,Male,3.0,5,Married,2,0,2.0,2.0,3.0,178.73,1,1,0,0.5,1,44.6825,0.6666666666666666,0,0,2.4000000000000004,0.25
54079,0,6.0,Female,3.0,1,Married,7,0,1.0,2.0,3.0,191.67,0,1,0,0.2857142857142857,1,27.381428571428568,0.3333333333333333,0,1,2.8000000000000003,0.45
54080,0,5.0,Male,3.0,5,Married,3,0,2.0,9.0,8.0,175.03,1,1,0,1.5,0,29.171666666666667,0.2,0,0,5.300000000000001,0.0
54081,1,1.0,Male,3.0,1,Married,7,0,1.0,2.0,4.0,148.67,1,1,0,1.0,1,74.335,0.3333333333333333,0,1,2.8000000000000003,0.45
54082,0,12.0,Male,3.0,5,Single,6,0,1.0,2.0,1.0,153.58,1,2,0,0.15384615384615385,1,11.813846153846155,0.3333333333333333,0,0,2.7,0.25
54083,0,9.0,Female,3.0,1,Married,3,1,2.0,2.0,10.0,177.04,0,1,0,0.2,1,17.704,0.6666666666666666,0,1,2.5,0.45
54084,0,1.0,Male,3.0,1,Single,3,0,1.0,2.0,8.0,166.05,1,2,0,1.0,1,83.025,0.3333333333333333,0,1,2.4,0.45
54085,0,6.0,Male,3.0,1,Single,10,0,1.0,2.0,3.0,221.79,1,2,0,0.2857142857142857,1,31.684285714285714,0.3333333333333333,0,1,3.1,0.45
54086,1,1.0,Male,4.0,1,Married,3,1,1.0,2.0,9.0,181.17,1,1,0,1.0,1,90.585,0.3333333333333333,0,1,2.8000000000000003,0.45
54087,1,17.0,Male,4.0,5,Single,8,1,3.0,3.0,3.0,229.48,1,2,0,0.16666666666666666,0,12.748888888888889,0.75,0,1,3.9000000000000004,0.2
54088,0,28.0,Female,4.0,3,Married,5,0,1.0,3.0,4.0,153.97,0,1,0,0.10344827586206896,0,5.309310344827586,0.25,0,0,3.4000000000000004,0.0
54089,0,7.0,Male,3.0,3,Married,3,0,3.0,3.0,9.0,184.68,1,1,0,0.375,0,23.085,0.75,0,0,3.0,0.0
54090,0,17.0,Male,2.0,3,Married,3,0,2.0,2.0,10.0,200.1,1,1,0,0.1111111111111111,1,11.116666666666667,0.6666666666666666,0,0,2.1,0.25
54091,0,12.0,Male,3.0,4,Married,2,1,2.0,2.0,3.0,154.91,1,1,0,0.15384615384615385,1,11.916153846153845,0.6666666666666666,0,1,2.4000000000000004,0.45
54092,0,29.0,Male,4.0,4,Married,6,1,2.0,2.0,5.0,321.36,1,1,0,0.06666666666666667,1,10.712,0.6666666666666666,0,1,3.2000000000000006,0.45
54093,0,5.0,Female,3.0,1,Married,3,1,2.0,2.0,1.0,136.29,0,1,0,0.3333333333333333,1,22.715,0.6666666666666666,0,1,2.5,0.45
54094,0,13.0,Male,4.0,5,Single,2,0,5.0,2.0,11.0,258.41,1,2,1,0.14285714285714285,1,18.457857142857144,1.6666666666666667,0,0,3.1000000000000005,0.55
54095,0,16.0,Male,3.0,3,Single,3,0,3.0,4.0,8.0,168.32,1,2,0,0.23529411764705882,0,9.901176470588235,0.6,0,0,3.4000000000000004,0.0
54096,0,5.0,Female,3.0,3,Married,6,0,4.0,2.0,9.0,235.31,0,1,0,0.3333333333333333,1,39.218333333333334,1.3333333333333333,0,0,3.0,0.25
54097,0,28.0,Female,4.0,5,Single,8,1,1.0,2.0,5.0,169.4,0,2,0,0.06896551724137931,1,5.841379310344828,0.3333333333333333,0,1,3.3000000000000003,0.45
54098,0,1.0,Male,3.0,3,Single,3,0,2.0,2.0,3.0,171.17,1,2,0,1.0,1,85.585,0.6666666666666666,0,0,2.5,0.25
54099,0,1.0,Male,4.0,1,Single,3,0,2.0,2.0,5.0,151.47,1,2,0,1.0,1,75.735,0.6666666666666666,0,1,2.9000000000000004,0.45
54100,0,14.0,Female,4.0,3,Married,3,0,3.0,10.0,5.0,188.23,0,1,0,0.6666666666666666,0,12.548666666666666,0.2727272727272727,0,0,6.199999999999999,0.0
54101,0,14.0,Female,4.0,4,Married,5,0,2.0,6.0,11.0,181.77,0,1,1,0.4,0,12.118,0.2857142857142857,0,0,4.7,0.3
54102,0,1.0,Female,3.0,4,Married,6,0,1.0,2.0,3.0,146.87,0,1,0,1.0,1,73.435,0.3333333333333333,0,0,2.7,0.25
54103,0,4.0,Male,4.0,4,Married,3,0,1.0,2.0,8.0,162.48,1,1,0,0.4,1,32.495999999999995,0.3333333333333333,0,0,2.8000000000000003,0.25
54104,0,1.0,Male,3.0,3,Married,8,1,1.0,2.0,3.0,164.77,1,1,0,1.0,1,82.385,0.3333333333333333,0,1,2.9,0.45
54105,0,21.0,Male,3.0,3,Single,4,0,2.0,13.0,3.0,211.33,1,2,0,0.5909090909090909,0,9.605909090909092,0.14285714285714285,0,0,7.000000000000001,0.0
54106,0,7.0,Male,3.0,3,Married,3,0,1.0,2.0,1.0,145.08,1,1,0,0.25,1,18.135,0.3333333333333333,0,0,2.4,0.25
54107,0,12.0,Male,3.0,4,Married,2,0,5.0,6.0,9.0,169.4,1,1,0,0.46153846153846156,0,13.03076923076923,0.7142857142857143,0,0,4.300000000000001,0.0
54108,0,5.0,Male,3.0,3,Married,2,0,2.0,2.0,3.0,155.67,1,1,0,0.3333333333333333,1,25.944999999999997,0.6666666666666666,0,0,2.4000000000000004,0.25
54109,0,12.0,Male,4.0,3,Married,4,0,3.0,8.0,8.0,178.21,1,1,0,0.6153846153846154,0,13.708461538461538,0.3333333333333333,0,0,5.500000000000001,0.0
54110,0,16.0,Male,3.0,5,Married,8,1,1.0,2.0,3.0,179.1,1,1,0,0.11764705882352941,1,10.535294117647059,0.3333333333333333,0,1,2.9,0.45
54111,0,15.0,Male,4.0,1,Married,5,0,1.0,2.0,1.0,152.82,1,1,0,0.125,1,9.55125,0.3333333333333333,0,1,3.0000000000000004,0.45
54112,0,21.0,Female,4.0,4,Married,2,0,1.0,2.0,13.0,244.57,0,1,1,0.09090909090909091,1,11.116818181818182,0.3333333333333333,0,0,2.7000000000000006,0.55
54113,0,9.0,Male,3.0,3,Married,9,1,1.0,3.0,3.0,151.6,1,1,0,0.3,0,15.16,0.25,0,1,3.4000000000000004,0.2
54114,0,1.0,Male,4.0,3,Single,2,0,1.0,2.0,3.0,158.75,1,2,0,1.0,1,79.375,0.3333333333333333,0,0,2.7000000000000006,0.25
54115,0,9.0,Male,3.0,3,Single,3,0,1.0,2.0,9.0,175.98,1,2,0,0.2,1,17.598,0.3333333333333333,0,0,2.4,0.25
54116,0,7.0,Female,4.0,1,Married,2,1,6.0,9.0,2.0,37.0,0,1,0,1.125,0,4.625,0.6,0,1,6.0,0.2
54117,0,6.0,Female,3.0,4,Single,3,0,4.0,5.0,2.0,153.37,0,2,0,0.7142857142857143,0,21.91,0.6666666666666666,0,0,3.9,0.0
54118,0,14.0,Male,3.0,1,Married,10,0,1.0,2.0,1.0,149.06,1,1,0,0.13333333333333333,1,9.937333333333333,0.3333333333333333,0,1,3.1,0.45
54119,0,6.0,Male,4.0,4,Married,2,0,1.0,3.0,3.0,147.69,1,1,0,0.42857142857142855,0,21.09857142857143,0.25,0,0,3.1000000000000005,0.0
54120,0,13.0,Male,3.0,1,Single,9,0,2.0,2.0,8.0,166.08,1,2,0,0.14285714285714285,1,11.862857142857143,0.6666666666666666,0,1,3.1,0.45
54121,0,12.0,Female,3.0,3,Married,5,0,2.0,2.0,12.0,257.06,0,1,1,0.15384615384615385,1,19.773846153846154,0.6666666666666666,0,0,2.7,0.55
54122,0,6.0,Female,3.0,1,Married,3,0,4.0,6.0,3.0,229.22,0,1,0,0.8571428571428571,0,32.745714285714286,0.5714285714285714,0,1,4.300000000000001,0.2
54123,0,11.0,Female,3.0,1,Married,3,1,1.0,7.0,9.0,262.44,0,1,0,0.5833333333333334,0,21.87,0.125,0,1,4.3999999999999995,0.2
54124,0,1.0,Female,3.0,3,Married,2,1,2.0,2.0,5.0,174.07,0,1,0,1.0,1,87.035,0.6666666666666666,0,1,2.4000000000000004,0.45
54125,0,26.0,Male,3.0,1,Married,4,0,2.0,2.0,1.0,159.82,1,1,0,0.07407407407407407,1,5.919259259259259,0.6666666666666666,0,1,2.6,0.45
54126,0,18.0,Male,3.0,1,Single,8,1,1.0,2.0,3.0,149.36,1,2,0,0.10526315789473684,1,7.861052631578948,0.3333333333333333,0,1,2.9,0.45
54127,0,1.0,Male,3.0,5,Single,3,1,2.0,2.0,3.0,148.8,1,2,0,1.0,1,74.4,0.6666666666666666,0,1,2.5,0.45
54128,0,13.0,Male,3.0,1,Single,4,0,1.0,2.0,4.0,319.31,1,2,0,0.14285714285714285,1,22.80785714285714,0.3333333333333333,0,1,2.5,0.45
54129,1,1.0,Male,3.0,5,Married,3,0,2.0,2.0,1.0,142.9,1,1,0,1.0,1,71.45,0.6666666666666666,0,0,2.5,0.25
54130,0,10.0,Female,4.0,1,Married,2,0,4.0,4.0,5.0,201.44,0,1,0,0.36363636363636365,0,18.312727272727273,0.8,0,1,3.8000000000000003,0.2
54131,0,10.0,Female,4.0,4,Married,9,0,2.0,2.0,3.0,176.31,0,1,0,0.18181818181818182,1,16.028181818181817,0.6666666666666666,0,0,3.5000000000000004,0.25
54132,0,30.0,Male,3.0,3,Married,3,0,1.0,2.0,10.0,188.06,1,1,0,0.06451612903225806,1,6.066451612903226,0.3333333333333333,0,0,2.4,0.25
54133,1,1.0,Male,3.0,1,Married,11,1,3.0,3.0,3.0,172.87,1,1,0,1.5,0,86.435,0.75,0,1,3.8000000000000007,0.2
54134,0,16.0,Male,3.0,3,Married,7,0,2.0,5.0,15.0,313.8,1,1,1,0.29411764705882354,0,18.458823529411767,0.3333333333333333,0,0,4.1000000000000005,0.3
54135,1,20.0,Male,4.0,3,Married,10,0,7.0,10.0,9.0,148.39,1,1,0,0.47619047619047616,0,7.066190476190475,0.6363636363636364,0,0,7.3,0.0
54136,0,15.0,Female,3.0,4,Married,2,0,2.0,2.0,11.0,260.7,0,1,1,0.125,1,16.29375,0.6666666666666666,0,0,2.4000000000000004,0.55
54137,0,8.0,Female,4.0,3,Married,3,0,2.0,2.0,8.0,192.12,0,1,0,0.2222222222222222,1,21.346666666666668,0.6666666666666666,0,0,2.9000000000000004,0.25
54138,0,10.0,Male,3.0,1,Married,3,0,5.0,12.0,12.0,179.06,1,1,1,1.0909090909090908,0,16.278181818181817,0.38461538461538464,0,1,6.800000000000001,0.5
54139,0,15.0,Male,3.0,4,Married,4,0,1.0,2.0,3.0,214.38,1,1,0,0.125,1,13.39875,0.3333333333333333,0,0,2.5,0.25
54140,0,6.0,Male,4.0,5,Single,3,0,2.0,2.0,3.0,149.39,1,2,0,0.2857142857142857,1,21.34142857142857,0.6666666666666666,0,0,2.9000000000000004,0.25
54141,0,9.0,Female,3.0,1,Single,3,1,2.0,2.0,3.0,213.37,0,2,0,0.2,1,21.337,0.6666666666666666,0,1,2.5,0.45
54142,0,12.0,Female,4.0,1,Married,3,0,1.0,2.0,10.0,178.43,0,1,0,0.15384615384615385,1,13.725384615384616,0.3333333333333333,0,1,2.8000000000000003,0.45
54143,1,14.0,Male,4.0,3,Married,9,0,2.0,2.0,2.0,192.28,1,1,0,0.13333333333333333,1,12.818666666666667,0.6666666666666666,0,0,3.5000000000000004,0.25
54144,0,10.0,Female,4.0,1,Married,6,0,2.0,2.0,1.0,191.52,0,1,0,0.18181818181818182,1,17.41090909090909,0.6666666666666666,0,1,3.2000000000000006,0.45
54145,0,19.0,Female,3.0,3,Single,10,0,2.0,2.0,2.0,173.5,0,2,0,0.1,1,8.675,0.6666666666666666,0,0,3.2,0.25
54146,0,14.0,Male,3.0,3,Single,4,0,1.0,3.0,3.0,153.09,1,2,0,0.2,0,10.206,0.25,0,0,2.9000000000000004,0.0
54147,0,9.0,Male,4.0,3,Married,3,1,2.0,2.0,3.0,181.89,1,1,0,0.2,1,18.189,0.6666666666666666,0,1,2.9000000000000004,0.45
54148,0,14.0,Female,4.0,3,Married,4,0,2.0,2.0,3.0,145.01,0,1,0,0.13333333333333333,1,9.667333333333334,0.6666666666666666,0,0,3.0000000000000004,0.25
54149,0,9.0,Female,4.0,1,Married,3,0,1.0,2.0,2.0,154.77,0,1,0,0.2,1,15.477,0.3333333333333333,0,1,2.8000000000000003,0.45
54150,0,3.0,Male,3.0,4,Married,6,1,2.0,2.0,4.0,165.25,1,1,0,0.5,1,41.3125,0.6666666666666666,0,1,2.8000000000000003,0.45
54151,0,3.0,Female,4.0,5,Single,3,0,1.0,2.0,5.0,162.85,0,2,0,0.5,1,40.7125,0.3333333333333333,0,0,2.8000000000000003,0.25
54152,1,14.0,Male,3.0,5,Married,6,1,1.0,2.0,1.0,233.54,1,1,0,0.13333333333333333,1,15.569333333333333,0.3333333333333333,0,1,2.7,0.45
54153,0,13.0,Female,3.0,1,Married,2,0,2.0,2.0,7.0,245.31,0,1,0,0.14285714285714285,1,17.522142857142857,0.6666666666666666,0,1,2.4000000000000004,0.45
54154,0,5.0,Male,4.0,5,Single,2,0,1.0,2.0,3.0,224.36,1,2,0,0.3333333333333333,1,37.39333333333334,0.3333333333333333,0,0,2.7000000000000006,0.25
54155,0,1.0,Female,2.0,3,Single,2,0,1.0,2.0,1.0,154.66,0,2,0,1.0,1,77.33,0.3333333333333333,0,0,1.9000000000000001,0.25
54156,0,10.0,Male,3.0,1,Married,6,0,1.0,2.0,4.0,150.71,1,1,0,0.18181818181818182,1,13.700909090909091,0.3333333333333333,0,1,2.7,0.45
54157,0,13.0,Male,3.0,5,Married,6,0,2.0,2.0,3.0,224.91,1,1,0,0.14285714285714285,1,16.065,0.6666666666666666,0,0,2.8000000000000003,0.25
54158,0,1.0,Male,3.0,4,Married,3,1,2.0,2.0,4.0,186.42,1,1,0,1.0,1,93.21,0.6666666666666666,0,1,2.5,0.45
54159,0,23.0,Male,4.0,4,Married,4,0,2.0,2.0,9.0,178.9,1,1,0,0.08333333333333333,1,7.454166666666667,0.6666666666666666,0,0,3.0000000000000004,0.25
54160,0,8.0,Male,3.0,3,Married,4,0,1.0,2.0,3.0,169.04,1,1,0,0.2222222222222222,1,18.78222222222222,0.3333333333333333,0,0,2.5,0.25
54161,1,5.0,Female,4.0,1,Single,10,1,1.0,2.0,6.0,184.93,0,2,0,0.3333333333333333,1,30.82166666666667,0.3333333333333333,0,1,3.5000000000000004,0.45
54162,0,23.0,Male,4.0,4,Married,3,0,1.0,2.0,8.0,176.3,1,1,0,0.08333333333333333,1,7.345833333333334,0.3333333333333333,0,0,2.8000000000000003,0.25
54163,1,1.0,Male,4.0,3,Single,8,1,1.0,2.0,1.0,145.9,1,2,0,1.0,1,72.95,0.3333333333333333,0,1,3.3000000000000003,0.45
54164,0,7.0,Female,3.0,3,Married,3,1,3.0,4.0,1.0,154.09,0,1,0,0.5,0,19.26125,0.6,0,1,3.4000000000000004,0.2
54165,0,1.0,Male,3.0,4,Married,11,0,2.0,3.0,3.0,159.68,1,1,0,1.5,0,79.84,0.5,0,0,3.7000000000000006,0.0
54166,0,6.0,Male,4.0,1,Single,2,0,2.0,4.0,7.0,155.68,1,2,0,0.5714285714285714,0,22.240000000000002,0.4,0,1,3.6000000000000005,0.2
54167,0,31.0,Female,3.0,5,Married,6,1,1.0,2.0,1.0,151.7,0,1,0,0.0625,1,4.740625,0.3333333333333333,0,1,2.7,0.45
54168,0,4.0,Male,4.0,3,Married,3,0,2.0,2.0,1.0,151.93,1,1,0,0.4,1,30.386000000000003,0.6666666666666666,0,0,2.9000000000000004,0.25
54169,0,12.0,Male,3.0,3,Single,2,0,2.0,2.0,3.0,220.26,1,2,0,0.15384615384615385,1,16.943076923076923,0.6666666666666666,0,0,2.4000000000000004,0.25
54170,0,10.0,Male,4.0,3,Married,8,0,1.0,8.0,8.0,177.37,1,1,0,0.7272727272727273,0,16.124545454545455,0.1111111111111111,0,0,5.7,0.0
54171,0,9.0,Male,3.0,4,Married,2,0,2.0,2.0,4.0,149.26,1,1,0,0.2,1,14.925999999999998,0.6666666666666666,0,0,2.4000000000000004,0.25
54172,0,3.0,Female,3.0,3,Single,2,1,2.0,2.0,9.0,166.93,0,2,0,0.5,1,41.7325,0.6666666666666666,0,1,2.4000000000000004,0.45
54173,0,5.0,Male,3.0,3,Married,3,0,4.0,5.0,4.0,154.11,1,1,0,0.8333333333333334,0,25.685000000000002,0.6666666666666666,0,0,3.9,0.0
54174,0,8.0,Male,4.0,1,Married,2,0,1.0,2.0,3.0,151.61,1,1,0,0.2222222222222222,1,16.845555555555556,0.3333333333333333,0,1,2.7000000000000006,0.45
54175,1,1.0,Male,3.0,3,Single,7,1,1.0,2.0,4.0,145.28,1,2,0,1.0,1,72.64,0.3333333333333333,0,1,2.8000000000000003,0.45
54176,0,3.0,Female,3.0,5,Married,3,0,7.0,9.0,3.0,224.8,0,1,0,2.25,0,56.2,0.7,0,0,5.800000000000001,0.0
54177,0,6.0,Male,4.0,4,Married,2,1,2.0,2.0,6.0,157.98,1,1,0,0.2857142857142857,1,22.568571428571428,0.6666666666666666,0,1,2.8000000000000007,0.45
54178,0,1.0,Male,4.0,1,Married,3,1,1.0,2.0,1.0,154.35,1,1,0,1.0,1,77.175,0.3333333333333333,0,1,2.8000000000000003,0.45
54179,0,27.0,Female,4.0,1,Married,4,0,1.0,4.0,8.0,279.27,0,1,0,0.14285714285714285,0,9.973928571428571,0.2,0,1,3.7,0.2
54180,0,12.0,Male,3.0,1,Single,7,1,1.0,2.0,3.0,164.44,1,2,0,0.15384615384615385,1,12.649230769230769,0.3333333333333333,0,1,2.8000000000000003,0.45
54181,0,1.0,Female,4.0,3,Married,2,0,1.0,2.0,4.0,165.11,0,1,0,1.0,1,82.555,0.3333333333333333,0,0,2.7000000000000006,0.25
54182,1,1.0,Male,3.0,5,Single,9,0,1.0,2.0,4.0,159.07,1,2,0,1.0,1,79.535,0.3333333333333333,0,0,3.0,0.25
54183,0,8.0,Female,3.0,4,Single,2,0,1.0,2.0,12.0,244.94,0,2,1,0.2222222222222222,1,27.215555555555554,0.3333333333333333,0,0,2.3000000000000003,0.55
54184,0,1.0,Male,4.0,1,Single,3,0,2.0,2.0,1.0,137.32,1,2,0,1.0,1,68.66,0.6666666666666666,0,1,2.9000000000000004,0.45
54185,1,1.0,Male,3.0,5,Single,4,0,1.0,2.0,4.0,154.6,1,2,0,1.0,1,77.3,0.3333333333333333,0,0,2.5,0.25
54186,0,27.0,Female,3.0,3,Married,6,0,2.0,5.0,9.0,315.94,0,1,0,0.17857142857142858,0,11.28357142857143,0.3333333333333333,0,0,4.0,0.0
54187,1,1.0,Female,4.0,5,Single,3,1,1.0,7.0,8.0,164.19,0,2,0,3.5,0,82.095,0.125,0,1,4.8,0.2
54188,0,16.0,Male,3.0,4,Married,2,0,3.0,5.0,3.0,193.25,1,1,0,0.29411764705882354,0,11.367647058823529,0.5,0,0,3.7,0.0
54189,0,18.0,Female,3.0,1,Married,5,0,1.0,6.0,3.0,227.48,0,1,0,0.3157894736842105,0,11.972631578947368,0.14285714285714285,0,1,4.2,0.2
54190,0,20.0,Female,3.0,5,Single,5,0,3.0,3.0,2.0,314.47,0,2,0,0.14285714285714285,0,14.974761904761905,0.75,0,0,3.2,0.0
54191,0,7.0,Male,4.0,1,Single,6,0,1.0,2.0,1.0,149.96,1,2,0,0.25,1,18.745,0.3333333333333333,0,1,3.1000000000000005,0.45
54192,0,18.0,Male,3.0,1,Married,4,1,1.0,2.0,4.0,189.65,1,1,0,0.10526315789473684,1,9.98157894736842,0.3333333333333333,0,1,2.5,0.45
54193,0,4.0,Male,3.0,3,Single,3,0,1.0,2.0,9.0,147.06,1,2,0,0.4,1,29.412,0.3333333333333333,0,0,2.4,0.25
54194,1,3.0,Male,3.0,1,Married,5,0,1.0,2.0,1.0,145.86,1,1,0,0.5,1,36.465,0.3333333333333333,0,1,2.6,0.45
54195,1,1.0,Male,4.0,1,Married,4,1,1.0,3.0,1.0,147.93,1,1,0,1.5,0,73.965,0.25,0,1,3.3000000000000003,0.2
54196,0,17.0,Female,4.0,3,Married,3,0,2.0,2.0,5.0,151.45,0,1,0,0.1111111111111111,1,8.413888888888888,0.6666666666666666,0,0,2.9000000000000004,0.25
54197,1,14.0,Male,3.0,3,Married,3,1,2.0,2.0,3.0,151.83,1,1,0,0.13333333333333333,1,10.122000000000002,0.6666666666666666,0,1,2.5,0.45
54198,0,9.0,Female,4.0,1,Married,3,0,3.0,3.0,3.0,145.14,0,1,0,0.3,0,14.514,0.75,0,1,3.4000000000000004,0.2
54199,0,10.0,Female,3.0,5,Married,11,1,2.0,2.0,1.0,159.19,0,1,0,0.18181818181818182,1,14.47181818181818,0.6666666666666666,0,1,3.3000000000000003,0.45
54200,0,7.0,Female,3.0,5,Married,4,0,1.0,2.0,4.0,178.76,0,1,0,0.25,1,22.345,0.3333333333333333,0,0,2.5,0.25
54201,0,9.0,Male,4.0,1,Married,3,0,2.0,2.0,1.0,144.51,1,1,0,0.2,1,14.450999999999999,0.6666666666666666,0,1,2.9000000000000004,0.45
54202,0,1.0,Female,3.0,5,Married,3,0,2.0,2.0,1.0,148.41,0,1,0,1.0,1,74.205,0.6666666666666666,0,0,2.5,0.25
54203,1,1.0,Male,3.0,3,Single,3,0,1.0,2.0,2.0,147.93,1,2,0,1.0,1,73.965,0.3333333333333333,0,0,2.4,0.25
54204,0,1.0,Male,3.0,3,Single,3,0,2.0,2.0,3.0,212.26,1,2,0,1.0,1,106.13,0.6666666666666666,0,0,2.5,0.25
54205,0,4.0,Female,3.0,1,Single,3,0,2.0,4.0,8.0,165.11,0,2,0,0.8,0,33.022000000000006,0.4,0,1,3.3000000000000007,0.2
54206,1,5.0,Female,3.0,3,Married,3,0,2.0,16.0,9.0,320.45,0,1,0,2.6666666666666665,0,53.40833333333333,0.11764705882352941,0,0,8.1,0.0
54207,0,8.0,Male,4.0,3,Single,2,0,1.0,9.0,8.0,170.68,1,2,0,1.0,0,18.964444444444446,0.1,0,0,5.5,0.0
54208,0,11.0,Male,4.0,4,Married,6,0,1.0,2.0,1.0,155.22,1,1,0,0.16666666666666666,1,12.935,0.3333333333333333,0,0,3.1000000000000005,0.25
54209,0,20.0,Male,4.0,1,Single,6,1,2.0,2.0,9.0,182.72,1,2,0,0.09523809523809523,1,8.700952380952382,0.6666666666666666,0,1,3.2000000000000006,0.45
54210,0,9.0,Male,3.0,1,Married,3,0,2.0,2.0,2.0,147.69,1,1,0,0.2,1,14.769,0.6666666666666666,0,1,2.5,0.45
54211,1,12.0,Male,4.0,3,Single,11,1,1.0,2.0,1.0,178.81,1,2,0,0.15384615384615385,1,13.754615384615384,0.3333333333333333,0,1,3.6000000000000005,0.45
54212,1,1.0,Male,3.0,3,Single,3,1,1.0,3.0,3.0,159.41,1,2,0,1.5,0,79.705,0.25,0,1,2.8000000000000003,0.2
54213,0,18.0,Female,4.0,5,Married,7,1,2.0,2.0,4.0,179.54,0,1,0,0.10526315789473684,1,9.449473684210526,0.6666666666666666,0,1,3.3000000000000007,0.45
54214,0,9.0,Male,4.0,5,Married,4,1,2.0,3.0,3.0,223.84,1,1,0,0.3,0,22.384,0.5,0,1,3.4000000000000004,0.2
54215,0,1.0,Female,3.0,1,Married,9,1,1.0,2.0,1.0,166.57,0,1,0,1.0,1,83.285,0.3333333333333333,0,1,3.0,0.45
54216,0,7.0,Female,4.0,1,Single,3,1,4.0,2.0,13.0,259.58,0,2,1,0.25,1,32.4475,1.3333333333333333,0,1,3.1,0.75
54217,0,9.0,Male,4.0,5,Married,3,0,1.0,2.0,3.0,215.69,1,1,0,0.2,1,21.569,0.3333333333333333,0,0,2.8000000000000003,0.25
54218,0,9.0,Female,2.0,5,Married,5,1,1.0,3.0,3.0,165.14,0,1,0,0.3,0,16.514,0.25,0,1,2.6,0.2
54219,0,5.0,Male,3.0,1,Married,5,0,1.0,2.0,8.0,184.15,1,1,0,0.3333333333333333,1,30.691666666666666,0.3333333333333333,0,1,2.6,0.45
54220,0,11.0,Male,3.0,3,Married,3,0,1.0,2.0,8.0,184.93,1,1,0,0.16666666666666666,1,15.410833333333334,0.3333333333333333,0,0,2.4,0.25
54221,0,6.0,Male,3.0,1,Married,3,1,6.0,8.0,9.0,186.62,1,1,0,1.1428571428571428,0,26.66,0.6666666666666666,0,1,5.300000000000001,0.2
54222,0,12.0,Female,3.0,1,Single,3,0,7.0,10.0,10.0,149.06,0,2,0,0.7692307692307693,0,11.466153846153846,0.6363636363636364,0,1,6.2,0.2
54223,0,24.0,Female,3.0,3,Married,7,1,5.0,14.0,9.0,312.4,0,1,0,0.56,0,12.495999999999999,0.3333333333333333,0,1,8.0,0.2
54224,0,31.0,Female,5.0,5,Single,9,0,7.0,8.0,10.0,201.37,0,2,0,0.25,0,6.2928125,0.7777777777777778,0,0,6.800000000000001,0.0
54225,0,10.0,Female,3.0,3,Married,3,0,8.0,13.0,3.0,225.96,0,1,0,1.1818181818181819,0,20.541818181818183,0.5714285714285714,0,0,7.5,0.0
54226,0,29.0,Female,3.0,3,Married,4,1,1.0,2.0,3.0,272.56,0,1,0,0.06666666666666667,1,9.085333333333333,0.3333333333333333,0,1,2.5,0.45
54227,0,10.0,Male,4.0,4,Single,3,0,2.0,2.0,4.0,189.99,1,2,0,0.18181818181818182,1,17.271818181818183,0.6666666666666666,0,0,2.9000000000000004,0.25
54228,0,19.0,Male,3.0,5,Married,4,0,1.0,2.0,3.0,222.24,1,1,0,0.1,1,11.112,0.3333333333333333,0,0,2.5,0.25
54229,0,9.0,Male,4.0,5,Married,6,0,1.0,2.0,3.0,146.94,1,1,0,0.2,1,14.693999999999999,0.3333333333333333,0,0,3.1000000000000005,0.25
54230,1,1.0,Male,4.0,3,Married,2,1,2.0,2.0,1.0,158.88,1,1,0,1.0,1,79.44,0.6666666666666666,0,1,2.8000000000000007,0.45
54231,0,31.0,Female,3.0,3,Single,9,0,2.0,2.0,4.0,179.73,0,2,0,0.0625,1,5.6165625,0.6666666666666666,0,0,3.1,0.25
54232,0,3.0,Male,4.0,4,Married,2,0,2.0,2.0,5.0,152.03,1,1,0,0.5,1,38.0075,0.6666666666666666,0,0,2.8000000000000007,0.25
54233,0,5.0,Male,3.0,4,Single,3,0,2.0,2.0,1.0,150.01,1,2,0,0.3333333333333333,1,25.001666666666665,0.6666666666666666,0,0,2.5,0.25
54234,0,6.0,Male,4.0,4,Married,3,0,2.0,2.0,10.0,187.2,1,1,0,0.2857142857142857,1,26.74285714285714,0.6666666666666666,0,0,2.9000000000000004,0.25
54235,0,10.0,Female,3.0,1,Married,5,0,1.0,2.0,1.0,155.38,0,1,0,0.18181818181818182,1,14.125454545454545,0.3333333333333333,0,1,2.6,0.45
54236,0,5.0,Female,4.0,1,Single,3,0,2.0,2.0,9.0,169.24,0,2,0,0.3333333333333333,1,28.206666666666667,0.6666666666666666,0,1,2.9000000000000004,0.45
54237,0,9.0,Male,3.0,5,Single,2,0,2.0,3.0,9.0,168.12,1,2,0,0.3,0,16.812,0.5,0,0,2.8000000000000007,0.0
54238,0,19.0,Male,3.0,5,Married,6,1,2.0,2.0,1.0,257.45,1,1,0,0.1,1,12.872499999999999,0.6666666666666666,0,1,2.8000000000000003,0.45
54239,0,11.0,Male,2.0,3,Single,6,0,1.0,2.0,3.0,261.64,1,2,0,0.16666666666666666,1,21.80333333333333,0.3333333333333333,0,0,2.3000000000000003,0.25
54240,0,20.0,Male,4.0,4,Married,3,1,2.0,2.0,3.0,175.21,1,1,0,0.09523809523809523,1,8.343333333333334,0.6666666666666666,0,1,2.9000000000000004,0.45
54241,0,4.0,Male,3.0,1,Married,3,1,2.0,4.0,1.0,176.26,1,1,0,0.8,0,35.251999999999995,0.4,0,1,3.3000000000000007,0.2
54242,0,9.0,Male,2.0,3,Single,3,0,2.0,2.0,5.0,153.59,1,2,0,0.2,1,15.359,0.6666666666666666,0,0,2.1,0.25
54243,0,29.0,Male,4.0,1,Married,5,0,1.0,2.0,3.0,227.39,1,1,0,0.06666666666666667,1,7.579666666666666,0.3333333333333333,0,1,3.0000000000000004,0.45
54244,0,12.0,Female,4.0,1,Married,9,1,1.0,2.0,10.0,178.29,0,1,0,0.15384615384615385,1,13.714615384615383,0.3333333333333333,0,1,3.4000000000000004,0.45
54245,0,8.0,Male,4.0,4,Married,3,0,2.0,2.0,4.0,168.25,1,1,0,0.2222222222222222,1,18.694444444444443,0.6666666666666666,0,0,2.9000000000000004,0.25
54246,0,30.0,Male,3.0,1,Single,6,0,1.0,2.0,3.0,197.6,1,2,0,0.06451612903225806,1,6.374193548387097,0.3333333333333333,0,1,2.7,0.45
54247,0,1.0,Male,4.0,5,Married,5,0,2.0,2.0,1.0,148.22,1,1,0,1.0,1,74.11,0.6666666666666666,0,0,3.1000000000000005,0.25
54248,0,25.0,Male,4.0,1,Married,5,0,2.0,2.0,4.0,145.75,1,1,0,0.07692307692307693,1,5.605769230769231,0.6666666666666666,0,1,3.1000000000000005,0.45
54249,0,4.0,Male,5.0,1,Married,3,0,4.0,11.0,9.0,166.52,1,1,0,2.2,0,33.304,0.3333333333333333,0,1,7.1000000000000005,0.2
54250,1,10.0,Male,4.0,1,Single,3,0,4.0,5.0,3.0,221.19,1,2,0,0.45454545454545453,0,20.10818181818182,0.6666666666666666,0,1,4.300000000000001,0.2
54251,0,14.0,Male,4.0,4,Married,3,0,6.0,2.0,12.0,260.03,1,1,1,0.13333333333333333,1,17.33533333333333,2.0,0,0,3.3000000000000003,0.55
54252,0,25.0,Male,4.0,1,Single,2,1,1.0,2.0,1.0,179.41,1,2,0,0.07692307692307693,1,6.900384615384615,0.3333333333333333,0,1,2.7000000000000006,0.45
54253,0,4.0,Female,4.0,4,Married,3,1,3.0,3.0,8.0,177.09,0,1,0,0.6,0,35.418,0.75,0,1,3.4000000000000004,0.2
54254,0,20.0,Male,3.0,5,Married,4,1,5.0,2.0,6.0,231.73,1,1,0,0.09523809523809523,1,11.034761904761904,1.6666666666666667,0,1,2.9,0.45
54255,0,6.0,Male,3.0,3,Single,3,0,6.0,6.0,8.0,175.1,1,2,0,0.8571428571428571,0,25.014285714285712,0.8571428571428571,0,0,4.5,0.0
54256,0,28.0,Female,3.0,3,Married,11,0,1.0,2.0,4.0,260.49,0,1,0,0.06896551724137931,1,8.982413793103449,0.3333333333333333,0,0,3.2,0.25
54257,0,1.0,Female,3.0,3,Married,2,0,1.0,2.0,3.0,174.99,0,1,0,1.0,1,87.495,0.3333333333333333,0,0,2.3000000000000003,0.25
54258,0,2.0,Male,3.0,3,Married,3,0,1.0,2.0,5.0,167.21,1,1,0,0.6666666666666666,1,55.73666666666667,0.3333333333333333,0,0,2.4,0.25
54259,0,31.0,Male,3.0,3,Single,2,0,1.0,2.0,9.0,263.72,1,2,0,0.0625,1,8.24125,0.3333333333333333,0,0,2.3000000000000003,0.25
54260,0,18.0,Male,4.0,4,Married,6,0,1.0,2.0,3.0,145.42,1,1,0,0.10526315789473684,1,7.653684210526315,0.3333333333333333,0,0,3.1000000000000005,0.25
54261,1,1.0,Male,4.0,5,Married,6,1,1.0,2.0,3.0,145.73,1,1,0,1.0,1,72.865,0.3333333333333333,0,1,3.1000000000000005,0.45
54262,0,6.0,Male,4.0,5,Single,3,0,1.0,2.0,1.0,154.56,1,2,0,0.2857142857142857,1,22.080000000000002,0.3333333333333333,0,0,2.8000000000000003,0.25
54263,1,1.0,Female,4.0,1,Single,3,1,1.0,2.0,1.0,154.26,0,2,0,1.0,1,77.13,0.3333333333333333,0,1,2.8000000000000003,0.45
54264,0,8.0,Female,3.0,3,Single,3,0,1.0,3.0,11.0,173.09,0,2,1,0.3333333333333333,0,19.232222222222223,0.25,0,0,2.8000000000000003,0.3
54265,0,11.0,Male,4.0,1,Married,7,0,2.0,2.0,1.0,176.63,1,1,0,0.16666666666666666,1,14.719166666666666,0.6666666666666666,0,1,3.3000000000000007,0.45
54266,0,31.0,Female,3.0,1,Married,11,0,1.0,3.0,3.0,313.44,0,1,0,0.09375,0,9.795,0.25,0,1,3.6000000000000005,0.2
54267,0,24.0,Female,4.0,4,Married,5,1,1.0,2.0,8.0,306.72,0,1,0,0.08,1,12.2688,0.3333333333333333,0,1,3.0000000000000004,0.45
54268,1,1.0,Male,3.0,3,Single,3,1,1.0,2.0,4.0,182.44,1,2,0,1.0,1,91.22,0.3333333333333333,0,1,2.4,0.45
54269,0,1.0,Male,4.0,1,Married,3,0,1.0,3.0,2.0,153.89,1,1,0,1.5,0,76.945,0.25,0,1,3.2000000000000006,0.2
54270,0,1.0,Female,3.0,1,Single,3,0,2.0,2.0,1.0,153.71,0,2,0,1.0,1,76.855,0.6666666666666666,0,1,2.5,0.45
54271,0,25.0,Female,2.0,5,Single,5,0,5.0,13.0,9.0,199.84,0,2,0,0.5,0,7.686153846153847,0.35714285714285715,0,0,7.0,0.0
54272,1,1.0,Male,4.0,3,Single,3,1,2.0,2.0,7.0,185.74,1,2,0,1.0,1,92.87,0.6666666666666666,0,1,2.9000000000000004,0.45
54273,0,28.0,Female,2.0,1,Single,4,1,3.0,5.0,5.0,298.28,0,2,0,0.1724137931034483,0,10.28551724137931,0.5,0,1,3.5,0.2
54274,0,1.0,Male,3.0,3,Married,2,0,1.0,2.0,3.0,152.74,1,1,0,1.0,1,76.37,0.3333333333333333,0,0,2.3000000000000003,0.25
54275,0,8.0,Female,3.0,4,Married,8,0,2.0,2.0,1.0,170.05,0,1,0,0.2222222222222222,1,18.894444444444446,0.6666666666666666,0,0,3.0,0.25
54276,0,11.0,Male,3.0,1,Single,4,0,1.0,2.0,4.0,199.28,1,2,0,0.16666666666666666,1,16.606666666666666,0.3333333333333333,0,1,2.5,0.45
54277,0,8.0,Female,3.0,5,Single,4,0,3.0,2.0,9.0,241.31,0,2,0,0.2222222222222222,1,26.81222222222222,1.0,0,0,2.7,0.25
54278,0,10.0,Female,4.0,1,Married,2,0,1.0,3.0,3.0,222.38,0,1,0,0.2727272727272727,0,20.216363636363635,0.25,0,1,3.1000000000000005,0.2
54279,0,10.0,Female,3.0,1,Married,7,0,1.0,2.0,1.0,153.35,0,1,0,0.18181818181818182,1,13.94090909090909,0.3333333333333333,0,1,2.8000000000000003,0.45
54280,0,17.0,Male,4.0,1,Married,3,1,2.0,5.0,13.0,294.59,1,1,1,0.2777777777777778,0,16.36611111111111,0.3333333333333333,0,1,4.1000000000000005,0.5
54281,0,4.0,Male,4.0,3,Married,3,0,1.0,2.0,10.0,151.13,1,1,0,0.4,1,30.226,0.3333333333333333,0,0,2.8000000000000003,0.25
54282,0,7.0,Male,4.0,4,Married,2,0,1.0,2.0,8.0,186.46,1,1,0,0.25,1,23.3075,0.3333333333333333,0,0,2.7000000000000006,0.25
54283,1,20.0,Female,4.0,4,Married,11,1,4.0,5.0,4.0,174.63,0,1,0,0.23809523809523808,0,8.315714285714286,0.6666666666666666,0,1,5.1000000000000005,0.2
54284,0,25.0,Male,3.0,3,Single,9,0,9.0,16.0,16.0,320.37,1,2,1,0.6153846153846154,0,12.321923076923078,0.5294117647058824,0,0,9.4,0.3
54285,1,1.0,Male,4.0,3,Married,6,1,1.0,8.0,8.0,186.72,1,1,0,4.0,0,93.36,0.1111111111111111,0,1,5.5,0.2
54286,0,1.0,Female,3.0,4,Married,3,0,3.0,5.0,4.0,148.68,0,1,0,2.5,0,74.34,0.5,0,0,3.8,0.0
54287,1,21.0,Female,4.0,1,Married,3,0,8.0,16.0,3.0,228.12,0,1,0,0.7272727272727273,0,10.36909090909091,0.47058823529411764,0,1,9.100000000000001,0.2
54288,1,1.0,Male,3.0,3,Single,3,1,2.0,2.0,1.0,141.75,1,2,0,1.0,1,70.875,0.6666666666666666,0,1,2.5,0.45
54289,0,1.0,Male,4.0,1,Married,2,0,3.0,3.0,2.0,150.23,1,1,0,1.5,0,75.115,0.75,0,1,3.3000000000000007,0.2
54290,0,23.0,Female,4.0,5,Married,3,0,6.0,6.0,12.0,190.67,0,1,1,0.25,0,7.944583333333333,0.8571428571428571,0,0,4.9,0.3
54291,0,17.0,Female,4.0,3,Single,6,0,1.0,2.0,3.0,172.39,0,2,0,0.1111111111111111,1,9.577222222222222,0.3333333333333333,0,0,3.1000000000000005,0.25
54292,0,24.0,Female,4.0,1,Single,6,0,2.0,3.0,3.0,217.08,0,2,0,0.12,0,8.683200000000001,0.5,0,1,3.6000000000000005,0.2
54293,1,1.0,Female,4.0,3,Married,5,1,1.0,3.0,3.0,170.59,0,1,0,1.5,0,85.295,0.25,0,1,3.4000000000000004,0.2
54294,0,15.0,Male,4.0,3,Married,5,1,1.0,2.0,8.0,206.89,1,1,0,0.125,1,12.930625,0.3333333333333333,0,1,3.0000000000000004,0.45
54295,0,1.0,Female,4.0,3,Married,3,0,3.0,6.0,8.0,154.42,0,1,0,3.0,0,77.21,0.42857142857142855,0,0,4.6,0.0
54296,0,10.0,Male,3.0,4,Married,8,0,1.0,2.0,2.0,174.41,1,1,0,0.18181818181818182,1,15.855454545454545,0.3333333333333333,0,0,2.9,0.25
54297,1,15.0,Male,3.0,1,Single,4,0,2.0,2.0,4.0,231.5,1,2,0,0.125,1,14.46875,0.6666666666666666,0,1,2.6,0.45
54298,0,13.0,Female,3.0,3,Married,6,0,6.0,6.0,10.0,184.02,0,1,0,0.42857142857142855,0,13.144285714285715,0.8571428571428571,0,0,4.800000000000001,0.0
54299,0,1.0,Male,3.0,3,Married,4,0,2.0,3.0,3.0,211.39,1,1,0,1.5,0,105.695,0.5,0,0,3.0000000000000004,0.0
54300,0,4.0,Male,3.0,1,Married,2,1,5.0,5.0,8.0,188.47,1,1,0,1.0,0,37.694,0.8333333333333334,0,1,3.9000000000000004,0.2
54301,1,1.0,Female,3.0,5,Single,9,0,2.0,2.0,5.0,167.0,0,2,0,1.0,1,83.5,0.6666666666666666,0,0,3.1,0.25
54302,0,19.0,Male,3.0,1,Single,7,0,2.0,2.0,4.0,159.52,1,2,0,0.1,1,7.976000000000001,0.6666666666666666,0,1,2.9000000000000004,0.45
54303,0,12.0,Female,3.0,3,Single,5,1,3.0,3.0,3.0,168.17,0,2,0,0.23076923076923078,0,12.936153846153845,0.75,0,1,3.2,0.2
54304,0,4.0,Female,4.0,3,Single,3,0,2.0,2.0,5.0,151.32,0,2,0,0.4,1,30.264,0.6666666666666666,0,0,2.9000000000000004,0.25
54305,0,6.0,Male,3.0,1,Married,2,0,1.0,2.0,8.0,171.68,1,1,0,0.2857142857142857,1,24.525714285714287,0.3333333333333333,0,1,2.3000000000000003,0.45
54306,0,4.0,Female,3.0,5,Married,7,0,1.0,3.0,31.0,157.04,0,1,1,0.6,0,31.407999999999998,0.25,0,0,3.2000000000000006,0.3
54307,0,4.0,Male,3.0,1,Single,2,0,1.0,2.0,3.0,152.2,1,2,0,0.4,1,30.439999999999998,0.3333333333333333,0,1,2.3000000000000003,0.45
54308,0,15.0,Male,4.0,5,Married,6,0,3.0,8.0,8.0,296.81,1,1,0,0.5,0,18.550625,0.3333333333333333,0,0,5.7,0.0
54309,0,15.0,Male,4.0,5,Married,4,0,1.0,2.0,5.0,147.38,1,1,0,0.125,1,9.21125,0.3333333333333333,0,0,2.9000000000000004,0.25
54310,0,1.0,Female,4.0,4,Single,3,0,2.0,2.0,1.0,139.83,0,2,0,1.0,1,69.915,0.6666666666666666,0,0,2.9000000000000004,0.25
54311,0,14.0,Female,3.0,4,Married,3,0,1.0,3.0,14.0,181.05,0,1,1,0.2,0,12.07,0.25,0,0,2.8000000000000003,0.3
54312,0,9.0,Male,4.0,4,Married,3,0,1.0,2.0,7.0,197.95,1,1,0,0.2,1,19.794999999999998,0.3333333333333333,0,0,2.8000000000000003,0.25
54313,0,27.0,Male,3.0,3,Married,4,1,1.0,5.0,6.0,148.06,1,1,0,0.17857142857142858,0,5.287857142857143,0.16666666666666666,0,1,3.7,0.2
54314,0,19.0,Male,3.0,4,Married,10,0,2.0,2.0,16.0,148.48,1,1,1,0.1,1,7.4239999999999995,0.6666666666666666,0,0,3.2,0.55
54315,0,6.0,Female,3.0,1,Single,3,0,3.0,4.0,3.0,214.98,0,2,0,0.5714285714285714,0,30.71142857142857,0.6,0,1,3.4000000000000004,0.2
54316,0,3.0,Male,3.0,3,Married,3,0,1.0,2.0,10.0,168.19,1,1,0,0.5,1,42.0475,0.3333333333333333,0,0,2.4,0.25
54317,0,25.0,Male,3.0,3,Married,4,0,2.0,2.0,1.0,186.32,1,1,0,0.07692307692307693,1,7.166153846153846,0.6666666666666666,0,0,2.6,0.25
54318,0,31.0,Female,4.0,4,Married,6,1,2.0,2.0,1.0,158.46,0,1,0,0.0625,1,4.951875,0.6666666666666666,0,1,3.2000000000000006,0.45
54319,0,14.0,Male,4.0,1,Married,9,0,2.0,2.0,12.0,233.55,1,1,1,0.13333333333333333,1,15.57,0.6666666666666666,0,1,3.5000000000000004,0.75
54320,0,8.0,Female,4.0,3,Married,8,0,1.0,2.0,3.0,147.31,0,1,0,0.2222222222222222,1,16.36777777777778,0.3333333333333333,0,0,3.3000000000000003,0.25
54321,0,1.0,Male,4.0,1,Married,3,0,3.0,3.0,3.0,148.23,1,1,0,1.5,0,74.115,0.75,0,1,3.4000000000000004,0.2
54322,0,1.0,Male,3.0,4,Married,8,0,3.0,3.0,3.0,145.24,1,1,0,1.5,0,72.62,0.75,0,0,3.5,0.0
54323,0,2.0,Male,3.0,1,Married,3,0,1.0,2.0,3.0,152.13,1,1,0,0.6666666666666666,1,50.71,0.3333333333333333,0,1,2.4,0.45
54324,0,31.0,Male,3.0,1,Married,5,1,2.0,2.0,3.0,219.39,1,1,0,0.0625,1,6.8559375,0.6666666666666666,0,1,2.7,0.45
54325,0,1.0,Male,4.0,3,Married,3,1,1.0,2.0,2.0,150.66,1,1,0,1.0,1,75.33,0.3333333333333333,0,1,2.8000000000000003,0.45
54326,0,24.0,Female,3.0,4,Single,5,0,1.0,5.0,5.0,324.26,0,2,0,0.2,0,12.9704,0.16666666666666666,0,0,3.8000000000000003,0.0
54327,0,15.0,Male,3.0,3,Married,6,0,2.0,2.0,9.0,149.51,1,1,0,0.125,1,9.344375,0.6666666666666666,0,0,2.8000000000000003,0.25
54328,0,4.0,Female,3.0,1,Married,4,0,2.0,8.0,3.0,219.19,0,1,0,1.6,0,43.838,0.2222222222222222,0,1,5.000000000000001,0.2
54329,0,12.0,Female,3.0,1,Single,6,0,1.0,2.0,3.0,211.86,0,2,0,0.15384615384615385,1,16.29692307692308,0.3333333333333333,0,1,2.7,0.45
54330,0,6.0,Male,3.0,3,Single,5,0,1.0,2.0,5.0,155.38,1,2,0,0.2857142857142857,1,22.197142857142858,0.3333333333333333,0,0,2.6,0.25
54331,0,1.0,Male,3.0,4,Married,2,1,1.0,2.0,2.0,155.58,1,1,0,1.0,1,77.79,0.3333333333333333,0,1,2.3000000000000003,0.45
54332,1,1.0,Female,4.0,5,Single,2,0,2.0,2.0,1.0,148.25,0,2,0,1.0,1,74.125,0.6666666666666666,0,0,2.8000000000000007,0.25
54333,0,10.0,Male,2.0,4,Single,6,0,3.0,8.0,3.0,145.88,1,2,0,0.7272727272727273,0,13.261818181818182,0.3333333333333333,0,0,4.8999999999999995,0.0
54334,0,4.0,Male,4.0,5,Married,3,0,6.0,7.0,11.0,155.72,1,1,1,1.4,0,31.144,0.75,0,0,5.300000000000001,0.3
54335,0,19.0,Female,2.0,5,Married,6,1,1.0,2.0,4.0,175.06,0,1,0,0.1,1,8.753,0.3333333333333333,0,1,2.3000000000000003,0.45
54336,0,30.0,Female,4.0,5,Married,6,1,3.0,3.0,3.0,167.57,0,1,0,0.0967741935483871,0,5.405483870967742,0.75,0,1,3.7,0.2
54337,0,7.0,Male,3.0,1,Single,2,0,2.0,2.0,3.0,150.0,1,2,0,0.25,1,18.75,0.6666666666666666,0,1,2.4000000000000004,0.45
54338,1,1.0,Male,3.0,1,Single,3,0,2.0,2.0,1.0,136.02,1,2,0,1.0,1,68.01,0.6666666666666666,0,1,2.5,0.45
54339,0,20.0,Female,4.0,5,Married,3,0,9.0,16.0,3.0,229.53,0,1,0,0.7619047619047619,0,10.93,0.5294117647058824,0,0,9.200000000000001,0.0
54340,0,12.0,Female,4.0,1,Single,3,0,2.0,3.0,2.0,147.88,0,2,0,0.23076923076923078,0,11.375384615384615,0.5,0,1,3.3000000000000007,0.2
54341,0,5.0,Female,4.0,1,Married,10,1,2.0,2.0,3.0,164.29,0,1,0,0.3333333333333333,1,27.381666666666664,0.6666666666666666,0,1,3.6000000000000005,0.45
54342,0,8.0,Female,4.0,4,Single,4,0,1.0,2.0,3.0,148.11,0,2,0,0.2222222222222222,1,16.456666666666667,0.3333333333333333,0,0,2.9000000000000004,0.25
54343,1,5.0,Female,4.0,4,Single,3,1,1.0,2.0,3.0,156.4,0,2,0,0.3333333333333333,1,26.066666666666666,0.3333333333333333,0,1,2.8000000000000003,0.45
54344,0,24.0,Male,3.0,3,Married,4,0,2.0,2.0,3.0,161.9,1,1,0,0.08,1,6.476,0.6666666666666666,0,0,2.6,0.25
54345,0,27.0,Female,3.0,5,Married,3,0,2.0,2.0,4.0,169.5,0,1,0,0.07142857142857142,1,6.053571428571429,0.6666666666666666,0,0,2.5,0.25
54346,0,7.0,Female,4.0,4,Married,3,0,2.0,2.0,7.0,152.56,0,1,0,0.25,1,19.07,0.6666666666666666,0,0,2.9000000000000004,0.25
54347,0,14.0,Female,3.0,3,Married,3,0,2.0,10.0,10.0,315.33,0,1,0,0.6666666666666666,0,21.022,0.18181818181818182,0,0,5.7,0.0
54348,0,29.0,Male,4.0,4,Single,10,0,3.0,3.0,16.0,312.22,1,2,1,0.1,0,10.407333333333334,0.75,0,0,4.1000000000000005,0.3
54349,0,8.0,Male,3.0,3,Married,3,0,1.0,2.0,3.0,220.47,1,1,0,0.2222222222222222,1,24.496666666666666,0.3333333333333333,0,0,2.4,0.25
54350,0,25.0,Female,4.0,4,Single,5,0,1.0,2.0,1.0,262.34,0,2,0,0.07692307692307693,1,10.09,0.3333333333333333,0,0,3.0000000000000004,0.25
54351,0,26.0,Male,4.0,3,Married,2,0,8.0,12.0,10.0,324.99,1,1,0,0.4444444444444444,0,12.036666666666667,0.6153846153846154,0,0,7.4,0.0
54352,0,1.0,Female,5.0,4,Single,3,0,1.0,2.0,4.0,147.79,0,2,0,1.0,1,73.895,0.3333333333333333,0,0,3.1999999999999997,0.25
54353,1,1.0,Male,3.0,3,Married,5,1,2.0,2.0,2.0,184.16,1,1,0,1.0,1,92.08,0.6666666666666666,0,1,2.7,0.45
54354,0,17.0,Male,3.0,1,Married,6,0,2.0,3.0,3.0,145.89,1,1,0,0.16666666666666666,0,8.104999999999999,0.5,0,1,3.2000000000000006,0.2
54355,0,19.0,Male,4.0,1,Married,11,0,2.0,12.0,9.0,292.92,1,1,0,0.6,0,14.646,0.15384615384615385,0,1,7.7,0.2
54356,0,11.0,Male,4.0,5,Married,3,1,2.0,2.0,8.0,160.64,1,1,0,0.16666666666666666,1,13.386666666666665,0.6666666666666666,0,1,2.9000000000000004,0.45
54357,0,9.0,Female,3.0,4,Single,7,0,1.0,2.0,3.0,169.25,0,2,0,0.2,1,16.925,0.3333333333333333,0,0,2.8000000000000003,0.25
54358,0,16.0,Female,3.0,3,Married,4,0,1.0,2.0,3.0,177.65,0,1,0,0.11764705882352941,1,10.450000000000001,0.3333333333333333,0,0,2.5,0.25
54359,0,12.0,Male,3.0,3,Married,11,0,2.0,2.0,1.0,190.53,1,1,0,0.15384615384615385,1,14.656153846153845,0.6666666666666666,0,0,3.3000000000000003,0.25
54360,0,12.0,Male,3.0,1,Married,5,0,1.0,2.0,8.0,187.61,1,1,0,0.15384615384615385,1,14.431538461538462,0.3333333333333333,0,1,2.6,0.45
54361,0,1.0,Male,3.0,5,Married,7,0,3.0,3.0,1.0,167.98,1,1,0,1.5,0,83.99,0.75,0,0,3.4000000000000004,0.0
54362,0,23.0,Male,4.0,1,Married,3,1,1.0,2.0,8.0,193.04,1,1,0,0.08333333333333333,1,8.043333333333333,0.3333333333333333,0,1,2.8000000000000003,0.45
54363,0,8.0,Male,3.0,3,Married,3,1,3.0,3.0,1.0,163.15,1,1,0,0.3333333333333333,0,18.12777777777778,0.75,0,1,3.0,0.2
54364,0,14.0,Male,2.0,1,Married,10,1,4.0,4.0,8.0,152.41,1,1,0,0.26666666666666666,0,10.160666666666666,0.8,0,1,3.8000000000000003,0.2
54365,1,2.0,Male,4.0,5,Married,9,1,2.0,2.0,1.0,191.73,1,1,0,0.6666666666666666,1,63.91,0.6666666666666666,0,1,3.5000000000000004,0.45
54366,1,1.0,Female,3.0,1,Married,3,0,1.0,2.0,10.0,201.39,0,1,0,1.0,1,100.695,0.3333333333333333,0,1,2.4,0.45
54367,0,1.0,Male,3.0,4,Married,3,1,3.0,3.0,3.0,148.28,1,1,0,1.5,0,74.14,0.75,0,1,3.0,0.2
54368,0,10.0,Female,4.0,1,Single,3,0,1.0,2.0,8.0,146.53,0,2,0,0.18181818181818182,1,13.32090909090909,0.3333333333333333,0,1,2.8000000000000003,0.45
54369,0,14.0,Male,4.0,1,Married,11,0,1.0,2.0,3.0,173.76,1,1,0,0.13333333333333333,1,11.584,0.3333333333333333,0,1,3.6000000000000005,0.45
54370,0,20.0,Male,4.0,5,Married,9,0,1.0,2.0,3.0,218.96,1,1,0,0.09523809523809523,1,10.426666666666668,0.3333333333333333,0,0,3.4000000000000004,0.25
54371,1,1.0,Male,3.0,1,Married,3,0,7.0,10.0,3.0,229.0,1,1,0,5.0,0,114.5,0.6363636363636364,0,1,6.2,0.2
54372,0,4.0,Male,3.0,3,Single,3,0,5.0,6.0,3.0,209.74,1,2,0,1.2,0,41.948,0.7142857142857143,0,0,4.4,0.0
54373,0,1.0,Female,3.0,3,Single,3,0,2.0,2.0,3.0,224.81,0,2,0,1.0,1,112.405,0.6666666666666666,0,0,2.5,0.25
54374,0,25.0,Male,3.0,4,Married,7,0,3.0,2.0,8.0,249.9,1,1,0,0.07692307692307693,1,9.611538461538462,1.0,0,0,3.0,0.25
54375,1,1.0,Female,3.0,5,Single,7,1,1.0,2.0,5.0,151.57,0,2,0,1.0,1,75.785,0.3333333333333333,0,1,2.8000000000000003,0.45
54376,0,15.0,Female,4.0,1,Single,5,1,1.0,2.0,1.0,260.91,0,2,0,0.125,1,16.306875,0.3333333333333333,0,1,3.0000000000000004,0.45
54377,1,1.0,Female,3.0,5,Single,7,0,2.0,2.0,2.0,191.96,0,2,0,1.0,1,95.98,0.6666666666666666,0,0,2.9000000000000004,0.25
54378,1,1.0,Male,3.0,3,Single,2,0,1.0,2.0,6.0,145.58,1,2,0,1.0,1,72.79,0.3333333333333333,0,0,2.3000000000000003,0.25
54379,0,19.0,Female,3.0,1,Single,8,0,6.0,13.0,3.0,213.65,0,2,0,0.65,0,10.682500000000001,0.42857142857142855,0,1,7.800000000000001,0.2
54380,0,28.0,Female,3.0,5,Married,4,0,2.0,2.0,6.0,184.4,0,1,0,0.06896551724137931,1,6.358620689655172,0.6666666666666666,0,0,2.6,0.25
54381,0,10.0,Male,4.0,4,Single,10,0,3.0,4.0,8.0,184.14,1,2,0,0.36363636363636365,0,16.74,0.6,0,0,4.5,0.0
54382,0,7.0,Female,3.0,4,Married,8,0,1.0,2.0,2.0,151.22,0,1,0,0.25,1,18.9025,0.3333333333333333,0,0,2.9,0.25
54383,0,11.0,Male,3.0,1,Married,3,1,2.0,2.0,8.0,246.85,1,1,0,0.16666666666666666,1,20.570833333333333,0.6666666666666666,0,1,2.5,0.45
54384,0,12.0,Male,4.0,3,Married,2,0,2.0,6.0,3.0,231.09,1,1,0,0.46153846153846156,0,17.776153846153846,0.2857142857142857,0,0,4.4,0.0
54385,0,5.0,Male,3.0,3,Married,2,0,1.0,2.0,5.0,168.45,1,1,0,0.3333333333333333,1,28.075,0.3333333333333333,0,0,2.3000000000000003,0.25
54386,0,31.0,Male,4.0,1,Married,5,0,1.0,2.0,1.0,146.77,1,1,0,0.0625,1,4.5865625,0.3333333333333333,0,1,3.0000000000000004,0.45
54387,0,11.0,Male,3.0,1,Married,6,0,4.0,6.0,9.0,152.93,1,1,0,0.5,0,12.744166666666667,0.5714285714285714,0,1,4.600000000000001,0.2
54388,0,3.0,Female,3.0,1,Married,3,0,5.0,5.0,2.0,204.18,0,1,0,1.25,0,51.045,0.8333333333333334,0,1,4.0,0.2
54389,0,9.0,Female,4.0,3,Single,3,0,2.0,2.0,3.0,212.89,0,2,0,0.2,1,21.288999999999998,0.6666666666666666,0,0,2.9000000000000004,0.25
54390,1,1.0,Male,3.0,1,Single,3,1,1.0,2.0,2.0,148.89,1,2,0,1.0,1,74.445,0.3333333333333333,0,1,2.4,0.45
54391,0,26.0,Female,3.0,1,Single,9,0,3.0,3.0,3.0,157.12,0,2,0,0.1111111111111111,0,5.819259259259259,0.75,0,1,3.6000000000000005,0.2
54392,0,16.0,Male,3.0,1,Married,3,0,1.0,12.0,16.0,317.32,1,1,1,0.7058823529411765,0,18.665882352941175,0.07692307692307693,0,1,6.4,0.5
54393,0,31.0,Male,3.0,3,Married,10,0,1.0,3.0,3.0,147.67,1,1,0,0.09375,0,4.6146875,0.25,0,0,3.5000000000000004,0.0
54394,0,24.0,Female,4.0,1,Married,5,0,2.0,2.0,7.0,320.17,0,1,0,0.08,1,12.8068,0.6666666666666666,0,1,3.1000000000000005,0.45
54395,1,1.0,Male,3.0,1,Married,7,1,2.0,2.0,5.0,149.36,1,1,0,1.0,1,74.68,0.6666666666666666,0,1,2.9000000000000004,0.45
54396,0,17.0,Female,4.0,1,Married,7,1,1.0,2.0,10.0,285.64,0,1,0,0.1111111111111111,1,15.868888888888888,0.3333333333333333,0,1,3.2000000000000006,0.45
54397,1,1.0,Female,3.0,5,Married,9,0,2.0,2.0,8.0,152.07,0,1,0,1.0,1,76.035,0.6666666666666666,0,0,3.1,0.25
54398,0,26.0,Male,4.0,3,Single,3,1,2.0,16.0,13.0,315.68,1,2,1,0.5925925925925926,0,11.691851851851853,0.11764705882352941,0,1,8.5,0.5
54399,0,6.0,Female,3.0,4,Married,4,0,2.0,2.0,3.0,164.31,0,1,0,0.2857142857142857,1,23.472857142857144,0.6666666666666666,0,0,2.6,0.25
54400,1,1.0,Male,4.0,3,Single,2,1,1.0,2.0,3.0,162.3,1,2,0,1.0,1,81.15,0.3333333333333333,0,1,2.7000000000000006,0.45
54401,0,13.0,Female,4.0,3,Married,9,0,2.0,2.0,3.0,147.32,0,1,0,0.14285714285714285,1,10.522857142857143,0.6666666666666666,0,0,3.5000000000000004,0.25
54402,0,6.0,Male,4.0,1,Married,2,0,3.0,3.0,3.0,169.65,1,1,0,0.42857142857142855,0,24.235714285714288,0.75,0,1,3.3000000000000007,0.2
54403,0,15.0,Male,3.0,5,Married,4,0,1.0,2.0,1.0,155.72,1,1,0,0.125,1,9.7325,0.3333333333333333,0,0,2.5,0.25
54404,0,14.0,Male,4.0,1,Married,3,0,3.0,5.0,8.0,158.19,1,1,0,0.3333333333333333,0,10.546,0.5,0,1,4.2,0.2
54405,0,19.0,Male,4.0,1,Married,2,0,2.0,2.0,8.0,317.02,1,1,0,0.1,1,15.850999999999999,0.6666666666666666,0,1,2.8000000000000007,0.45
54406,0,5.0,Male,4.0,3,Married,11,0,1.0,3.0,3.0,261.75,1,1,0,0.5,0,43.625,0.25,0,0,4.0,0.0
54407,0,7.0,Female,4.0,1,Married,3,0,1.0,2.0,3.0,154.11,0,1,0,0.25,1,19.26375,0.3333333333333333,0,1,2.8000000000000003,0.45
54408,0,8.0,Male,3.0,5,Married,8,0,1.0,6.0,10.0,184.57,1,1,0,0.6666666666666666,0,20.507777777777775,0.14285714285714285,0,0,4.5,0.0
54409,0,11.0,Female,3.0,5,Married,4,0,1.0,2.0,3.0,164.2,0,1,0,0.16666666666666666,1,13.683333333333332,0.3333333333333333,0,0,2.5,0.25
54410,0,19.0,Male,4.0,3,Married,6,0,2.0,2.0,3.0,189.34,1,1,0,0.1,1,9.467,0.6666666666666666,0,0,3.2000000000000006,0.25
54411,1,1.0,Male,4.0,3,Married,8,0,1.0,2.0,3.0,225.48,1,1,0,1.0,1,112.74,0.3333333333333333,0,0,3.3000000000000003,0.25
54412,0,13.0,Female,4.0,3,Single,2,0,7.0,2.0,9.0,234.38,0,2,0,0.14285714285714285,1,16.74142857142857,2.3333333333333335,0,0,3.3000000000000007,0.25
54413,0,3.0,Male,3.0,1,Single,3,0,2.0,2.0,6.0,148.4,1,2,0,0.5,1,37.1,0.6666666666666666,0,1,2.5,0.45
54414,0,16.0,Female,3.0,5,Single,5,1,2.0,2.0,3.0,190.45,0,2,0,0.11764705882352941,1,11.202941176470588,0.6666666666666666,0,1,2.7,0.45
54415,0,3.0,Male,3.0,1,Married,4,0,2.0,2.0,3.0,194.31,1,1,0,0.5,1,48.5775,0.6666666666666666,0,1,2.6,0.45
54416,0,1.0,Female,4.0,3,Married,2,0,2.0,2.0,3.0,173.98,0,1,0,1.0,1,86.99,0.6666666666666666,0,0,2.8000000000000007,0.25
54417,0,16.0,Female,3.0,5,Married,2,1,8.0,8.0,9.0,150.93,0,1,0,0.47058823529411764,0,8.878235294117648,0.8888888888888888,0,1,5.4,0.2
54418,0,14.0,Male,3.0,3,Married,2,0,4.0,4.0,10.0,319.36,1,1,0,0.26666666666666666,0,21.290666666666667,0.8,0,0,3.4000000000000004,0.0
54419,0,25.0,Male,4.0,1,Married,3,0,2.0,2.0,1.0,152.23,1,1,0,0.07692307692307693,1,5.8549999999999995,0.6666666666666666,0,1,2.9000000000000004,0.45
54420,1,1.0,Male,4.0,4,Single,2,0,1.0,2.0,5.0,159.79,1,2,0,1.0,1,79.895,0.3333333333333333,0,0,2.7000000000000006,0.25
54421,0,6.0,Male,4.0,4,Married,3,0,1.0,2.0,4.0,152.94,1,1,0,0.2857142857142857,1,21.84857142857143,0.3333333333333333,0,0,2.8000000000000003,0.25
54422,0,12.0,Male,3.0,1,Married,5,0,2.0,8.0,6.0,177.49,1,1,0,0.6153846153846154,0,13.653076923076924,0.2222222222222222,0,1,5.1000000000000005,0.2
54423,0,6.0,Male,3.0,5,Single,6,0,1.0,2.0,5.0,146.76,1,2,0,0.2857142857142857,1,20.965714285714284,0.3333333333333333,0,0,2.7,0.25
54424,0,20.0,Female,4.0,4,Married,5,1,7.0,8.0,8.0,293.72,0,1,0,0.38095238095238093,0,13.986666666666668,0.7777777777777778,0,1,6.000000000000001,0.2
54425,1,1.0,Male,4.0,3,Single,4,0,1.0,2.0,1.0,159.85,1,2,0,1.0,1,79.925,0.3333333333333333,0,0,2.9000000000000004,0.25
54426,0,3.0,Male,4.0,4,Married,4,0,2.0,2.0,1.0,191.44,1,1,0,0.5,1,47.86,0.6666666666666666,0,0,3.0000000000000004,0.25
54427,0,5.0,Male,4.0,1,Married,2,0,1.0,8.0,9.0,180.82,1,1,0,1.3333333333333333,0,30.136666666666667,0.1111111111111111,0,1,5.1000000000000005,0.2
54428,0,1.0,Male,3.0,5,Married,3,0,2.0,2.0,6.0,165.0,1,1,0,1.0,1,82.5,0.6666666666666666,0,0,2.5,0.25
54429,0,19.0,Male,4.0,1,Married,2,1,3.0,2.0,11.0,259.96,1,1,1,0.1,1,12.998,1.0,0,1,2.9000000000000004,0.75
54430,0,10.0,Male,3.0,1,Married,2,0,2.0,11.0,12.0,157.1,1,1,1,1.0,0,14.281818181818181,0.16666666666666666,0,1,6.000000000000001,0.5
54431,0,29.0,Male,3.0,5,Single,2,1,4.0,5.0,14.0,315.45,1,2,1,0.16666666666666666,0,10.514999999999999,0.6666666666666666,0,1,3.8000000000000003,0.5
54432,1,11.0,Male,3.0,4,Married,3,1,5.0,2.0,10.0,243.49,1,1,0,0.16666666666666666,1,20.290833333333335,1.6666666666666667,0,1,2.8,0.45
54433,0,2.0,Male,4.0,1,Married,3,0,2.0,2.0,5.0,145.7,1,1,0,0.6666666666666666,1,48.56666666666666,0.6666666666666666,0,1,2.9000000000000004,0.45
54434,0,11.0,Male,4.0,1,Married,6,0,2.0,2.0,2.0,190.02,1,1,0,0.16666666666666666,1,15.835,0.6666666666666666,0,1,3.2000000000000006,0.45
54435,0,1.0,Male,4.0,3,Single,3,0,2.0,2.0,1.0,157.3,1,2,0,1.0,1,78.65,0.6666666666666666,0,0,2.9000000000000004,0.25
54436,0,11.0,Female,4.0,1,Married,4,1,1.0,2.0,3.0,261.03,0,1,0,0.16666666666666666,1,21.752499999999998,0.3333333333333333,0,1,2.9000000000000004,0.45
54437,0,9.0,Female,4.0,4,Married,9,0,6.0,2.0,3.0,244.96,0,1,0,0.2,1,24.496000000000002,2.0,0,0,3.9000000000000004,0.25
54438,0,12.0,Female,3.0,5,Married,3,1,5.0,8.0,8.0,181.05,0,1,0,0.6153846153846154,0,13.926923076923078,0.5555555555555556,0,1,5.2,0.2
54439,0,1.0,Female,3.0,4,Married,3,0,2.0,2.0,5.0,188.97,0,1,0,1.0,1,94.485,0.6666666666666666,0,0,2.5,0.25
54440,0,24.0,Male,4.0,4,Married,5,0,1.0,2.0,7.0,316.44,1,1,0,0.08,1,12.6576,0.3333333333333333,0,0,3.0000000000000004,0.25
54441,0,27.0,Male,3.0,3,Married,5,1,2.0,2.0,4.0,300.84,1,1,0,0.07142857142857142,1,10.744285714285713,0.6666666666666666,0,1,2.7,0.45
54442,0,16.0,Male,2.0,3,Married,3,0,7.0,12.0,7.0,174.07,1,1,0,0.7058823529411765,0,10.239411764705881,0.5384615384615384,0,0,6.6000000000000005,0.0
54443,0,3.0,Male,3.0,1,Single,3,0,1.0,2.0,10.0,170.54,1,2,0,0.5,1,42.635,0.3333333333333333,0,1,2.4,0.45
54444,0,29.0,Male,3.0,1,Married,5,1,1.0,2.0,9.0,179.15,1,1,0,0.06666666666666667,1,5.971666666666667,0.3333333333333333,0,1,2.6,0.45
54445,0,1.0,Male,3.0,5,Married,3,1,2.0,4.0,4.0,172.41,1,1,0,2.0,0,86.205,0.4,0,1,3.3000000000000007,0.2
54446,0,11.0,Female,3.0,1,Single,3,0,2.0,6.0,8.0,146.15,0,2,0,0.5,0,12.179166666666667,0.2857142857142857,0,1,4.1000000000000005,0.2
54447,1,8.0,Male,3.0,3,Married,5,1,1.0,2.0,1.0,156.61,1,1,0,0.2222222222222222,1,17.401111111111113,0.3333333333333333,0,1,2.6,0.45
54448,0,12.0,Male,3.0,1,Married,11,0,1.0,2.0,3.0,182.45,1,1,0,0.15384615384615385,1,14.034615384615384,0.3333333333333333,0,1,3.2,0.45
54449,1,1.0,Male,3.0,4,Married,4,1,2.0,2.0,3.0,148.73,1,1,0,1.0,1,74.365,0.6666666666666666,0,1,2.6,0.45
54450,0,2.0,Female,4.0,1,Single,3,0,2.0,2.0,3.0,158.1,0,2,0,0.6666666666666666,1,52.699999999999996,0.6666666666666666,0,1,2.9000000000000004,0.45
54451,0,23.0,Female,3.0,5,Single,11,1,1.0,2.0,3.0,311.65,0,2,0,0.08333333333333333,1,12.985416666666666,0.3333333333333333,0,1,3.2,0.45
54452,0,10.0,Male,2.0,4,Single,6,0,3.0,8.0,8.0,169.85,1,2,0,0.7272727272727273,0,15.44090909090909,0.3333333333333333,0,0,4.8999999999999995,0.0
54453,0,5.0,Female,3.0,4,Married,3,0,1.0,3.0,3.0,152.89,0,1,0,0.5,0,25.481666666666666,0.25,0,0,2.8000000000000003,0.0
54454,1,1.0,Male,3.0,1,Single,3,1,5.0,8.0,5.0,183.28,1,2,0,4.0,0,91.64,0.5555555555555556,0,1,5.2,0.2
54455,0,11.0,Male,3.0,1,Married,3,1,1.0,2.0,3.0,148.26,1,1,0,0.16666666666666666,1,12.354999999999999,0.3333333333333333,0,1,2.4,0.45
54456,0,16.0,Female,4.0,4,Married,7,0,4.0,2.0,9.0,260.25,0,1,0,0.11764705882352941,1,15.308823529411764,1.3333333333333333,0,0,3.5000000000000004,0.25
54457,1,1.0,Male,3.0,3,Single,3,0,2.0,2.0,1.0,139.2,1,2,0,1.0,1,69.6,0.6666666666666666,0,0,2.5,0.25
54458,0,9.0,Male,4.0,4,Married,2,0,4.0,7.0,10.0,205.2,1,1,0,0.7,0,20.52,0.5,0,0,5.000000000000001,0.0
54459,0,10.0,Male,3.0,1,Married,6,0,2.0,2.0,1.0,161.88,1,1,0,0.18181818181818182,1,14.716363636363637,0.6666666666666666,0,1,2.8000000000000003,0.45
54460,0,25.0,Male,3.0,4,Married,7,0,1.0,2.0,3.0,179.82,1,1,0,0.07692307692307693,1,6.916153846153846,0.3333333333333333,0,0,2.8000000000000003,0.25
54461,0,15.0,Male,3.0,4,Single,3,0,1.0,2.0,5.0,285.15,1,2,0,0.125,1,17.821875,0.3333333333333333,0,0,2.4,0.25
54462,0,1.0,Female,4.0,3,Single,3,0,1.0,2.0,1.0,137.0,0,2,0,1.0,1,68.5,0.3333333333333333,0,0,2.8000000000000003,0.25
54463,0,2.0,Male,4.0,5,Single,2,0,1.0,2.0,8.0,181.61,1,2,0,0.6666666666666666,1,60.53666666666667,0.3333333333333333,0,0,2.7000000000000006,0.25
54464,0,5.0,Male,4.0,1,Married,6,0,4.0,8.0,8.0,194.29,1,1,0,1.3333333333333333,0,32.38166666666667,0.4444444444444444,0,1,5.800000000000001,0.2
54465,0,13.0,Male,3.0,1,Married,2,0,2.0,4.0,3.0,221.13,1,1,0,0.2857142857142857,0,15.795,0.4,0,1,3.2000000000000006,0.2
54466,0,10.0,Female,3.0,4,Married,9,0,2.0,2.0,9.0,181.74,0,1,0,0.18181818181818182,1,16.521818181818183,0.6666666666666666,0,0,3.1,0.25
54467,0,6.0,Male,4.0,3,Married,3,0,4.0,5.0,9.0,179.84,1,1,0,0.7142857142857143,0,25.69142857142857,0.6666666666666666,0,0,4.300000000000001,0.0
54468,0,12.0,Female,3.0,4,Married,5,0,1.0,2.0,2.0,245.61,0,1,0,0.15384615384615385,1,18.893076923076926,0.3333333333333333,0,0,2.6,0.25
54469,0,31.0,Male,3.0,3,Married,4,1,2.0,2.0,3.0,181.6,1,1,0,0.0625,1,5.675,0.6666666666666666,0,1,2.6,0.45
54470,0,5.0,Male,3.0,1,Married,2,1,2.0,2.0,4.0,173.21,1,1,0,0.3333333333333333,1,28.868333333333336,0.6666666666666666,0,1,2.4000000000000004,0.45
54471,0,5.0,Male,4.0,5,Married,5,0,1.0,2.0,1.0,189.1,1,1,0,0.3333333333333333,1,31.516666666666666,0.3333333333333333,0,0,3.0000000000000004,0.25
54472,0,19.0,Male,4.0,5,Married,3,0,3.0,10.0,12.0,177.1,1,1,1,0.5,0,8.855,0.2727272727272727,0,0,6.199999999999999,0.3
54473,0,5.0,Male,3.0,1,Married,2,1,3.0,3.0,3.0,151.95,1,1,0,0.5,0,25.325,0.75,0,1,2.9000000000000004,0.2
54474,0,7.0,Female,4.0,4,Married,8,0,8.0,2.0,9.0,243.78,0,1,0,0.25,1,30.4725,2.6666666666666665,0,0,4.0,0.25
54475,0,1.0,Male,4.0,5,Married,3,1,2.0,12.0,11.0,295.68,1,1,1,6.0,0,147.84,0.15384615384615385,0,1,6.9,0.5
54476,0,17.0,Female,3.0,1,Single,2,0,1.0,2.0,8.0,149.55,0,2,0,0.1111111111111111,1,8.308333333333334,0.3333333333333333,0,1,2.3000000000000003,0.45
54477,0,23.0,Female,3.0,3,Single,9,1,1.0,2.0,8.0,264.64,0,2,0,0.08333333333333333,1,11.026666666666666,0.3333333333333333,0,1,3.0,0.45
54478,1,16.0,Male,3.0,4,Married,4,0,8.0,8.0,8.0,174.41,1,1,0,0.47058823529411764,0,10.259411764705883,0.8888888888888888,0,0,5.6000000000000005,0.0
54479,0,1.0,Female,3.0,4,Single,3,1,1.0,2.0,3.0,149.78,0,2,0,1.0,1,74.89,0.3333333333333333,0,1,2.4,0.45
54480,0,6.0,Female,4.0,4,Married,3,1,12.0,12.0,10.0,177.28,0,1,0,1.7142857142857142,0,25.325714285714287,0.9230769230769231,0,1,7.9,0.2
54481,0,1.0,Male,4.0,3,Single,3,1,1.0,2.0,5.0,169.78,1,2,0,1.0,1,84.89,0.3333333333333333,0,1,2.8000000000000003,0.45
54482,0,5.0,Male,4.0,1,Married,6,0,1.0,2.0,8.0,200.47,1,1,0,0.3333333333333333,1,33.41166666666667,0.3333333333333333,0,1,3.1000000000000005,0.45
54483,0,6.0,Female,4.0,1,Single,9,0,1.0,2.0,8.0,175.55,0,2,0,0.2857142857142857,1,25.07857142857143,0.3333333333333333,0,1,3.4000000000000004,0.45
54484,1,1.0,Male,3.0,1,Married,7,1,2.0,3.0,3.0,159.64,1,1,0,1.5,0,79.82,0.5,0,1,3.3000000000000007,0.2
54485,0,4.0,Female,4.0,1,Married,3,0,2.0,2.0,10.0,182.75,0,1,0,0.4,1,36.55,0.6666666666666666,0,1,2.9000000000000004,0.45
54486,0,5.0,Female,3.0,3,Married,3,0,8.0,9.0,3.0,214.43,0,1,0,1.5,0,35.73833333333334,0.8,0,0,5.9,0.0
54487,0,13.0,Male,3.0,1,Married,3,0,7.0,14.0,4.0,317.72,1,1,0,1.0,0,22.694285714285716,0.4666666666666667,0,1,7.800000000000001,0.2
54488,1,3.0,Female,3.0,3,Married,6,1,2.0,2.0,1.0,177.38,0,1,0,0.5,1,44.345,0.6666666666666666,0,1,2.8000000000000003,0.45
54489,0,7.0,Male,3.0,1,Single,5,0,2.0,2.0,2.0,171.82,1,2,0,0.25,1,21.4775,0.6666666666666666,0,1,2.7,0.45
54490,0,21.0,Male,3.0,3,Married,6,0,2.0,2.0,2.0,308.0,1,1,0,0.09090909090909091,1,14.0,0.6666666666666666,0,0,2.8000000000000003,0.25
54491,0,17.0,Female,3.0,3,Married,3,0,2.0,2.0,1.0,177.57,0,1,0,0.1111111111111111,1,9.865,0.6666666666666666,0,0,2.5,0.25
54492,0,1.0,Male,4.0,4,Married,2,1,1.0,2.0,5.0,188.49,1,1,0,1.0,1,94.245,0.3333333333333333,0,1,2.7000000000000006,0.45
54493,0,28.0,Female,3.0,3,Single,5,0,1.0,2.0,4.0,173.69,0,2,0,0.06896551724137931,1,5.989310344827586,0.3333333333333333,0,0,2.6,0.25
54494,0,17.0,Female,3.0,5,Married,10,0,2.0,2.0,3.0,224.85,0,1,0,0.1111111111111111,1,12.491666666666667,0.6666666666666666,0,0,3.2,0.25
54495,0,19.0,Male,4.0,1,Married,11,0,9.0,10.0,9.0,161.97,1,1,0,0.5,0,8.0985,0.8181818181818182,0,1,7.6,0.2
54496,0,14.0,Male,3.0,1,Married,4,1,2.0,2.0,3.0,199.57,1,1,0,0.13333333333333333,1,13.304666666666666,0.6666666666666666,0,1,2.6,0.45
54497,1,1.0,Male,4.0,5,Married,3,1,1.0,2.0,8.0,146.19,1,1,0,1.0,1,73.095,0.3333333333333333,0,1,2.8000000000000003,0.45
54498,0,3.0,Male,2.0,1,Single,2,0,2.0,3.0,3.0,164.83,1,2,0,0.75,0,41.2075,0.5,0,1,2.4000000000000004,0.2
54499,0,4.0,Female,2.0,3,Married,3,0,2.0,2.0,3.0,186.18,0,1,0,0.4,1,37.236000000000004,0.6666666666666666,0,0,2.1,0.25
54500,0,1.0,Female,3.0,4,Married,3,0,1.0,2.0,8.0,187.14,0,1,0,1.0,1,93.57,0.3333333333333333,0,0,2.4,0.25
54501,0,11.0,Male,4.0,1,Married,9,0,2.0,2.0,5.0,188.47,1,1,0,0.16666666666666666,1,15.705833333333333,0.6666666666666666,0,1,3.5000000000000004,0.45
54502,0,12.0,Male,4.0,1,Married,2,1,3.0,2.0,10.0,240.1,1,1,0,0.15384615384615385,1,18.46923076923077,1.0,0,1,2.9000000000000004,0.45
54503,0,5.0,Female,3.0,1,Single,3,1,5.0,5.0,11.0,196.43,0,2,1,0.8333333333333334,0,32.73833333333334,0.8333333333333334,0,1,4.0,0.5
54504,0,3.0,Female,3.0,4,Married,3,1,2.0,2.0,8.0,207.68,0,1,0,0.5,1,51.92,0.6666666666666666,0,1,2.5,0.45
54505,0,9.0,Male,4.0,4,Single,2,0,2.0,2.0,14.0,205.95,1,2,1,0.2,1,20.595,0.6666666666666666,0,0,2.8000000000000007,0.55
54506,0,1.0,Male,3.0,1,Married,3,0,1.0,2.0,3.0,154.04,1,1,0,1.0,1,77.02,0.3333333333333333,0,1,2.4,0.45
54507,0,15.0,Male,4.0,4,Single,8,1,2.0,2.0,3.0,185.32,1,2,0,0.125,1,11.5825,0.6666666666666666,0,1,3.4000000000000004,0.45
54508,0,21.0,Male,4.0,3,Single,5,0,1.0,2.0,1.0,154.76,1,2,0,0.09090909090909091,1,7.034545454545454,0.3333333333333333,0,0,3.0000000000000004,0.25
54509,0,16.0,Female,3.0,1,Single,4,0,1.0,2.0,1.0,284.92,0,2,0,0.11764705882352941,1,16.76,0.3333333333333333,0,1,2.5,0.45
54510,0,3.0,Male,4.0,3,Married,3,0,2.0,2.0,3.0,171.49,1,1,0,0.5,1,42.8725,0.6666666666666666,0,0,2.9000000000000004,0.25
54511,0,16.0,Male,3.0,3,Married,2,1,2.0,2.0,1.0,151.96,1,1,0,0.11764705882352941,1,8.938823529411765,0.6666666666666666,0,1,2.4000000000000004,0.45
54512,0,6.0,Female,4.0,4,Married,3,0,1.0,2.0,8.0,148.7,0,1,0,0.2857142857142857,1,21.24285714285714,0.3333333333333333,0,0,2.8000000000000003,0.25
54513,0,22.0,Female,4.0,3,Married,5,0,1.0,2.0,1.0,250.04,0,1,0,0.08695652173913043,1,10.871304347826086,0.3333333333333333,0,0,3.0000000000000004,0.25
54514,0,11.0,Male,3.0,5,Married,6,1,7.0,7.0,8.0,184.74,1,1,0,0.5833333333333334,0,15.395000000000001,0.875,0,1,5.3,0.2
54515,0,4.0,Female,3.0,3,Married,9,1,3.0,3.0,3.0,172.36,0,1,0,0.6,0,34.472,0.75,0,1,3.6000000000000005,0.2
54516,0,1.0,Male,3.0,3,Married,3,0,1.0,8.0,8.0,177.96,1,1,0,4.0,0,88.98,0.1111111111111111,0,0,4.8,0.0
54517,0,16.0,Male,4.0,1,Single,5,0,2.0,2.0,1.0,192.81,1,2,0,0.11764705882352941,1,11.341764705882353,0.6666666666666666,0,1,3.1000000000000005,0.45
54518,1,1.0,Female,4.0,4,Single,3,1,2.0,2.0,3.0,146.74,0,2,0,1.0,1,73.37,0.6666666666666666,0,1,2.9000000000000004,0.45
54519,0,10.0,Female,3.0,1,Single,6,0,2.0,2.0,1.0,191.53,0,2,0,0.18181818181818182,1,17.41181818181818,0.6666666666666666,0,1,2.8000000000000003,0.45
54520,0,10.0,Male,3.0,1,Married,6,0,1.0,2.0,3.0,221.99,1,1,0,0.18181818181818182,1,20.180909090909093,0.3333333333333333,0,1,2.7,0.45
54521,0,31.0,Male,3.0,3,Married,4,0,1.0,2.0,3.0,192.55,1,1,0,0.0625,1,6.0171875,0.3333333333333333,0,0,2.5,0.25
54522,0,14.0,Female,3.0,3,Married,5,1,1.0,2.0,8.0,147.13,0,1,0,0.13333333333333333,1,9.808666666666666,0.3333333333333333,0,1,2.6,0.45
54523,0,1.0,Male,3.0,1,Single,3,0,3.0,3.0,3.0,151.1,1,2,0,1.5,0,75.55,0.75,0,1,3.0,0.2
54524,1,1.0,Female,3.0,3,Single,3,1,1.0,2.0,1.0,153.51,0,2,0,1.0,1,76.755,0.3333333333333333,0,1,2.4,0.45
54525,0,11.0,Female,4.0,5,Married,8,0,2.0,2.0,4.0,159.52,0,1,0,0.16666666666666666,1,13.293333333333335,0.6666666666666666,0,0,3.4000000000000004,0.25
54526,0,20.0,Female,2.0,3,Married,4,0,2.0,2.0,1.0,177.58,0,1,0,0.09523809523809523,1,8.456190476190477,0.6666666666666666,0,0,2.2,0.25
54527,1,5.0,Male,3.0,4,Single,3,0,5.0,8.0,3.0,218.55,1,2,0,1.3333333333333333,0,36.425000000000004,0.5555555555555556,0,0,5.2,0.0
54528,0,24.0,Male,4.0,1,Single,8,0,2.0,2.0,3.0,229.96,1,2,0,0.08,1,9.1984,0.6666666666666666,0,1,3.4000000000000004,0.45
54529,1,4.0,Male,4.0,3,Married,4,1,2.0,2.0,1.0,188.8,1,1,0,0.4,1,37.760000000000005,0.6666666666666666,0,1,3.0000000000000004,0.45
54530,0,5.0,Male,3.0,4,Single,2,1,3.0,3.0,3.0,151.57,1,2,0,0.5,0,25.261666666666667,0.75,0,1,2.9000000000000004,0.2
54531,1,1.0,Female,3.0,4,Single,3,0,1.0,2.0,1.0,152.16,0,2,0,1.0,1,76.08,0.3333333333333333,0,0,2.4,0.25
54532,0,3.0,Male,3.0,1,Single,11,0,1.0,2.0,3.0,147.01,1,2,0,0.5,1,36.7525,0.3333333333333333,0,1,3.2,0.45
54533,0,9.0,Male,4.0,4,Single,11,0,1.0,2.0,1.0,190.4,1,2,0,0.2,1,19.04,0.3333333333333333,0,0,3.6000000000000005,0.25
54534,0,1.0,Male,3.0,4,Married,3,0,1.0,2.0,5.0,163.16,1,1,0,1.0,1,81.58,0.3333333333333333,0,0,2.4,0.25
54535,0,2.0,Male,4.0,1,Single,3,0,2.0,2.0,8.0,177.53,1,2,0,0.6666666666666666,1,59.17666666666667,0.6666666666666666,0,1,2.9000000000000004,0.45
54536,0,23.0,Male,3.0,3,Single,10,0,2.0,2.0,1.0,234.65,1,2,0,0.08333333333333333,1,9.777083333333334,0.6666666666666666,0,0,3.2,0.25
54537,0,25.0,Female,3.0,1,Married,6,0,2.0,2.0,8.0,174.36,0,1,0,0.07692307692307693,1,6.706153846153847,0.6666666666666666,0,1,2.8000000000000003,0.45
54538,0,10.0,Female,4.0,3,Married,6,0,3.0,3.0,3.0,150.43,0,1,0,0.2727272727272727,0,13.675454545454546,0.75,0,0,3.7,0.0
54539,1,1.0,Male,4.0,1,Single,10,1,1.0,2.0,5.0,178.04,1,2,0,1.0,1,89.02,0.3333333333333333,0,1,3.5000000000000004,0.45
54540,0,29.0,Female,4.0,1,Single,4,1,1.0,2.0,3.0,291.59,0,2,0,0.06666666666666667,1,9.719666666666665,0.3333333333333333,0,1,2.9000000000000004,0.45
54541,0,1.0,Female,4.0,3,Married,3,1,1.0,2.0,4.0,167.6,0,1,0,1.0,1,83.8,0.3333333333333333,0,1,2.8000000000000003,0.45
54542,0,4.0,Male,4.0,4,Married,3,0,2.0,2.0,1.0,149.76,1,1,0,0.4,1,29.951999999999998,0.6666666666666666,0,0,2.9000000000000004,0.25
54543,1,1.0,Male,4.0,5,Single,2,0,1.0,2.0,5.0,156.02,1,2,0,1.0,1,78.01,0.3333333333333333,0,0,2.7000000000000006,0.25
54544,0,1.0,Female,3.0,4,Married,3,0,2.0,2.0,3.0,147.44,0,1,0,1.0,1,73.72,0.6666666666666666,0,0,2.5,0.25
54545,0,10.0,Male,4.0,3,Married,3,0,9.0,10.0,1.0,200.96,1,1,0,0.9090909090909091,0,18.26909090909091,0.8181818181818182,0,0,6.8,0.0
54546,1,1.0,Male,3.0,1,Single,11,1,2.0,2.0,1.0,147.85,1,2,0,1.0,1,73.925,0.6666666666666666,0,1,3.3000000000000003,0.45
54547,0,11.0,Female,4.0,5,Married,3,0,11.0,13.0,18.0,155.34,0,1,1,1.0833333333333333,0,12.945,0.7857142857142857,0,0,8.200000000000001,0.3
54548,0,14.0,Female,3.0,4,Married,9,0,1.0,2.0,4.0,182.15,0,1,0,0.13333333333333333,1,12.143333333333334,0.3333333333333333,0,0,3.0,0.25
54549,0,16.0,Female,4.0,5,Married,5,0,1.0,2.0,3.0,150.76,0,1,0,0.11764705882352941,1,8.868235294117646,0.3333333333333333,0,0,3.0000000000000004,0.25
54550,0,11.0,Male,3.0,4,Single,4,1,1.0,2.0,2.0,166.97,1,2,0,0.16666666666666666,1,13.914166666666667,0.3333333333333333,0,1,2.5,0.45
54551,0,17.0,Male,3.0,4,Married,3,0,1.0,4.0,10.0,268.36,1,1,0,0.2222222222222222,0,14.908888888888889,0.2,0,0,3.2000000000000006,0.0
54552,0,14.0,Female,4.0,3,Married,8,0,2.0,2.0,1.0,159.48,0,1,0,0.13333333333333333,1,10.632,0.6666666666666666,0,0,3.4000000000000004,0.25
54553,0,28.0,Male,3.0,5,Married,6,0,2.0,2.0,3.0,319.06,1,1,0,0.06896551724137931,1,11.00206896551724,0.6666666666666666,0,0,2.8000000000000003,0.25
54554,0,8.0,Female,4.0,3,Married,11,0,1.0,2.0,3.0,190.38,0,1,0,0.2222222222222222,1,21.153333333333332,0.3333333333333333,0,0,3.6000000000000005,0.25
54555,0,5.0,Female,3.0,5,Married,3,0,4.0,4.0,13.0,168.06,0,1,1,0.6666666666666666,0,28.01,0.8,0,0,3.5000000000000004,0.3
54556,0,17.0,Male,4.0,1,Married,9,0,2.0,2.0,3.0,147.58,1,1,0,0.1111111111111111,1,8.19888888888889,0.6666666666666666,0,1,3.5000000000000004,0.45
54557,0,17.0,Female,4.0,3,Married,6,1,2.0,2.0,3.0,170.22,0,1,0,0.1111111111111111,1,9.456666666666667,0.6666666666666666,0,1,3.2000000000000006,0.45
54558,0,1.0,Female,4.0,1,Single,3,1,1.0,2.0,4.0,169.87,0,2,0,1.0,1,84.935,0.3333333333333333,0,1,2.8000000000000003,0.45
54559,0,11.0,Female,4.0,3,Married,5,1,5.0,11.0,8.0,169.49,0,1,0,0.9166666666666666,0,14.124166666666667,0.4166666666666667,0,1,7.0,0.2
54560,0,5.0,Male,4.0,5,Married,3,0,4.0,4.0,3.0,147.18,1,1,0,0.6666666666666666,0,24.53,0.8,0,0,3.9,0.0
54561,0,13.0,Male,3.0,3,Married,3,1,1.0,2.0,7.0,316.97,1,1,0,0.14285714285714285,1,22.64071428571429,0.3333333333333333,0,1,2.4,0.45
54562,0,30.0,Female,3.0,5,Married,11,0,7.0,2.0,8.0,257.12,0,1,0,0.06451612903225806,1,8.294193548387097,2.3333333333333335,0,0,3.8000000000000003,0.25
54563,0,4.0,Female,3.0,3,Single,2,0,4.0,5.0,5.0,190.77,0,2,0,1.0,0,38.154,0.6666666666666666,0,0,3.8000000000000003,0.0
54564,0,15.0,Male,3.0,5,Married,3,0,2.0,2.0,8.0,208.92,1,1,0,0.125,1,13.0575,0.6666666666666666,0,0,2.5,0.25
54565,0,2.0,Male,4.0,5,Married,3,0,1.0,2.0,9.0,170.58,1,1,0,0.6666666666666666,1,56.86000000000001,0.3333333333333333,0,0,2.8000000000000003,0.25
54566,1,1.0,Male,4.0,5,Married,7,0,2.0,2.0,3.0,165.31,1,1,0,1.0,1,82.655,0.6666666666666666,0,0,3.3000000000000007,0.25
54567,0,26.0,Male,3.0,3,Married,4,1,2.0,2.0,5.0,204.69,1,1,0,0.07407407407407407,1,7.581111111111111,0.6666666666666666,0,1,2.6,0.45
54568,0,19.0,Male,4.0,1,Married,5,0,1.0,2.0,3.0,151.54,1,1,0,0.1,1,7.577,0.3333333333333333,0,1,3.0000000000000004,0.45
54569,0,26.0,Female,2.0,1,Married,4,0,1.0,2.0,5.0,290.55,0,1,0,0.07407407407407407,1,10.761111111111111,0.3333333333333333,0,1,2.1,0.45
54570,0,16.0,Female,4.0,3,Married,4,0,2.0,2.0,3.0,170.56,0,1,0,0.11764705882352941,1,10.032941176470588,0.6666666666666666,0,0,3.0000000000000004,0.25
54571,0,4.0,Female,3.0,1,Single,4,0,2.0,2.0,3.0,185.91,0,2,0,0.4,1,37.182,0.6666666666666666,0,1,2.6,0.45
54572,0,31.0,Female,3.0,5,Married,7,0,2.0,12.0,11.0,320.66,0,1,1,0.375,0,10.020625,0.15384615384615385,0,0,6.900000000000001,0.3
54573,0,20.0,Female,3.0,3,Married,4,0,2.0,2.0,9.0,173.1,0,1,0,0.09523809523809523,1,8.242857142857142,0.6666666666666666,0,0,2.6,0.25
54574,0,16.0,Female,3.0,1,Married,2,0,1.0,2.0,5.0,170.23,0,1,0,0.11764705882352941,1,10.013529411764706,0.3333333333333333,0,1,2.3000000000000003,0.45
54575,1,1.0,Female,4.0,4,Single,3,1,1.0,2.0,5.0,157.02,0,2,0,1.0,1,78.51,0.3333333333333333,0,1,2.8000000000000003,0.45
54576,1,1.0,Female,3.0,3,Married,2,0,1.0,2.0,1.0,148.51,0,1,0,1.0,1,74.255,0.3333333333333333,0,0,2.3000000000000003,0.25
54577,0,12.0,Male,3.0,1,Married,3,1,2.0,2.0,1.0,142.02,1,1,0,0.15384615384615385,1,10.924615384615386,0.6666666666666666,0,1,2.5,0.45
54578,0,14.0,Female,4.0,3,Married,2,0,2.0,2.0,13.0,305.41,0,1,1,0.13333333333333333,1,20.360666666666667,0.6666666666666666,0,0,2.8000000000000007,0.55
54579,0,1.0,Female,3.0,1,Married,3,0,1.0,2.0,3.0,153.86,0,1,0,1.0,1,76.93,0.3333333333333333,0,1,2.4,0.45
54580,0,4.0,Male,3.0,1,Married,6,0,2.0,2.0,5.0,145.97,1,1,0,0.4,1,29.194,0.6666666666666666,0,1,2.8000000000000003,0.45
54581,0,3.0,Male,4.0,3,Married,3,0,1.0,2.0,8.0,244.35,1,1,0,0.5,1,61.0875,0.3333333333333333,0,0,2.8000000000000003,0.25
54582,1,1.0,Female,4.0,4,Married,7,0,2.0,2.0,2.0,150.46,0,1,0,1.0,1,75.23,0.6666666666666666,0,0,3.3000000000000007,0.25
54583,1,1.0,Male,3.0,1,Single,3,0,1.0,2.0,1.0,150.64,1,2,0,1.0,1,75.32,0.3333333333333333,0,1,2.4,0.45
54584,0,4.0,Female,4.0,5,Married,2,0,4.0,8.0,9.0,209.12,0,1,0,1.6,0,41.824,0.4444444444444444,0,0,5.400000000000001,0.0
54585,0,31.0,Male,3.0,1,Married,5,0,1.0,2.0,1.0,266.18,1,1,0,0.0625,1,8.318125,0.3333333333333333,0,1,2.6,0.45
54586,0,24.0,Male,3.0,3,Married,2,0,16.0,16.0,8.0,295.46,1,1,0,0.64,0,11.818399999999999,0.9411764705882353,0,0,9.4,0.0
54587,0,4.0,Female,3.0,1,Single,2,0,2.0,7.0,8.0,150.64,0,2,0,1.4,0,30.127999999999997,0.25,0,1,4.4,0.2
54588,0,31.0,Female,4.0,5,Married,6,0,4.0,14.0,3.0,227.66,0,1,0,0.4375,0,7.114375,0.26666666666666666,0,0,8.200000000000001,0.0
54589,0,21.0,Female,4.0,1,Married,7,0,1.0,2.0,5.0,175.7,0,1,0,0.09090909090909091,1,7.986363636363635,0.3333333333333333,0,1,3.2000000000000006,0.45
54590,0,20.0,Male,3.0,3,Married,8,0,2.0,2.0,2.0,303.61,1,1,0,0.09523809523809523,1,14.457619047619048,0.6666666666666666,0,0,3.0,0.25
54591,0,9.0,Male,3.0,3,Single,2,0,2.0,5.0,4.0,167.3,1,2,0,0.5,0,16.73,0.3333333333333333,0,0,3.6000000000000005,0.0
54592,0,28.0,Female,3.0,3,Single,9,0,1.0,2.0,1.0,162.8,0,2,0,0.06896551724137931,1,5.613793103448276,0.3333333333333333,0,0,3.0,0.25
54593,0,8.0,Male,4.0,3,Married,5,0,4.0,6.0,8.0,152.68,1,1,0,0.6666666666666666,0,16.964444444444446,0.5714285714285714,0,0,4.9,0.0
54594,0,6.0,Female,4.0,1,Married,4,1,1.0,2.0,3.0,215.71,0,1,0,0.2857142857142857,1,30.815714285714286,0.3333333333333333,0,1,2.9000000000000004,0.45
54595,0,5.0,Male,3.0,4,Married,3,0,1.0,2.0,9.0,231.48,1,1,0,0.3333333333333333,1,38.58,0.3333333333333333,0,0,2.4,0.25
54596,1,1.0,Male,3.0,3,Married,9,1,1.0,8.0,8.0,261.1,1,1,0,4.0,0,130.55,0.1111111111111111,0,1,5.4,0.2
54597,1,1.0,Male,3.0,1,Married,9,0,1.0,2.0,4.0,159.08,1,1,0,1.0,1,79.54,0.3333333333333333,0,1,3.0,0.45
54598,0,4.0,Male,3.0,4,Single,2,0,1.0,2.0,3.0,154.83,1,2,0,0.4,1,30.966,0.3333333333333333,0,0,2.3000000000000003,0.25
54599,0,9.0,Male,4.0,3,Married,6,1,1.0,2.0,1.0,201.32,1,1,0,0.2,1,20.131999999999998,0.3333333333333333,0,1,3.1000000000000005,0.45
54600,1,1.0,Male,4.0,3,Married,5,0,2.0,2.0,3.0,223.24,1,1,0,1.0,1,111.62,0.6666666666666666,0,0,3.1000000000000005,0.25
54601,1,1.0,Female,3.0,5,Married,11,1,2.0,2.0,3.0,224.5,0,1,0,1.0,1,112.25,0.6666666666666666,0,1,3.3000000000000003,0.45
54602,0,16.0,Male,4.0,3,Married,6,0,1.0,3.0,1.0,145.93,1,1,0,0.17647058823529413,0,8.584117647058823,0.25,0,0,3.5000000000000004,0.0
54603,0,10.0,Male,3.0,1,Single,3,0,9.0,10.0,3.0,224.8,1,2,0,0.9090909090909091,0,20.436363636363637,0.8181818181818182,0,1,6.4,0.2
54604,1,1.0,Male,4.0,3,Single,7,0,1.0,2.0,3.0,163.94,1,2,0,1.0,1,81.97,0.3333333333333333,0,0,3.2000000000000006,0.25
54605,0,22.0,Female,3.0,1,Married,4,0,7.0,7.0,8.0,165.51,0,1,0,0.30434782608695654,0,7.1960869565217385,0.875,0,1,5.1000000000000005,0.2
54606,0,29.0,Female,3.0,4,Single,5,0,2.0,8.0,9.0,293.35,0,2,0,0.26666666666666666,0,9.778333333333334,0.2222222222222222,0,0,5.1000000000000005,0.0
54607,0,15.0,Male,3.0,1,Single,9,0,1.0,2.0,11.0,187.3,1,2,1,0.125,1,11.70625,0.3333333333333333,0,1,3.0,0.75
54608,0,9.0,Male,3.0,3,Married,11,0,1.0,7.0,10.0,172.17,1,1,0,0.7,0,17.217,0.125,0,0,5.199999999999999,0.0
54609,0,14.0,Female,4.0,3,Single,9,0,5.0,2.0,14.0,257.37,0,2,1,0.13333333333333333,1,17.158,1.6666666666666667,0,0,3.8000000000000003,0.55
54610,0,13.0,Female,3.0,3,Married,3,0,2.0,2.0,8.0,162.55,0,1,0,0.14285714285714285,1,11.610714285714286,0.6666666666666666,0,0,2.5,0.25
54611,0,5.0,Male,4.0,1,Single,6,1,2.0,2.0,6.0,190.82,1,2,0,0.3333333333333333,1,31.80333333333333,0.6666666666666666,0,1,3.2000000000000006,0.45
54612,0,16.0,Male,3.0,5,Married,3,1,6.0,6.0,9.0,199.06,1,1,0,0.35294117647058826,0,11.709411764705882,0.8571428571428571,0,1,4.5,0.2
54613,0,19.0,Male,4.0,4,Married,2,0,4.0,4.0,8.0,173.05,1,1,0,0.2,0,8.6525,0.8,0,0,3.8000000000000003,0.0
54614,1,1.0,Female,3.0,3,Married,2,1,1.0,2.0,1.0,152.41,0,1,0,1.0,1,76.205,0.3333333333333333,0,1,2.3000000000000003,0.45
54615,0,3.0,Male,3.0,1,Married,6,0,2.0,2.0,3.0,167.62,1,1,0,0.5,1,41.905,0.6666666666666666,0,1,2.8000000000000003,0.45
54616,0,7.0,Female,4.0,3,Married,6,0,1.0,2.0,6.0,286.84,0,1,0,0.25,1,35.855,0.3333333333333333,0,0,3.1000000000000005,0.25
54617,0,5.0,Male,3.0,1,Married,11,0,2.0,2.0,2.0,240.57,1,1,0,0.3333333333333333,1,40.095,0.6666666666666666,0,1,3.3000000000000003,0.45
54618,1,1.0,Male,4.0,4,Single,3,1,2.0,2.0,1.0,143.78,1,2,0,1.0,1,71.89,0.6666666666666666,0,1,2.9000000000000004,0.45
54619,0,14.0,Male,3.0,5,Married,5,0,1.0,2.0,2.0,234.32,1,1,0,0.13333333333333333,1,15.621333333333332,0.3333333333333333,0,0,2.6,0.25
54620,0,15.0,Female,4.0,3,Single,4,1,1.0,2.0,8.0,193.11,0,2,0,0.125,1,12.069375,0.3333333333333333,0,1,2.9000000000000004,0.45
54621,0,1.0,Male,3.0,3,Married,7,0,1.0,2.0,1.0,168.06,1,1,0,1.0,1,84.03,0.3333333333333333,0,0,2.8000000000000003,0.25
54622,0,9.0,Female,4.0,3,Single,3,0,2.0,2.0,4.0,173.59,0,2,0,0.2,1,17.359,0.6666666666666666,0,0,2.9000000000000004,0.25
54623,0,8.0,Male,4.0,1,Single,3,0,1.0,6.0,8.0,178.37,1,2,0,0.6666666666666666,0,19.81888888888889,0.14285714285714285,0,1,4.3999999999999995,0.2
54624,1,1.0,Male,4.0,1,Single,3,1,1.0,2.0,1.0,148.4,1,2,0,1.0,1,74.2,0.3333333333333333,0,1,2.8000000000000003,0.45
54625,0,11.0,Female,3.0,1,Single,6,0,2.0,2.0,3.0,199.91,0,2,0,0.16666666666666666,1,16.659166666666668,0.6666666666666666,0,1,2.8000000000000003,0.45
54626,0,20.0,Female,3.0,3,Married,7,0,1.0,2.0,3.0,230.27,0,1,0,0.09523809523809523,1,10.965238095238096,0.3333333333333333,0,0,2.8000000000000003,0.25
54627,0,15.0,Female,4.0,5,Married,9,0,1.0,12.0,9.0,290.95,0,1,0,0.75,0,18.184375,0.07692307692307693,0,0,7.4,0.0
54628,0,11.0,Male,4.0,4,Married,3,0,2.0,8.0,3.0,213.34,1,1,0,0.6666666666666666,0,17.778333333333332,0.2222222222222222,0,0,5.300000000000001,0.0
54629,0,26.0,Male,4.0,5,Married,5,1,3.0,7.0,10.0,180.77,1,1,0,0.25925925925925924,0,6.695185185185186,0.375,0,1,5.2,0.2
54630,1,1.0,Male,3.0,3,Married,10,0,2.0,2.0,3.0,172.07,1,1,0,1.0,1,86.035,0.6666666666666666,0,0,3.2,0.25
54631,0,1.0,Male,3.0,1,Married,2,0,2.0,3.0,2.0,149.0,1,1,0,1.5,0,74.5,0.5,0,1,2.8000000000000007,0.2
54632,0,12.0,Female,4.0,3,Married,5,0,1.0,2.0,3.0,223.24,0,1,0,0.15384615384615385,1,17.172307692307694,0.3333333333333333,0,0,3.0000000000000004,0.25
54633,0,11.0,Female,4.0,4,Married,8,0,5.0,5.0,4.0,189.47,0,1,0,0.4166666666666667,0,15.789166666666667,0.8333333333333334,0,0,4.9,0.0
54634,0,23.0,Male,3.0,3,Married,3,1,2.0,2.0,10.0,320.02,1,1,0,0.08333333333333333,1,13.334166666666667,0.6666666666666666,0,1,2.5,0.45
54635,0,1.0,Male,3.0,1,Married,3,1,1.0,2.0,5.0,152.25,1,1,0,1.0,1,76.125,0.3333333333333333,0,1,2.4,0.45
54636,0,1.0,Male,4.0,4,Married,3,0,1.0,2.0,5.0,187.72,1,1,0,1.0,1,93.86,0.3333333333333333,0,0,2.8000000000000003,0.25
54637,0,1.0,Male,4.0,4,Married,3,0,2.0,2.0,1.0,146.27,1,1,0,1.0,1,73.135,0.6666666666666666,0,0,2.9000000000000004,0.25
54638,0,24.0,Male,4.0,4,Married,3,0,2.0,11.0,8.0,307.0,1,1,0,0.44,0,12.28,0.16666666666666666,0,0,6.5,0.0
54639,0,1.0,Male,3.0,3,Married,3,0,2.0,2.0,7.0,145.96,1,1,0,1.0,1,72.98,0.6666666666666666,0,0,2.5,0.25
54640,1,1.0,Female,3.0,3,Married,3,1,1.0,2.0,3.0,153.86,0,1,0,1.0,1,76.93,0.3333333333333333,0,1,2.4,0.45
54641,1,1.0,Male,4.0,5,Married,3,0,2.0,2.0,1.0,145.33,1,1,0,1.0,1,72.665,0.6666666666666666,0,0,2.9000000000000004,0.25
54642,0,8.0,Male,3.0,1,Married,3,1,2.0,2.0,4.0,161.22,1,1,0,0.2222222222222222,1,17.913333333333334,0.6666666666666666,0,1,2.5,0.45
54643,1,1.0,Male,3.0,5,Married,4,0,1.0,2.0,3.0,167.33,1,1,0,1.0,1,83.665,0.3333333333333333,0,0,2.5,0.25
54644,0,9.0,Male,3.0,1,Single,6,0,2.0,2.0,3.0,161.81,1,2,0,0.2,1,16.181,0.6666666666666666,0,1,2.8000000000000003,0.45
54645,0,5.0,Male,4.0,1,Married,6,0,6.0,6.0,8.0,179.6,1,1,0,1.0,0,29.933333333333334,0.8571428571428571,0,1,5.199999999999999,0.2
54646,0,1.0,Female,4.0,3,Married,2,0,1.0,2.0,4.0,146.87,0,1,0,1.0,1,73.435,0.3333333333333333,0,0,2.7000000000000006,0.25
54647,0,11.0,Male,4.0,3,Married,6,1,1.0,2.0,3.0,221.02,1,1,0,0.16666666666666666,1,18.418333333333333,0.3333333333333333,0,1,3.1000000000000005,0.45
54648,0,1.0,Female,3.0,4,Single,3,0,1.0,2.0,1.0,153.36,0,2,0,1.0,1,76.68,0.3333333333333333,0,0,2.4,0.25
54649,0,16.0,Female,3.0,1,Married,3,0,1.0,3.0,3.0,165.89,0,1,0,0.17647058823529413,0,9.758235294117647,0.25,0,1,2.8000000000000003,0.2
54650,0,17.0,Male,3.0,1,Married,6,1,1.0,2.0,1.0,291.27,1,1,0,0.1111111111111111,1,16.181666666666665,0.3333333333333333,0,1,2.7,0.45
54651,0,12.0,Female,3.0,5,Single,5,0,1.0,2.0,1.0,151.19,0,2,0,0.15384615384615385,1,11.629999999999999,0.3333333333333333,0,0,2.6,0.25
54652,0,17.0,Male,4.0,3,Married,5,1,2.0,5.0,8.0,181.79,1,1,0,0.2777777777777778,0,10.099444444444444,0.3333333333333333,0,1,4.3,0.2
54653,0,22.0,Female,3.0,5,Married,9,0,1.0,2.0,3.0,279.02,0,1,0,0.08695652173913043,1,12.131304347826086,0.3333333333333333,0,0,3.0,0.25
54654,0,18.0,Female,3.0,3,Single,6,0,2.0,2.0,3.0,184.85,0,2,0,0.10526315789473684,1,9.728947368421052,0.6666666666666666,0,0,2.8000000000000003,0.25
54655,0,8.0,Female,3.0,3,Married,3,1,2.0,2.0,7.0,150.79,0,1,0,0.2222222222222222,1,16.754444444444445,0.6666666666666666,0,1,2.5,0.45
54656,1,1.0,Male,3.0,5,Married,2,0,2.0,2.0,3.0,155.41,1,1,0,1.0,1,77.705,0.6666666666666666,0,0,2.4000000000000004,0.25
54657,0,1.0,Male,3.0,3,Single,3,0,1.0,2.0,3.0,159.47,1,2,0,1.0,1,79.735,0.3333333333333333,0,0,2.4,0.25
54658,0,18.0,Male,3.0,1,Married,6,1,1.0,2.0,2.0,320.13,1,1,0,0.10526315789473684,1,16.84894736842105,0.3333333333333333,0,1,2.7,0.45
54659,0,1.0,Male,4.0,3,Married,2,0,2.0,3.0,3.0,152.73,1,1,0,1.5,0,76.365,0.5,0,0,3.2000000000000006,0.0
54660,0,7.0,Male,3.0,3,Married,2,0,1.0,2.0,3.0,196.04,1,1,0,0.25,1,24.505,0.3333333333333333,0,0,2.3000000000000003,0.25
54661,0,6.0,Female,4.0,1,Married,3,1,2.0,2.0,6.0,188.22,0,1,0,0.2857142857142857,1,26.888571428571428,0.6666666666666666,0,1,2.9000000000000004,0.45
54662,0,4.0,Female,4.0,3,Married,3,0,2.0,2.0,1.0,145.83,0,1,0,0.4,1,29.166000000000004,0.6666666666666666,0,0,2.9000000000000004,0.25
54663,0,27.0,Female,3.0,5,Single,9,0,5.0,9.0,11.0,208.81,0,2,1,0.32142857142857145,0,7.4575000000000005,0.5,0,0,6.200000000000001,0.3
54664,0,8.0,Male,3.0,1,Married,3,0,2.0,9.0,9.0,151.91,1,1,0,1.0,0,16.878888888888888,0.2,0,1,5.300000000000001,0.2
54665,1,9.0,Female,4.0,5,Married,4,0,1.0,2.0,1.0,167.86,0,1,0,0.2,1,16.786,0.3333333333333333,0,0,2.9000000000000004,0.25
54666,0,1.0,Female,4.0,1,Married,3,1,1.0,2.0,3.0,81.0,0,1,0,1.0,1,40.5,0.3333333333333333,0,1,2.8000000000000003,0.45
54667,0,11.0,Male,3.0,3,Married,3,0,8.0,8.0,3.0,219.34,1,1,0,0.6666666666666666,0,18.278333333333332,0.8888888888888888,0,0,5.5,0.0
54668,0,3.0,Female,4.0,3,Married,3,0,1.0,2.0,3.0,180.61,0,1,0,0.5,1,45.1525,0.3333333333333333,0,0,2.8000000000000003,0.25
54669,0,9.0,Male,3.0,1,Single,3,0,1.0,12.0,9.0,191.46,1,2,0,1.2,0,19.146,0.07692307692307693,0,1,6.4,0.2
54670,0,7.0,Male,2.0,1,Married,5,0,4.0,5.0,8.0,202.25,1,1,0,0.625,0,25.28125,0.6666666666666666,0,1,3.6999999999999997,0.2
54671,0,28.0,Male,3.0,4,Married,4,0,3.0,2.0,2.0,232.25,1,1,0,0.06896551724137931,1,8.008620689655173,1.0,0,0,2.7,0.25
54672,0,10.0,Male,3.0,4,Married,4,1,1.0,2.0,3.0,213.47,1,1,0,0.18181818181818182,1,19.406363636363636,0.3333333333333333,0,1,2.5,0.45
54673,0,1.0,Male,3.0,1,Single,2,0,2.0,2.0,2.0,145.45,1,2,0,1.0,1,72.725,0.6666666666666666,0,1,2.4000000000000004,0.45
54674,1,1.0,Male,3.0,3,Single,3,1,2.0,2.0,2.0,135.09,1,2,0,1.0,1,67.545,0.6666666666666666,0,1,2.5,0.45
54675,1,1.0,Male,4.0,5,Single,3,1,6.0,10.0,8.0,158.48,1,2,0,5.0,0,79.24,0.5454545454545454,0,1,6.5,0.2
54676,0,9.0,Male,3.0,3,Married,3,0,2.0,2.0,1.0,137.81,1,1,0,0.2,1,13.781,0.6666666666666666,0,0,2.5,0.25
54677,0,1.0,Male,3.0,5,Married,4,0,1.0,2.0,3.0,153.19,1,1,0,1.0,1,76.595,0.3333333333333333,0,0,2.5,0.25
54678,0,1.0,Male,3.0,4,Married,2,0,2.0,2.0,3.0,173.51,1,1,0,1.0,1,86.755,0.6666666666666666,0,0,2.4000000000000004,0.25
54679,0,12.0,Female,3.0,1,Single,2,0,2.0,2.0,6.0,165.28,0,2,0,0.15384615384615385,1,12.713846153846154,0.6666666666666666,0,1,2.4000000000000004,0.45
54680,0,3.0,Male,4.0,1,Married,3,0,1.0,3.0,9.0,152.2,1,1,0,0.75,0,38.05,0.25,0,1,3.2000000000000006,0.2
54681,0,22.0,Male,3.0,4,Married,5,0,1.0,3.0,3.0,206.2,1,1,0,0.13043478260869565,0,8.965217391304348,0.25,0,0,3.0000000000000004,0.0
54682,0,1.0,Female,4.0,1,Married,3,1,2.0,2.0,5.0,171.47,0,1,0,1.0,1,85.735,0.6666666666666666,0,1,2.9000000000000004,0.45
54683,0,11.0,Male,4.0,1,Single,5,0,2.0,2.0,1.0,171.8,1,2,0,0.16666666666666666,1,14.316666666666668,0.6666666666666666,0,1,3.1000000000000005,0.45
54684,0,24.0,Male,4.0,3,Married,3,1,1.0,4.0,9.0,157.21,1,1,0,0.16,0,6.2884,0.2,0,1,3.6,0.2
54685,0,8.0,Female,3.0,4,Single,3,0,5.0,8.0,3.0,211.21,0,2,0,0.8888888888888888,0,23.46777777777778,0.5555555555555556,0,0,5.2,0.0
54686,1,1.0,Female,4.0,3,Single,11,0,2.0,3.0,1.0,170.77,0,2,0,1.5,0,85.385,0.5,0,0,4.1000000000000005,0.0
54687,0,13.0,Female,4.0,3,Single,3,0,2.0,12.0,11.0,170.53,0,2,1,0.8571428571428571,0,12.180714285714286,0.15384615384615385,0,0,6.9,0.3
54688,0,6.0,Male,3.0,1,Single,3,0,2.0,2.0,9.0,178.96,1,2,0,0.2857142857142857,1,25.565714285714286,0.6666666666666666,0,1,2.5,0.45
54689,1,14.0,Male,3.0,3,Married,5,1,1.0,2.0,4.0,192.96,1,1,0,0.13333333333333333,1,12.864,0.3333333333333333,0,1,2.6,0.45
54690,0,12.0,Female,3.0,1,Single,2,0,1.0,2.0,9.0,201.25,0,2,0,0.15384615384615385,1,15.48076923076923,0.3333333333333333,0,1,2.3000000000000003,0.45
54691,0,1.0,Female,4.0,5,Married,3,0,1.0,2.0,8.0,199.12,0,1,0,1.0,1,99.56,0.3333333333333333,0,0,2.8000000000000003,0.25
54692,0,6.0,Female,3.0,1,Single,5,0,7.0,2.0,8.0,236.59,0,2,0,0.2857142857142857,1,33.79857142857143,2.3333333333333335,0,1,3.2,0.45
54693,0,21.0,Male,3.0,5,Single,4,0,2.0,2.0,8.0,174.6,1,2,0,0.09090909090909091,1,7.9363636363636365,0.6666666666666666,0,0,2.6,0.25
54694,0,14.0,Male,3.0,5,Married,7,1,1.0,2.0,3.0,229.75,1,1,0,0.13333333333333333,1,15.316666666666666,0.3333333333333333,0,1,2.8000000000000003,0.45
54695,0,27.0,Male,3.0,3,Married,5,0,1.0,2.0,4.0,273.14,1,1,0,0.07142857142857142,1,9.754999999999999,0.3333333333333333,0,0,2.6,0.25
54696,0,15.0,Male,4.0,1,Married,5,0,4.0,13.0,7.0,316.41,1,1,0,0.8125,0,19.775625,0.2857142857142857,0,1,7.700000000000001,0.2
54697,0,31.0,Male,3.0,5,Single,10,0,3.0,3.0,3.0,179.05,1,2,0,0.09375,0,5.5953125,0.75,0,0,3.7,0.0
54698,0,1.0,Male,3.0,5,Married,3,0,1.0,2.0,3.0,212.93,1,1,0,1.0,1,106.465,0.3333333333333333,0,0,2.4,0.25
54699,0,15.0,Male,3.0,3,Married,3,0,2.0,3.0,11.0,316.89,1,1,1,0.1875,0,19.805625,0.5,0,0,2.9000000000000004,0.3
54700,0,24.0,Male,3.0,4,Married,9,0,1.0,3.0,3.0,163.75,1,1,0,0.12,0,6.55,0.25,0,0,3.4000000000000004,0.0
54701,1,1.0,Female,4.0,4,Single,9,1,2.0,4.0,8.0,147.16,0,2,0,2.0,0,73.58,0.4,0,1,4.300000000000001,0.2
54702,0,10.0,Female,4.0,5,Married,11,0,1.0,2.0,6.0,242.13,0,1,0,0.18181818181818182,1,22.01181818181818,0.3333333333333333,0,0,3.6000000000000005,0.25
54703,0,12.0,Female,3.0,3,Single,6,1,1.0,2.0,1.0,203.61,0,2,0,0.15384615384615385,1,15.662307692307694,0.3333333333333333,0,1,2.7,0.45
54704,0,18.0,Male,3.0,3,Single,4,0,1.0,2.0,5.0,162.08,1,2,0,0.10526315789473684,1,8.530526315789475,0.3333333333333333,0,0,2.5,0.25
54705,0,21.0,Female,3.0,3,Married,11,1,1.0,12.0,14.0,262.7,0,1,1,0.5454545454545454,0,11.94090909090909,0.07692307692307693,0,1,7.200000000000001,0.5
54706,0,4.0,Male,4.0,1,Married,9,0,3.0,8.0,8.0,178.04,1,1,0,1.6,0,35.608,0.3333333333333333,0,1,6.000000000000001,0.2
54707,0,3.0,Male,4.0,3,Single,3,0,2.0,2.0,1.0,151.42,1,2,0,0.5,1,37.855,0.6666666666666666,0,0,2.9000000000000004,0.25
54708,1,6.0,Male,3.0,3,Married,8,1,1.0,3.0,3.0,152.59,1,1,0,0.42857142857142855,0,21.798571428571428,0.25,0,1,3.3000000000000003,0.2
54709,0,17.0,Male,3.0,1,Married,5,0,2.0,3.0,3.0,193.04,1,1,0,0.16666666666666666,0,10.724444444444444,0.5,0,1,3.1000000000000005,0.2
54710,0,8.0,Female,4.0,3,Single,5,0,1.0,5.0,4.0,186.42,0,2,0,0.5555555555555556,0,20.71333333333333,0.16666666666666666,0,0,4.199999999999999,0.0
54711,0,1.0,Male,3.0,5,Married,3,0,2.0,2.0,3.0,150.0,1,1,0,1.0,1,75.0,0.6666666666666666,0,0,2.5,0.25
54712,0,13.0,Female,3.0,4,Married,11,0,1.0,4.0,7.0,188.89,0,1,0,0.2857142857142857,0,13.492142857142856,0.2,0,0,4.0,0.0
54713,0,30.0,Male,3.0,1,Married,9,0,1.0,2.0,2.0,236.03,1,1,0,0.06451612903225806,1,7.613870967741936,0.3333333333333333,0,1,3.0,0.45
54714,0,14.0,Female,3.0,1,Single,2,1,1.0,3.0,4.0,148.42,0,2,0,0.2,0,9.894666666666666,0.25,0,1,2.7000000000000006,0.2
54715,0,1.0,Female,3.0,5,Single,10,0,2.0,2.0,8.0,193.11,0,2,0,1.0,1,96.555,0.6666666666666666,0,0,3.2,0.25
54716,0,3.0,Male,3.0,4,Married,3,0,3.0,3.0,3.0,147.97,1,1,0,0.75,0,36.9925,0.75,0,0,3.0,0.0
54717,0,27.0,Male,3.0,1,Single,4,0,3.0,3.0,3.0,149.5,1,2,0,0.10714285714285714,0,5.339285714285714,0.75,0,1,3.1000000000000005,0.2
54718,0,9.0,Female,4.0,5,Married,4,0,2.0,2.0,1.0,175.93,0,1,0,0.2,1,17.593,0.6666666666666666,0,0,3.0000000000000004,0.25
54719,0,6.0,Male,4.0,1,Married,3,0,2.0,5.0,8.0,178.09,1,1,0,0.7142857142857143,0,25.44142857142857,0.3333333333333333,0,1,4.1000000000000005,0.2
54720,0,12.0,Male,4.0,3,Married,8,1,1.0,2.0,2.0,155.57,1,1,0,0.15384615384615385,1,11.966923076923077,0.3333333333333333,0,1,3.3000000000000003,0.45
54721,0,8.0,Female,3.0,5,Married,5,0,2.0,2.0,1.0,176.21,0,1,0,0.2222222222222222,1,19.57888888888889,0.6666666666666666,0,0,2.7,0.25
54722,0,26.0,Male,3.0,5,Married,3,0,2.0,2.0,17.0,293.56,1,1,1,0.07407407407407407,1,10.872592592592593,0.6666666666666666,0,0,2.5,0.55
54723,1,1.0,Male,4.0,1,Single,3,1,7.0,8.0,9.0,151.86,1,2,0,4.0,0,75.93,0.7777777777777778,0,1,5.800000000000001,0.2
54724,0,1.0,Female,3.0,1,Single,3,0,1.0,2.0,5.0,186.8,0,2,0,1.0,1,93.4,0.3333333333333333,0,1,2.4,0.45
54725,0,19.0,Male,3.0,3,Single,2,0,2.0,4.0,2.0,191.32,1,2,0,0.2,0,9.565999999999999,0.4,0,0,3.2000000000000006,0.0
54726,0,1.0,Male,4.0,3,Single,3,0,1.0,2.0,3.0,160.05,1,2,0,1.0,1,80.025,0.3333333333333333,0,0,2.8000000000000003,0.25
54727,1,11.0,Female,4.0,3,Single,6,1,1.0,2.0,4.0,188.97,0,2,0,0.16666666666666666,1,15.7475,0.3333333333333333,0,1,3.1000000000000005,0.45
54728,0,8.0,Male,3.0,1,Single,3,0,1.0,2.0,5.0,187.74,1,2,0,0.2222222222222222,1,20.86,0.3333333333333333,0,1,2.4,0.45
54729,1,19.0,Male,4.0,5,Married,7,1,2.0,2.0,5.0,323.59,1,1,0,0.1,1,16.179499999999997,0.6666666666666666,0,1,3.3000000000000007,0.45
54730,0,10.0,Male,4.0,5,Single,3,0,1.0,2.0,10.0,200.87,1,2,0,0.18181818181818182,1,18.26090909090909,0.3333333333333333,0,0,2.8000000000000003,0.25
54731,0,26.0,Male,3.0,1,Married,2,0,2.0,2.0,3.0,167.58,1,1,0,0.07407407407407407,1,6.206666666666667,0.6666666666666666,0,1,2.4000000000000004,0.45
54732,0,1.0,Female,4.0,1,Married,5,0,3.0,3.0,1.0,168.64,0,1,0,1.5,0,84.32,0.75,0,1,3.6000000000000005,0.2
54733,0,3.0,Female,4.0,3,Married,6,0,1.0,2.0,2.0,168.35,0,1,0,0.5,1,42.0875,0.3333333333333333,0,0,3.1000000000000005,0.25
54734,1,1.0,Male,3.0,5,Single,8,0,1.0,2.0,3.0,178.26,1,2,0,1.0,1,89.13,0.3333333333333333,0,0,2.9,0.25
54735,0,8.0,Female,4.0,1,Single,4,0,2.0,2.0,4.0,157.8,0,2,0,0.2222222222222222,1,17.533333333333335,0.6666666666666666,0,1,3.0000000000000004,0.45
54736,0,28.0,Female,4.0,5,Married,11,1,1.0,2.0,5.0,179.85,0,1,0,0.06896551724137931,1,6.201724137931034,0.3333333333333333,0,1,3.6000000000000005,0.45
54737,0,1.0,Male,3.0,1,Married,2,0,2.0,2.0,2.0,168.42,1,1,0,1.0,1,84.21,0.6666666666666666,0,1,2.4000000000000004,0.45
54738,0,11.0,Female,3.0,5,Married,2,1,5.0,5.0,4.0,152.82,0,1,0,0.4166666666666667,0,12.735,0.8333333333333334,0,1,3.9000000000000004,0.2
54739,0,12.0,Female,4.0,5,Single,8,1,1.0,5.0,13.0,184.8,0,2,1,0.38461538461538464,0,14.215384615384616,0.16666666666666666,0,1,4.5,0.5
54740,0,8.0,Female,3.0,5,Single,3,0,2.0,2.0,4.0,168.81,0,2,0,0.2222222222222222,1,18.756666666666668,0.6666666666666666,0,0,2.5,0.25
54741,0,9.0,Female,4.0,1,Married,3,0,2.0,2.0,3.0,150.72,0,1,0,0.2,1,15.072,0.6666666666666666,0,1,2.9000000000000004,0.45
54742,0,4.0,Male,3.0,3,Married,5,0,2.0,2.0,3.0,163.33,1,1,0,0.4,1,32.666000000000004,0.6666666666666666,0,0,2.7,0.25
54743,0,14.0,Female,3.0,4,Married,3,0,1.0,4.0,8.0,167.44,0,1,0,0.26666666666666666,0,11.162666666666667,0.2,0,0,3.2000000000000006,0.0
54744,0,8.0,Female,4.0,5,Married,7,0,2.0,2.0,3.0,190.0,0,1,0,0.2222222222222222,1,21.11111111111111,0.6666666666666666,0,0,3.3000000000000007,0.25
54745,0,16.0,Male,4.0,1,Married,3,0,6.0,15.0,10.0,309.3,1,1,0,0.8823529411764706,0,18.194117647058825,0.375,0,1,8.5,0.2
54746,1,1.0,Male,4.0,5,Married,3,1,1.0,2.0,1.0,141.01,1,1,0,1.0,1,70.505,0.3333333333333333,0,1,2.8000000000000003,0.45
54747,0,1.0,Male,3.0,4,Married,3,0,1.0,2.0,1.0,151.94,1,1,0,1.0,1,75.97,0.3333333333333333,0,0,2.4,0.25
54748,0,26.0,Female,3.0,3,Married,10,0,2.0,2.0,5.0,156.49,0,1,0,0.07407407407407407,1,5.795925925925927,0.6666666666666666,0,0,3.2,0.25
54749,0,24.0,Male,4.0,3,Married,7,0,1.0,2.0,4.0,301.39,1,1,0,0.08,1,12.0556,0.3333333333333333,0,0,3.2000000000000006,0.25
54750,1,1.0,Female,3.0,5,Married,3,1,1.0,2.0,1.0,148.19,0,1,0,1.0,1,74.095,0.3333333333333333,0,1,2.4,0.45
54751,0,7.0,Male,3.0,3,Married,2,0,2.0,2.0,8.0,241.91,1,1,0,0.25,1,30.23875,0.6666666666666666,0,0,2.4000000000000004,0.25
54752,1,1.0,Female,4.0,5,Single,7,0,2.0,2.0,3.0,178.24,0,2,0,1.0,1,89.12,0.6666666666666666,0,0,3.3000000000000007,0.25
54753,0,21.0,Female,3.0,1,Married,3,1,4.0,4.0,1.0,292.52,0,1,0,0.18181818181818182,0,13.296363636363635,0.8,0,1,3.5000000000000004,0.2
54754,0,10.0,Female,3.0,4,Married,2,0,2.0,2.0,6.0,177.28,0,1,0,0.18181818181818182,1,16.116363636363637,0.6666666666666666,0,0,2.4000000000000004,0.25
54755,0,3.0,Male,3.0,3,Married,3,0,2.0,2.0,8.0,152.0,1,1,0,0.5,1,38.0,0.6666666666666666,0,0,2.5,0.25
54756,1,21.0,Male,3.0,4,Single,9,1,8.0,14.0,9.0,317.46,1,2,0,0.6363636363636364,0,14.43,0.5333333333333333,0,1,8.500000000000002,0.2
54757,0,9.0,Female,3.0,3,Single,5,0,3.0,3.0,3.0,150.06,0,2,0,0.3,0,15.006,0.75,0,0,3.2,0.0
54758,0,16.0,Female,3.0,1,Married,11,1,1.0,2.0,3.0,185.62,0,1,0,0.11764705882352941,1,10.918823529411766,0.3333333333333333,0,1,3.2,0.45
54759,1,1.0,Male,3.0,3,Single,8,0,3.0,3.0,2.0,168.82,1,2,0,1.5,0,84.41,0.75,0,0,3.5,0.0
54760,0,10.0,Male,3.0,4,Married,6,0,2.0,2.0,5.0,146.43,1,1,0,0.18181818181818182,1,13.311818181818182,0.6666666666666666,0,0,2.8000000000000003,0.25
54761,0,6.0,Female,4.0,3,Married,3,0,6.0,7.0,9.0,186.62,0,1,0,1.0,0,26.66,0.75,0,0,5.300000000000001,0.0
54762,0,14.0,Male,3.0,3,Single,8,0,1.0,2.0,1.0,175.94,1,2,0,0.13333333333333333,1,11.729333333333333,0.3333333333333333,0,0,2.9,0.25
54763,0,4.0,Female,3.0,1,Single,7,1,2.0,2.0,1.0,193.77,0,2,0,0.4,1,38.754000000000005,0.6666666666666666,0,1,2.9000000000000004,0.45
54764,0,19.0,Female,4.0,3,Single,3,0,2.0,2.0,1.0,147.74,0,2,0,0.1,1,7.3870000000000005,0.6666666666666666,0,0,2.9000000000000004,0.25
54765,0,16.0,Male,4.0,4,Married,3,0,6.0,8.0,9.0,169.34,1,1,0,0.47058823529411764,0,9.961176470588235,0.6666666666666666,0,0,5.700000000000001,0.0
54766,0,12.0,Male,1.0,5,Married,4,0,2.0,2.0,3.0,187.88,1,1,0,0.15384615384615385,1,14.452307692307691,0.6666666666666666,1,0,1.8,0.5
54767,0,8.0,Female,4.0,1,Single,3,0,2.0,2.0,4.0,150.53,0,2,0,0.2222222222222222,1,16.725555555555555,0.6666666666666666,0,1,2.9000000000000004,0.45
54768,1,13.0,Female,3.0,1,Married,3,0,1.0,8.0,8.0,201.54,0,1,0,0.5714285714285714,0,14.395714285714286,0.1111111111111111,0,1,4.8,0.2
54769,1,19.0,Male,3.0,1,Single,6,0,2.0,8.0,4.0,176.6,1,2,0,0.4,0,8.83,0.2222222222222222,0,1,5.2,0.2
54770,0,17.0,Male,4.0,5,Married,8,0,2.0,2.0,1.0,296.59,1,1,0,0.1111111111111111,1,16.47722222222222,0.6666666666666666,0,0,3.4000000000000004,0.25
54771,0,1.0,Male,3.0,1,Married,3,1,2.0,2.0,9.0,253.08,1,1,0,1.0,1,126.54,0.6666666666666666,0,1,2.5,0.45
54772,0,9.0,Male,3.0,3,Single,5,0,1.0,2.0,3.0,227.21,1,2,0,0.2,1,22.721,0.3333333333333333,0,0,2.6,0.25
54773,0,2.0,Female,3.0,4,Married,3,1,7.0,8.0,6.0,172.79,0,1,0,2.6666666666666665,0,57.596666666666664,0.7777777777777778,0,1,5.4,0.2
54774,0,8.0,Male,3.0,1,Married,2,0,2.0,2.0,3.0,162.37,1,1,0,0.2222222222222222,1,18.04111111111111,0.6666666666666666,0,1,2.4000000000000004,0.45
54775,1,1.0,Female,3.0,3,Married,3,1,1.0,2.0,8.0,148.66,0,1,0,1.0,1,74.33,0.3333333333333333,0,1,2.4,0.45
54776,0,1.0,Male,3.0,1,Married,3,0,1.0,2.0,1.0,142.06,1,1,0,1.0,1,71.03,0.3333333333333333,0,1,2.4,0.45
54777,0,25.0,Female,4.0,3,Married,4,0,1.0,5.0,18.0,288.07,0,1,1,0.19230769230769232,0,11.079615384615384,0.16666666666666666,0,0,4.1,0.3
54778,0,18.0,Male,3.0,4,Single,11,0,2.0,3.0,4.0,184.33,1,2,0,0.15789473684210525,0,9.701578947368422,0.5,0,0,3.7000000000000006,0.0
54779,0,1.0,Male,4.0,5,Single,9,0,1.0,2.0,2.0,159.24,1,2,0,1.0,1,79.62,0.3333333333333333,0,0,3.4000000000000004,0.25
54780,0,7.0,Male,3.0,5,Married,3,0,1.0,2.0,9.0,165.37,1,1,0,0.25,1,20.67125,0.3333333333333333,0,0,2.4,0.25
54781,0,9.0,Female,3.0,5,Single,3,0,1.0,2.0,2.0,150.59,0,2,0,0.2,1,15.059000000000001,0.3333333333333333,0,0,2.4,0.25
54782,0,10.0,Male,3.0,1,Married,3,1,4.0,5.0,12.0,187.01,1,1,1,0.45454545454545453,0,17.00090909090909,0.6666666666666666,0,1,3.9,0.5
54783,0,6.0,Male,4.0,1,Married,4,0,1.0,2.0,4.0,169.03,1,1,0,0.2857142857142857,1,24.147142857142857,0.3333333333333333,0,1,2.9000000000000004,0.45
54784,0,4.0,Male,4.0,1,Married,11,0,1.0,2.0,4.0,162.61,1,1,0,0.4,1,32.522000000000006,0.3333333333333333,0,1,3.6000000000000005,0.45
54785,0,27.0,Female,4.0,1,Married,9,1,1.0,2.0,5.0,234.34,0,1,0,0.07142857142857142,1,8.369285714285715,0.3333333333333333,0,1,3.4000000000000004,0.45
54786,0,19.0,Male,4.0,5,Married,6,1,1.0,2.0,3.0,232.61,1,1,0,0.1,1,11.630500000000001,0.3333333333333333,0,1,3.1000000000000005,0.45
54787,0,6.0,Female,4.0,3,Married,7,0,2.0,2.0,4.0,176.75,0,1,0,0.2857142857142857,1,25.25,0.6666666666666666,0,0,3.3000000000000007,0.25
54788,0,26.0,Female,3.0,1,Married,5,0,1.0,2.0,1.0,263.26,0,1,0,0.07407407407407407,1,9.75037037037037,0.3333333333333333,0,1,2.6,0.45
54789,0,11.0,Male,4.0,3,Married,6,0,2.0,2.0,1.0,188.34,1,1,0,0.16666666666666666,1,15.695,0.6666666666666666,0,0,3.2000000000000006,0.25
54790,0,2.0,Male,4.0,1,Married,3,0,2.0,2.0,5.0,174.36,1,1,0,0.6666666666666666,1,58.120000000000005,0.6666666666666666,0,1,2.9000000000000004,0.45
54791,0,1.0,Male,3.0,1,Married,8,0,3.0,3.0,3.0,172.75,1,1,0,1.5,0,86.375,0.75,0,1,3.5,0.2
54792,0,18.0,Male,4.0,1,Married,4,1,2.0,2.0,3.0,153.18,1,1,0,0.10526315789473684,1,8.062105263157894,0.6666666666666666,0,1,3.0000000000000004,0.45
54793,0,16.0,Male,3.0,1,Single,7,1,2.0,3.0,3.0,150.15,1,2,0,0.17647058823529413,0,8.83235294117647,0.5,0,1,3.3000000000000007,0.2
54794,0,10.0,Male,4.0,5,Married,2,0,1.0,2.0,4.0,148.42,1,1,0,0.18181818181818182,1,13.492727272727272,0.3333333333333333,0,0,2.7000000000000006,0.25
54795,0,1.0,Male,4.0,5,Married,3,1,1.0,2.0,4.0,166.94,1,1,0,1.0,1,83.47,0.3333333333333333,0,1,2.8000000000000003,0.45
54796,0,9.0,Female,4.0,3,Married,3,1,4.0,2.0,16.0,231.85,0,1,1,0.2,1,23.185,1.3333333333333333,0,1,3.1,0.75
54797,1,1.0,Female,4.0,4,Married,3,1,7.0,8.0,9.0,145.22,0,1,0,4.0,0,72.61,0.7777777777777778,0,1,5.800000000000001,0.2
54798,0,6.0,Male,4.0,1,Married,2,0,2.0,2.0,3.0,148.14,1,1,0,0.2857142857142857,1,21.162857142857142,0.6666666666666666,0,1,2.8000000000000007,0.45
54799,0,1.0,Male,3.0,5,Married,3,0,2.0,2.0,4.0,167.56,1,1,0,1.0,1,83.78,0.6666666666666666,0,0,2.5,0.25
54800,0,23.0,Female,3.0,5,Married,4,0,1.0,2.0,3.0,160.8,0,1,0,0.08333333333333333,1,6.7,0.3333333333333333,0,0,2.5,0.25
54801,0,1.0,Male,3.0,1,Married,2,0,1.0,4.0,5.0,156.62,1,1,0,2.0,0,78.31,0.2,0,1,3.1000000000000005,0.2
54802,0,6.0,Male,3.0,4,Married,3,0,3.0,6.0,4.0,190.24,1,1,0,0.8571428571428571,0,27.177142857142858,0.42857142857142855,0,0,4.2,0.0
54803,0,12.0,Male,4.0,4,Married,2,0,1.0,2.0,3.0,153.99,1,1,0,0.15384615384615385,1,11.845384615384615,0.3333333333333333,0,0,2.7000000000000006,0.25
54804,0,16.0,Female,4.0,1,Married,4,1,2.0,2.0,4.0,177.31,0,1,0,0.11764705882352941,1,10.43,0.6666666666666666,0,1,3.0000000000000004,0.45
54805,0,5.0,Male,3.0,1,Married,5,1,1.0,2.0,3.0,148.56,1,1,0,0.3333333333333333,1,24.76,0.3333333333333333,0,1,2.6,0.45
54806,1,1.0,Female,3.0,3,Married,8,1,2.0,2.0,3.0,153.0,0,1,0,1.0,1,76.5,0.6666666666666666,0,1,3.0,0.45
54807,0,27.0,Male,4.0,1,Married,7,0,3.0,2.0,3.0,243.36,1,1,0,0.07142857142857142,1,8.691428571428572,1.0,0,1,3.4000000000000004,0.45
54808,0,9.0,Male,4.0,4,Married,5,0,3.0,2.0,9.0,234.03,1,1,0,0.2,1,23.403,1.0,0,0,3.2,0.25
54809,0,11.0,Female,3.0,1,Married,7,0,2.0,2.0,1.0,154.73,0,1,0,0.16666666666666666,1,12.894166666666665,0.6666666666666666,0,1,2.9000000000000004,0.45
54810,0,27.0,Female,4.0,1,Single,8,0,1.0,4.0,9.0,267.75,0,2,0,0.14285714285714285,0,9.5625,0.2,0,1,4.1,0.2
54811,0,17.0,Female,3.0,1,Married,6,0,2.0,3.0,3.0,180.62,0,1,0,0.16666666666666666,0,10.034444444444444,0.5,0,1,3.2000000000000006,0.2
54812,0,21.0,Female,3.0,1,Married,2,1,4.0,8.0,8.0,170.37,0,1,0,0.36363636363636365,0,7.744090909090909,0.4444444444444444,0,1,5.000000000000001,0.2
54813,0,11.0,Male,3.0,4,Single,3,1,1.0,2.0,10.0,201.42,1,2,0,0.16666666666666666,1,16.785,0.3333333333333333,0,1,2.4,0.45
54814,0,24.0,Male,4.0,5,Married,3,0,14.0,15.0,8.0,304.24,1,1,0,0.6,0,12.1696,0.875,0,0,9.299999999999999,0.0
54815,0,13.0,Female,3.0,1,Married,10,0,2.0,2.0,5.0,177.04,0,1,0,0.14285714285714285,1,12.645714285714286,0.6666666666666666,0,1,3.2,0.45
54816,0,7.0,Male,3.0,4,Married,5,1,1.0,2.0,4.0,147.77,1,1,0,0.25,1,18.47125,0.3333333333333333,0,1,2.6,0.45
54817,1,1.0,Male,3.0,1,Single,3,1,1.0,2.0,2.0,152.95,1,2,0,1.0,1,76.475,0.3333333333333333,0,1,2.4,0.45
54818,0,3.0,Female,4.0,1,Married,8,0,2.0,2.0,4.0,150.32,0,1,0,0.5,1,37.58,0.6666666666666666,0,1,3.4000000000000004,0.45
54819,0,18.0,Male,4.0,5,Married,3,1,6.0,8.0,2.0,150.59,1,1,0,0.42105263157894735,0,7.925789473684211,0.6666666666666666,0,1,5.700000000000001,0.2
54820,0,2.0,Male,4.0,1,Single,3,0,1.0,2.0,3.0,174.08,1,2,0,0.6666666666666666,1,58.02666666666667,0.3333333333333333,0,1,2.8000000000000003,0.45
54821,1,21.0,Male,3.0,1,Married,11,1,2.0,2.0,1.0,148.8,1,1,0,0.09090909090909091,1,6.763636363636365,0.6666666666666666,0,1,3.3000000000000003,0.45
54822,0,17.0,Female,3.0,4,Married,6,0,2.0,2.0,1.0,172.65,0,1,0,0.1111111111111111,1,9.591666666666667,0.6666666666666666,0,0,2.8000000000000003,0.25
54823,1,1.0,Female,3.0,3,Single,3,0,2.0,2.0,3.0,145.44,0,2,0,1.0,1,72.72,0.6666666666666666,0,0,2.5,0.25
54824,1,1.0,Female,4.0,1,Single,3,0,2.0,2.0,1.0,151.93,0,2,0,1.0,1,75.965,0.6666666666666666,0,1,2.9000000000000004,0.45
54825,0,10.0,Male,4.0,1,Married,2,1,3.0,5.0,12.0,190.86,1,1,1,0.45454545454545453,0,17.35090909090909,0.5,0,1,4.1000000000000005,0.5
54826,0,21.0,Female,4.0,1,Single,3,1,1.0,2.0,3.0,157.94,0,2,0,0.09090909090909091,1,7.179090909090909,0.3333333333333333,0,1,2.8000000000000003,0.45
54827,1,1.0,Female,3.0,3,Married,2,1,2.0,2.0,3.0,166.71,0,1,0,1.0,1,83.355,0.6666666666666666,0,1,2.4000000000000004,0.45
54828,1,5.0,Female,3.0,1,Married,6,1,1.0,2.0,1.0,152.78,0,1,0,0.3333333333333333,1,25.463333333333335,0.3333333333333333,0,1,2.7,0.45
54829,0,2.0,Female,4.0,3,Married,7,0,1.0,3.0,3.0,148.77,0,1,0,1.0,0,49.59,0.25,0,0,3.6000000000000005,0.0
54830,1,3.0,Male,4.0,5,Married,9,1,2.0,3.0,3.0,149.04,1,1,0,0.75,0,37.26,0.5,0,1,3.9000000000000004,0.2
54831,0,1.0,Female,4.0,3,Single,3,0,1.0,2.0,1.0,148.18,0,2,0,1.0,1,74.09,0.3333333333333333,0,0,2.8000000000000003,0.25
54832,0,8.0,Male,3.0,4,Married,3,0,2.0,2.0,1.0,145.08,1,1,0,0.2222222222222222,1,16.12,0.6666666666666666,0,0,2.5,0.25
54833,0,16.0,Female,4.0,3,Single,9,0,2.0,2.0,4.0,187.44,0,2,0,0.11764705882352941,1,11.025882352941176,0.6666666666666666,0,0,3.5000000000000004,0.25
54834,0,7.0,Male,4.0,5,Single,5,1,2.0,2.0,3.0,152.99,1,2,0,0.25,1,19.12375,0.6666666666666666,0,1,3.1000000000000005,0.45
54835,0,31.0,Female,3.0,4,Married,4,1,2.0,2.0,3.0,230.52,0,1,0,0.0625,1,7.20375,0.6666666666666666,0,1,2.6,0.45
54836,0,5.0,Male,3.0,3,Married,5,0,3.0,6.0,3.0,148.29,1,1,0,1.0,0,24.715,0.42857142857142855,0,0,4.4,0.0
54837,0,9.0,Female,3.0,1,Married,3,1,1.0,2.0,8.0,165.14,0,1,0,0.2,1,16.514,0.3333333333333333,0,1,2.4,0.45
54838,0,23.0,Female,3.0,4,Married,6,0,1.0,2.0,8.0,199.03,0,1,0,0.08333333333333333,1,8.292916666666667,0.3333333333333333,0,0,2.7,0.25
54839,0,22.0,Male,3.0,3,Married,6,0,2.0,2.0,1.0,147.59,1,1,0,0.08695652173913043,1,6.416956521739131,0.6666666666666666,0,0,2.8000000000000003,0.25
54840,0,5.0,Female,3.0,3,Married,3,0,2.0,2.0,1.0,194.32,0,1,0,0.3333333333333333,1,32.38666666666666,0.6666666666666666,0,0,2.5,0.25
54841,0,10.0,Male,4.0,1,Single,4,0,2.0,2.0,2.0,171.78,1,2,0,0.18181818181818182,1,15.616363636363637,0.6666666666666666,0,1,3.0000000000000004,0.45
54842,0,12.0,Female,4.0,5,Married,3,0,5.0,6.0,12.0,260.82,0,1,1,0.46153846153846156,0,20.063076923076924,0.7142857142857143,0,0,4.8,0.3
54843,0,6.0,Female,4.0,4,Married,8,0,1.0,2.0,3.0,148.32,0,1,0,0.2857142857142857,1,21.18857142857143,0.3333333333333333,0,0,3.3000000000000003,0.25
54844,1,1.0,Male,3.0,4,Married,3,1,1.0,2.0,1.0,149.13,1,1,0,1.0,1,74.565,0.3333333333333333,0,1,2.4,0.45
54845,0,14.0,Male,4.0,4,Married,4,0,1.0,2.0,3.0,222.05,1,1,0,0.13333333333333333,1,14.803333333333335,0.3333333333333333,0,0,2.9000000000000004,0.25
54846,0,1.0,Male,3.0,5,Single,3,0,1.0,2.0,8.0,167.94,1,2,0,1.0,1,83.97,0.3333333333333333,0,0,2.4,0.25
54847,0,15.0,Male,3.0,5,Single,4,1,2.0,3.0,18.0,172.21,1,2,1,0.1875,0,10.763125,0.5,0,1,3.0000000000000004,0.5
54848,0,10.0,Male,4.0,3,Single,6,0,2.0,4.0,10.0,150.19,1,2,0,0.36363636363636365,0,13.653636363636364,0.4,0,0,4.0,0.0
54849,1,1.0,Male,3.0,4,Single,3,1,2.0,2.0,1.0,146.21,1,2,0,1.0,1,73.105,0.6666666666666666,0,1,2.5,0.45
54850,1,1.0,Male,3.0,5,Single,3,0,2.0,2.0,1.0,154.73,1,2,0,1.0,1,77.365,0.6666666666666666,0,0,2.5,0.25
54851,0,5.0,Female,3.0,1,Married,2,1,7.0,9.0,6.0,183.55,0,1,0,1.5,0,30.59166666666667,0.7,0,1,5.700000000000001,0.2
54852,0,14.0,Male,3.0,4,Married,10,1,1.0,2.0,1.0,161.17,1,1,0,0.13333333333333333,1,10.744666666666665,0.3333333333333333,0,1,3.1,0.45
54853,0,6.0,Female,4.0,5,Married,3,0,2.0,7.0,4.0,192.25,0,1,0,1.0,0,27.464285714285715,0.25,0,0,4.9,0.0
54854,1,1.0,Male,3.0,1,Married,3,1,4.0,4.0,3.0,228.25,1,1,0,2.0,0,114.125,0.8,0,1,3.5000000000000004,0.2
54855,0,7.0,Female,3.0,1,Single,2,0,2.0,2.0,5.0,194.49,0,2,0,0.25,1,24.31125,0.6666666666666666,0,1,2.4000000000000004,0.45
54856,1,1.0,Male,3.0,3,Married,7,0,6.0,12.0,3.0,231.09,1,1,0,6.0,0,115.545,0.46153846153846156,0,0,7.300000000000001,0.0
54857,0,19.0,Male,3.0,4,Married,3,0,2.0,2.0,9.0,169.47,1,1,0,0.1,1,8.4735,0.6666666666666666,0,0,2.5,0.25
54858,0,3.0,Female,3.0,1,Married,3,0,1.0,2.0,3.0,146.57,0,1,0,0.5,1,36.6425,0.3333333333333333,0,1,2.4,0.45
54859,0,9.0,Female,3.0,3,Married,3,0,2.0,2.0,1.0,171.01,0,1,0,0.2,1,17.101,0.6666666666666666,0,0,2.5,0.25
54860,0,26.0,Male,4.0,1,Married,4,0,4.0,8.0,9.0,295.99,1,1,0,0.2962962962962963,0,10.962592592592593,0.4444444444444444,0,1,5.600000000000001,0.2
54861,1,21.0,Male,3.0,3,Single,6,0,1.0,2.0,1.0,149.79,1,2,0,0.09090909090909091,1,6.808636363636364,0.3333333333333333,0,0,2.7,0.25
54862,0,27.0,Male,3.0,3,Married,8,0,1.0,16.0,3.0,273.52,1,1,0,0.5714285714285714,0,9.768571428571429,0.058823529411764705,0,0,8.5,0.0
54863,0,4.0,Male,4.0,3,Married,7,0,3.0,8.0,8.0,197.64,1,1,0,1.6,0,39.528,0.3333333333333333,0,0,5.800000000000001,0.0
54864,0,12.0,Female,3.0,1,Single,3,1,2.0,2.0,4.0,181.66,0,2,0,0.15384615384615385,1,13.973846153846154,0.6666666666666666,0,1,2.5,0.45
54865,0,9.0,Male,4.0,1,Married,8,0,1.0,2.0,9.0,203.23,1,1,0,0.2,1,20.323,0.3333333333333333,0,1,3.3000000000000003,0.45
54866,0,13.0,Male,3.0,3,Single,2,0,1.0,2.0,8.0,203.8,1,2,0,0.14285714285714285,1,14.557142857142859,0.3333333333333333,0,0,2.3000000000000003,0.25
54867,1,4.0,Female,4.0,4,Single,6,1,2.0,2.0,1.0,256.94,0,2,0,0.4,1,51.388,0.6666666666666666,0,1,3.2000000000000006,0.45
54868,0,21.0,Male,4.0,3,Married,3,1,2.0,3.0,8.0,175.67,1,1,0,0.13636363636363635,0,7.984999999999999,0.5,0,1,3.3000000000000007,0.2
54869,0,10.0,Male,3.0,1,Married,6,0,2.0,2.0,8.0,175.79,1,1,0,0.18181818181818182,1,15.98090909090909,0.6666666666666666,0,1,2.8000000000000003,0.45
54870,1,1.0,Male,3.0,5,Single,2,1,1.0,2.0,3.0,148.21,1,2,0,1.0,1,74.105,0.3333333333333333,0,1,2.3000000000000003,0.45
54871,0,7.0,Male,3.0,3,Single,3,0,6.0,7.0,1.0,299.44,1,2,0,0.875,0,37.43,0.75,0,0,4.9,0.0
54872,1,1.0,Female,4.0,5,Single,8,1,2.0,2.0,1.0,149.04,0,2,0,1.0,1,74.52,0.6666666666666666,0,1,3.4000000000000004,0.45
54873,0,7.0,Female,3.0,1,Single,5,0,2.0,2.0,3.0,159.52,0,2,0,0.25,1,19.94,0.6666666666666666,0,1,2.7,0.45
54874,0,19.0,Female,4.0,1,Married,5,0,2.0,2.0,3.0,147.7,0,1,0,0.1,1,7.385,0.6666666666666666,0,1,3.1000000000000005,0.45
54875,0,24.0,Male,4.0,1,Married,11,0,1.0,2.0,4.0,298.99,1,1,0,0.08,1,11.9596,0.3333333333333333,0,1,3.6000000000000005,0.45
54876,0,7.0,Female,3.0,4,Married,3,1,2.0,2.0,3.0,179.88,0,1,0,0.25,1,22.485,0.6666666666666666,0,1,2.5,0.45
54877,0,15.0,Male,4.0,3,Married,4,0,1.0,2.0,12.0,319.19,1,1,1,0.125,1,19.949375,0.3333333333333333,0,0,2.9000000000000004,0.55
54878,0,1.0,Female,3.0,4,Married,11,0,3.0,3.0,3.0,153.11,0,1,0,1.5,0,76.555,0.75,0,0,3.8000000000000007,0.0
54879,0,19.0,Male,3.0,5,Married,3,1,2.0,2.0,9.0,161.33,1,1,0,0.1,1,8.066500000000001,0.6666666666666666,0,1,2.5,0.45
54880,0,21.0,Female,3.0,1,Single,3,1,2.0,2.0,8.0,166.63,0,2,0,0.09090909090909091,1,7.574090909090909,0.6666666666666666,0,1,2.5,0.45
54881,1,1.0,Female,3.0,3,Married,6,1,1.0,2.0,2.0,146.32,0,1,0,1.0,1,73.16,0.3333333333333333,0,1,2.7,0.45
54882,0,24.0,Male,4.0,3,Married,5,1,1.0,2.0,6.0,264.73,1,1,0,0.08,1,10.5892,0.3333333333333333,0,1,3.0000000000000004,0.45
54883,0,12.0,Male,4.0,3,Married,2,0,1.0,2.0,3.0,151.84,1,1,0,0.15384615384615385,1,11.68,0.3333333333333333,0,0,2.7000000000000006,0.25
54884,0,20.0,Male,4.0,3,Married,8,0,2.0,2.0,8.0,233.45,1,1,0,0.09523809523809523,1,11.116666666666665,0.6666666666666666,0,0,3.4000000000000004,0.25
54885,0,1.0,Female,3.0,3,Married,3,0,1.0,4.0,3.0,168.77,0,1,0,2.0,0,84.385,0.2,0,0,3.2000000000000006,0.0
54886,1,1.0,Male,3.0,4,Married,3,1,2.0,2.0,3.0,162.43,1,1,0,1.0,1,81.215,0.6666666666666666,0,1,2.5,0.45
54887,0,5.0,Female,4.0,5,Married,3,0,2.0,2.0,4.0,166.48,0,1,0,0.3333333333333333,1,27.746666666666666,0.6666666666666666,0,0,2.9000000000000004,0.25
54888,0,1.0,Male,4.0,1,Single,3,0,1.0,2.0,1.0,135.51,1,2,0,1.0,1,67.755,0.3333333333333333,0,1,2.8000000000000003,0.45
54889,0,28.0,Female,3.0,3,Married,10,0,1.0,2.0,9.0,232.39,0,1,0,0.06896551724137931,1,8.013448275862068,0.3333333333333333,0,0,3.1,0.25
54890,0,9.0,Female,3.0,3,Married,3,1,1.0,11.0,3.0,228.88,0,1,0,1.1,0,22.887999999999998,0.08333333333333333,0,1,6.0,0.2
54891,0,4.0,Female,4.0,5,Married,2,1,1.0,2.0,8.0,239.16,0,1,0,0.4,1,47.832,0.3333333333333333,0,1,2.7000000000000006,0.45
54892,1,1.0,Female,4.0,5,Single,3,1,2.0,2.0,1.0,151.0,0,2,0,1.0,1,75.5,0.6666666666666666,0,1,2.9000000000000004,0.45
54893,1,1.0,Female,3.0,4,Single,2,0,1.0,2.0,3.0,149.22,0,2,0,1.0,1,74.61,0.3333333333333333,0,0,2.3000000000000003,0.25
54894,0,1.0,Male,3.0,1,Married,3,0,2.0,2.0,4.0,179.72,1,1,0,1.0,1,89.86,0.6666666666666666,0,1,2.5,0.45
54895,0,1.0,Male,4.0,5,Married,3,0,1.0,2.0,2.0,149.51,1,1,0,1.0,1,74.755,0.3333333333333333,0,0,2.8000000000000003,0.25
54896,0,22.0,Male,4.0,3,Single,4,0,1.0,3.0,3.0,167.4,1,2,0,0.13043478260869565,0,7.278260869565218,0.25,0,0,3.3000000000000003,0.0
54897,0,22.0,Male,4.0,3,Single,9,0,2.0,2.0,9.0,234.99,1,2,0,0.08695652173913043,1,10.216956521739132,0.6666666666666666,0,0,3.5000000000000004,0.25
54898,0,15.0,Female,3.0,3,Single,8,0,3.0,3.0,2.0,175.03,0,2,0,0.1875,0,10.939375,0.75,0,0,3.5,0.0
54899,0,13.0,Female,4.0,1,Married,3,0,10.0,2.0,9.0,252.42,0,1,0,0.14285714285714285,1,18.029999999999998,3.3333333333333335,0,1,3.7,0.45
54900,0,1.0,Female,3.0,1,Married,2,0,3.0,3.0,3.0,167.27,0,1,0,1.5,0,83.635,0.75,0,1,2.9000000000000004,0.2
54901,0,9.0,Male,3.0,1,Married,3,0,1.0,2.0,3.0,164.17,1,1,0,0.2,1,16.416999999999998,0.3333333333333333,0,1,2.4,0.45
54902,0,1.0,Male,3.0,3,Married,8,0,1.0,2.0,1.0,308.03,1,1,0,1.0,1,154.015,0.3333333333333333,0,0,2.9,0.25
54903,0,24.0,Male,4.0,1,Married,6,0,2.0,2.0,1.0,148.8,1,1,0,0.08,1,5.952000000000001,0.6666666666666666,0,1,3.2000000000000006,0.45
54904,0,31.0,Female,4.0,1,Single,5,1,1.0,5.0,4.0,262.26,0,2,0,0.15625,0,8.195625,0.16666666666666666,0,1,4.199999999999999,0.2
54905,1,1.0,Female,4.0,4,Married,7,0,2.0,2.0,1.0,172.77,0,1,0,1.0,1,86.385,0.6666666666666666,0,0,3.3000000000000007,0.25
54906,0,29.0,Male,4.0,4,Married,5,1,3.0,7.0,8.0,188.85,1,1,0,0.23333333333333334,0,6.295,0.375,0,1,5.2,0.2
54907,0,15.0,Female,3.0,3,Married,3,0,6.0,6.0,11.0,324.73,0,1,1,0.375,0,20.295625,0.8571428571428571,0,0,4.5,0.3
54908,0,12.0,Male,3.0,1,Single,10,1,2.0,2.0,1.0,193.61,1,2,0,0.15384615384615385,1,14.893076923076924,0.6666666666666666,0,1,3.2,0.45
54909,1,1.0,Male,4.0,5,Single,10,0,2.0,3.0,3.0,174.69,1,2,0,1.5,0,87.345,0.5,0,0,4.0,0.0
54910,1,16.0,Female,3.0,1,Married,3,0,4.0,7.0,10.0,323.45,0,1,0,0.4117647058823529,0,19.026470588235295,0.5,0,1,4.7,0.2
54911,0,18.0,Female,3.0,1,Married,5,1,5.0,2.0,12.0,258.2,0,1,1,0.10526315789473684,1,13.589473684210526,1.6666666666666667,0,1,3.0,0.75
54912,0,24.0,Female,4.0,3,Married,2,0,1.0,2.0,14.0,188.47,0,1,1,0.08,1,7.5388,0.3333333333333333,0,0,2.7000000000000006,0.55
54913,1,1.0,Female,3.0,5,Single,3,0,4.0,16.0,15.0,152.43,0,2,1,8.0,0,76.215,0.23529411764705882,0,0,8.3,0.3
54914,0,13.0,Female,3.0,5,Single,3,1,2.0,2.0,9.0,233.8,0,2,0,0.14285714285714285,1,16.7,0.6666666666666666,0,1,2.5,0.45
54915,0,7.0,Female,3.0,1,Single,2,0,1.0,3.0,3.0,148.42,0,2,0,0.375,0,18.5525,0.25,0,1,2.7000000000000006,0.2
54916,0,19.0,Female,3.0,1,Married,5,0,1.0,2.0,2.0,301.5,0,1,0,0.1,1,15.075,0.3333333333333333,0,1,2.6,0.45
54917,0,6.0,Female,4.0,3,Single,11,0,7.0,8.0,8.0,165.25,0,2,0,1.1428571428571428,0,23.607142857142858,0.7777777777777778,0,0,6.6000000000000005,0.0
54918,0,8.0,Male,4.0,1,Married,2,0,1.0,2.0,3.0,222.25,1,1,0,0.2222222222222222,1,24.694444444444443,0.3333333333333333,0,1,2.7000000000000006,0.45
54919,0,31.0,Male,4.0,1,Married,5,1,2.0,2.0,5.0,244.04,1,1,0,0.0625,1,7.62625,0.6666666666666666,0,1,3.1000000000000005,0.45
54920,0,19.0,Male,3.0,4,Single,3,0,1.0,2.0,5.0,146.77,1,2,0,0.1,1,7.338500000000001,0.3333333333333333,0,0,2.4,0.25
54921,0,27.0,Female,3.0,4,Married,4,0,6.0,7.0,13.0,200.25,0,1,1,0.25,0,7.151785714285714,0.75,0,0,5.0,0.3
54922,1,1.0,Male,3.0,3,Married,9,0,1.0,2.0,1.0,173.34,1,1,0,1.0,1,86.67,0.3333333333333333,0,0,3.0,0.25
54923,1,1.0,Male,3.0,5,Married,8,1,1.0,2.0,3.0,145.42,1,1,0,1.0,1,72.71,0.3333333333333333,0,1,2.9,0.45
54924,0,8.0,Female,3.0,3,Married,3,1,1.0,2.0,1.0,147.2,0,1,0,0.2222222222222222,1,16.355555555555554,0.3333333333333333,0,1,2.4,0.45
54925,0,2.0,Male,4.0,4,Married,3,0,1.0,2.0,1.0,135.52,1,1,0,0.6666666666666666,1,45.17333333333334,0.3333333333333333,0,0,2.8000000000000003,0.25
54926,0,12.0,Male,3.0,3,Married,5,0,3.0,3.0,3.0,153.21,1,1,0,0.23076923076923078,0,11.785384615384617,0.75,0,0,3.2,0.0
54927,0,24.0,Male,4.0,3,Married,4,1,5.0,8.0,8.0,317.37,1,1,0,0.32,0,12.6948,0.5555555555555556,0,1,5.700000000000001,0.2
54928,0,11.0,Female,3.0,4,Single,5,0,2.0,2.0,2.0,166.07,0,2,0,0.16666666666666666,1,13.839166666666666,0.6666666666666666,0,0,2.7,0.25
54929,0,14.0,Male,4.0,5,Married,3,0,4.0,8.0,6.0,208.96,1,1,0,0.5333333333333333,0,13.930666666666667,0.4444444444444444,0,0,5.500000000000001,0.0
54930,0,1.0,Female,4.0,3,Married,3,0,1.0,2.0,4.0,145.07,0,1,0,1.0,1,72.535,0.3333333333333333,0,0,2.8000000000000003,0.25
54931,0,20.0,Male,3.0,1,Married,11,0,2.0,3.0,3.0,321.27,1,1,0,0.14285714285714285,0,15.298571428571428,0.5,0,1,3.7000000000000006,0.2
54932,0,28.0,Female,3.0,3,Married,8,0,7.0,2.0,1.0,231.86,0,1,0,0.06896551724137931,1,7.995172413793104,2.3333333333333335,0,0,3.5,0.25
54933,0,30.0,Female,4.0,3,Married,4,0,2.0,2.0,4.0,154.42,0,1,0,0.06451612903225806,1,4.981290322580644,0.6666666666666666,0,0,3.0000000000000004,0.25
54934,0,10.0,Female,3.0,1,Single,2,0,6.0,8.0,3.0,213.58,0,2,0,0.7272727272727273,0,19.416363636363638,0.6666666666666666,0,1,5.200000000000001,0.2
54935,0,29.0,Male,3.0,5,Single,9,0,3.0,7.0,3.0,292.56,1,2,0,0.23333333333333334,0,9.752,0.375,0,0,5.2,0.0
54936,0,17.0,Male,4.0,1,Married,7,0,2.0,2.0,1.0,232.98,1,1,0,0.1111111111111111,1,12.943333333333333,0.6666666666666666,0,1,3.3000000000000007,0.45
54937,1,1.0,Female,3.0,1,Single,3,1,2.0,2.0,3.0,148.23,0,2,0,1.0,1,74.115,0.6666666666666666,0,1,2.5,0.45
54938,1,1.0,Female,3.0,5,Single,3,0,1.0,2.0,1.0,139.16,0,2,0,1.0,1,69.58,0.3333333333333333,0,0,2.4,0.25
54939,0,20.0,Female,4.0,5,Married,10,1,2.0,2.0,8.0,171.15,0,1,0,0.09523809523809523,1,8.15,0.6666666666666666,0,1,3.6000000000000005,0.45
54940,1,15.0,Male,3.0,3,Married,11,1,1.0,3.0,8.0,149.61,1,1,0,0.1875,0,9.350625,0.25,0,1,3.6000000000000005,0.2
54941,1,1.0,Male,4.0,5,Single,3,0,2.0,2.0,3.0,212.22,1,2,0,1.0,1,106.11,0.6666666666666666,0,0,2.9000000000000004,0.25
54942,0,1.0,Male,3.0,5,Married,3,0,2.0,2.0,4.0,164.55,1,1,0,1.0,1,82.275,0.6666666666666666,0,0,2.5,0.25
54943,0,4.0,Male,3.0,5,Married,2,0,1.0,2.0,3.0,224.57,1,1,0,0.4,1,44.914,0.3333333333333333,0,0,2.3000000000000003,0.25
54944,0,15.0,Female,3.0,3,Married,3,0,1.0,2.0,9.0,158.76,0,1,0,0.125,1,9.9225,0.3333333333333333,0,0,2.4,0.25
54945,0,12.0,Female,4.0,3,Married,2,0,2.0,2.0,3.0,213.23,0,1,0,0.15384615384615385,1,16.40230769230769,0.6666666666666666,0,0,2.8000000000000007,0.25
54946,0,14.0,Male,4.0,1,Married,6,0,4.0,12.0,3.0,228.22,1,1,0,0.8,0,15.214666666666666,0.3076923076923077,0,1,7.4,0.2
54947,0,1.0,Male,3.0,3,Married,3,0,2.0,2.0,3.0,171.21,1,1,0,1.0,1,85.605,0.6666666666666666,0,0,2.5,0.25
54948,0,29.0,Male,4.0,4,Married,5,0,1.0,2.0,3.0,234.76,1,1,0,0.06666666666666667,1,7.825333333333333,0.3333333333333333,0,0,3.0000000000000004,0.25
54949,0,2.0,Female,3.0,3,Single,5,0,1.0,2.0,8.0,161.6,0,2,0,0.6666666666666666,1,53.86666666666667,0.3333333333333333,0,0,2.6,0.25
54950,1,8.0,Male,4.0,5,Married,11,0,3.0,4.0,3.0,229.82,1,1,0,0.4444444444444444,0,25.535555555555554,0.6,0,0,4.6000000000000005,0.0
54951,0,7.0,Male,3.0,1,Married,6,0,2.0,2.0,3.0,196.19,1,1,0,0.25,1,24.52375,0.6666666666666666,0,1,2.8000000000000003,0.45
54952,1,1.0,Male,3.0,5,Single,2,1,3.0,5.0,3.0,220.82,1,2,0,2.5,0,110.41,0.5,0,1,3.7,0.2
54953,1,1.0,Female,3.0,3,Single,3,0,3.0,4.0,9.0,170.08,0,2,0,2.0,0,85.04,0.6,0,0,3.4000000000000004,0.0
54954,0,2.0,Male,3.0,3,Married,3,0,1.0,3.0,3.0,147.07,1,1,0,1.0,0,49.02333333333333,0.25,0,0,2.8000000000000003,0.0
54955,0,8.0,Male,3.0,1,Single,2,0,2.0,2.0,5.0,202.56,1,2,0,0.2222222222222222,1,22.506666666666668,0.6666666666666666,0,1,2.4000000000000004,0.45
54956,0,11.0,Female,3.0,1,Married,4,1,2.0,2.0,1.0,191.94,0,1,0,0.16666666666666666,1,15.995,0.6666666666666666,0,1,2.6,0.45
54957,1,1.0,Male,3.0,1,Married,3,1,5.0,6.0,7.0,161.91,1,1,0,3.0,0,80.955,0.7142857142857143,0,1,4.4,0.2
54958,1,1.0,Male,3.0,3,Married,3,0,2.0,2.0,1.0,148.77,1,1,0,1.0,1,74.385,0.6666666666666666,0,0,2.5,0.25
54959,1,1.0,Male,3.0,4,Single,6,1,2.0,3.0,3.0,148.13,1,2,0,1.5,0,74.065,0.5,0,1,3.2000000000000006,0.2
54960,0,16.0,Male,3.0,5,Married,2,0,6.0,14.0,8.0,301.65,1,1,0,0.8235294117647058,0,17.74411764705882,0.4,0,0,7.600000000000001,0.0
54961,1,1.0,Male,3.0,4,Married,3,0,2.0,2.0,1.0,150.96,1,1,0,1.0,1,75.48,0.6666666666666666,0,0,2.5,0.25
54962,1,14.0,Male,3.0,3,Single,5,1,2.0,2.0,1.0,172.28,1,2,0,0.13333333333333333,1,11.485333333333333,0.6666666666666666,0,1,2.7,0.45
54963,0,7.0,Female,2.0,4,Married,2,0,1.0,2.0,3.0,168.02,0,1,0,0.25,1,21.0025,0.3333333333333333,0,0,1.9000000000000001,0.25
54964,0,8.0,Male,3.0,1,Married,5,0,1.0,2.0,1.0,154.79,1,1,0,0.2222222222222222,1,17.198888888888888,0.3333333333333333,0,1,2.6,0.45
54965,0,22.0,Male,3.0,1,Single,4,0,1.0,3.0,2.0,293.85,1,2,0,0.13043478260869565,0,12.77608695652174,0.25,0,1,2.9000000000000004,0.2
54966,0,19.0,Female,4.0,3,Married,3,0,5.0,5.0,13.0,180.93,0,1,1,0.25,0,9.0465,0.8333333333333334,0,0,4.4,0.3
54967,0,26.0,Male,3.0,4,Single,9,0,3.0,5.0,3.0,229.45,1,2,0,0.18518518518518517,0,8.498148148148148,0.5,0,0,4.4,0.0
54968,0,12.0,Male,4.0,3,Married,2,1,2.0,3.0,3.0,212.4,1,1,0,0.23076923076923078,0,16.338461538461537,0.5,0,1,3.2000000000000006,0.2
54969,0,3.0,Female,4.0,1,Married,6,0,2.0,2.0,8.0,150.14,0,1,0,0.5,1,37.535,0.6666666666666666,0,1,3.2000000000000006,0.45
54970,0,2.0,Female,4.0,4,Married,2,0,1.0,2.0,8.0,201.55,0,1,0,0.6666666666666666,1,67.18333333333334,0.3333333333333333,0,0,2.7000000000000006,0.25
54971,0,20.0,Male,3.0,3,Married,5,0,5.0,5.0,10.0,299.65,1,1,0,0.23809523809523808,0,14.269047619047617,0.8333333333333334,0,0,4.2,0.0
54972,0,12.0,Male,3.0,4,Single,9,0,2.0,2.0,1.0,198.51,1,2,0,0.15384615384615385,1,15.27,0.6666666666666666,0,0,3.1,0.25
54973,0,17.0,Female,3.0,5,Married,10,0,2.0,2.0,2.0,233.2,0,1,0,0.1111111111111111,1,12.955555555555556,0.6666666666666666,0,0,3.2,0.25
54974,1,3.0,Male,3.0,1,Married,9,0,11.0,2.0,6.0,246.69,1,1,0,0.5,1,61.6725,3.6666666666666665,0,1,4.0,0.45
54975,0,14.0,Male,3.0,3,Single,3,0,4.0,5.0,10.0,321.26,1,2,0,0.3333333333333333,0,21.417333333333332,0.6666666666666666,0,0,3.9,0.0
54976,0,1.0,Female,4.0,4,Single,3,1,2.0,3.0,3.0,145.7,0,2,0,1.5,0,72.85,0.5,0,1,3.3000000000000007,0.2
54977,0,13.0,Male,4.0,4,Single,11,0,2.0,2.0,4.0,192.82,1,2,0,0.14285714285714285,1,13.772857142857143,0.6666666666666666,0,0,3.7000000000000006,0.25
54978,0,10.0,Male,4.0,1,Single,4,0,1.0,2.0,10.0,202.79,1,2,0,0.18181818181818182,1,18.435454545454544,0.3333333333333333,0,1,2.9000000000000004,0.45
54979,0,5.0,Male,4.0,1,Married,2,0,3.0,3.0,3.0,152.91,1,1,0,0.5,0,25.485,0.75,0,1,3.3000000000000007,0.2
54980,0,2.0,Male,4.0,4,Married,2,0,1.0,2.0,5.0,157.01,1,1,0,0.6666666666666666,1,52.336666666666666,0.3333333333333333,0,0,2.7000000000000006,0.25
54981,0,9.0,Male,3.0,1,Married,3,0,2.0,2.0,3.0,174.68,1,1,0,0.2,1,17.468,0.6666666666666666,0,1,2.5,0.45
54982,0,23.0,Male,3.0,4,Married,8,0,2.0,2.0,4.0,256.2,1,1,0,0.08333333333333333,1,10.674999999999999,0.6666666666666666,0,0,3.0,0.25
54983,0,8.0,Male,4.0,3,Single,4,0,2.0,2.0,3.0,165.33,1,2,0,0.2222222222222222,1,18.37,0.6666666666666666,0,0,3.0000000000000004,0.25
54984,0,3.0,Female,4.0,4,Married,2,0,1.0,2.0,2.0,157.91,0,1,0,0.5,1,39.4775,0.3333333333333333,0,0,2.7000000000000006,0.25
54985,0,16.0,Male,3.0,1,Single,6,0,2.0,2.0,1.0,167.72,1,2,0,0.11764705882352941,1,9.865882352941176,0.6666666666666666,0,1,2.8000000000000003,0.45
54986,0,3.0,Male,4.0,1,Married,3,1,2.0,2.0,3.0,175.56,1,1,0,0.5,1,43.89,0.6666666666666666,0,1,2.9000000000000004,0.45
54987,0,12.0,Male,3.0,3,Married,3,0,4.0,6.0,1.0,153.44,1,1,0,0.46153846153846156,0,11.803076923076922,0.5714285714285714,0,0,4.300000000000001,0.0
54988,0,2.0,Male,3.0,3,Married,3,1,2.0,2.0,3.0,152.03,1,1,0,0.6666666666666666,1,50.67666666666667,0.6666666666666666,0,1,2.5,0.45
54989,1,1.0,Male,4.0,3,Single,3,0,2.0,2.0,1.0,144.04,1,2,0,1.0,1,72.02,0.6666666666666666,0,0,2.9000000000000004,0.25
54990,1,1.0,Female,4.0,5,Single,5,1,1.0,2.0,4.0,207.24,0,2,0,1.0,1,103.62,0.3333333333333333,0,1,3.0000000000000004,0.45
54991,0,15.0,Male,3.0,1,Married,5,1,2.0,2.0,1.0,172.66,1,1,0,0.125,1,10.79125,0.6666666666666666,0,1,2.7,0.45
54992,1,1.0,Male,4.0,3,Married,3,0,2.0,3.0,3.0,151.1,1,1,0,1.5,0,75.55,0.5,0,0,3.3000000000000007,0.0
54993,0,11.0,Female,3.0,1,Married,9,0,2.0,2.0,4.0,182.31,0,1,0,0.16666666666666666,1,15.1925,0.6666666666666666,0,1,3.1,0.45
54994,0,1.0,Male,3.0,3,Married,3,0,2.0,3.0,3.0,150.39,1,1,0,1.5,0,75.195,0.5,0,0,2.9000000000000004,0.0
54995,0,8.0,Female,4.0,3,Married,3,0,1.0,2.0,4.0,182.14,0,1,0,0.2222222222222222,1,20.237777777777776,0.3333333333333333,0,0,2.8000000000000003,0.25
54996,0,9.0,Male,4.0,3,Single,3,0,1.0,2.0,5.0,168.23,1,2,0,0.2,1,16.823,0.3333333333333333,0,0,2.8000000000000003,0.25
54997,1,1.0,Female,3.0,5,Married,3,0,2.0,4.0,11.0,198.36,0,1,1,2.0,0,99.18,0.4,0,0,3.3000000000000007,0.3
54998,0,14.0,Female,3.0,3,Single,11,0,2.0,2.0,14.0,259.99,0,2,1,0.13333333333333333,1,17.332666666666668,0.6666666666666666,0,0,3.3000000000000003,0.55
54999,1,6.0,Male,3.0,5,Single,2,1,1.0,14.0,15.0,262.58,1,2,1,2.0,0,37.51142857142857,0.06666666666666667,0,1,7.1000000000000005,0.5
55000,0,16.0,Male,3.0,5,Single,9,0,2.0,2.0,6.0,176.55,1,2,0,0.11764705882352941,1,10.38529411764706,0.6666666666666666,0,0,3.1,0.25
55001,0,9.0,Male,3.0,3,Married,8,0,2.0,2.0,8.0,147.58,1,1,0,0.2,1,14.758000000000001,0.6666666666666666,0,0,3.0,0.25
55002,0,1.0,Male,3.0,4,Single,10,0,1.0,2.0,3.0,160.97,1,2,0,1.0,1,80.485,0.3333333333333333,0,0,3.1,0.25
55003,1,1.0,Female,4.0,1,Married,3,1,2.0,2.0,1.0,150.15,0,1,0,1.0,1,75.075,0.6666666666666666,0,1,2.9000000000000004,0.45
55004,0,1.0,Male,3.0,1,Married,3,0,2.0,2.0,8.0,169.2,1,1,0,1.0,1,84.6,0.6666666666666666,0,1,2.5,0.45
55005,0,4.0,Male,4.0,3,Married,3,0,1.0,2.0,5.0,190.78,1,1,0,0.4,1,38.156,0.3333333333333333,0,0,2.8000000000000003,0.25
55006,0,14.0,Female,4.0,1,Married,5,1,1.0,2.0,1.0,169.22,0,1,0,0.13333333333333333,1,11.281333333333333,0.3333333333333333,0,1,3.0000000000000004,0.45
55007,0,9.0,Male,3.0,4,Married,4,0,3.0,7.0,3.0,227.74,1,1,0,0.7,0,22.774,0.375,0,0,4.7,0.0
55008,0,8.0,Male,4.0,5,Single,2,0,1.0,5.0,10.0,178.43,1,2,0,0.5555555555555556,0,19.825555555555557,0.16666666666666666,0,0,3.9000000000000004,0.0
55009,0,9.0,Male,3.0,1,Married,3,0,2.0,3.0,3.0,148.76,1,1,0,0.3,0,14.876,0.5,0,1,2.9000000000000004,0.2
55010,1,7.0,Female,3.0,3,Single,10,0,1.0,2.0,4.0,178.46,0,2,0,0.25,1,22.3075,0.3333333333333333,0,0,3.1,0.25
55011,0,6.0,Female,4.0,5,Married,3,0,2.0,2.0,1.0,153.27,0,1,0,0.2857142857142857,1,21.895714285714288,0.6666666666666666,0,0,2.9000000000000004,0.25
55012,0,30.0,Female,4.0,5,Married,6,0,5.0,5.0,3.0,324.43,0,1,0,0.16129032258064516,0,10.465483870967741,0.8333333333333334,0,0,4.7,0.0
55013,0,3.0,Female,3.0,1,Married,3,0,1.0,2.0,9.0,156.31,0,1,0,0.5,1,39.0775,0.3333333333333333,0,1,2.4,0.45
55014,0,1.0,Male,3.0,5,Single,3,0,1.0,2.0,1.0,150.52,1,2,0,1.0,1,75.26,0.3333333333333333,0,0,2.4,0.25
55015,0,19.0,Female,3.0,3,Married,6,1,1.0,2.0,3.0,169.77,0,1,0,0.1,1,8.4885,0.3333333333333333,0,1,2.7,0.45
55016,0,11.0,Female,3.0,1,Married,3,0,1.0,4.0,12.0,189.74,0,1,1,0.3333333333333333,0,15.811666666666667,0.2,0,1,3.2000000000000006,0.5
55017,0,1.0,Male,3.0,3,Single,3,0,1.0,2.0,3.0,155.33,1,2,0,1.0,1,77.665,0.3333333333333333,0,0,2.4,0.25
55018,1,8.0,Male,4.0,3,Single,3,1,2.0,2.0,3.0,154.36,1,2,0,0.2222222222222222,1,17.151111111111113,0.6666666666666666,0,1,2.9000000000000004,0.45
55019,0,27.0,Female,3.0,3,Married,5,0,4.0,5.0,8.0,311.06,0,1,0,0.17857142857142858,0,11.109285714285715,0.6666666666666666,0,0,4.1000000000000005,0.0
55020,0,3.0,Female,4.0,1,Married,2,1,2.0,2.0,4.0,146.68,0,1,0,0.5,1,36.67,0.6666666666666666,0,1,2.8000000000000007,0.45
55021,1,1.0,Male,3.0,1,Married,2,1,1.0,2.0,1.0,153.53,1,1,0,1.0,1,76.765,0.3333333333333333,0,1,2.3000000000000003,0.45
55022,0,20.0,Female,4.0,5,Married,10,0,7.0,16.0,10.0,295.48,0,1,0,0.7619047619047619,0,14.07047619047619,0.4117647058823529,0,0,9.7,0.0
55023,0,18.0,Male,4.0,3,Single,4,0,2.0,2.0,1.0,147.9,1,2,0,0.10526315789473684,1,7.78421052631579,0.6666666666666666,0,0,3.0000000000000004,0.25
55024,0,7.0,Male,4.0,3,Married,3,0,2.0,2.0,5.0,161.0,1,1,0,0.25,1,20.125,0.6666666666666666,0,0,2.9000000000000004,0.25
55025,1,5.0,Male,4.0,5,Married,8,0,1.0,2.0,1.0,146.07,1,1,0,0.3333333333333333,1,24.345,0.3333333333333333,0,0,3.3000000000000003,0.25
55026,0,4.0,Male,4.0,5,Married,10,0,2.0,2.0,4.0,166.15,1,1,0,0.4,1,33.230000000000004,0.6666666666666666,0,0,3.6000000000000005,0.25
55027,0,14.0,Male,4.0,4,Married,7,0,2.0,2.0,1.0,168.27,1,1,0,0.13333333333333333,1,11.218,0.6666666666666666,0,0,3.3000000000000007,0.25
55028,0,24.0,Female,2.0,5,Married,4,0,1.0,3.0,3.0,303.56,0,1,0,0.12,0,12.1424,0.25,0,0,2.5,0.0
55029,0,2.0,Male,4.0,5,Married,3,0,2.0,4.0,4.0,156.96,1,1,0,1.3333333333333333,0,52.32,0.4,0,0,3.7,0.0
55030,0,20.0,Male,3.0,4,Married,7,0,2.0,2.0,4.0,315.81,1,1,0,0.09523809523809523,1,15.038571428571428,0.6666666666666666,0,0,2.9000000000000004,0.25
55031,0,9.0,Male,4.0,5,Married,5,1,1.0,2.0,3.0,214.66,1,1,0,0.2,1,21.466,0.3333333333333333,0,1,3.0000000000000004,0.45
55032,1,1.0,Female,4.0,4,Married,3,0,2.0,2.0,1.0,147.1,0,1,0,1.0,1,73.55,0.6666666666666666,0,0,2.9000000000000004,0.25
55033,0,7.0,Female,3.0,3,Married,3,0,1.0,2.0,2.0,170.39,0,1,0,0.25,1,21.29875,0.3333333333333333,0,0,2.4,0.25
55034,0,10.0,Male,3.0,3,Married,3,0,2.0,2.0,8.0,152.41,1,1,0,0.18181818181818182,1,13.855454545454545,0.6666666666666666,0,0,2.5,0.25
55035,0,4.0,Male,3.0,3,Married,3,0,5.0,9.0,10.0,159.91,1,1,0,1.8,0,31.982,0.5,0,0,5.6000000000000005,0.0
55036,0,18.0,Male,3.0,1,Single,3,0,7.0,14.0,18.0,170.41,1,2,1,0.7368421052631579,0,8.968947368421052,0.4666666666666667,0,1,7.800000000000001,0.5
55037,0,1.0,Male,3.0,1,Single,3,0,3.0,3.0,3.0,151.78,1,2,0,1.5,0,75.89,0.75,0,1,3.0,0.2
55038,0,20.0,Male,3.0,1,Married,4,0,1.0,2.0,5.0,198.79,1,1,0,0.09523809523809523,1,9.466190476190476,0.3333333333333333,0,1,2.5,0.45
55039,0,16.0,Male,4.0,5,Married,9,0,2.0,2.0,4.0,187.72,1,1,0,0.11764705882352941,1,11.042352941176471,0.6666666666666666,0,0,3.5000000000000004,0.25
55040,0,31.0,Male,3.0,1,Married,2,1,1.0,2.0,10.0,177.2,1,1,0,0.0625,1,5.5375,0.3333333333333333,0,1,2.3000000000000003,0.45
55041,0,6.0,Female,4.0,4,Married,3,0,3.0,3.0,3.0,159.0,0,1,0,0.42857142857142855,0,22.714285714285715,0.75,0,0,3.4000000000000004,0.0
55042,0,6.0,Female,3.0,3,Single,6,1,2.0,2.0,8.0,174.98,0,2,0,0.2857142857142857,1,24.997142857142855,0.6666666666666666,0,1,2.8000000000000003,0.45
55043,0,10.0,Female,4.0,5,Married,4,1,8.0,8.0,3.0,227.52,0,1,0,0.7272727272727273,0,20.683636363636364,0.8888888888888888,0,1,6.000000000000001,0.2
55044,0,7.0,Male,3.0,1,Married,2,0,1.0,5.0,11.0,152.81,1,1,1,0.625,0,19.10125,0.16666666666666666,0,1,3.5000000000000004,0.5
55045,0,14.0,Female,3.0,4,Married,9,0,2.0,2.0,4.0,193.52,0,1,0,0.13333333333333333,1,12.901333333333334,0.6666666666666666,0,0,3.1,0.25
55046,0,1.0,Male,3.0,1,Single,2,0,2.0,2.0,2.0,174.5,1,2,0,1.0,1,87.25,0.6666666666666666,0,1,2.4000000000000004,0.45
55047,0,4.0,Male,4.0,4,Married,2,1,4.0,6.0,8.0,160.79,1,1,0,1.2,0,32.158,0.5714285714285714,0,1,4.6000000000000005,0.2
55048,0,16.0,Female,3.0,5,Married,5,1,1.0,2.0,1.0,256.91,0,1,0,0.11764705882352941,1,15.112352941176471,0.3333333333333333,0,1,2.6,0.45
55049,0,9.0,Female,4.0,1,Married,6,1,4.0,5.0,3.0,228.77,0,1,0,0.5,0,22.877000000000002,0.6666666666666666,0,1,4.6000000000000005,0.2
55050,0,1.0,Male,3.0,5,Married,3,1,6.0,7.0,9.0,147.35,1,1,0,3.5,0,73.675,0.75,0,1,4.9,0.2
55051,0,28.0,Female,3.0,3,Married,9,0,1.0,2.0,3.0,230.02,0,1,0,0.06896551724137931,1,7.931724137931035,0.3333333333333333,0,0,3.0,0.25
55052,0,18.0,Female,4.0,1,Married,3,0,2.0,8.0,8.0,145.11,0,1,0,0.42105263157894735,0,7.637368421052632,0.2222222222222222,0,1,5.300000000000001,0.2
55053,1,1.0,Female,4.0,4,Single,3,1,1.0,2.0,1.0,143.59,0,2,0,1.0,1,71.795,0.3333333333333333,0,1,2.8000000000000003,0.45
55054,0,3.0,Female,4.0,1,Married,3,0,2.0,2.0,3.0,162.6,0,1,0,0.5,1,40.65,0.6666666666666666,0,1,2.9000000000000004,0.45
55055,0,28.0,Male,3.0,1,Married,5,0,1.0,2.0,10.0,302.79,1,1,0,0.06896551724137931,1,10.44103448275862,0.3333333333333333,0,1,2.6,0.45
55056,0,5.0,Male,4.0,5,Married,3,1,2.0,2.0,2.0,193.33,1,1,0,0.3333333333333333,1,32.22166666666667,0.6666666666666666,0,1,2.9000000000000004,0.45
55057,0,5.0,Female,4.0,5,Single,3,0,2.0,2.0,9.0,193.12,0,2,0,0.3333333333333333,1,32.18666666666667,0.6666666666666666,0,0,2.9000000000000004,0.25
55058,0,31.0,Female,3.0,1,Single,7,0,1.0,2.0,6.0,176.71,0,2,0,0.0625,1,5.5221875,0.3333333333333333,0,1,2.8000000000000003,0.45
55059,0,17.0,Male,4.0,1,Married,5,0,2.0,2.0,8.0,322.4,1,1,0,0.1111111111111111,1,17.91111111111111,0.6666666666666666,0,1,3.1000000000000005,0.45
55060,0,23.0,Male,3.0,3,Married,4,0,1.0,2.0,1.0,312.11,1,1,0,0.08333333333333333,1,13.004583333333334,0.3333333333333333,0,0,2.5,0.25
55061,0,10.0,Male,3.0,4,Married,3,0,1.0,2.0,8.0,161.92,1,1,0,0.18181818181818182,1,14.719999999999999,0.3333333333333333,0,0,2.4,0.25
55062,0,22.0,Male,4.0,4,Single,7,0,1.0,2.0,1.0,150.59,1,2,0,0.08695652173913043,1,6.547391304347826,0.3333333333333333,0,0,3.2000000000000006,0.25
55063,0,1.0,Male,4.0,3,Married,3,0,2.0,2.0,4.0,150.17,1,1,0,1.0,1,75.085,0.6666666666666666,0,0,2.9000000000000004,0.25
55064,0,3.0,Male,3.0,1,Married,3,1,2.0,2.0,1.0,191.23,1,1,0,0.5,1,47.8075,0.6666666666666666,0,1,2.5,0.45
55065,0,22.0,Male,4.0,1,Single,8,0,2.0,2.0,1.0,307.65,1,2,0,0.08695652173913043,1,13.376086956521737,0.6666666666666666,0,1,3.4000000000000004,0.45
55066,0,3.0,Female,3.0,1,Married,5,0,1.0,2.0,8.0,286.24,0,1,0,0.5,1,71.56,0.3333333333333333,0,1,2.6,0.45
55067,0,8.0,Female,3.0,3,Married,2,0,2.0,2.0,1.0,150.85,0,1,0,0.2222222222222222,1,16.76111111111111,0.6666666666666666,0,0,2.4000000000000004,0.25
55068,0,18.0,Male,3.0,4,Married,9,0,2.0,4.0,11.0,307.13,1,1,1,0.21052631578947367,0,16.164736842105263,0.4,0,0,3.9000000000000004,0.3
55069,0,7.0,Male,3.0,3,Married,2,1,1.0,2.0,9.0,208.8,1,1,0,0.25,1,26.1,0.3333333333333333,0,1,2.3000000000000003,0.45
55070,0,1.0,Female,3.0,1,Single,3,1,1.0,2.0,2.0,154.94,0,2,0,1.0,1,77.47,0.3333333333333333,0,1,2.4,0.45
55071,0,1.0,Male,3.0,3,Married,3,0,2.0,2.0,2.0,137.23,1,1,0,1.0,1,68.615,0.6666666666666666,0,0,2.5,0.25
55072,1,1.0,Male,4.0,1,Single,3,1,2.0,2.0,1.0,136.18,1,2,0,1.0,1,68.09,0.6666666666666666,0,1,2.9000000000000004,0.45
55073,0,1.0,Male,3.0,1,Single,3,1,3.0,3.0,3.0,153.75,1,2,0,1.5,0,76.875,0.75,0,1,3.0,0.2
55074,1,9.0,Female,4.0,4,Single,4,1,2.0,2.0,12.0,313.24,0,2,1,0.2,1,31.324,0.6666666666666666,0,1,3.0000000000000004,0.75
55075,0,29.0,Male,3.0,4,Married,3,1,3.0,16.0,1.0,260.77,1,1,0,0.5333333333333333,0,8.692333333333332,0.17647058823529413,0,1,8.200000000000001,0.2
55076,1,1.0,Female,3.0,3,Single,3,0,2.0,3.0,3.0,151.25,0,2,0,1.5,0,75.625,0.5,0,0,2.9000000000000004,0.0
55077,0,20.0,Female,3.0,4,Married,4,0,2.0,2.0,9.0,312.89,0,1,0,0.09523809523809523,1,14.899523809523808,0.6666666666666666,0,0,2.6,0.25
55078,0,8.0,Female,3.0,5,Single,2,1,2.0,2.0,3.0,170.38,0,2,0,0.2222222222222222,1,18.93111111111111,0.6666666666666666,0,1,2.4000000000000004,0.45
55079,0,25.0,Male,3.0,4,Married,6,1,7.0,12.0,11.0,323.47,1,1,1,0.46153846153846156,0,12.441153846153847,0.5384615384615384,0,1,7.300000000000002,0.5
55080,0,31.0,Male,4.0,1,Single,8,0,4.0,6.0,3.0,230.12,1,2,0,0.1875,0,7.19125,0.5714285714285714,0,1,5.2,0.2
55081,0,8.0,Female,3.0,4,Married,6,0,1.0,6.0,11.0,169.44,0,1,1,0.6666666666666666,0,18.826666666666668,0.14285714285714285,0,0,4.300000000000001,0.3
55082,0,2.0,Male,3.0,3,Single,2,1,2.0,2.0,3.0,146.54,1,2,0,0.6666666666666666,1,48.846666666666664,0.6666666666666666,0,1,2.4000000000000004,0.45
55083,0,18.0,Male,4.0,5,Married,3,0,3.0,15.0,14.0,316.9,1,1,1,0.7894736842105263,0,16.678947368421053,0.1875,0,0,8.2,0.3
55084,0,8.0,Male,3.0,4,Married,6,0,1.0,2.0,9.0,169.9,1,1,0,0.2222222222222222,1,18.87777777777778,0.3333333333333333,0,0,2.7,0.25
55085,0,9.0,Male,4.0,3,Married,2,1,2.0,3.0,3.0,160.06,1,1,0,0.3,0,16.006,0.5,0,1,3.2000000000000006,0.2
55086,0,16.0,Female,4.0,4,Married,8,1,1.0,2.0,1.0,148.72,0,1,0,0.11764705882352941,1,8.748235294117647,0.3333333333333333,0,1,3.3000000000000003,0.45
55087,0,17.0,Female,3.0,1,Single,5,0,11.0,16.0,3.0,227.31,0,2,0,0.8888888888888888,0,12.628333333333334,0.6470588235294118,0,1,9.200000000000001,0.2
55088,0,10.0,Female,3.0,4,Single,11,1,5.0,6.0,13.0,179.1,0,2,1,0.5454545454545454,0,16.28181818181818,0.7142857142857143,0,1,5.200000000000001,0.5
55089,1,8.0,Female,4.0,1,Married,3,0,1.0,2.0,6.0,204.78,0,1,0,0.2222222222222222,1,22.753333333333334,0.3333333333333333,0,1,2.8000000000000003,0.45
55090,0,2.0,Male,3.0,1,Married,3,1,1.0,3.0,3.0,163.67,1,1,0,1.0,0,54.556666666666665,0.25,0,1,2.8000000000000003,0.2
55091,0,25.0,Female,3.0,3,Single,2,0,4.0,8.0,8.0,153.38,0,2,0,0.3076923076923077,0,5.899230769230769,0.4444444444444444,0,0,5.000000000000001,0.0
55092,0,4.0,Female,4.0,3,Single,9,1,1.0,2.0,8.0,171.95,0,2,0,0.4,1,34.39,0.3333333333333333,0,1,3.4000000000000004,0.45
55093,1,1.0,Female,3.0,3,Married,5,1,5.0,8.0,8.0,158.39,0,1,0,4.0,0,79.195,0.5555555555555556,0,1,5.4,0.2
55094,0,2.0,Male,3.0,5,Single,4,0,2.0,2.0,3.0,145.8,1,2,0,0.6666666666666666,1,48.6,0.6666666666666666,0,0,2.6,0.25
55095,0,1.0,Female,3.0,4,Single,3,0,2.0,3.0,2.0,145.96,0,2,0,1.5,0,72.98,0.5,0,0,2.9000000000000004,0.0
55096,0,6.0,Male,3.0,1,Married,3,0,1.0,2.0,9.0,187.09,1,1,0,0.2857142857142857,1,26.72714285714286,0.3333333333333333,0,1,2.4,0.45
55097,0,19.0,Female,3.0,4,Single,5,0,1.0,2.0,1.0,305.61,0,2,0,0.1,1,15.2805,0.3333333333333333,0,0,2.6,0.25
55098,0,13.0,Female,4.0,4,Married,8,1,11.0,16.0,3.0,296.23,0,1,0,1.1428571428571428,0,21.159285714285716,0.6470588235294118,0,1,9.9,0.2
55099,0,31.0,Male,3.0,3,Married,3,0,2.0,3.0,3.0,148.72,1,1,0,0.09375,0,4.6475,0.5,0,0,2.9000000000000004,0.0
55100,1,1.0,Male,4.0,3,Married,3,0,1.0,2.0,2.0,173.83,1,1,0,1.0,1,86.915,0.3333333333333333,0,0,2.8000000000000003,0.25
55101,1,3.0,Male,4.0,5,Single,2,0,1.0,2.0,4.0,164.04,1,2,0,0.5,1,41.01,0.3333333333333333,0,0,2.7000000000000006,0.25
55102,0,4.0,Female,3.0,1,Married,2,0,6.0,7.0,8.0,171.27,0,1,0,1.4,0,34.254000000000005,0.75,0,1,4.800000000000001,0.2
55103,0,10.0,Female,4.0,3,Married,5,0,2.0,2.0,8.0,195.94,0,1,0,0.18181818181818182,1,17.812727272727273,0.6666666666666666,0,0,3.1000000000000005,0.25
55104,0,20.0,Female,3.0,5,Single,8,0,3.0,6.0,8.0,159.23,0,2,0,0.2857142857142857,0,7.5823809523809516,0.42857142857142855,0,0,4.7,0.0
55105,0,2.0,Female,3.0,1,Married,2,0,8.0,8.0,6.0,191.74,0,1,0,2.6666666666666665,0,63.913333333333334,0.8888888888888888,0,1,5.4,0.2
55106,0,24.0,Female,3.0,5,Married,6,1,1.0,2.0,3.0,293.8,0,1,0,0.08,1,11.752,0.3333333333333333,0,1,2.7,0.45
55107,1,4.0,Male,3.0,4,Single,4,1,2.0,2.0,3.0,215.94,1,2,0,0.4,1,43.188,0.6666666666666666,0,1,2.6,0.45
55108,1,16.0,Male,4.0,4,Single,11,1,8.0,8.0,3.0,209.46,1,2,0,0.47058823529411764,0,12.321176470588236,0.8888888888888888,0,1,6.7,0.2
55109,0,4.0,Female,4.0,5,Married,3,1,2.0,2.0,9.0,244.16,0,1,0,0.4,1,48.832,0.6666666666666666,0,1,2.9000000000000004,0.45
55110,0,13.0,Male,3.0,3,Single,2,0,2.0,2.0,8.0,170.34,1,2,0,0.14285714285714285,1,12.167142857142858,0.6666666666666666,0,0,2.4000000000000004,0.25
55111,0,5.0,Female,3.0,3,Married,3,1,9.0,10.0,3.0,223.52,0,1,0,1.6666666666666667,0,37.25333333333334,0.8181818181818182,0,1,6.4,0.2
55112,0,15.0,Male,3.0,4,Single,3,0,4.0,12.0,10.0,186.51,1,2,0,0.75,0,11.656875,0.3076923076923077,0,0,6.700000000000001,0.0
55113,1,1.0,Female,3.0,4,Single,3,1,3.0,3.0,3.0,148.02,0,2,0,1.5,0,74.01,0.75,0,1,3.0,0.2
55114,1,8.0,Male,3.0,5,Married,6,0,2.0,2.0,3.0,148.62,1,1,0,0.2222222222222222,1,16.513333333333335,0.6666666666666666,0,0,2.8000000000000003,0.25
55115,0,16.0,Male,3.0,3,Married,2,1,1.0,3.0,11.0,303.61,1,1,1,0.17647058823529413,0,17.859411764705882,0.25,0,1,2.7000000000000006,0.5
55116,0,29.0,Female,3.0,3,Married,6,0,5.0,10.0,12.0,316.87,0,1,1,0.3333333333333333,0,10.562333333333333,0.45454545454545453,0,0,6.300000000000001,0.3
55117,0,30.0,Male,4.0,4,Single,8,0,3.0,8.0,8.0,322.17,1,2,0,0.25806451612903225,0,10.39258064516129,0.3333333333333333,0,0,5.9,0.0
55118,0,14.0,Male,4.0,3,Married,11,0,2.0,2.0,1.0,160.44,1,1,0,0.13333333333333333,1,10.696,0.6666666666666666,0,0,3.7000000000000006,0.25
55119,0,8.0,Male,3.0,1,Married,2,0,1.0,2.0,3.0,210.0,1,1,0,0.2222222222222222,1,23.333333333333332,0.3333333333333333,0,1,2.3000000000000003,0.45
55120,0,14.0,Male,4.0,1,Single,3,0,4.0,9.0,9.0,171.61,1,2,0,0.6,0,11.440666666666667,0.4,0,1,5.9,0.2
55121,0,15.0,Female,4.0,5,Married,2,0,1.0,2.0,8.0,166.03,0,1,0,0.125,1,10.376875,0.3333333333333333,0,0,2.7000000000000006,0.25
55122,0,9.0,Male,3.0,3,Single,3,1,2.0,2.0,2.0,167.49,1,2,0,0.2,1,16.749000000000002,0.6666666666666666,0,1,2.5,0.45
55123,0,25.0,Male,3.0,4,Married,3,1,1.0,2.0,11.0,265.26,1,1,1,0.07692307692307693,1,10.202307692307691,0.3333333333333333,0,1,2.4,0.75
55124,0,12.0,Female,3.0,5,Married,5,0,1.0,2.0,8.0,193.93,0,1,0,0.15384615384615385,1,14.917692307692308,0.3333333333333333,0,0,2.6,0.25
55125,0,8.0,Female,4.0,5,Single,3,0,5.0,10.0,7.0,186.25,0,2,0,1.1111111111111112,0,20.694444444444443,0.45454545454545453,0,0,6.3999999999999995,0.0
55126,0,1.0,Male,4.0,1,Married,5,0,1.0,2.0,3.0,161.69,1,1,0,1.0,1,80.845,0.3333333333333333,0,1,3.0000000000000004,0.45
55127,1,21.0,Female,3.0,5,Married,9,1,2.0,6.0,3.0,225.08,0,1,0,0.2727272727272727,0,10.230909090909092,0.2857142857142857,0,1,4.700000000000001,0.2
55128,0,14.0,Male,3.0,4,Married,5,0,2.0,2.0,4.0,148.87,1,1,0,0.13333333333333333,1,9.924666666666667,0.6666666666666666,0,0,2.7,0.25
55129,0,10.0,Female,3.0,5,Married,4,0,6.0,7.0,14.0,171.39,0,1,1,0.6363636363636364,0,15.58090909090909,0.75,0,0,5.0,0.3
55130,0,22.0,Male,3.0,1,Single,3,0,2.0,2.0,9.0,203.98,1,2,0,0.08695652173913043,1,8.868695652173912,0.6666666666666666,0,1,2.5,0.45
55131,0,1.0,Female,4.0,1,Married,10,0,1.0,2.0,1.0,150.34,0,1,0,1.0,1,75.17,0.3333333333333333,0,1,3.5000000000000004,0.45
55132,0,25.0,Female,3.0,4,Single,5,0,1.0,2.0,4.0,256.42,0,2,0,0.07692307692307693,1,9.862307692307693,0.3333333333333333,0,0,2.6,0.25
55133,0,1.0,Female,4.0,1,Single,3,0,2.0,2.0,1.0,141.11,0,2,0,1.0,1,70.555,0.6666666666666666,0,1,2.9000000000000004,0.45
55134,0,9.0,Female,3.0,1,Married,2,0,1.0,2.0,1.0,178.63,0,1,0,0.2,1,17.863,0.3333333333333333,0,1,2.3000000000000003,0.45
55135,0,1.0,Male,3.0,1,Single,5,0,1.0,2.0,1.0,175.71,1,2,0,1.0,1,87.855,0.3333333333333333,0,1,2.6,0.45
55136,1,19.0,Male,3.0,3,Single,8,1,1.0,4.0,9.0,261.95,1,2,0,0.2,0,13.0975,0.2,0,1,3.7000000000000006,0.2
55137,0,30.0,Male,4.0,4,Married,6,1,14.0,2.0,10.0,259.02,1,1,0,0.06451612903225806,1,8.355483870967742,4.666666666666667,0,1,4.4,0.45
55138,0,8.0,Female,4.0,3,Married,3,0,2.0,2.0,1.0,145.29,0,1,0,0.2222222222222222,1,16.14333333333333,0.6666666666666666,0,0,2.9000000000000004,0.25
55139,0,14.0,Female,3.0,3,Married,7,0,7.0,12.0,9.0,188.77,0,1,0,0.8,0,12.584666666666667,0.5384615384615384,0,0,7.400000000000001,0.0
55140,0,8.0,Male,3.0,3,Married,6,0,6.0,8.0,8.0,179.29,1,1,0,0.8888888888888888,0,19.92111111111111,0.6666666666666666,0,0,5.6,0.0
55141,1,1.0,Female,3.0,1,Single,9,0,1.0,2.0,1.0,152.85,0,2,0,1.0,1,76.425,0.3333333333333333,0,1,3.0,0.45
55142,1,1.0,Female,4.0,3,Married,2,1,1.0,4.0,3.0,171.14,0,1,0,2.0,0,85.57,0.2,0,1,3.5000000000000004,0.2
55143,0,12.0,Male,3.0,3,Married,3,0,1.0,2.0,4.0,151.1,1,1,0,0.15384615384615385,1,11.623076923076923,0.3333333333333333,0,0,2.4,0.25
55144,0,8.0,Female,4.0,1,Single,3,0,5.0,5.0,12.0,191.87,0,2,1,0.5555555555555556,0,21.31888888888889,0.8333333333333334,0,1,4.4,0.5
55145,0,2.0,Male,3.0,5,Married,3,0,2.0,2.0,5.0,172.24,1,1,0,0.6666666666666666,1,57.413333333333334,0.6666666666666666,0,0,2.5,0.25
55146,1,1.0,Male,4.0,3,Married,3,1,6.0,7.0,8.0,186.79,1,1,0,3.5,0,93.395,0.75,0,1,5.300000000000001,0.2
55147,0,13.0,Male,3.0,1,Married,5,1,1.0,2.0,5.0,186.2,1,1,0,0.14285714285714285,1,13.299999999999999,0.3333333333333333,0,1,2.6,0.45
55148,0,25.0,Male,3.0,4,Married,4,0,4.0,4.0,3.0,230.96,1,1,0,0.15384615384615385,0,8.883076923076924,0.8,0,0,3.6,0.0
55149,0,15.0,Female,4.0,1,Married,5,1,3.0,4.0,4.0,179.67,0,1,0,0.25,0,11.229375,0.6,0,1,4.0,0.2
55150,0,11.0,Male,3.0,3,Married,9,1,2.0,2.0,4.0,154.96,1,1,0,0.16666666666666666,1,12.913333333333334,0.6666666666666666,0,1,3.1,0.45
55151,0,7.0,Male,4.0,1,Married,8,0,2.0,2.0,3.0,224.98,1,1,0,0.25,1,28.1225,0.6666666666666666,0,1,3.4000000000000004,0.45
55152,0,6.0,Male,3.0,4,Married,2,1,2.0,2.0,3.0,165.78,1,1,0,0.2857142857142857,1,23.68285714285714,0.6666666666666666,0,1,2.4000000000000004,0.45
55153,0,13.0,Male,4.0,3,Married,5,0,1.0,2.0,6.0,234.2,1,1,0,0.14285714285714285,1,16.728571428571428,0.3333333333333333,0,0,3.0000000000000004,0.25
55154,0,1.0,Male,4.0,3,Married,4,0,2.0,2.0,3.0,187.32,1,1,0,1.0,1,93.66,0.6666666666666666,0,0,3.0000000000000004,0.25
55155,0,26.0,Female,3.0,3,Married,4,1,2.0,2.0,3.0,257.47,0,1,0,0.07407407407407407,1,9.535925925925927,0.6666666666666666,0,1,2.6,0.45
55156,0,17.0,Female,4.0,3,Single,3,1,1.0,2.0,9.0,165.81,0,2,0,0.1111111111111111,1,9.211666666666666,0.3333333333333333,0,1,2.8000000000000003,0.45
55157,0,1.0,Female,4.0,1,Married,3,1,2.0,5.0,5.0,182.69,0,1,0,2.5,0,91.345,0.3333333333333333,0,1,4.1000000000000005,0.2
55158,1,1.0,Female,3.0,3,Single,3,1,5.0,8.0,8.0,148.94,0,2,0,4.0,0,74.47,0.5555555555555556,0,1,5.2,0.2
55159,0,1.0,Male,3.0,1,Single,2,0,2.0,2.0,2.0,164.04,1,2,0,1.0,1,82.02,0.6666666666666666,0,1,2.4000000000000004,0.45
55160,0,16.0,Female,3.0,5,Married,2,0,1.0,2.0,10.0,292.99,0,1,0,0.11764705882352941,1,17.23470588235294,0.3333333333333333,0,0,2.3000000000000003,0.25
55161,0,26.0,Female,3.0,5,Married,11,0,2.0,2.0,5.0,154.5,0,1,0,0.07407407407407407,1,5.722222222222222,0.6666666666666666,0,0,3.3000000000000003,0.25
55162,0,11.0,Female,4.0,3,Single,6,0,2.0,2.0,3.0,161.29,0,2,0,0.16666666666666666,1,13.440833333333332,0.6666666666666666,0,0,3.2000000000000006,0.25
55163,0,9.0,Male,3.0,1,Single,4,0,3.0,3.0,3.0,218.62,1,2,0,0.3,0,21.862000000000002,0.75,0,1,3.1000000000000005,0.2
55164,0,1.0,Male,3.0,1,Married,6,0,1.0,2.0,3.0,157.29,1,1,0,1.0,1,78.645,0.3333333333333333,0,1,2.7,0.45
55165,0,1.0,Male,4.0,5,Single,2,0,1.0,2.0,8.0,160.78,1,2,0,1.0,1,80.39,0.3333333333333333,0,0,2.7000000000000006,0.25
55166,0,3.0,Male,3.0,5,Single,3,0,1.0,2.0,10.0,204.88,1,2,0,0.5,1,51.22,0.3333333333333333,0,0,2.4,0.25
55167,1,13.0,Male,4.0,5,Single,5,0,1.0,2.0,4.0,167.84,1,2,0,0.14285714285714285,1,11.98857142857143,0.3333333333333333,0,0,3.0000000000000004,0.25
55168,1,1.0,Female,3.0,1,Single,2,1,5.0,8.0,8.0,200.53,0,2,0,4.0,0,100.265,0.5555555555555556,0,1,5.1000000000000005,0.2
55169,0,28.0,Female,3.0,1,Single,8,0,7.0,13.0,8.0,298.28,0,2,0,0.4482758620689655,0,10.28551724137931,0.5,0,1,7.9,0.2
55170,0,31.0,Female,4.0,5,Married,5,1,2.0,2.0,6.0,322.01,0,1,0,0.0625,1,10.0628125,0.6666666666666666,0,1,3.1000000000000005,0.45
55171,0,29.0,Male,3.0,1,Married,4,0,1.0,2.0,1.0,272.32,1,1,0,0.06666666666666667,1,9.077333333333334,0.3333333333333333,0,1,2.5,0.45
55172,0,10.0,Female,4.0,4,Single,5,1,1.0,2.0,3.0,217.78,0,2,0,0.18181818181818182,1,19.798181818181817,0.3333333333333333,0,1,3.0000000000000004,0.45
55173,1,1.0,Female,3.0,3,Single,3,0,1.0,2.0,1.0,138.59,0,2,0,1.0,1,69.295,0.3333333333333333,0,0,2.4,0.25
55174,0,4.0,Female,4.0,5,Married,9,0,2.0,2.0,3.0,172.79,0,1,0,0.4,1,34.558,0.6666666666666666,0,0,3.5000000000000004,0.25
55175,0,5.0,Female,4.0,4,Single,5,0,1.0,2.0,1.0,289.22,0,2,0,0.3333333333333333,1,48.20333333333334,0.3333333333333333,0,0,3.0000000000000004,0.25
55176,0,8.0,Male,4.0,5,Married,7,0,2.0,2.0,4.0,154.96,1,1,0,0.2222222222222222,1,17.21777777777778,0.6666666666666666,0,0,3.3000000000000007,0.25
55177,1,1.0,Female,3.0,4,Single,3,0,1.0,2.0,1.0,137.61,0,2,0,1.0,1,68.805,0.3333333333333333,0,0,2.4,0.25
55178,0,1.0,Male,4.0,5,Married,2,0,2.0,2.0,5.0,145.99,1,1,0,1.0,1,72.995,0.6666666666666666,0,0,2.8000000000000007,0.25
55179,0,10.0,Male,3.0,1,Single,3,0,1.0,2.0,9.0,183.1,1,2,0,0.18181818181818182,1,16.645454545454545,0.3333333333333333,0,1,2.4,0.45
55180,0,10.0,Female,4.0,5,Married,6,0,2.0,2.0,3.0,181.47,0,1,0,0.18181818181818182,1,16.497272727272726,0.6666666666666666,0,0,3.2000000000000006,0.25
55181,0,21.0,Male,4.0,1,Married,9,0,2.0,2.0,3.0,159.2,1,1,0,0.09090909090909091,1,7.236363636363635,0.6666666666666666,0,1,3.5000000000000004,0.45
55182,1,1.0,Male,4.0,5,Married,5,0,3.0,3.0,3.0,169.0,1,1,0,1.5,0,84.5,0.75,0,0,3.6000000000000005,0.0
55183,0,11.0,Male,3.0,3,Single,2,0,1.0,2.0,4.0,160.0,1,2,0,0.16666666666666666,1,13.333333333333334,0.3333333333333333,0,0,2.3000000000000003,0.25
55184,0,30.0,Female,3.0,5,Married,4,0,1.0,2.0,1.0,145.66,0,1,0,0.06451612903225806,1,4.698709677419354,0.3333333333333333,0,0,2.5,0.25
55185,0,21.0,Female,3.0,3,Married,5,0,3.0,6.0,7.0,296.69,0,1,0,0.2727272727272727,0,13.485909090909091,0.42857142857142855,0,0,4.4,0.0
55186,0,1.0,Female,3.0,3,Married,3,1,2.0,2.0,4.0,166.62,0,1,0,1.0,1,83.31,0.6666666666666666,0,1,2.5,0.45
55187,0,6.0,Male,4.0,1,Married,6,0,1.0,2.0,3.0,217.04,1,1,0,0.2857142857142857,1,31.005714285714284,0.3333333333333333,0,1,3.1000000000000005,0.45
55188,0,8.0,Female,3.0,4,Married,7,0,2.0,2.0,3.0,157.94,0,1,0,0.2222222222222222,1,17.54888888888889,0.6666666666666666,0,0,2.9000000000000004,0.25
55189,0,15.0,Male,3.0,3,Married,4,1,1.0,2.0,4.0,146.27,1,1,0,0.125,1,9.141875,0.3333333333333333,0,1,2.5,0.45
55190,0,14.0,Male,3.0,3,Married,5,0,1.0,2.0,8.0,164.75,1,1,0,0.13333333333333333,1,10.983333333333333,0.3333333333333333,0,0,2.6,0.25
55191,0,5.0,Male,3.0,1,Married,3,0,3.0,2.0,10.0,232.93,1,1,0,0.3333333333333333,1,38.821666666666665,1.0,0,1,2.5999999999999996,0.45
55192,1,10.0,Male,3.0,1,Married,6,0,5.0,5.0,3.0,225.96,1,1,0,0.45454545454545453,0,20.541818181818183,0.8333333333333334,0,1,4.300000000000001,0.2
55193,1,3.0,Female,3.0,5,Single,4,1,1.0,2.0,1.0,161.46,0,2,0,0.5,1,40.365,0.3333333333333333,0,1,2.5,0.45
55194,1,1.0,Female,4.0,4,Single,3,0,2.0,5.0,8.0,199.46,0,2,0,2.5,0,99.73,0.3333333333333333,0,0,4.1000000000000005,0.0
55195,0,19.0,Male,4.0,5,Married,4,1,2.0,2.0,8.0,233.51,1,1,0,0.1,1,11.6755,0.6666666666666666,0,1,3.0000000000000004,0.45
55196,0,5.0,Female,4.0,4,Single,11,0,2.0,2.0,3.0,146.09,0,2,0,0.3333333333333333,1,24.348333333333333,0.6666666666666666,0,0,3.7000000000000006,0.25
55197,1,1.0,Male,4.0,1,Married,8,1,1.0,3.0,3.0,162.22,1,1,0,1.5,0,81.11,0.25,0,1,3.7000000000000006,0.2
55198,0,19.0,Male,3.0,1,Married,6,1,2.0,2.0,3.0,218.8,1,1,0,0.1,1,10.940000000000001,0.6666666666666666,0,1,2.8000000000000003,0.45
55199,0,22.0,Male,4.0,5,Married,6,0,1.0,3.0,3.0,179.86,1,1,0,0.13043478260869565,0,7.82,0.25,0,0,3.5000000000000004,0.0
55200,1,1.0,Female,3.0,3,Married,3,0,3.0,3.0,3.0,152.42,0,1,0,1.5,0,76.21,0.75,0,0,3.0,0.0
55201,0,14.0,Male,3.0,4,Married,4,0,1.0,5.0,9.0,262.57,1,1,0,0.3333333333333333,0,17.504666666666665,0.16666666666666666,0,0,3.7,0.0
55202,0,2.0,Male,3.0,5,Single,2,0,1.0,2.0,3.0,209.63,1,2,0,0.6666666666666666,1,69.87666666666667,0.3333333333333333,0,0,2.3000000000000003,0.25
55203,0,18.0,Male,3.0,3,Single,5,0,1.0,2.0,4.0,156.62,1,2,0,0.10526315789473684,1,8.243157894736843,0.3333333333333333,0,0,2.6,0.25
55204,0,27.0,Male,3.0,4,Single,6,0,1.0,9.0,9.0,290.98,1,2,0,0.32142857142857145,0,10.392142857142858,0.1,0,0,5.5,0.0
55205,0,23.0,Male,4.0,3,Married,4,0,1.0,2.0,3.0,191.51,1,1,0,0.08333333333333333,1,7.979583333333333,0.3333333333333333,0,0,2.9000000000000004,0.25
55206,0,14.0,Male,4.0,3,Married,4,0,2.0,2.0,3.0,148.45,1,1,0,0.13333333333333333,1,9.896666666666667,0.6666666666666666,0,0,3.0000000000000004,0.25
55207,0,18.0,Male,3.0,4,Single,3,0,2.0,2.0,4.0,159.2,1,2,0,0.10526315789473684,1,8.378947368421052,0.6666666666666666,0,0,2.5,0.25
55208,0,7.0,Male,3.0,5,Married,2,0,2.0,2.0,4.0,168.73,1,1,0,0.25,1,21.09125,0.6666666666666666,0,0,2.4000000000000004,0.25
55209,0,8.0,Male,3.0,5,Single,5,0,3.0,4.0,13.0,172.59,1,2,1,0.4444444444444444,0,19.176666666666666,0.6,0,0,3.6000000000000005,0.3
55210,0,4.0,Male,4.0,3,Married,10,0,2.0,3.0,3.0,178.01,1,1,0,0.6,0,35.602,0.5,0,0,4.0,0.0
55211,0,16.0,Female,4.0,1,Single,3,0,1.0,6.0,9.0,161.73,0,2,0,0.35294117647058826,0,9.513529411764706,0.14285714285714285,0,1,4.3999999999999995,0.2
55212,0,18.0,Female,4.0,3,Married,9,0,1.0,2.0,1.0,172.68,0,1,0,0.10526315789473684,1,9.08842105263158,0.3333333333333333,0,0,3.4000000000000004,0.25
55213,0,4.0,Male,4.0,3,Married,3,0,1.0,2.0,1.0,137.74,1,1,0,0.4,1,27.548000000000002,0.3333333333333333,0,0,2.8000000000000003,0.25
55214,0,31.0,Male,4.0,3,Married,2,0,2.0,3.0,9.0,174.0,1,1,0,0.09375,0,5.4375,0.5,0,0,3.2000000000000006,0.0
55215,0,23.0,Male,3.0,4,Married,5,0,1.0,2.0,3.0,229.66,1,1,0,0.08333333333333333,1,9.569166666666666,0.3333333333333333,0,0,2.6,0.25
55216,0,8.0,Male,4.0,5,Married,9,0,3.0,7.0,10.0,295.07,1,1,0,0.7777777777777778,0,32.785555555555554,0.375,0,0,5.6000000000000005,0.0
55217,1,1.0,Male,4.0,3,Married,5,0,2.0,2.0,3.0,154.09,1,1,0,1.0,1,77.045,0.6666666666666666,0,0,3.1000000000000005,0.25
55218,1,1.0,Female,3.0,4,Single,7,0,2.0,2.0,1.0,182.65,0,2,0,1.0,1,91.325,0.6666666666666666,0,0,2.9000000000000004,0.25
55219,1,1.0,Female,3.0,4,Single,2,1,5.0,11.0,11.0,170.99,0,2,1,5.5,0,85.495,0.4166666666666667,0,1,6.300000000000001,0.5
55220,0,9.0,Male,4.0,3,Married,3,0,1.0,2.0,1.0,149.04,1,1,0,0.2,1,14.904,0.3333333333333333,0,0,2.8000000000000003,0.25
55221,1,1.0,Male,3.0,5,Single,4,1,1.0,2.0,1.0,156.72,1,2,0,1.0,1,78.36,0.3333333333333333,0,1,2.5,0.45
55222,0,1.0,Female,4.0,4,Married,3,0,1.0,2.0,1.0,145.33,0,1,0,1.0,1,72.665,0.3333333333333333,0,0,2.8000000000000003,0.25
55223,0,18.0,Male,3.0,3,Single,7,1,3.0,3.0,3.0,227.09,1,2,0,0.15789473684210525,0,11.952105263157895,0.75,0,1,3.4000000000000004,0.2
55224,0,3.0,Male,4.0,3,Married,3,0,2.0,2.0,3.0,211.2,1,1,0,0.5,1,52.8,0.6666666666666666,0,0,2.9000000000000004,0.25
55225,0,4.0,Male,3.0,3,Married,2,0,1.0,2.0,4.0,145.64,1,1,0,0.4,1,29.127999999999997,0.3333333333333333,0,0,2.3000000000000003,0.25
55226,0,29.0,Male,2.0,3,Married,2,1,2.0,2.0,3.0,165.35,1,1,0,0.06666666666666667,1,5.511666666666667,0.6666666666666666,0,1,2.0,0.45
55227,0,7.0,Female,3.0,4,Married,10,0,2.0,2.0,3.0,163.38,0,1,0,0.25,1,20.4225,0.6666666666666666,0,0,3.2,0.25
55228,0,21.0,Female,4.0,3,Married,5,1,2.0,2.0,3.0,170.91,0,1,0,0.09090909090909091,1,7.768636363636364,0.6666666666666666,0,1,3.1000000000000005,0.45
55229,1,1.0,Male,3.0,5,Single,9,0,2.0,2.0,1.0,150.61,1,2,0,1.0,1,75.305,0.6666666666666666,0,0,3.1,0.25
55230,0,2.0,Male,4.0,3,Married,3,0,1.0,2.0,1.0,140.63,1,1,0,0.6666666666666666,1,46.876666666666665,0.3333333333333333,0,0,2.8000000000000003,0.25
55231,0,2.0,Male,3.0,5,Single,2,0,2.0,2.0,4.0,173.98,1,2,0,0.6666666666666666,1,57.99333333333333,0.6666666666666666,0,0,2.4000000000000004,0.25
55232,0,23.0,Female,3.0,5,Married,6,0,1.0,2.0,3.0,172.89,0,1,0,0.08333333333333333,1,7.203749999999999,0.3333333333333333,0,0,2.7,0.25
55233,0,3.0,Female,4.0,4,Married,2,0,2.0,2.0,3.0,156.8,0,1,0,0.5,1,39.2,0.6666666666666666,0,0,2.8000000000000007,0.25
55234,0,2.0,Male,4.0,4,Married,3,0,1.0,2.0,8.0,190.49,1,1,0,0.6666666666666666,1,63.49666666666667,0.3333333333333333,0,0,2.8000000000000003,0.25
55235,0,7.0,Male,4.0,3,Single,4,1,2.0,2.0,1.0,188.88,1,2,0,0.25,1,23.61,0.6666666666666666,0,1,3.0000000000000004,0.45
55236,0,6.0,Male,4.0,1,Single,4,0,1.0,2.0,1.0,237.44,1,2,0,0.2857142857142857,1,33.92,0.3333333333333333,0,1,2.9000000000000004,0.45
55237,0,28.0,Female,3.0,1,Married,5,0,1.0,2.0,13.0,285.32,0,1,1,0.06896551724137931,1,9.838620689655173,0.3333333333333333,0,1,2.6,0.75
55238,1,1.0,Male,4.0,5,Single,8,0,2.0,2.0,8.0,148.62,1,2,0,1.0,1,74.31,0.6666666666666666,0,0,3.4000000000000004,0.25
55239,0,18.0,Male,3.0,5,Married,5,0,1.0,15.0,18.0,288.28,1,1,1,0.7894736842105263,0,15.172631578947367,0.0625,0,0,7.8,0.3
55240,0,13.0,Female,3.0,4,Single,6,0,3.0,3.0,3.0,208.76,0,2,0,0.21428571428571427,0,14.911428571428571,0.75,0,0,3.3000000000000007,0.0
55241,0,20.0,Female,3.0,4,Married,10,0,1.0,6.0,2.0,291.06,0,1,0,0.2857142857142857,0,13.86,0.14285714285714285,0,0,4.7,0.0
55242,0,9.0,Female,4.0,4,Single,3,0,4.0,4.0,3.0,211.06,0,2,0,0.4,0,21.106,0.8,0,0,3.9,0.0
55243,0,1.0,Male,4.0,3,Single,2,0,2.0,2.0,3.0,147.72,1,2,0,1.0,1,73.86,0.6666666666666666,0,0,2.8000000000000007,0.25
55244,1,4.0,Male,3.0,5,Single,5,0,2.0,2.0,1.0,145.18,1,2,0,0.4,1,29.036,0.6666666666666666,0,0,2.7,0.25
55245,0,8.0,Male,4.0,3,Married,3,1,8.0,9.0,7.0,195.83,1,1,0,1.0,0,21.75888888888889,0.8,0,1,6.3,0.2
55246,1,1.0,Female,3.0,3,Single,3,0,3.0,8.0,8.0,165.84,0,2,0,4.0,0,82.92,0.3333333333333333,0,0,5.0,0.0
55247,0,24.0,Male,3.0,1,Single,3,1,1.0,14.0,10.0,269.11,1,2,0,0.56,0,10.7644,0.06666666666666667,0,1,7.2,0.2
55248,0,8.0,Male,3.0,3,Married,2,1,4.0,6.0,8.0,148.08,1,1,0,0.6666666666666666,0,16.453333333333333,0.5714285714285714,0,1,4.200000000000001,0.2
55249,0,16.0,Male,4.0,4,Married,6,0,1.0,2.0,1.0,173.41,1,1,0,0.11764705882352941,1,10.200588235294118,0.3333333333333333,0,0,3.1000000000000005,0.25
55250,0,11.0,Male,3.0,1,Married,3,0,3.0,4.0,8.0,167.85,1,1,0,0.3333333333333333,0,13.987499999999999,0.6,0,1,3.4000000000000004,0.2
55251,0,3.0,Female,3.0,5,Married,5,0,2.0,2.0,3.0,222.15,0,1,0,0.5,1,55.5375,0.6666666666666666,0,0,2.7,0.25
55252,0,7.0,Male,3.0,4,Single,3,0,2.0,2.0,3.0,168.2,1,2,0,0.25,1,21.025,0.6666666666666666,0,0,2.5,0.25
55253,0,19.0,Male,4.0,1,Married,6,0,2.0,2.0,4.0,146.32,1,1,0,0.1,1,7.316,0.6666666666666666,0,1,3.2000000000000006,0.45
55254,0,16.0,Male,3.0,1,Married,4,1,5.0,14.0,3.0,226.24,1,1,0,0.8235294117647058,0,13.308235294117647,0.3333333333333333,0,1,7.700000000000001,0.2
55255,0,14.0,Male,3.0,5,Married,2,0,8.0,8.0,2.0,179.73,1,1,0,0.5333333333333333,0,11.982,0.8888888888888888,0,0,5.4,0.0
55256,0,7.0,Male,4.0,3,Married,3,1,5.0,6.0,8.0,177.07,1,1,0,0.75,0,22.13375,0.7142857142857143,0,1,4.8,0.2
55257,0,14.0,Male,3.0,1,Single,3,1,1.0,8.0,8.0,289.37,1,2,0,0.5333333333333333,0,19.291333333333334,0.1111111111111111,0,1,4.8,0.2
55258,0,1.0,Male,3.0,5,Married,2,0,1.0,2.0,1.0,147.96,1,1,0,1.0,1,73.98,0.3333333333333333,0,0,2.3000000000000003,0.25
55259,0,14.0,Male,4.0,1,Married,5,1,2.0,3.0,3.0,165.69,1,1,0,0.2,0,11.046,0.5,0,1,3.5000000000000004,0.2
55260,0,19.0,Male,4.0,4,Married,3,0,4.0,8.0,8.0,199.41,1,1,0,0.4,0,9.9705,0.4444444444444444,0,0,5.500000000000001,0.0
55261,0,9.0,Female,4.0,3,Married,2,0,3.0,5.0,3.0,149.3,0,1,0,0.5,0,14.930000000000001,0.5,0,0,4.1000000000000005,0.0
55262,0,6.0,Female,4.0,4,Married,5,0,2.0,3.0,6.0,183.78,0,1,0,0.42857142857142855,0,26.254285714285714,0.5,0,0,3.5000000000000004,0.0
55263,0,10.0,Male,4.0,1,Single,5,1,2.0,2.0,3.0,151.44,1,2,0,0.18181818181818182,1,13.767272727272728,0.6666666666666666,0,1,3.1000000000000005,0.45
55264,0,22.0,Female,4.0,3,Married,10,0,8.0,8.0,8.0,189.39,0,1,0,0.34782608695652173,0,8.234347826086957,0.8888888888888888,0,0,6.6000000000000005,0.0
55265,0,3.0,Male,4.0,3,Married,8,0,1.0,2.0,1.0,149.51,1,1,0,0.5,1,37.3775,0.3333333333333333,0,0,3.3000000000000003,0.25
55266,0,7.0,Male,3.0,5,Married,4,0,3.0,3.0,3.0,188.92,1,1,0,0.375,0,23.615,0.75,0,0,3.1000000000000005,0.0
55267,1,1.0,Male,4.0,5,Married,3,0,2.0,7.0,3.0,222.14,1,1,0,3.5,0,111.07,0.25,0,0,4.9,0.0
55268,0,12.0,Male,4.0,3,Married,5,0,1.0,2.0,3.0,185.77,1,1,0,0.15384615384615385,1,14.290000000000001,0.3333333333333333,0,0,3.0000000000000004,0.25
55269,0,9.0,Male,4.0,5,Single,3,0,2.0,2.0,3.0,149.5,1,2,0,0.2,1,14.95,0.6666666666666666,0,0,2.9000000000000004,0.25
55270,0,8.0,Male,3.0,4,Married,5,0,2.0,2.0,3.0,217.5,1,1,0,0.2222222222222222,1,24.166666666666668,0.6666666666666666,0,0,2.7,0.25
55271,1,1.0,Female,4.0,5,Married,3,1,2.0,2.0,1.0,145.74,0,1,0,1.0,1,72.87,0.6666666666666666,0,1,2.9000000000000004,0.45
55272,1,17.0,Female,4.0,1,Married,2,0,1.0,2.0,3.0,226.69,0,1,0,0.1111111111111111,1,12.59388888888889,0.3333333333333333,0,1,2.7000000000000006,0.45
55273,1,2.0,Male,3.0,4,Married,6,0,2.0,2.0,5.0,173.55,1,1,0,0.6666666666666666,1,57.85,0.6666666666666666,0,0,2.8000000000000003,0.25
55274,0,6.0,Male,4.0,5,Married,6,0,1.0,2.0,3.0,165.87,1,1,0,0.2857142857142857,1,23.695714285714285,0.3333333333333333,0,0,3.1000000000000005,0.25
55275,0,22.0,Female,4.0,5,Married,10,0,7.0,8.0,7.0,148.67,0,1,0,0.34782608695652173,0,6.46391304347826,0.7777777777777778,0,0,6.500000000000001,0.0
55276,0,8.0,Male,3.0,1,Single,3,0,1.0,2.0,1.0,154.72,1,2,0,0.2222222222222222,1,17.191111111111113,0.3333333333333333,0,1,2.4,0.45
55277,0,29.0,Male,3.0,1,Married,3,0,1.0,3.0,14.0,320.86,1,1,1,0.1,0,10.695333333333334,0.25,0,1,2.8000000000000003,0.5
55278,0,8.0,Male,3.0,1,Married,11,0,1.0,3.0,2.0,179.84,1,1,0,0.3333333333333333,0,19.982222222222223,0.25,0,1,3.6000000000000005,0.2
55279,0,1.0,Female,3.0,1,Married,3,0,2.0,2.0,1.0,145.61,0,1,0,1.0,1,72.805,0.6666666666666666,0,1,2.5,0.45
55280,0,12.0,Male,4.0,4,Married,2,0,4.0,8.0,3.0,224.24,1,1,0,0.6153846153846154,0,17.24923076923077,0.4444444444444444,0,0,5.400000000000001,0.0
55281,0,12.0,Female,3.0,4,Single,4,0,2.0,2.0,3.0,166.98,0,2,0,0.15384615384615385,1,12.844615384615384,0.6666666666666666,0,0,2.6,0.25
55282,0,10.0,Female,4.0,3,Single,8,0,2.0,2.0,1.0,193.15,0,2,0,0.18181818181818182,1,17.55909090909091,0.6666666666666666,0,0,3.4000000000000004,0.25
55283,0,3.0,Male,3.0,5,Single,3,1,1.0,2.0,6.0,172.23,1,2,0,0.5,1,43.0575,0.3333333333333333,0,1,2.4,0.45
55284,0,9.0,Female,3.0,3,Single,5,1,1.0,2.0,5.0,186.42,0,2,0,0.2,1,18.642,0.3333333333333333,0,1,2.6,0.45
55285,0,13.0,Male,3.0,3,Married,4,0,4.0,8.0,7.0,207.37,1,1,0,0.5714285714285714,0,14.812142857142858,0.4444444444444444,0,0,5.200000000000001,0.0
55286,0,3.0,Male,3.0,1,Married,3,0,2.0,2.0,3.0,213.53,1,1,0,0.5,1,53.3825,0.6666666666666666,0,1,2.5,0.45
55287,0,24.0,Male,3.0,3,Married,6,1,1.0,2.0,1.0,318.31,1,1,0,0.08,1,12.7324,0.3333333333333333,0,1,2.7,0.45
55288,0,1.0,Male,3.0,3,Married,4,0,1.0,3.0,3.0,145.73,1,1,0,1.5,0,72.865,0.25,0,0,2.9000000000000004,0.0
55289,0,10.0,Male,4.0,5,Married,5,1,1.0,2.0,3.0,180.62,1,1,0,0.18181818181818182,1,16.42,0.3333333333333333,0,1,3.0000000000000004,0.45
55290,0,16.0,Male,4.0,1,Single,10,0,2.0,2.0,2.0,321.13,1,2,0,0.11764705882352941,1,18.89,0.6666666666666666,0,1,3.6000000000000005,0.45
55291,0,9.0,Male,3.0,3,Married,3,0,7.0,7.0,9.0,159.07,1,1,0,0.7,0,15.907,0.875,0,0,5.0,0.0
55292,0,8.0,Male,4.0,3,Married,3,0,2.0,8.0,8.0,175.63,1,1,0,0.8888888888888888,0,19.514444444444443,0.2222222222222222,0,0,5.300000000000001,0.0
55293,0,14.0,Female,3.0,5,Married,3,0,1.0,2.0,3.0,171.39,0,1,0,0.13333333333333333,1,11.425999999999998,0.3333333333333333,0,0,2.4,0.25
55294,0,17.0,Male,3.0,4,Married,7,0,2.0,2.0,3.0,173.76,1,1,0,0.1111111111111111,1,9.653333333333332,0.6666666666666666,0,0,2.9000000000000004,0.25
55295,0,9.0,Male,4.0,1,Married,3,0,2.0,2.0,2.0,151.9,1,1,0,0.2,1,15.190000000000001,0.6666666666666666,0,1,2.9000000000000004,0.45
55296,0,20.0,Male,3.0,5,Single,3,0,1.0,2.0,13.0,300.67,1,2,1,0.09523809523809523,1,14.317619047619049,0.3333333333333333,0,0,2.4,0.55
55297,1,1.0,Male,3.0,4,Married,3,1,1.0,2.0,1.0,149.08,1,1,0,1.0,1,74.54,0.3333333333333333,0,1,2.4,0.45
55298,0,1.0,Female,3.0,3,Married,3,1,2.0,2.0,4.0,153.14,0,1,0,1.0,1,76.57,0.6666666666666666,0,1,2.5,0.45
55299,0,24.0,Male,3.0,3,Married,4,1,1.0,2.0,14.0,237.45,1,1,1,0.08,1,9.498,0.3333333333333333,0,1,2.5,0.75
55300,0,6.0,Female,3.0,1,Married,5,0,2.0,2.0,3.0,158.12,0,1,0,0.2857142857142857,1,22.58857142857143,0.6666666666666666,0,1,2.7,0.45
55301,0,18.0,Female,3.0,1,Married,2,1,1.0,2.0,11.0,315.49,0,1,1,0.10526315789473684,1,16.604736842105265,0.3333333333333333,0,1,2.3000000000000003,0.75
55302,0,4.0,Male,3.0,4,Married,3,0,2.0,2.0,2.0,146.41,1,1,0,0.4,1,29.282,0.6666666666666666,0,0,2.5,0.25
55303,0,19.0,Female,3.0,5,Single,3,1,1.0,2.0,5.0,182.69,0,2,0,0.1,1,9.1345,0.3333333333333333,0,1,2.4,0.45
55304,0,19.0,Male,3.0,5,Married,3,0,4.0,5.0,6.0,168.85,1,1,0,0.25,0,8.442499999999999,0.6666666666666666,0,0,3.9,0.0
55305,0,5.0,Male,3.0,5,Single,9,0,2.0,2.0,4.0,178.32,1,2,0,0.3333333333333333,1,29.72,0.6666666666666666,0,0,3.1,0.25
55306,0,10.0,Female,4.0,3,Married,11,1,1.0,2.0,2.0,171.63,0,1,0,0.18181818181818182,1,15.602727272727272,0.3333333333333333,0,1,3.6000000000000005,0.45
55307,0,8.0,Male,3.0,1,Married,3,0,4.0,8.0,3.0,172.24,1,1,0,0.8888888888888888,0,19.137777777777778,0.4444444444444444,0,1,5.1000000000000005,0.2
55308,0,23.0,Female,3.0,5,Married,3,0,2.0,2.0,5.0,157.11,0,1,0,0.08333333333333333,1,6.546250000000001,0.6666666666666666,0,0,2.5,0.25
55309,0,13.0,Male,4.0,5,Married,4,0,4.0,8.0,8.0,178.77,1,1,0,0.5714285714285714,0,12.769285714285715,0.4444444444444444,0,0,5.600000000000001,0.0
55310,0,1.0,Male,4.0,5,Married,3,0,1.0,2.0,8.0,165.66,1,1,0,1.0,1,82.83,0.3333333333333333,0,0,2.8000000000000003,0.25
55311,0,9.0,Male,3.0,5,Married,3,0,2.0,2.0,11.0,177.08,1,1,1,0.2,1,17.708000000000002,0.6666666666666666,0,0,2.5,0.55
55312,0,2.0,Female,3.0,5,Married,2,0,2.0,2.0,1.0,173.77,0,1,0,0.6666666666666666,1,57.92333333333334,0.6666666666666666,0,0,2.4000000000000004,0.25
55313,0,1.0,Male,4.0,1,Single,3,0,1.0,3.0,3.0,156.17,1,2,0,1.5,0,78.085,0.25,0,1,3.2000000000000006,0.2
55314,1,1.0,Female,4.0,1,Single,3,1,2.0,2.0,1.0,140.69,0,2,0,1.0,1,70.345,0.6666666666666666,0,1,2.9000000000000004,0.45
55315,0,21.0,Female,4.0,3,Married,5,0,2.0,2.0,1.0,321.58,0,1,0,0.09090909090909091,1,14.617272727272727,0.6666666666666666,0,0,3.1000000000000005,0.25
55316,0,13.0,Male,4.0,3,Married,2,0,1.0,2.0,8.0,155.69,1,1,0,0.14285714285714285,1,11.120714285714286,0.3333333333333333,0,0,2.7000000000000006,0.25
55317,0,14.0,Female,4.0,3,Married,3,0,7.0,15.0,3.0,229.35,0,1,0,1.0,0,15.29,0.4375,0,0,8.6,0.0
55318,0,9.0,Female,3.0,3,Married,3,0,1.0,3.0,10.0,166.48,0,1,0,0.3,0,16.648,0.25,0,0,2.8000000000000003,0.0
55319,0,11.0,Male,3.0,3,Married,5,0,1.0,2.0,3.0,182.68,1,1,0,0.16666666666666666,1,15.223333333333334,0.3333333333333333,0,0,2.6,0.25
55320,0,13.0,Female,3.0,3,Single,2,0,4.0,4.0,9.0,175.42,0,2,0,0.2857142857142857,0,12.53,0.8,0,0,3.4000000000000004,0.0
55321,0,19.0,Female,3.0,1,Married,3,0,4.0,4.0,10.0,182.7,0,1,0,0.2,0,9.135,0.8,0,1,3.5000000000000004,0.2
55322,0,12.0,Female,3.0,3,Married,5,1,1.0,2.0,3.0,202.56,0,1,0,0.15384615384615385,1,15.581538461538461,0.3333333333333333,0,1,2.6,0.45
55323,1,1.0,Male,3.0,5,Married,11,0,1.0,7.0,3.0,228.06,1,1,0,3.5,0,114.03,0.125,0,0,5.199999999999999,0.0
55324,0,11.0,Female,4.0,4,Married,3,0,5.0,8.0,8.0,164.36,0,1,0,0.6666666666666666,0,13.696666666666667,0.5555555555555556,0,0,5.6000000000000005,0.0
55325,0,14.0,Female,3.0,1,Single,8,1,4.0,4.0,4.0,204.45,0,2,0,0.26666666666666666,0,13.629999999999999,0.8,0,1,4.000000000000001,0.2
55326,0,18.0,Male,3.0,1,Married,6,1,2.0,2.0,3.0,182.43,1,1,0,0.10526315789473684,1,9.601578947368422,0.6666666666666666,0,1,2.8000000000000003,0.45
55327,0,22.0,Male,3.0,1,Married,4,0,1.0,3.0,3.0,277.02,1,1,0,0.13043478260869565,0,12.044347826086955,0.25,0,1,2.9000000000000004,0.2
55328,1,1.0,Male,3.0,1,Married,8,1,1.0,3.0,3.0,179.4,1,1,0,1.5,0,89.7,0.25,0,1,3.3000000000000003,0.2
55329,0,1.0,Female,3.0,1,Single,3,1,1.0,2.0,4.0,162.6,0,2,0,1.0,1,81.3,0.3333333333333333,0,1,2.4,0.45
55330,0,1.0,Female,3.0,3,Married,9,0,1.0,2.0,3.0,160.17,0,1,0,1.0,1,80.085,0.3333333333333333,0,0,3.0,0.25
55331,0,1.0,Male,3.0,1,Single,4,0,1.0,2.0,3.0,150.8,1,2,0,1.0,1,75.4,0.3333333333333333,0,1,2.5,0.45
55332,1,4.0,Male,4.0,5,Single,5,1,1.0,2.0,4.0,146.66,1,2,0,0.4,1,29.332,0.3333333333333333,0,1,3.0000000000000004,0.45
55333,0,3.0,Male,3.0,3,Single,11,0,2.0,2.0,5.0,183.69,1,2,0,0.5,1,45.9225,0.6666666666666666,0,0,3.3000000000000003,0.25
55334,0,10.0,Female,3.0,5,Married,6,0,2.0,2.0,3.0,205.08,0,1,0,0.18181818181818182,1,18.643636363636364,0.6666666666666666,0,0,2.8000000000000003,0.25
55335,0,1.0,Male,4.0,3,Married,3,0,2.0,2.0,8.0,177.06,1,1,0,1.0,1,88.53,0.6666666666666666,0,0,2.9000000000000004,0.25
55336,0,13.0,Male,4.0,4,Married,6,0,2.0,2.0,1.0,177.95,1,1,0,0.14285714285714285,1,12.710714285714285,0.6666666666666666,0,0,3.2000000000000006,0.25
55337,0,23.0,Female,4.0,4,Married,5,0,1.0,2.0,3.0,289.13,0,1,0,0.08333333333333333,1,12.047083333333333,0.3333333333333333,0,0,3.0000000000000004,0.25
55338,0,24.0,Female,3.0,5,Married,7,0,1.0,2.0,12.0,257.69,0,1,1,0.08,1,10.3076,0.3333333333333333,0,0,2.8000000000000003,0.55
55339,0,1.0,Female,3.0,3,Single,3,0,1.0,3.0,3.0,152.83,0,2,0,1.5,0,76.415,0.25,0,0,2.8000000000000003,0.0
55340,0,8.0,Female,4.0,4,Married,3,0,2.0,8.0,10.0,179.33,0,1,0,0.8888888888888888,0,19.925555555555558,0.2222222222222222,0,0,5.300000000000001,0.0
55341,0,10.0,Male,4.0,4,Single,4,0,1.0,2.0,4.0,145.13,1,2,0,0.18181818181818182,1,13.193636363636363,0.3333333333333333,0,0,2.9000000000000004,0.25
55342,0,23.0,Female,3.0,3,Married,4,1,1.0,3.0,13.0,264.66,0,1,1,0.125,0,11.027500000000002,0.25,0,1,2.9000000000000004,0.5
55343,0,10.0,Female,3.0,3,Married,2,0,1.0,2.0,3.0,168.74,0,1,0,0.18181818181818182,1,15.340000000000002,0.3333333333333333,0,0,2.3000000000000003,0.25
55344,0,10.0,Male,4.0,5,Married,8,0,1.0,2.0,5.0,193.42,1,1,0,0.18181818181818182,1,17.583636363636362,0.3333333333333333,0,0,3.3000000000000003,0.25
55345,0,28.0,Female,4.0,3,Married,5,0,4.0,5.0,8.0,299.26,0,1,0,0.1724137931034483,0,10.319310344827587,0.6666666666666666,0,0,4.5,0.0
55346,0,17.0,Male,4.0,3,Married,3,0,3.0,7.0,12.0,301.03,1,1,1,0.3888888888888889,0,16.723888888888887,0.375,0,0,5.0,0.3
55347,1,1.0,Male,3.0,1,Single,5,1,6.0,7.0,8.0,170.81,1,2,0,3.5,0,85.405,0.75,0,1,5.1,0.2
55348,0,12.0,Male,3.0,1,Married,9,0,2.0,3.0,10.0,172.35,1,1,0,0.23076923076923078,0,13.257692307692308,0.5,0,1,3.5000000000000004,0.2
55349,0,3.0,Male,3.0,4,Married,3,1,1.0,2.0,10.0,166.87,1,1,0,0.5,1,41.7175,0.3333333333333333,0,1,2.4,0.45
55350,0,7.0,Male,4.0,1,Married,3,0,2.0,2.0,5.0,180.05,1,1,0,0.25,1,22.50625,0.6666666666666666,0,1,2.9000000000000004,0.45
55351,0,6.0,Male,3.0,4,Married,2,0,2.0,2.0,7.0,179.7,1,1,0,0.2857142857142857,1,25.67142857142857,0.6666666666666666,0,0,2.4000000000000004,0.25
55352,0,5.0,Female,4.0,1,Married,3,0,1.0,2.0,3.0,179.76,0,1,0,0.3333333333333333,1,29.959999999999997,0.3333333333333333,0,1,2.8000000000000003,0.45
55353,0,23.0,Female,4.0,5,Married,6,1,1.0,3.0,3.0,150.87,0,1,0,0.125,0,6.28625,0.25,0,1,3.5000000000000004,0.2
55354,0,12.0,Female,3.0,4,Single,3,0,1.0,4.0,4.0,149.4,0,2,0,0.3076923076923077,0,11.492307692307692,0.2,0,0,3.2000000000000006,0.0
55355,0,21.0,Female,3.0,4,Married,8,0,1.0,2.0,3.0,284.72,0,1,0,0.09090909090909091,1,12.941818181818183,0.3333333333333333,0,0,2.9,0.25
55356,0,23.0,Male,3.0,3,Single,6,0,1.0,2.0,1.0,278.79,1,2,0,0.08333333333333333,1,11.61625,0.3333333333333333,0,0,2.7,0.25
55357,0,15.0,Male,4.0,3,Single,5,1,1.0,2.0,3.0,195.82,1,2,0,0.125,1,12.23875,0.3333333333333333,0,1,3.0000000000000004,0.45
55358,0,1.0,Male,3.0,5,Single,3,0,1.0,2.0,3.0,152.28,1,2,0,1.0,1,76.14,0.3333333333333333,0,0,2.4,0.25
55359,0,7.0,Female,3.0,1,Married,3,1,1.0,2.0,3.0,178.68,0,1,0,0.25,1,22.335,0.3333333333333333,0,1,2.4,0.45
55360,0,10.0,Male,4.0,3,Married,8,0,2.0,2.0,3.0,178.47,1,1,0,0.18181818181818182,1,16.224545454545453,0.6666666666666666,0,0,3.4000000000000004,0.25
55361,0,18.0,Female,3.0,1,Married,6,1,3.0,3.0,3.0,156.95,0,1,0,0.15789473684210525,0,8.260526315789473,0.75,0,1,3.3000000000000007,0.2
55362,1,1.0,Male,4.0,3,Single,3,1,2.0,2.0,3.0,164.89,1,2,0,1.0,1,82.445,0.6666666666666666,0,1,2.9000000000000004,0.45
55363,0,12.0,Female,3.0,3,Married,9,0,1.0,2.0,1.0,158.06,0,1,0,0.15384615384615385,1,12.15846153846154,0.3333333333333333,0,0,3.0,0.25
55364,0,27.0,Male,3.0,1,Married,5,0,1.0,2.0,3.0,195.05,1,1,0,0.07142857142857142,1,6.966071428571429,0.3333333333333333,0,1,2.6,0.45
55365,1,12.0,Female,4.0,3,Married,4,1,2.0,8.0,8.0,151.55,0,1,0,0.6153846153846154,0,11.657692307692308,0.2222222222222222,0,1,5.400000000000001,0.2
55366,1,1.0,Male,4.0,4,Single,3,0,1.0,2.0,1.0,138.93,1,2,0,1.0,1,69.465,0.3333333333333333,0,0,2.8000000000000003,0.25
55367,0,1.0,Male,4.0,1,Single,3,0,1.0,6.0,8.0,150.7,1,2,0,3.0,0,75.35,0.14285714285714285,0,1,4.3999999999999995,0.2
55368,0,29.0,Male,4.0,4,Married,7,0,2.0,2.0,3.0,160.37,1,1,0,0.06666666666666667,1,5.345666666666667,0.6666666666666666,0,0,3.3000000000000007,0.25
55369,0,8.0,Male,3.0,1,Married,3,0,1.0,5.0,14.0,164.86,1,1,1,0.5555555555555556,0,18.317777777777778,0.16666666666666666,0,1,3.6,0.5
55370,0,31.0,Male,4.0,1,Married,5,0,2.0,2.0,1.0,233.83,1,1,0,0.0625,1,7.3071875,0.6666666666666666,0,1,3.1000000000000005,0.45
55371,0,7.0,Male,4.0,4,Married,3,0,1.0,3.0,14.0,145.28,1,1,1,0.375,0,18.16,0.25,0,0,3.2000000000000006,0.3
55372,0,11.0,Male,3.0,1,Married,3,0,2.0,2.0,3.0,220.25,1,1,0,0.16666666666666666,1,18.354166666666668,0.6666666666666666,0,1,2.5,0.45
55373,0,8.0,Female,3.0,1,Married,3,0,2.0,9.0,8.0,154.29,0,1,0,1.0,0,17.14333333333333,0.2,0,1,5.300000000000001,0.2
55374,1,1.0,Male,4.0,1,Married,3,1,2.0,2.0,3.0,147.75,1,1,0,1.0,1,73.875,0.6666666666666666,0,1,2.9000000000000004,0.45
55375,0,18.0,Female,4.0,1,Married,3,1,2.0,7.0,8.0,203.79,0,1,0,0.3684210526315789,0,10.72578947368421,0.25,0,1,4.9,0.2
55376,0,9.0,Male,4.0,1,Single,2,1,2.0,2.0,5.0,174.3,1,2,0,0.2,1,17.43,0.6666666666666666,0,1,2.8000000000000007,0.45
55377,0,17.0,Male,4.0,1,Married,3,1,4.0,9.0,9.0,203.47,1,1,0,0.5,0,11.303888888888888,0.4,0,1,5.9,0.2
55378,0,1.0,Male,4.0,3,Married,3,0,1.0,2.0,5.0,169.01,1,1,0,1.0,1,84.505,0.3333333333333333,0,0,2.8000000000000003,0.25
55379,0,15.0,Male,3.0,3,Single,3,0,4.0,9.0,3.0,217.41,1,2,0,0.5625,0,13.588125,0.4,0,0,5.500000000000001,0.0
55380,0,3.0,Female,3.0,3,Married,11,0,1.0,2.0,3.0,154.74,0,1,0,0.5,1,38.685,0.3333333333333333,0,0,3.2,0.25
55381,0,10.0,Female,3.0,1,Single,5,0,7.0,7.0,8.0,170.02,0,2,0,0.6363636363636364,0,15.456363636363637,0.875,0,1,5.2,0.2
55382,0,19.0,Male,4.0,3,Married,5,0,5.0,2.0,5.0,232.48,1,1,0,0.1,1,11.623999999999999,1.6666666666666667,0,0,3.4000000000000004,0.25
55383,1,1.0,Male,3.0,3,Married,3,0,1.0,2.0,1.0,140.55,1,1,0,1.0,1,70.275,0.3333333333333333,0,0,2.4,0.25
55384,1,11.0,Male,3.0,3,Married,9,0,7.0,2.0,11.0,254.36,1,1,1,0.16666666666666666,1,21.19666666666667,2.3333333333333335,0,0,3.6,0.55
55385,0,1.0,Male,4.0,3,Married,3,0,2.0,2.0,3.0,148.05,1,1,0,1.0,1,74.025,0.6666666666666666,0,0,2.9000000000000004,0.25
55386,0,19.0,Female,3.0,4,Single,3,0,7.0,9.0,7.0,292.04,0,2,0,0.45,0,14.602,0.7,0,0,5.800000000000001,0.0
55387,0,6.0,Male,3.0,3,Married,8,0,1.0,2.0,4.0,159.33,1,1,0,0.2857142857142857,1,22.761428571428574,0.3333333333333333,0,0,2.9,0.25
55388,0,5.0,Male,4.0,3,Married,3,0,2.0,2.0,4.0,159.77,1,1,0,0.3333333333333333,1,26.628333333333334,0.6666666666666666,0,0,2.9000000000000004,0.25
55389,0,15.0,Male,3.0,4,Married,8,0,1.0,2.0,3.0,189.3,1,1,0,0.125,1,11.83125,0.3333333333333333,0,0,2.9,0.25
55390,0,14.0,Female,4.0,5,Married,4,1,2.0,2.0,1.0,190.16,0,1,0,0.13333333333333333,1,12.677333333333333,0.6666666666666666,0,1,3.0000000000000004,0.45
55391,0,1.0,Male,4.0,5,Married,3,0,2.0,2.0,3.0,164.07,1,1,0,1.0,1,82.035,0.6666666666666666,0,0,2.9000000000000004,0.25
55392,0,20.0,Male,3.0,4,Single,8,0,2.0,2.0,10.0,180.62,1,2,0,0.09523809523809523,1,8.600952380952382,0.6666666666666666,0,0,3.0,0.25
55393,0,9.0,Male,3.0,3,Married,4,0,2.0,2.0,8.0,193.83,1,1,0,0.2,1,19.383000000000003,0.6666666666666666,0,0,2.6,0.25
55394,0,4.0,Male,3.0,1,Married,3,0,1.0,2.0,9.0,153.62,1,1,0,0.4,1,30.724,0.3333333333333333,0,1,2.4,0.45
55395,0,21.0,Male,3.0,4,Married,9,0,1.0,2.0,1.0,174.78,1,1,0,0.09090909090909091,1,7.944545454545454,0.3333333333333333,0,0,3.0,0.25
55396,0,20.0,Male,4.0,1,Married,6,1,1.0,2.0,3.0,228.68,1,1,0,0.09523809523809523,1,10.88952380952381,0.3333333333333333,0,1,3.1000000000000005,0.45
55397,1,1.0,Male,4.0,5,Married,7,1,2.0,3.0,3.0,186.34,1,1,0,1.5,0,93.17,0.5,0,1,3.7000000000000006,0.2
55398,1,1.0,Male,3.0,4,Single,8,0,1.0,2.0,1.0,192.35,1,2,0,1.0,1,96.175,0.3333333333333333,0,0,2.9,0.25
55399,0,1.0,Female,3.0,4,Single,3,0,1.0,2.0,3.0,157.95,0,2,0,1.0,1,78.975,0.3333333333333333,0,0,2.4,0.25
55400,0,5.0,Female,2.0,1,Single,4,0,1.0,2.0,5.0,177.38,0,2,0,0.3333333333333333,1,29.563333333333333,0.3333333333333333,0,1,2.1,0.45
55401,0,13.0,Male,4.0,1,Married,3,1,1.0,6.0,9.0,189.72,1,1,0,0.42857142857142855,0,13.551428571428572,0.14285714285714285,0,1,4.3999999999999995,0.2
55402,0,6.0,Male,4.0,3,Married,5,0,1.0,2.0,3.0,221.1,1,1,0,0.2857142857142857,1,31.585714285714285,0.3333333333333333,0,0,3.0000000000000004,0.25
55403,0,14.0,Male,3.0,4,Single,3,0,13.0,13.0,9.0,323.33,1,2,0,0.8666666666666667,0,21.555333333333333,0.9285714285714286,0,0,8.0,0.0
55404,0,19.0,Female,3.0,3,Married,6,0,2.0,2.0,3.0,222.56,0,1,0,0.1,1,11.128,0.6666666666666666,0,0,2.8000000000000003,0.25
55405,0,4.0,Female,4.0,5,Single,2,0,1.0,2.0,8.0,174.68,0,2,0,0.4,1,34.936,0.3333333333333333,0,0,2.7000000000000006,0.25
55406,0,1.0,Male,3.0,1,Married,2,0,1.0,3.0,2.0,146.45,1,1,0,1.5,0,73.225,0.25,0,1,2.7000000000000006,0.2
55407,1,1.0,Female,4.0,1,Married,8,0,2.0,2.0,3.0,146.8,0,1,0,1.0,1,73.4,0.6666666666666666,0,1,3.4000000000000004,0.45
55408,0,5.0,Male,3.0,3,Married,3,0,2.0,2.0,3.0,208.46,1,1,0,0.3333333333333333,1,34.74333333333333,0.6666666666666666,0,0,2.5,0.25
55409,0,1.0,Female,4.0,1,Single,3,0,1.0,2.0,5.0,159.45,0,2,0,1.0,1,79.725,0.3333333333333333,0,1,2.8000000000000003,0.45
55410,1,1.0,Female,3.0,4,Single,3,0,3.0,3.0,3.0,152.6,0,2,0,1.5,0,76.3,0.75,0,0,3.0,0.0
55411,0,3.0,Male,4.0,3,Single,10,1,2.0,2.0,3.0,187.94,1,2,0,0.5,1,46.985,0.6666666666666666,0,1,3.6000000000000005,0.45
55412,0,4.0,Male,4.0,5,Married,4,0,2.0,2.0,8.0,196.4,1,1,0,0.4,1,39.28,0.6666666666666666,0,0,3.0000000000000004,0.25
55413,0,8.0,Male,4.0,1,Married,2,1,2.0,2.0,3.0,154.32,1,1,0,0.2222222222222222,1,17.146666666666665,0.6666666666666666,0,1,2.8000000000000007,0.45
55414,0,7.0,Female,4.0,4,Single,10,0,2.0,2.0,8.0,176.47,0,2,0,0.25,1,22.05875,0.6666666666666666,0,0,3.6000000000000005,0.25
55415,0,23.0,Female,4.0,1,Single,5,0,1.0,2.0,5.0,170.07,0,2,0,0.08333333333333333,1,7.08625,0.3333333333333333,0,1,3.0000000000000004,0.45
55416,1,1.0,Female,4.0,5,Single,4,1,2.0,2.0,3.0,210.64,0,2,0,1.0,1,105.32,0.6666666666666666,0,1,3.0000000000000004,0.45
55417,0,12.0,Female,4.0,4,Married,6,0,1.0,2.0,6.0,149.68,0,1,0,0.15384615384615385,1,11.513846153846155,0.3333333333333333,0,0,3.1000000000000005,0.25
55418,1,1.0,Male,4.0,3,Married,4,0,1.0,2.0,1.0,206.61,1,1,0,1.0,1,103.305,0.3333333333333333,0,0,2.9000000000000004,0.25
55419,0,3.0,Female,4.0,5,Married,3,0,1.0,2.0,1.0,146.09,0,1,0,0.5,1,36.5225,0.3333333333333333,0,0,2.8000000000000003,0.25
55420,0,4.0,Male,3.0,3,Married,5,0,2.0,2.0,8.0,177.94,1,1,0,0.4,1,35.588,0.6666666666666666,0,0,2.7,0.25
55421,0,6.0,Male,4.0,4,Single,4,0,2.0,2.0,8.0,152.18,1,2,0,0.2857142857142857,1,21.740000000000002,0.6666666666666666,0,0,3.0000000000000004,0.25
55422,0,12.0,Male,3.0,1,Married,5,1,1.0,2.0,1.0,183.11,1,1,0,0.15384615384615385,1,14.085384615384616,0.3333333333333333,0,1,2.6,0.45
55423,1,7.0,Male,3.0,3,Married,11,1,2.0,2.0,1.0,149.37,1,1,0,0.25,1,18.67125,0.6666666666666666,0,1,3.3000000000000003,0.45
55424,0,16.0,Male,3.0,4,Married,10,0,2.0,2.0,5.0,152.66,1,1,0,0.11764705882352941,1,8.98,0.6666666666666666,0,0,3.2,0.25
55425,0,29.0,Male,3.0,5,Married,10,0,2.0,2.0,1.0,315.38,1,1,0,0.06666666666666667,1,10.512666666666666,0.6666666666666666,0,0,3.2,0.25
55426,0,7.0,Male,3.0,4,Married,7,0,1.0,2.0,8.0,155.55,1,1,0,0.25,1,19.44375,0.3333333333333333,0,0,2.8000000000000003,0.25
55427,0,15.0,Male,4.0,5,Married,3,0,1.0,2.0,5.0,147.89,1,1,0,0.125,1,9.243125,0.3333333333333333,0,0,2.8000000000000003,0.25
55428,0,8.0,Male,3.0,3,Married,3,1,2.0,2.0,8.0,165.01,1,1,0,0.2222222222222222,1,18.334444444444443,0.6666666666666666,0,1,2.5,0.45
55429,0,27.0,Female,3.0,3,Married,6,1,2.0,2.0,3.0,254.65,0,1,0,0.07142857142857142,1,9.094642857142857,0.6666666666666666,0,1,2.8000000000000003,0.45
55430,0,17.0,Male,4.0,1,Single,2,0,2.0,2.0,9.0,160.39,1,2,0,0.1111111111111111,1,8.910555555555554,0.6666666666666666,0,1,2.8000000000000007,0.45
55431,0,8.0,Female,3.0,1,Single,7,0,3.0,3.0,3.0,185.29,0,2,0,0.3333333333333333,0,20.587777777777777,0.75,0,1,3.4000000000000004,0.2
55432,1,1.0,Male,3.0,4,Single,3,0,1.0,2.0,1.0,151.79,1,2,0,1.0,1,75.895,0.3333333333333333,0,0,2.4,0.25
55433,0,12.0,Female,3.0,3,Married,3,0,2.0,2.0,5.0,162.02,0,1,0,0.15384615384615385,1,12.463076923076924,0.6666666666666666,0,0,2.5,0.25
55434,1,1.0,Female,4.0,5,Married,3,1,1.0,2.0,1.0,148.98,0,1,0,1.0,1,74.49,0.3333333333333333,0,1,2.8000000000000003,0.45
55435,0,5.0,Female,4.0,1,Married,3,0,1.0,6.0,8.0,179.68,0,1,0,1.0,0,29.94666666666667,0.14285714285714285,0,1,4.3999999999999995,0.2
55436,0,25.0,Female,3.0,3,Married,4,0,3.0,2.0,3.0,256.16,0,1,0,0.07692307692307693,1,9.852307692307694,1.0,0,0,2.7,0.25
55437,0,11.0,Male,3.0,4,Married,3,0,2.0,2.0,4.0,166.89,1,1,0,0.16666666666666666,1,13.907499999999999,0.6666666666666666,0,0,2.5,0.25
55438,0,20.0,Male,3.0,1,Married,9,1,3.0,3.0,3.0,318.28,1,1,0,0.14285714285714285,0,15.156190476190474,0.75,0,1,3.6000000000000005,0.2
55439,0,10.0,Male,3.0,5,Married,9,1,3.0,6.0,8.0,208.21,1,1,0,0.5454545454545454,0,18.92818181818182,0.42857142857142855,0,1,4.800000000000001,0.2
55440,1,8.0,Male,4.0,4,Married,3,1,3.0,3.0,4.0,148.42,1,1,0,0.3333333333333333,0,16.49111111111111,0.75,0,1,3.4000000000000004,0.2
55441,0,11.0,Male,3.0,4,Married,4,0,4.0,5.0,8.0,165.71,1,1,0,0.4166666666666667,0,13.809166666666668,0.6666666666666666,0,0,4.0,0.0
55442,1,1.0,Male,3.0,1,Single,3,1,4.0,8.0,8.0,183.13,1,2,0,4.0,0,91.565,0.4444444444444444,0,1,5.1000000000000005,0.2
55443,0,7.0,Male,3.0,5,Married,8,0,4.0,8.0,7.0,156.43,1,1,0,1.0,0,19.55375,0.4444444444444444,0,0,5.6000000000000005,0.0
55444,0,2.0,Male,3.0,1,Married,3,0,1.0,2.0,4.0,145.44,1,1,0,0.6666666666666666,1,48.48,0.3333333333333333,0,1,2.4,0.45
55445,0,13.0,Male,4.0,3,Single,9,0,3.0,2.0,3.0,259.64,1,2,0,0.14285714285714285,1,18.545714285714286,1.0,0,0,3.6000000000000005,0.25
55446,0,20.0,Male,4.0,4,Single,10,0,2.0,3.0,3.0,204.91,1,2,0,0.14285714285714285,0,9.757619047619048,0.5,0,0,4.0,0.0
55447,0,14.0,Female,4.0,5,Married,6,0,2.0,2.0,3.0,158.77,0,1,0,0.13333333333333333,1,10.584666666666667,0.6666666666666666,0,0,3.2000000000000006,0.25
55448,0,16.0,Male,4.0,5,Married,7,0,2.0,2.0,1.0,180.38,1,1,0,0.11764705882352941,1,10.610588235294117,0.6666666666666666,0,0,3.3000000000000007,0.25
55449,0,9.0,Male,3.0,1,Married,4,0,2.0,2.0,8.0,182.62,1,1,0,0.2,1,18.262,0.6666666666666666,0,1,2.6,0.45
55450,0,12.0,Male,4.0,4,Married,7,0,3.0,4.0,9.0,150.92,1,1,0,0.3076923076923077,0,11.609230769230768,0.6,0,0,4.2,0.0
55451,1,1.0,Male,4.0,5,Married,6,0,1.0,2.0,8.0,178.46,1,1,0,1.0,1,89.23,0.3333333333333333,0,0,3.1000000000000005,0.25
55452,1,1.0,Male,3.0,5,Single,3,0,1.0,2.0,9.0,167.13,1,2,0,1.0,1,83.565,0.3333333333333333,0,0,2.4,0.25
55453,0,13.0,Male,3.0,1,Married,4,0,2.0,3.0,3.0,166.27,1,1,0,0.21428571428571427,0,11.876428571428573,0.5,0,1,3.0000000000000004,0.2
55454,0,17.0,Male,3.0,3,Single,6,0,2.0,2.0,3.0,149.38,1,2,0,0.1111111111111111,1,8.29888888888889,0.6666666666666666,0,0,2.8000000000000003,0.25
55455,0,15.0,Male,3.0,4,Single,5,0,1.0,2.0,3.0,193.7,1,2,0,0.125,1,12.10625,0.3333333333333333,0,0,2.6,0.25
55456,0,15.0,Female,3.0,3,Married,2,1,6.0,14.0,3.0,229.47,0,1,0,0.875,0,14.341875,0.4,0,1,7.600000000000001,0.2
55457,0,4.0,Female,4.0,3,Single,11,0,1.0,2.0,3.0,221.67,0,2,0,0.4,1,44.333999999999996,0.3333333333333333,0,0,3.6000000000000005,0.25
55458,1,1.0,Female,4.0,4,Married,2,1,1.0,2.0,5.0,146.48,0,1,0,1.0,1,73.24,0.3333333333333333,0,1,2.7000000000000006,0.45
55459,1,10.0,Female,4.0,4,Married,6,0,4.0,4.0,3.0,214.26,0,1,0,0.36363636363636365,0,19.478181818181817,0.8,0,0,4.2,0.0
55460,0,14.0,Female,3.0,1,Married,6,0,1.0,2.0,4.0,190.13,0,1,0,0.13333333333333333,1,12.675333333333333,0.3333333333333333,0,1,2.7,0.45
55461,0,8.0,Male,4.0,3,Married,3,0,3.0,5.0,9.0,192.99,1,1,0,0.5555555555555556,0,21.443333333333335,0.5,0,0,4.2,0.0
55462,0,31.0,Male,3.0,4,Married,6,0,1.0,15.0,15.0,287.91,1,1,1,0.46875,0,8.9971875,0.0625,0,0,7.9,0.3
55463,0,9.0,Male,4.0,3,Married,2,0,1.0,2.0,4.0,152.05,1,1,0,0.2,1,15.205000000000002,0.3333333333333333,0,0,2.7000000000000006,0.25
55464,0,21.0,Female,4.0,4,Married,10,1,6.0,15.0,3.0,228.33,0,1,0,0.6818181818181818,0,10.378636363636364,0.375,0,1,9.2,0.2
55465,0,14.0,Female,3.0,5,Married,4,0,2.0,8.0,8.0,169.48,0,1,0,0.5333333333333333,0,11.298666666666666,0.2222222222222222,0,0,5.000000000000001,0.0
55466,0,28.0,Female,4.0,1,Married,6,0,2.0,2.0,8.0,193.54,0,1,0,0.06896551724137931,1,6.673793103448276,0.6666666666666666,0,1,3.2000000000000006,0.45
55467,0,5.0,Female,4.0,5,Married,4,0,3.0,3.0,3.0,221.37,0,1,0,0.5,0,36.895,0.75,0,0,3.5,0.0
55468,0,2.0,Female,4.0,5,Married,3,0,2.0,2.0,3.0,160.91,0,1,0,0.6666666666666666,1,53.63666666666666,0.6666666666666666,0,0,2.9000000000000004,0.25
55469,0,12.0,Female,4.0,1,Married,4,1,1.0,2.0,4.0,179.05,0,1,0,0.15384615384615385,1,13.773076923076925,0.3333333333333333,0,1,2.9000000000000004,0.45
55470,0,1.0,Male,3.0,1,Single,3,0,2.0,2.0,3.0,171.84,1,2,0,1.0,1,85.92,0.6666666666666666,0,1,2.5,0.45
55471,0,31.0,Male,3.0,3,Married,4,1,1.0,3.0,3.0,282.87,1,1,0,0.09375,0,8.8396875,0.25,0,1,2.9000000000000004,0.2
55472,0,1.0,Female,3.0,3,Single,3,0,2.0,2.0,1.0,140.14,0,2,0,1.0,1,70.07,0.6666666666666666,0,0,2.5,0.25
55473,1,1.0,Male,3.0,5,Married,2,0,2.0,2.0,1.0,154.56,1,1,0,1.0,1,77.28,0.6666666666666666,0,0,2.4000000000000004,0.25
55474,1,1.0,Male,3.0,5,Married,6,1,3.0,3.0,1.0,148.35,1,1,0,1.5,0,74.175,0.75,0,1,3.3000000000000007,0.2
55475,0,19.0,Female,4.0,3,Married,6,0,4.0,6.0,8.0,176.54,0,1,0,0.3,0,8.827,0.5714285714285714,0,0,5.0,0.0
55476,0,10.0,Female,4.0,4,Married,6,1,2.0,2.0,1.0,194.62,0,1,0,0.18181818181818182,1,17.69272727272727,0.6666666666666666,0,1,3.2000000000000006,0.45
55477,0,17.0,Male,4.0,1,Married,3,0,8.0,8.0,8.0,181.75,1,1,0,0.4444444444444444,0,10.097222222222221,0.8888888888888888,0,1,5.9,0.2
55478,0,1.0,Female,3.0,1,Single,2,1,2.0,2.0,3.0,148.79,0,2,0,1.0,1,74.395,0.6666666666666666,0,1,2.4000000000000004,0.45
55479,0,3.0,Male,3.0,1,Married,3,0,2.0,4.0,11.0,163.12,1,1,1,1.0,0,40.78,0.4,0,1,3.3000000000000007,0.5
55480,0,6.0,Male,4.0,1,Single,10,0,1.0,2.0,1.0,171.48,1,2,0,0.2857142857142857,1,24.497142857142855,0.3333333333333333,0,1,3.5000000000000004,0.45
55481,0,16.0,Male,3.0,3,Married,5,0,4.0,4.0,4.0,154.36,1,1,0,0.23529411764705882,0,9.08,0.8,0,0,3.7,0.0
55482,0,21.0,Female,4.0,3,Single,6,0,1.0,3.0,1.0,146.05,0,2,0,0.13636363636363635,0,6.638636363636365,0.25,0,0,3.5000000000000004,0.0
55483,0,20.0,Male,3.0,1,Married,5,0,1.0,5.0,3.0,210.78,1,1,0,0.23809523809523808,0,10.037142857142857,0.16666666666666666,0,1,3.8000000000000003,0.2
55484,0,2.0,Male,3.0,1,Married,3,0,2.0,3.0,3.0,152.06,1,1,0,1.0,0,50.68666666666667,0.5,0,1,2.9000000000000004,0.2
55485,0,3.0,Male,4.0,3,Married,10,0,1.0,2.0,7.0,188.84,1,1,0,0.5,1,47.21,0.3333333333333333,0,0,3.5000000000000004,0.25
55486,0,16.0,Male,3.0,3,Single,6,0,2.0,2.0,1.0,164.68,1,2,0,0.11764705882352941,1,9.687058823529412,0.6666666666666666,0,0,2.8000000000000003,0.25
55487,1,1.0,Male,3.0,4,Single,9,1,2.0,3.0,3.0,224.07,1,2,0,1.5,0,112.035,0.5,0,1,3.5000000000000004,0.2
55488,0,20.0,Female,3.0,5,Married,4,0,3.0,2.0,9.0,257.25,0,1,0,0.09523809523809523,1,12.25,1.0,0,0,2.7,0.25
55489,0,1.0,Female,3.0,3,Married,3,0,4.0,6.0,9.0,160.4,0,1,0,3.0,0,80.2,0.5714285714285714,0,0,4.300000000000001,0.0
55490,0,3.0,Male,3.0,4,Married,3,0,2.0,2.0,1.0,153.04,1,1,0,0.5,1,38.26,0.6666666666666666,0,0,2.5,0.25
55491,0,17.0,Female,3.0,3,Married,9,0,7.0,7.0,15.0,318.92,0,1,1,0.3888888888888889,0,17.71777777777778,0.875,0,0,5.6000000000000005,0.3
55492,0,22.0,Male,4.0,4,Married,6,0,4.0,13.0,10.0,321.65,1,1,0,0.5652173913043478,0,13.984782608695651,0.2857142857142857,0,0,7.800000000000001,0.0
55493,1,1.0,Male,4.0,1,Single,3,1,2.0,2.0,1.0,149.39,1,2,0,1.0,1,74.695,0.6666666666666666,0,1,2.9000000000000004,0.45
55494,1,10.0,Female,4.0,4,Married,7,0,2.0,2.0,8.0,198.14,0,1,0,0.18181818181818182,1,18.012727272727272,0.6666666666666666,0,0,3.3000000000000007,0.25
55495,0,1.0,Female,4.0,5,Married,2,0,1.0,8.0,4.0,172.74,0,1,0,4.0,0,86.37,0.1111111111111111,0,0,5.1000000000000005,0.0
55496,0,13.0,Male,3.0,1,Married,10,0,1.0,3.0,3.0,164.02,1,1,0,0.21428571428571427,0,11.715714285714286,0.25,0,1,3.5000000000000004,0.2
55497,0,29.0,Male,4.0,1,Married,10,0,2.0,2.0,5.0,151.62,1,1,0,0.06666666666666667,1,5.054,0.6666666666666666,0,1,3.6000000000000005,0.45
55498,0,2.0,Female,4.0,4,Married,3,0,2.0,2.0,1.0,153.56,0,1,0,0.6666666666666666,1,51.18666666666667,0.6666666666666666,0,0,2.9000000000000004,0.25
55499,1,1.0,Male,3.0,1,Single,3,0,1.0,2.0,1.0,135.81,1,2,0,1.0,1,67.905,0.3333333333333333,0,1,2.4,0.45
55500,1,1.0,Male,4.0,4,Single,3,1,2.0,2.0,1.0,149.72,1,2,0,1.0,1,74.86,0.6666666666666666,0,1,2.9000000000000004,0.45
55501,0,10.0,Female,4.0,3,Married,3,1,1.0,2.0,8.0,181.73,0,1,0,0.18181818181818182,1,16.52090909090909,0.3333333333333333,0,1,2.8000000000000003,0.45
55502,0,5.0,Male,3.0,3,Married,3,0,1.0,2.0,3.0,166.97,1,1,0,0.3333333333333333,1,27.828333333333333,0.3333333333333333,0,0,2.4,0.25
55503,0,8.0,Male,4.0,1,Married,4,1,1.0,2.0,3.0,222.13,1,1,0,0.2222222222222222,1,24.68111111111111,0.3333333333333333,0,1,2.9000000000000004,0.45
55504,0,3.0,Male,3.0,5,Single,5,0,1.0,2.0,3.0,145.62,1,2,0,0.5,1,36.405,0.3333333333333333,0,0,2.6,0.25
55505,0,11.0,Male,4.0,5,Married,7,1,1.0,2.0,5.0,167.84,1,1,0,0.16666666666666666,1,13.986666666666666,0.3333333333333333,0,1,3.2000000000000006,0.45
55506,0,9.0,Female,3.0,4,Married,2,1,1.0,2.0,3.0,172.88,0,1,0,0.2,1,17.288,0.3333333333333333,0,1,2.3000000000000003,0.45
55507,0,19.0,Female,4.0,1,Married,2,0,1.0,4.0,9.0,184.06,0,1,0,0.2,0,9.203,0.2,0,1,3.5000000000000004,0.2
55508,0,10.0,Male,4.0,1,Single,3,0,2.0,2.0,9.0,163.86,1,2,0,0.18181818181818182,1,14.896363636363638,0.6666666666666666,0,1,2.9000000000000004,0.45
55509,0,14.0,Male,4.0,5,Married,4,0,3.0,12.0,17.0,293.23,1,1,1,0.8,0,19.54866666666667,0.23076923076923078,0,0,7.1000000000000005,0.3
55510,0,1.0,Female,3.0,3,Married,3,1,1.0,2.0,1.0,154.33,0,1,0,1.0,1,77.165,0.3333333333333333,0,1,2.4,0.45
55511,0,1.0,Female,3.0,3,Single,2,0,1.0,2.0,8.0,190.0,0,2,0,1.0,1,95.0,0.3333333333333333,0,0,2.3000000000000003,0.25
55512,0,22.0,Female,3.0,1,Married,5,0,2.0,5.0,8.0,296.74,0,1,0,0.21739130434782608,0,12.901739130434782,0.3333333333333333,0,1,3.9000000000000004,0.2
55513,0,18.0,Male,4.0,5,Married,4,0,2.0,3.0,3.0,175.33,1,1,0,0.15789473684210525,0,9.227894736842106,0.5,0,0,3.4000000000000004,0.0
55514,1,1.0,Male,3.0,5,Married,3,1,1.0,4.0,1.0,148.07,1,1,0,2.0,0,74.035,0.2,0,1,3.2000000000000006,0.2
55515,1,20.0,Male,4.0,1,Single,3,0,1.0,2.0,1.0,150.87,1,2,0,0.09523809523809523,1,7.184285714285714,0.3333333333333333,0,1,2.8000000000000003,0.45
55516,0,10.0,Male,3.0,4,Married,4,0,2.0,2.0,4.0,180.07,1,1,0,0.18181818181818182,1,16.37,0.6666666666666666,0,0,2.6,0.25
55517,0,15.0,Female,3.0,4,Married,7,0,1.0,2.0,5.0,168.93,0,1,0,0.125,1,10.558125,0.3333333333333333,0,0,2.8000000000000003,0.25
55518,0,16.0,Male,3.0,5,Married,11,0,6.0,2.0,8.0,258.48,1,1,0,0.11764705882352941,1,15.204705882352942,2.0,0,0,3.7,0.25
55519,0,5.0,Female,3.0,1,Married,4,1,2.0,2.0,5.0,190.83,0,1,0,0.3333333333333333,1,31.805000000000003,0.6666666666666666,0,1,2.6,0.45
55520,0,8.0,Female,4.0,1,Married,5,1,1.0,2.0,2.0,206.03,0,1,0,0.2222222222222222,1,22.892222222222223,0.3333333333333333,0,1,3.0000000000000004,0.45
55521,0,5.0,Female,4.0,3,Married,10,0,2.0,3.0,3.0,164.78,0,1,0,0.5,0,27.463333333333335,0.5,0,0,4.0,0.0
55522,0,1.0,Male,4.0,1,Married,2,0,3.0,8.0,8.0,150.44,1,1,0,4.0,0,75.22,0.3333333333333333,0,1,5.300000000000001,0.2
55523,0,19.0,Male,3.0,3,Single,6,0,1.0,2.0,4.0,178.99,1,2,0,0.1,1,8.9495,0.3333333333333333,0,0,2.7,0.25
55524,0,7.0,Male,3.0,3,Single,3,0,1.0,2.0,10.0,179.87,1,2,0,0.25,1,22.48375,0.3333333333333333,0,0,2.4,0.25
55525,0,2.0,Male,3.0,1,Married,3,1,2.0,2.0,8.0,193.34,1,1,0,0.6666666666666666,1,64.44666666666667,0.6666666666666666,0,1,2.5,0.45
55526,1,1.0,Male,3.0,5,Single,3,0,1.0,2.0,1.0,135.91,1,2,0,1.0,1,67.955,0.3333333333333333,0,0,2.4,0.25
55527,0,13.0,Female,3.0,3,Married,8,0,1.0,2.0,3.0,182.36,0,1,0,0.14285714285714285,1,13.025714285714287,0.3333333333333333,0,0,2.9,0.25
55528,0,1.0,Male,3.0,4,Married,3,0,1.0,2.0,3.0,147.26,1,1,0,1.0,1,73.63,0.3333333333333333,0,0,2.4,0.25
55529,0,8.0,Male,3.0,1,Married,3,1,4.0,7.0,12.0,182.47,1,1,1,0.7777777777777778,0,20.274444444444445,0.5,0,1,4.7,0.5
55530,1,1.0,Female,3.0,3,Single,5,1,1.0,3.0,3.0,223.54,0,2,0,1.5,0,111.77,0.25,0,1,3.0000000000000004,0.2
55531,0,21.0,Male,4.0,4,Married,10,0,1.0,2.0,8.0,179.67,1,1,0,0.09090909090909091,1,8.166818181818181,0.3333333333333333,0,0,3.5000000000000004,0.25
55532,0,30.0,Female,3.0,5,Married,6,0,1.0,2.0,1.0,178.8,0,1,0,0.06451612903225806,1,5.767741935483872,0.3333333333333333,0,0,2.7,0.25
55533,0,13.0,Male,3.0,5,Married,3,0,1.0,8.0,10.0,176.51,1,1,0,0.5714285714285714,0,12.607857142857142,0.1111111111111111,0,0,4.8,0.0
55534,0,12.0,Female,3.0,4,Married,3,1,2.0,2.0,8.0,146.33,0,1,0,0.15384615384615385,1,11.256153846153847,0.6666666666666666,0,1,2.5,0.45
55535,0,61.0,Female,4.0,1,Married,6,1,1.0,2.0,1.0,303.75,0,1,0,0.03225806451612903,1,4.899193548387097,0.3333333333333333,0,1,3.1000000000000005,0.45
55536,1,1.0,Female,3.0,3,Single,5,1,1.0,2.0,4.0,149.32,0,2,0,1.0,1,74.66,0.3333333333333333,0,1,2.6,0.45
55537,0,12.0,Male,4.0,1,Married,4,0,1.0,2.0,4.0,172.71,1,1,0,0.15384615384615385,1,13.285384615384617,0.3333333333333333,0,1,2.9000000000000004,0.45
55538,0,23.0,Male,3.0,1,Married,5,0,5.0,5.0,4.0,316.61,1,1,0,0.20833333333333334,0,13.192083333333334,0.8333333333333334,0,1,4.2,0.2
55539,0,16.0,Male,4.0,1,Married,5,1,2.0,2.0,1.0,175.87,1,1,0,0.11764705882352941,1,10.34529411764706,0.6666666666666666,0,1,3.1000000000000005,0.45
55540,1,1.0,Female,3.0,4,Married,3,0,2.0,2.0,1.0,153.63,0,1,0,1.0,1,76.815,0.6666666666666666,0,0,2.5,0.25
55541,0,9.0,Male,4.0,5,Married,2,0,2.0,2.0,5.0,180.61,1,1,0,0.2,1,18.061,0.6666666666666666,0,0,2.8000000000000007,0.25
55542,0,2.0,Male,3.0,3,Single,3,0,1.0,2.0,5.0,146.44,1,2,0,0.6666666666666666,1,48.81333333333333,0.3333333333333333,0,0,2.4,0.25
55543,0,5.0,Male,3.0,5,Married,3,1,3.0,3.0,4.0,155.65,1,1,0,0.5,0,25.941666666666666,0.75,0,1,3.0,0.2
55544,0,10.0,Male,4.0,4,Married,3,0,2.0,2.0,3.0,153.1,1,1,0,0.18181818181818182,1,13.918181818181818,0.6666666666666666,0,0,2.9000000000000004,0.25
55545,0,8.0,Male,3.0,1,Single,3,0,3.0,3.0,3.0,223.88,1,2,0,0.3333333333333333,0,24.875555555555554,0.75,0,1,3.0,0.2
55546,0,8.0,Male,3.0,3,Married,3,0,1.0,2.0,3.0,211.28,1,1,0,0.2222222222222222,1,23.475555555555555,0.3333333333333333,0,0,2.4,0.25
55547,0,1.0,Male,4.0,5,Single,2,0,8.0,8.0,7.0,153.67,1,2,0,4.0,0,76.835,0.8888888888888888,0,0,5.800000000000001,0.0
55548,0,3.0,Male,3.0,5,Married,2,0,1.0,2.0,3.0,178.73,1,1,0,0.5,1,44.6825,0.3333333333333333,0,0,2.3000000000000003,0.25
55549,0,6.0,Female,3.0,1,Married,7,0,1.0,2.0,3.0,191.67,0,1,0,0.2857142857142857,1,27.381428571428568,0.3333333333333333,0,1,2.8000000000000003,0.45
55550,0,5.0,Male,3.0,5,Married,3,0,7.0,9.0,8.0,175.03,1,1,0,1.5,0,29.171666666666667,0.7,0,0,5.800000000000001,0.0
55551,1,1.0,Male,3.0,1,Married,7,0,2.0,2.0,4.0,148.67,1,1,0,1.0,1,74.335,0.6666666666666666,0,1,2.9000000000000004,0.45
55552,0,12.0,Male,3.0,5,Single,6,0,2.0,2.0,1.0,153.58,1,2,0,0.15384615384615385,1,11.813846153846155,0.6666666666666666,0,0,2.8000000000000003,0.25
55553,0,9.0,Female,3.0,1,Married,3,1,2.0,2.0,10.0,177.04,0,1,0,0.2,1,17.704,0.6666666666666666,0,1,2.5,0.45
55554,0,1.0,Male,3.0,1,Single,3,0,2.0,2.0,8.0,166.05,1,2,0,1.0,1,83.025,0.6666666666666666,0,1,2.5,0.45
55555,0,6.0,Male,3.0,1,Single,10,0,2.0,2.0,3.0,221.79,1,2,0,0.2857142857142857,1,31.684285714285714,0.6666666666666666,0,1,3.2,0.45
55556,1,1.0,Male,4.0,1,Married,3,1,1.0,2.0,9.0,181.17,1,1,0,1.0,1,90.585,0.3333333333333333,0,1,2.8000000000000003,0.45
55557,1,17.0,Male,4.0,5,Single,8,1,1.0,3.0,3.0,229.48,1,2,0,0.16666666666666666,0,12.748888888888889,0.25,0,1,3.7000000000000006,0.2
55558,0,28.0,Female,4.0,3,Married,5,0,2.0,3.0,4.0,153.97,0,1,0,0.10344827586206896,0,5.309310344827586,0.5,0,0,3.5000000000000004,0.0
55559,0,7.0,Male,3.0,3,Married,3,0,1.0,3.0,9.0,184.68,1,1,0,0.375,0,23.085,0.25,0,0,2.8000000000000003,0.0
55560,0,17.0,Male,2.0,3,Married,3,0,2.0,2.0,10.0,200.1,1,1,0,0.1111111111111111,1,11.116666666666667,0.6666666666666666,0,0,2.1,0.25
55561,0,12.0,Male,3.0,4,Married,2,1,1.0,2.0,3.0,154.91,1,1,0,0.15384615384615385,1,11.916153846153845,0.3333333333333333,0,1,2.3000000000000003,0.45
55562,0,29.0,Male,4.0,4,Married,6,1,2.0,2.0,5.0,321.36,1,1,0,0.06666666666666667,1,10.712,0.6666666666666666,0,1,3.2000000000000006,0.45
55563,0,5.0,Female,3.0,1,Married,3,1,1.0,2.0,1.0,136.29,0,1,0,0.3333333333333333,1,22.715,0.3333333333333333,0,1,2.4,0.45
55564,0,13.0,Male,4.0,5,Single,2,0,5.0,2.0,11.0,258.41,1,2,1,0.14285714285714285,1,18.457857142857144,1.6666666666666667,0,0,3.1000000000000005,0.55
55565,0,16.0,Male,3.0,3,Single,3,0,4.0,4.0,8.0,168.32,1,2,0,0.23529411764705882,0,9.901176470588235,0.8,0,0,3.5000000000000004,0.0
55566,0,5.0,Female,3.0,3,Married,6,0,4.0,2.0,9.0,235.31,0,1,0,0.3333333333333333,1,39.218333333333334,1.3333333333333333,0,0,3.0,0.25
55567,0,28.0,Female,4.0,5,Single,8,1,1.0,2.0,5.0,169.4,0,2,0,0.06896551724137931,1,5.841379310344828,0.3333333333333333,0,1,3.3000000000000003,0.45
55568,0,1.0,Male,3.0,3,Single,3,0,2.0,2.0,3.0,171.17,1,2,0,1.0,1,85.585,0.6666666666666666,0,0,2.5,0.25
55569,0,1.0,Male,4.0,1,Single,3,0,2.0,2.0,5.0,151.47,1,2,0,1.0,1,75.735,0.6666666666666666,0,1,2.9000000000000004,0.45
55570,0,14.0,Female,4.0,3,Married,3,0,8.0,10.0,5.0,188.23,0,1,0,0.6666666666666666,0,12.548666666666666,0.7272727272727273,0,0,6.699999999999999,0.0
55571,0,14.0,Female,4.0,4,Married,5,0,2.0,6.0,11.0,181.77,0,1,1,0.4,0,12.118,0.2857142857142857,0,0,4.7,0.3
55572,0,1.0,Female,3.0,4,Married,6,0,1.0,2.0,3.0,146.87,0,1,0,1.0,1,73.435,0.3333333333333333,0,0,2.7,0.25
55573,0,4.0,Male,4.0,4,Married,3,0,2.0,2.0,8.0,162.48,1,1,0,0.4,1,32.495999999999995,0.6666666666666666,0,0,2.9000000000000004,0.25
55574,0,1.0,Male,3.0,3,Married,8,1,1.0,2.0,3.0,164.77,1,1,0,1.0,1,82.385,0.3333333333333333,0,1,2.9,0.45
55575,0,21.0,Male,3.0,3,Single,4,0,10.0,13.0,3.0,211.33,1,2,0,0.5909090909090909,0,9.605909090909092,0.7142857142857143,0,0,7.800000000000001,0.0
55576,0,7.0,Male,3.0,3,Married,3,0,1.0,2.0,1.0,145.08,1,1,0,0.25,1,18.135,0.3333333333333333,0,0,2.4,0.25
55577,0,12.0,Male,3.0,4,Married,2,0,2.0,6.0,9.0,169.4,1,1,0,0.46153846153846156,0,13.03076923076923,0.2857142857142857,0,0,4.000000000000001,0.0
55578,0,5.0,Male,3.0,3,Married,2,0,1.0,2.0,3.0,155.67,1,1,0,0.3333333333333333,1,25.944999999999997,0.3333333333333333,0,0,2.3000000000000003,0.25
55579,0,12.0,Male,4.0,3,Married,4,0,3.0,8.0,8.0,178.21,1,1,0,0.6153846153846154,0,13.708461538461538,0.3333333333333333,0,0,5.500000000000001,0.0
55580,0,16.0,Male,3.0,5,Married,8,1,2.0,2.0,3.0,179.1,1,1,0,0.11764705882352941,1,10.535294117647059,0.6666666666666666,0,1,3.0,0.45
55581,0,15.0,Male,4.0,1,Married,5,0,1.0,2.0,1.0,152.82,1,1,0,0.125,1,9.55125,0.3333333333333333,0,1,3.0000000000000004,0.45
55582,0,21.0,Female,4.0,4,Married,2,0,1.0,2.0,13.0,244.57,0,1,1,0.09090909090909091,1,11.116818181818182,0.3333333333333333,0,0,2.7000000000000006,0.55
55583,0,9.0,Male,3.0,3,Married,9,1,3.0,3.0,3.0,151.6,1,1,0,0.3,0,15.16,0.75,0,1,3.6000000000000005,0.2
55584,0,1.0,Male,4.0,3,Single,2,0,2.0,2.0,3.0,158.75,1,2,0,1.0,1,79.375,0.6666666666666666,0,0,2.8000000000000007,0.25
55585,0,9.0,Male,3.0,3,Single,3,0,1.0,2.0,9.0,175.98,1,2,0,0.2,1,17.598,0.3333333333333333,0,0,2.4,0.25
55586,0,7.0,Female,4.0,1,Married,2,1,7.0,9.0,2.0,173.78,0,1,0,1.125,0,21.7225,0.7,0,1,6.1000000000000005,0.2
55587,0,6.0,Female,3.0,4,Single,3,0,1.0,5.0,2.0,153.37,0,2,0,0.7142857142857143,0,21.91,0.16666666666666666,0,0,3.6,0.0
55588,0,14.0,Male,3.0,1,Married,10,0,2.0,2.0,1.0,149.06,1,1,0,0.13333333333333333,1,9.937333333333333,0.6666666666666666,0,1,3.2,0.45
55589,0,6.0,Male,4.0,4,Married,2,0,3.0,3.0,3.0,147.69,1,1,0,0.42857142857142855,0,21.09857142857143,0.75,0,0,3.3000000000000007,0.0
55590,0,13.0,Male,3.0,1,Single,9,0,1.0,2.0,8.0,166.08,1,2,0,0.14285714285714285,1,11.862857142857143,0.3333333333333333,0,1,3.0,0.45
55591,0,12.0,Female,4.0,3,Married,5,0,1.0,2.0,12.0,257.06,0,1,1,0.15384615384615385,1,19.773846153846154,0.3333333333333333,0,0,3.0000000000000004,0.55
55592,0,6.0,Female,3.0,1,Married,3,0,1.0,6.0,3.0,229.22,0,1,0,0.8571428571428571,0,32.745714285714286,0.14285714285714285,0,1,4.0,0.2
55593,0,11.0,Female,3.0,1,Married,3,1,1.0,7.0,9.0,262.44,0,1,0,0.5833333333333334,0,21.87,0.125,0,1,4.3999999999999995,0.2
55594,0,1.0,Female,3.0,3,Married,2,1,1.0,2.0,5.0,174.07,0,1,0,1.0,1,87.035,0.3333333333333333,0,1,2.3000000000000003,0.45
55595,0,26.0,Male,3.0,1,Married,4,0,2.0,2.0,1.0,159.82,1,1,0,0.07407407407407407,1,5.919259259259259,0.6666666666666666,0,1,2.6,0.45
55596,0,18.0,Male,3.0,1,Single,8,1,2.0,2.0,3.0,149.36,1,2,0,0.10526315789473684,1,7.861052631578948,0.6666666666666666,0,1,3.0,0.45
55597,0,1.0,Male,3.0,5,Single,3,1,2.0,2.0,3.0,148.8,1,2,0,1.0,1,74.4,0.6666666666666666,0,1,2.5,0.45
55598,0,13.0,Male,3.0,1,Single,4,0,2.0,2.0,4.0,319.31,1,2,0,0.14285714285714285,1,22.80785714285714,0.6666666666666666,0,1,2.6,0.45
55599,1,1.0,Male,3.0,5,Married,3,0,2.0,2.0,1.0,142.9,1,1,0,1.0,1,71.45,0.6666666666666666,0,0,2.5,0.25
55600,0,10.0,Female,4.0,1,Married,2,0,1.0,4.0,5.0,201.44,0,1,0,0.36363636363636365,0,18.312727272727273,0.2,0,1,3.5000000000000004,0.2
55601,0,10.0,Female,4.0,4,Married,9,0,1.0,2.0,3.0,176.31,0,1,0,0.18181818181818182,1,16.028181818181817,0.3333333333333333,0,0,3.4000000000000004,0.25
55602,0,30.0,Male,3.0,3,Married,3,0,1.0,2.0,10.0,188.06,1,1,0,0.06451612903225806,1,6.066451612903226,0.3333333333333333,0,0,2.4,0.25
55603,1,1.0,Male,3.0,1,Married,11,1,3.0,3.0,3.0,172.87,1,1,0,1.5,0,86.435,0.75,0,1,3.8000000000000007,0.2
55604,0,16.0,Male,3.0,3,Married,7,0,1.0,5.0,15.0,313.8,1,1,1,0.29411764705882354,0,18.458823529411767,0.16666666666666666,0,0,4.0,0.3
55605,1,20.0,Male,4.0,3,Married,10,0,7.0,10.0,9.0,148.39,1,1,0,0.47619047619047616,0,7.066190476190475,0.6363636363636364,0,0,7.3,0.0
55606,0,15.0,Female,3.0,4,Married,2,0,2.0,2.0,11.0,260.7,0,1,1,0.125,1,16.29375,0.6666666666666666,0,0,2.4000000000000004,0.55
55607,0,8.0,Female,4.0,3,Married,3,0,2.0,2.0,8.0,192.12,0,1,0,0.2222222222222222,1,21.346666666666668,0.6666666666666666,0,0,2.9000000000000004,0.25
55608,0,10.0,Male,3.0,1,Married,3,0,6.0,12.0,12.0,179.06,1,1,1,1.0909090909090908,0,16.278181818181817,0.46153846153846156,0,1,6.9,0.5
55609,0,15.0,Male,3.0,4,Married,4,0,2.0,2.0,3.0,214.38,1,1,0,0.125,1,13.39875,0.6666666666666666,0,0,2.6,0.25
55610,0,6.0,Male,4.0,5,Single,3,0,1.0,2.0,3.0,149.39,1,2,0,0.2857142857142857,1,21.34142857142857,0.3333333333333333,0,0,2.8000000000000003,0.25
55611,0,9.0,Female,3.0,1,Single,3,1,2.0,2.0,3.0,213.37,0,2,0,0.2,1,21.337,0.6666666666666666,0,1,2.5,0.45
55612,0,12.0,Female,4.0,1,Married,3,0,1.0,2.0,10.0,178.43,0,1,0,0.15384615384615385,1,13.725384615384616,0.3333333333333333,0,1,2.8000000000000003,0.45
55613,1,14.0,Male,4.0,3,Married,9,0,2.0,2.0,2.0,192.28,1,1,0,0.13333333333333333,1,12.818666666666667,0.6666666666666666,0,0,3.5000000000000004,0.25
55614,0,10.0,Female,4.0,1,Married,6,0,2.0,2.0,1.0,191.52,0,1,0,0.18181818181818182,1,17.41090909090909,0.6666666666666666,0,1,3.2000000000000006,0.45
55615,0,19.0,Female,3.0,3,Single,10,0,1.0,2.0,2.0,173.5,0,2,0,0.1,1,8.675,0.3333333333333333,0,0,3.1,0.25
55616,0,14.0,Male,1.0,3,Single,4,0,1.0,3.0,3.0,153.09,1,2,0,0.2,0,10.206,0.25,1,0,2.1,0.25
55617,0,9.0,Male,4.0,3,Married,3,1,1.0,2.0,3.0,181.89,1,1,0,0.2,1,18.189,0.3333333333333333,0,1,2.8000000000000003,0.45
55618,0,14.0,Female,4.0,3,Married,4,0,1.0,2.0,3.0,145.01,0,1,0,0.13333333333333333,1,9.667333333333334,0.3333333333333333,0,0,2.9000000000000004,0.25
55619,0,9.0,Female,4.0,1,Married,3,0,2.0,2.0,2.0,154.77,0,1,0,0.2,1,15.477,0.6666666666666666,0,1,2.9000000000000004,0.45
55620,0,3.0,Male,3.0,4,Married,6,1,1.0,2.0,4.0,165.25,1,1,0,0.5,1,41.3125,0.3333333333333333,0,1,2.7,0.45
55621,0,3.0,Female,4.0,5,Single,3,0,1.0,2.0,5.0,162.85,0,2,0,0.5,1,40.7125,0.3333333333333333,0,0,2.8000000000000003,0.25
55622,1,14.0,Male,3.0,5,Married,6,1,3.0,2.0,1.0,233.54,1,1,0,0.13333333333333333,1,15.569333333333333,1.0,0,1,2.9000000000000004,0.45
55623,0,13.0,Female,3.0,1,Married,2,0,4.0,2.0,7.0,245.31,0,1,0,0.14285714285714285,1,17.522142857142857,1.3333333333333333,0,1,2.6,0.45
55624,0,5.0,Male,4.0,5,Single,2,0,2.0,2.0,3.0,224.36,1,2,0,0.3333333333333333,1,37.39333333333334,0.6666666666666666,0,0,2.8000000000000007,0.25
55625,0,1.0,Female,2.0,3,Single,2,0,2.0,2.0,1.0,154.66,0,2,0,1.0,1,77.33,0.6666666666666666,0,0,2.0,0.25
55626,0,10.0,Male,3.0,1,Married,6,0,1.0,2.0,4.0,150.71,1,1,0,0.18181818181818182,1,13.700909090909091,0.3333333333333333,0,1,2.7,0.45
55627,0,13.0,Male,3.0,5,Married,6,0,1.0,2.0,3.0,224.91,1,1,0,0.14285714285714285,1,16.065,0.3333333333333333,0,0,2.7,0.25
55628,0,1.0,Male,3.0,4,Married,3,1,1.0,2.0,4.0,186.42,1,1,0,1.0,1,93.21,0.3333333333333333,0,1,2.4,0.45
55629,0,23.0,Male,4.0,4,Married,4,0,2.0,2.0,9.0,178.9,1,1,0,0.08333333333333333,1,7.454166666666667,0.6666666666666666,0,0,3.0000000000000004,0.25
55630,0,8.0,Male,3.0,3,Married,4,0,2.0,2.0,3.0,169.04,1,1,0,0.2222222222222222,1,18.78222222222222,0.6666666666666666,0,0,2.6,0.25
