CustomerID,Churn,Tenure,Gender,HourSpendOnApp,SatisfactionScore,MaritalStatus,NumberOfAddress,Complain,CouponUsed,OrderCount,DaySinceLastOrder,CashbackAmount,Gender_encoded,MaritalStatus_encoded
50001,1,4.0,Female,3.0,2,Single,9,1,1.0,1.0,5.0,159.93,0,2
50002,1,9.0,Male,3.0,3,Single,7,1,0.0,1.0,0.0,120.9,1,2
50003,1,9.0,Male,2.0,3,Single,6,1,0.0,1.0,3.0,120.28,1,2
50004,1,0.0,Male,2.0,5,Single,8,0,0.0,1.0,3.0,134.07,1,2
50005,1,0.0,Male,3.0,5,Single,3,0,1.0,1.0,3.0,129.6,1,2
50006,1,0.0,Female,3.0,5,Single,2,1,4.0,6.0,7.0,139.19,0,2
50007,1,9.0,Male,2.0,2,Divorced,4,0,0.0,1.0,0.0,120.86,1,0
50008,1,9.0,Male,3.0,2,Divorced,3,1,2.0,2.0,0.0,122.93,1,0
50009,1,13.0,Male,3.0,3,Divorced,2,1,0.0,1.0,2.0,126.83,1,0
50010,1,9.0,Male,2.0,3,Single,2,0,1.0,1.0,1.0,122.93,1,2
50011,1,4.0,Female,2.0,3,Divorced,2,0,9.0,15.0,8.0,295.45,0,0
50012,1,11.0,Male,3.0,3,Single,10,1,0.0,1.0,0.0,153.81,1,2
50013,1,0.0,Male,2.0,3,Single,2,1,2.0,2.0,2.0,134.41,1,2
50014,1,0.0,Male,3.0,3,Divorced,1,1,0.0,1.0,0.0,133.88,1,0
50015,1,9.0,Male,3.0,2,Single,2,0,0.0,4.0,7.0,196.19,1,2
50016,1,9.0,Male,3.0,5,Married,5,1,1.0,1.0,2.0,120.73,1,1
50017,1,0.0,Female,3.0,2,Single,2,1,1.0,1.0,0.0,129.26,0,2
50018,1,0.0,Male,2.0,3,Single,2,1,1.0,1.0,3.0,157.44,1,2
50019,1,0.0,Male,3.0,3,Single,2,1,1.0,1.0,6.0,160.74,1,2
50020,1,19.0,Female,3.0,4,Divorced,10,1,1.0,4.0,3.0,149.63,0,0
50021,1,0.0,Male,3.0,3,Divorced,5,1,6.0,7.0,7.0,161.72,1,0
50022,1,20.0,Female,3.0,2,Divorced,2,0,11.0,15.0,6.0,203.12,0,0
50023,1,9.0,Male,2.0,3,Single,2,1,0.0,1.0,0.0,116.75,1,2
50024,1,0.0,Female,3.0,3,Divorced,4,1,1.0,2.0,2.0,145.59,0,0
50025,1,14.0,Male,2.0,2,Single,3,0,0.0,1.0,3.0,206.5,1,2
50026,1,0.0,Female,2.0,5,Single,8,0,1.0,1.0,4.0,142.0,0,2
50027,0,8.0,Male,3.0,4,Divorced,2,0,1.0,1.0,6.0,172.95,1,0
50028,0,9.0,Male,2.0,3,Divorced,3,1,0.0,4.0,5.0,123.06,1,0
50029,0,18.0,Male,2.0,4,Married,9,0,1.0,1.0,15.0,123.48,1,1
50030,0,5.0,Female,2.0,2,Single,2,0,2.0,3.0,7.0,189.98,0,2
50031,0,2.0,Male,2.0,3,Divorced,2,0,0.0,1.0,9.0,143.19,1,0
50032,0,0.0,Male,2.0,3,Divorced,3,0,1.0,1.0,0.0,161.32,1,0
50033,0,30.0,Female,3.0,4,Divorced,5,1,1.0,1.0,0.0,133.46,0,0
50034,0,13.0,Male,3.0,2,Divorced,8,0,2.0,2.0,11.0,208.55,1,0
50035,0,9.0,Female,3.0,3,Divorced,7,0,1.0,1.0,2.0,122.31,0,0
50036,0,0.0,Male,3.0,2,Divorced,2,0,0.0,2.0,2.0,123.23,1,0
50037,0,9.0,Male,2.0,4,Married,7,0,0.0,2.0,2.0,120.24,1,1
50038,0,1.0,Male,3.0,2,Divorced,2,0,0.0,1.0,2.0,127.13,1,0
50039,0,30.0,Male,2.0,2,Married,4,1,1.0,1.0,4.0,194.39,1,1
50040,0,0.0,Male,3.0,3,Married,2,1,0.0,1.0,1.0,125.66,1,1
50041,0,23.0,Female,2.0,4,Single,4,0,2.0,4.0,4.0,299.26,0,2
50042,0,14.0,Male,2.0,3,Married,5,0,1.0,1.0,8.0,124.51,1,1
50043,0,3.0,Female,2.0,2,Divorced,3,0,2.0,7.0,4.0,194.19,0,0
50044,0,11.0,Female,2.0,2,Single,5,0,1.0,1.0,1.0,186.86,0,2
50045,0,5.0,Male,3.0,3,Single,4,0,0.0,1.0,4.0,130.38,1,2
50046,0,0.0,Male,3.0,4,Divorced,1,1,1.0,1.0,1.0,130.58,1,0
50047,1,0.0,Female,3.0,5,Single,1,0,1.0,1.0,0.0,123.25,0,2
50048,0,9.0,Male,1.0,4,Single,5,0,4.0,7.0,2.0,120.88,1,2
50049,0,3.0,Male,3.0,5,Married,2,0,0.0,6.0,10.0,130.72,1,1
50050,0,18.0,Female,1.0,5,Married,5,1,0.0,1.0,3.0,150.06,0,1
50051,0,29.0,Female,3.0,5,Married,5,1,1.0,2.0,2.0,142.57,0,1
50052,0,6.0,Male,2.0,2,Single,1,0,0.0,1.0,2.0,125.0,1,2
50053,1,0.0,Male,2.0,2,Single,2,0,0.0,1.0,0.0,111.02,1,2
50054,0,19.0,Female,3.0,5,Married,2,0,4.0,15.0,7.0,204.53,0,1
50055,0,9.0,Female,3.0,2,Single,2,0,1.0,2.0,1.0,122.88,0,2
50056,0,4.0,Female,3.0,2,Divorced,9,1,1.0,1.0,2.0,139.29,0,0
50057,0,9.0,Female,3.0,4,Single,3,0,1.0,1.0,2.0,123.11,0,2
50058,1,4.0,Female,3.0,4,Single,2,1,0.0,1.0,2.0,131.4,0,2
50059,0,23.0,Male,2.0,3,Divorced,3,0,0.0,1.0,2.0,136.9,1,0
50060,0,26.0,Female,2.0,5,Married,2,0,1.0,1.0,3.0,144.5,0,1
50061,0,6.0,Female,3.0,4,Divorced,2,0,0.0,1.0,6.0,127.56,0,0
50062,0,13.0,Female,2.0,3,Divorced,2,0,1.0,9.0,9.0,290.33,0,0
50063,0,28.0,Male,3.0,4,Single,9,0,1.0,2.0,15.0,287.22,1,2
50064,0,7.0,Male,2.0,3,Divorced,2,0,0.0,1.0,9.0,195.47,1,0
50065,0,24.0,Female,3.0,4,Single,4,0,0.0,2.0,0.0,237.34,0,2
50066,0,25.0,Male,3.0,3,Divorced,1,0,1.0,11.0,9.0,299.99,1,0
50067,0,9.0,Female,2.0,4,Single,2,0,1.0,1.0,3.0,122.79,0,2
50068,1,0.0,Male,2.0,3,Divorced,4,1,1.0,1.0,1.0,159.16,1,0
50069,0,9.0,Male,2.0,2,Married,5,0,0.0,2.0,2.0,120.89,1,1
50070,0,18.0,Male,3.0,2,Divorced,10,0,1.0,11.0,8.0,267.92,1,0
50071,0,10.0,Male,3.0,5,Divorced,2,1,0.0,1.0,7.0,135.64,1,0
50072,0,8.0,Female,2.0,4,Single,6,0,1.0,1.0,2.0,144.25,0,2
50073,0,15.0,Female,2.0,3,Married,3,0,0.0,1.0,2.0,152.65,0,1
50074,0,11.0,Male,2.0,3,Divorced,10,0,0.0,1.0,0.0,165.53,1,0
50075,0,11.0,Male,2.0,2,Divorced,4,0,0.0,1.0,7.0,162.61,1,0
50076,0,0.0,Male,2.0,5,Divorced,6,0,0.0,2.0,0.0,142.98,1,0
50077,0,22.0,Male,3.0,2,Married,2,1,0.0,1.0,7.0,168.04,1,1
50078,0,7.0,Male,2.0,3,Married,2,1,2.0,2.0,0.0,138.15,1,1
50079,0,13.0,Male,3.0,2,Divorced,9,1,1.0,3.0,7.0,127.41,1,0
50080,1,1.0,Male,3.0,5,Divorced,8,1,0.0,1.0,0.0,166.73,1,0
50081,1,0.0,Female,2.0,2,Divorced,2,0,1.0,1.0,9.0,176.39,0,0
50082,0,0.0,Male,2.0,4,Married,2,1,0.0,2.0,2.0,123.28,1,1
50083,0,9.0,Female,3.0,2,Single,2,0,1.0,1.0,7.0,121.53,0,2
50084,0,13.0,Male,3.0,2,Divorced,10,0,1.0,1.0,2.0,148.76,1,0
50085,0,19.0,Male,3.0,5,Married,8,0,0.0,1.0,3.0,193.96,1,1
50086,1,0.0,Male,2.0,2,Divorced,2,0,7.0,9.0,8.0,204.0,1,0
50087,0,3.0,Male,2.0,3,Single,2,0,2.0,5.0,8.0,184.74,1,2
50088,0,0.0,Female,2.0,3,Single,2,0,1.0,1.0,7.0,199.81,0,2
50089,0,24.0,Male,2.0,4,Divorced,6,0,1.0,4.0,3.0,224.9,1,0
50090,1,0.0,Female,2.0,5,Single,6,1,1.0,1.0,4.0,126.57,0,2
50091,0,14.0,Female,3.0,2,Single,4,1,0.0,2.0,0.0,235.91,0,2
50092,1,0.0,Female,2.0,5,Single,6,0,0.0,1.0,1.0,166.96,0,2
50093,1,9.0,Male,2.0,3,Single,1,0,0.0,1.0,5.0,120.58,1,2
50094,0,18.0,Female,2.0,2,Single,7,0,12.0,12.0,8.0,188.65,0,2
50095,0,27.0,Female,2.0,5,Divorced,3,0,1.0,1.0,5.0,159.4,0,0
50096,0,9.0,Male,3.0,4,Single,9,0,0.0,3.0,7.0,159.14,1,2
50097,0,6.0,Female,2.0,4,Divorced,7,0,0.0,1.0,1.0,126.22,0,0
50098,0,10.0,Male,2.0,2,Married,2,1,0.0,1.0,3.0,221.85,1,1
50099,0,11.0,Male,3.0,3,Married,1,0,1.0,5.0,13.0,206.09,1,1
50100,0,4.0,Male,2.0,3,Divorced,1,0,1.0,1.0,4.0,143.45,1,0
50101,0,9.0,Male,3.0,2,Divorced,4,0,0.0,1.0,0.0,121.77,1,0
50102,0,10.0,Male,2.0,2,Married,5,0,1.0,5.0,8.0,0.0,1,1
50103,0,2.0,Female,2.0,2,Divorced,2,0,4.0,4.0,1.0,179.18,0,0
50104,0,8.0,Female,3.0,3,Single,2,0,1.0,1.0,8.0,187.89,0,2
50105,1,0.0,Male,2.0,2,Single,2,1,0.0,1.0,1.0,123.89,1,2
50106,0,25.0,Female,2.0,2,Single,8,0,0.0,2.0,2.0,132.12,0,2
50107,0,15.0,Male,2.0,2,Divorced,2,0,0.0,11.0,15.0,292.32,1,0
50108,0,9.0,Male,2.0,3,Divorced,9,0,2.0,2.0,2.0,122.67,1,0
50109,0,23.0,Female,3.0,2,Married,4,0,1.0,1.0,6.0,295.17,0,1
50110,1,0.0,Male,2.0,2,Divorced,6,1,0.0,1.0,4.0,124.36,1,0
50111,0,16.0,Female,3.0,2,Divorced,6,1,0.0,2.0,9.0,260.64,0,0
50112,1,0.0,Female,3.0,5,Divorced,8,0,1.0,1.0,7.0,127.07,0,0
50113,0,25.0,Male,3.0,3,Single,2,1,1.0,15.0,12.0,290.68,1,2
50114,0,5.0,Female,2.0,4,Divorced,3,0,1.0,1.0,2.0,139.31,0,0
50115,1,0.0,Male,3.0,3,Single,1,1,1.0,1.0,2.0,137.3,1,2
50116,0,9.0,Female,3.0,3,Married,8,0,0.0,1.0,2.0,122.32,0,1
50117,0,5.0,Male,3.0,2,Divorced,1,0,1.0,2.0,2.0,144.65,1,0
50118,0,14.0,Male,3.0,5,Married,3,0,1.0,1.0,0.0,130.72,1,1
50119,0,13.0,Male,3.0,2,Married,2,0,2.0,4.0,7.0,133.19,1,1
50120,0,18.0,Male,3.0,2,Divorced,1,0,1.0,1.0,7.0,292.02,1,0
50121,0,4.0,Male,3.0,3,Married,10,0,1.0,2.0,2.0,236.75,1,1
50122,0,6.0,Female,3.0,2,Divorced,2,0,0.0,1.0,2.0,129.11,0,0
50123,0,7.0,Male,2.0,5,Divorced,7,0,0.0,5.0,9.0,159.57,1,0
50124,0,10.0,Female,2.0,5,Divorced,3,0,1.0,1.0,2.0,139.2,0,0
50125,0,18.0,Male,3.0,3,Divorced,5,0,0.0,1.0,2.0,164.34,1,0
50126,1,0.0,Male,3.0,3,Married,7,0,1.0,1.0,0.0,200.48,1,1
50127,0,12.0,Female,3.0,3,Single,1,0,10.0,11.0,3.0,209.38,0,2
50128,0,2.0,Male,2.0,2,Single,2,0,0.0,1.0,5.0,123.4,1,2
50129,0,15.0,Female,2.0,5,Single,4,1,0.0,1.0,2.0,165.45,0,2
50130,0,2.0,Male,2.0,2,Married,3,0,1.0,1.0,2.0,169.31,1,1
50131,0,0.0,Female,3.0,3,Divorced,1,0,1.0,1.0,2.0,148.98,0,0
50132,0,15.0,Female,2.0,5,Married,1,1,4.0,7.0,8.0,125.93,0,1
50133,0,13.0,Male,2.0,3,Married,1,0,0.0,3.0,9.0,294.36,1,1
50134,0,24.0,Male,3.0,2,Divorced,2,0,1.0,1.0,0.0,127.23,1,0
50135,1,0.0,Male,3.0,4,Single,1,0,1.0,1.0,4.0,134.79,1,2
50136,0,5.0,Male,3.0,4,Divorced,2,0,0.0,1.0,3.0,127.94,1,0
50137,0,11.0,Male,2.0,2,Divorced,4,0,6.0,7.0,5.0,152.49,1,0
50138,0,9.0,Male,2.0,5,Single,5,0,0.0,1.0,4.0,121.76,1,2
50139,0,19.0,Female,3.0,4,Divorced,4,1,1.0,7.0,7.0,268.72,0,0
50140,1,0.0,Male,3.0,3,Single,3,0,1.0,1.0,0.0,134.85,1,2
50141,0,2.0,Male,3.0,4,Divorced,3,0,0.0,1.0,0.0,166.44,1,0
50142,0,4.0,Male,3.0,2,Divorced,1,0,1.0,7.0,8.0,155.82,1,0
50143,0,0.0,Male,2.0,5,Married,2,0,1.0,1.0,5.0,140.0,1,1
50144,0,18.0,Male,3.0,2,Divorced,1,1,0.0,2.0,10.0,234.96,1,0
50145,0,9.0,Male,2.0,2,Divorced,1,0,4.0,10.0,11.0,132.1,1,0
50146,0,28.0,Male,2.0,5,Single,1,1,1.0,4.0,13.0,290.45,1,2
50147,1,10.0,Male,2.0,4,Divorced,2,1,5.0,9.0,3.0,218.49,1,0
50148,0,9.0,Male,3.0,2,Divorced,2,0,1.0,1.0,4.0,120.7,1,0
50149,0,10.0,Male,3.0,2,Divorced,5,0,0.0,1.0,1.0,165.02,1,0
50150,0,0.0,Male,3.0,3,Single,2,0,1.0,1.0,0.0,132.3,1,2
50151,0,10.0,Female,0.0,2,Married,3,1,0.0,2.0,2.0,236.03,0,1
50152,0,2.0,Female,3.0,4,Married,8,0,5.0,6.0,3.0,219.96,0,1
50153,0,11.0,Female,2.0,5,Married,2,1,0.0,7.0,7.0,156.05,0,1
50154,0,0.0,Female,2.0,4,Married,2,0,0.0,1.0,4.0,163.97,0,1
50155,0,23.0,Male,3.0,4,Married,4,0,1.0,1.0,6.0,291.44,1,1
50156,0,26.0,Male,2.0,3,Divorced,4,1,1.0,1.0,3.0,275.84,1,0
50157,0,15.0,Male,2.0,3,Divorced,2,0,4.0,11.0,6.0,149.07,1,0
50158,0,2.0,Male,2.0,2,Single,2,0,0.0,1.0,9.0,145.54,1,2
50159,0,28.0,Male,2.0,2,Divorced,4,1,1.0,1.0,8.0,154.15,1,0
50160,0,0.0,Male,2.0,5,Divorced,2,1,2.0,3.0,3.0,147.41,1,0
50161,0,9.0,Female,2.0,2,Single,2,0,1.0,5.0,7.0,121.15,0,2
50162,1,7.0,Male,3.0,3,Married,4,1,0.0,1.0,0.0,131.61,1,1
50163,0,11.0,Male,2.0,2,Married,10,0,0.0,1.0,2.0,157.45,1,1
50164,1,0.0,Male,2.0,4,Married,3,1,1.0,1.0,2.0,123.73,1,1
50165,0,1.0,Female,3.0,2,Single,2,0,0.0,1.0,2.0,133.1,0,2
50166,0,22.0,Female,2.0,5,Single,10,1,1.0,1.0,2.0,286.65,0,2
50167,0,9.0,Male,1.0,4,Single,5,0,6.0,7.0,7.0,144.85,1,2
50168,0,4.0,Female,3.0,4,Married,2,0,0.0,2.0,2.0,127.89,0,1
50169,1,0.0,Male,2.0,2,Single,2,1,7.0,7.0,4.0,158.28,1,2
50170,0,10.0,Male,2.0,2,Divorced,2,1,0.0,1.0,2.0,123.26,1,0
50171,0,15.0,Female,3.0,4,Divorced,6,0,2.0,2.0,8.0,235.25,0,0
50172,1,9.0,Male,2.0,3,Single,2,0,0.0,1.0,0.0,114.2,1,2
50173,0,8.0,Male,3.0,4,Divorced,1,0,3.0,6.0,9.0,180.2,1,0
50174,0,9.0,Male,2.0,2,Divorced,5,0,0.0,1.0,0.0,136.88,1,0
50175,0,24.0,Male,2.0,4,Married,6,0,0.0,1.0,2.0,154.82,1,1
50176,0,14.0,Male,2.0,4,Single,2,0,1.0,2.0,4.0,260.15,1,2
50177,0,0.0,Female,3.0,3,Single,2,0,1.0,1.0,0.0,112.0,0,2
50178,0,1.0,Male,3.0,5,Single,1,0,0.0,1.0,7.0,156.61,1,2
50179,0,4.0,Male,3.0,2,Divorced,5,0,3.0,7.0,7.0,169.29,1,0
50180,0,12.0,Male,2.0,2,Married,1,0,3.0,3.0,7.0,196.13,1,1
50181,0,9.0,Female,2.0,4,Divorced,8,0,0.0,1.0,8.0,156.74,0,0
50182,0,5.0,Male,3.0,3,Divorced,2,0,1.0,4.0,8.0,154.84,1,0
50183,0,11.0,Female,2.0,4,Divorced,4,0,1.0,1.0,3.0,220.61,0,0
50184,0,30.0,Male,2.0,3,Married,3,1,1.0,1.0,2.0,156.6,1,1
50185,0,4.0,Male,2.0,2,Divorced,1,1,0.0,1.0,3.0,148.21,1,0
50186,0,4.0,Male,3.0,5,Divorced,4,0,0.0,1.0,0.0,164.1,1,0
50187,0,18.0,Male,3.0,5,Married,2,0,5.0,9.0,11.0,152.1,1,1
50188,0,4.0,Male,3.0,2,Married,1,1,1.0,2.0,2.0,126.95,1,1
50189,0,6.0,Female,3.0,4,Divorced,7,0,2.0,8.0,3.0,218.78,0,0
50190,0,12.0,Male,2.0,5,Divorced,2,1,1.0,11.0,10.0,270.68,1,0
50191,0,16.0,Female,2.0,2,Single,1,0,0.0,1.0,7.0,124.55,0,2
50192,0,22.0,Female,2.0,3,Single,8,1,1.0,2.0,7.0,239.64,0,2
50193,1,15.0,Male,2.0,4,Divorced,3,0,7.0,7.0,7.0,149.41,1,0
50194,0,0.0,Female,2.0,4,Single,2,1,0.0,1.0,2.0,124.78,0,2
50195,0,5.0,Female,3.0,4,Divorced,2,1,6.0,11.0,9.0,152.28,0,0
50196,0,0.0,Male,3.0,3,Single,2,1,1.0,1.0,4.0,144.78,1,2
50197,0,4.0,Male,3.0,2,Married,5,0,0.0,1.0,7.0,175.47,1,1
50198,0,5.0,Female,3.0,2,Single,8,0,1.0,1.0,7.0,150.55,0,2
50199,1,0.0,Male,2.0,2,Divorced,6,1,2.0,2.0,2.0,134.64,1,0
50200,0,3.0,Female,3.0,2,Divorced,2,0,0.0,1.0,9.0,157.75,0,0
50201,0,4.0,Female,2.0,3,Divorced,2,0,3.0,8.0,9.0,189.43,0,0
50202,0,12.0,Male,2.0,2,Divorced,2,0,9.0,13.0,3.0,292.72,1,0
50203,1,2.0,Female,2.0,3,Divorced,5,1,1.0,1.0,0.0,152.38,0,0
50204,0,6.0,Male,2.0,2,Single,4,0,1.0,1.0,1.0,146.82,1,2
50205,0,20.0,Male,2.0,3,Divorced,5,0,1.0,1.0,1.0,283.0,1,0
50206,0,16.0,Female,2.0,3,Married,2,0,0.0,1.0,0.0,152.57,0,1
50207,0,0.0,Male,3.0,4,Divorced,1,1,0.0,1.0,4.0,163.49,1,0
50208,0,27.0,Female,2.0,3,Single,4,0,1.0,1.0,3.0,148.69,0,2
50209,0,16.0,Female,2.0,5,Divorced,9,0,1.0,1.0,0.0,199.85,0,0
50210,0,18.0,Male,3.0,2,Divorced,10,0,7.0,9.0,8.0,136.97,1,0
50211,0,13.0,Male,2.0,2,Divorced,3,1,1.0,1.0,2.0,174.57,1,0
50212,1,9.0,Male,3.0,5,Divorced,2,1,1.0,1.0,7.0,121.19,1,0
50213,0,2.0,Male,1.0,2,Single,1,0,2.0,2.0,2.0,139.83,1,2
50214,0,3.0,Female,1.0,3,Married,2,0,0.0,1.0,2.0,161.18,0,1
50215,0,0.0,Female,2.0,4,Divorced,2,0,0.0,1.0,7.0,162.14,0,0
50216,0,10.0,Male,3.0,2,Married,8,0,0.0,1.0,4.0,163.47,1,1
50217,0,11.0,Male,3.0,2,Married,1,1,1.0,2.0,3.0,215.1,1,1
50218,0,4.0,Female,2.0,2,Single,2,1,2.0,4.0,10.0,171.43,0,2
50219,0,2.0,Female,2.0,4,Married,2,1,0.0,1.0,7.0,182.68,0,1
50220,0,8.0,Male,3.0,4,Single,1,0,0.0,1.0,13.0,180.95,1,2
50221,0,0.0,Male,3.0,2,Married,2,0,1.0,1.0,2.0,129.04,1,1
50222,0,14.0,Male,3.0,4,Single,7,1,1.0,1.0,2.0,160.32,1,2
50223,0,20.0,Male,3.0,3,Single,4,0,0.0,1.0,0.0,129.76,1,2
50224,0,15.0,Female,2.0,2,Single,3,0,0.0,2.0,0.0,259.92,0,2
50225,0,2.0,Male,3.0,3,Divorced,2,0,1.0,1.0,2.0,146.49,1,0
50226,0,15.0,Male,3.0,3,Married,1,1,1.0,1.0,0.0,126.96,1,1
50227,0,5.0,Female,3.0,4,Divorced,2,0,0.0,1.0,7.0,123.7,0,0
50228,0,21.0,Female,3.0,3,Divorced,4,0,0.0,1.0,3.0,225.04,0,0
50229,0,10.0,Male,2.0,5,Married,5,1,2.0,6.0,7.0,159.74,1,1
50230,0,3.0,Female,2.0,3,Divorced,8,1,1.0,2.0,2.0,147.36,0,0
50231,0,0.0,Male,2.0,3,Divorced,2,0,2.0,7.0,7.0,152.96,1,0
50232,0,15.0,Male,3.0,2,Single,4,0,0.0,1.0,0.0,167.81,1,2
50233,1,9.0,Female,2.0,4,Single,2,1,1.0,1.0,2.0,121.74,0,2
50234,0,9.0,Female,2.0,2,Single,5,0,1.0,1.0,0.0,166.53,0,2
50235,0,9.0,Male,2.0,2,Divorced,5,0,0.0,1.0,12.0,196.99,1,0
50236,0,30.0,Male,2.0,3,Divorced,3,0,1.0,1.0,2.0,167.55,1,0
50237,0,9.0,Female,2.0,3,Divorced,4,1,0.0,1.0,7.0,122.13,0,0
50238,0,0.0,Male,2.0,2,Single,2,0,0.0,2.0,2.0,126.1,1,2
50239,1,0.0,Female,3.0,3,Single,2,1,1.0,1.0,0.0,128.51,0,2
50240,0,10.0,Female,3.0,5,Divorced,7,0,1.0,1.0,3.0,134.52,0,0
50241,0,19.0,Female,1.0,3,Divorced,3,0,0.0,1.0,0.0,152.58,0,0
50242,1,4.0,Male,2.0,4,Single,2,0,7.0,7.0,7.0,193.55,1,2
50243,0,23.0,Male,3.0,2,Single,7,0,0.0,1.0,3.0,204.96,1,2
50244,1,3.0,Male,3.0,3,Divorced,3,1,1.0,1.0,0.0,163.8,1,0
50245,0,4.0,Male,2.0,4,Single,1,1,1.0,2.0,2.0,126.57,1,2
50246,1,0.0,Female,3.0,4,Single,2,0,0.0,1.0,0.0,127.16,0,2
50247,0,9.0,Male,2.0,2,Single,10,0,1.0,1.0,2.0,122.01,1,2
50248,0,8.0,Male,3.0,4,Single,10,0,1.0,1.0,0.0,165.4,1,2
50249,0,0.0,Male,2.0,4,Married,2,0,0.0,1.0,4.0,138.16,1,1
50250,0,1.0,Male,3.0,2,Single,2,0,1.0,1.0,7.0,152.53,1,2
50251,0,22.0,Male,2.0,3,Single,9,0,1.0,1.0,0.0,145.0,1,2
50252,0,24.0,Female,2.0,2,Divorced,5,0,0.0,1.0,7.0,149.36,0,0
50253,0,9.0,Female,3.0,3,Divorced,5,0,1.0,2.0,2.0,125.43,0,0
50254,1,0.0,Male,3.0,2,Single,9,1,1.0,1.0,4.0,153.04,1,2
50255,0,28.0,Female,3.0,2,Single,3,1,1.0,1.0,2.0,266.59,0,2
50256,0,0.0,Female,3.0,3,Married,2,1,0.0,1.0,3.0,142.6,0,1
50257,0,3.0,Male,3.0,4,Divorced,2,0,1.0,1.0,0.0,124.76,1,0
50258,1,0.0,Male,3.0,5,Single,1,0,0.0,1.0,4.0,131.02,1,2
50259,0,9.0,Female,2.0,4,Divorced,2,0,1.0,1.0,2.0,122.44,0,0
50260,0,9.0,Male,3.0,3,Divorced,2,0,9.0,9.0,0.0,175.96,1,0
50261,1,9.0,Male,2.0,2,Single,19,1,1.0,1.0,0.0,122.85,1,2
50262,0,10.0,Female,3.0,5,Married,2,0,3.0,12.0,17.0,130.34,0,1
50263,0,13.0,Female,2.0,4,Married,8,0,0.0,1.0,3.0,157.15,0,1
50264,0,15.0,Female,3.0,5,Married,4,0,1.0,1.0,2.0,125.76,0,1
50265,0,10.0,Male,2.0,4,Single,3,1,0.0,1.0,1.0,141.97,1,2
50266,0,16.0,Male,2.0,4,Married,2,0,0.0,2.0,9.0,243.36,1,1
50267,0,13.0,Female,3.0,3,Divorced,7,0,1.0,1.0,0.0,134.48,0,0
50268,0,27.0,Male,2.0,5,Divorced,5,0,1.0,1.0,2.0,294.06,1,0
50269,0,7.0,Female,3.0,3,Divorced,10,0,1.0,1.0,2.0,165.38,0,0
50270,0,4.0,Female,2.0,5,Divorced,2,0,3.0,3.0,12.0,143.06,0,0
50271,0,9.0,Male,3.0,2,Divorced,8,0,0.0,1.0,2.0,122.58,1,0
50272,0,16.0,Female,3.0,3,Married,5,1,0.0,1.0,2.0,145.22,0,1
50273,0,0.0,Female,2.0,2,Single,2,1,0.0,1.0,3.0,144.87,0,2
50274,0,10.0,Female,3.0,3,Divorced,4,1,3.0,10.0,7.0,144.49,0,0
50275,0,9.0,Male,3.0,5,Divorced,2,0,0.0,3.0,2.0,122.18,1,0
50276,0,12.0,Male,2.0,3,Married,2,1,0.0,1.0,6.0,291.97,1,1
50277,0,29.0,Female,2.0,5,Divorced,10,0,2.0,2.0,7.0,232.12,0,0
50278,0,3.0,Female,2.0,3,Single,1,0,3.0,4.0,4.0,165.77,0,2
50279,0,14.0,Male,2.0,5,Divorced,2,0,1.0,1.0,7.0,183.92,1,0
50280,0,1.0,Male,3.0,5,Married,2,0,0.0,1.0,8.0,145.58,1,1
50281,1,0.0,Male,3.0,5,Divorced,6,0,1.0,1.0,2.0,140.31,1,0
50282,0,25.0,Male,2.0,3,Divorced,3,1,0.0,1.0,4.0,179.69,1,0
50283,0,18.0,Male,3.0,2,Divorced,4,0,1.0,1.0,2.0,126.54,1,0
50284,0,25.0,Female,1.0,2,Divorced,3,0,1.0,1.0,4.0,265.55,0,0
50285,0,15.0,Female,3.0,3,Married,3,0,1.0,1.0,2.0,145.56,0,1
50286,0,3.0,Female,2.0,2,Single,3,0,0.0,1.0,2.0,160.91,0,2
50287,0,30.0,Female,2.0,5,Divorced,6,0,0.0,11.0,10.0,295.66,0,0
50288,0,19.0,Female,2.0,3,Married,3,0,0.0,1.0,8.0,148.1,0,1
50289,0,15.0,Female,2.0,2,Divorced,1,0,0.0,1.0,4.0,145.23,0,0
50290,1,0.0,Female,3.0,4,Single,2,1,1.0,1.0,4.0,132.02,0,2
50291,1,0.0,Female,2.0,3,Married,1,0,1.0,1.0,0.0,123.51,0,1
50292,0,9.0,Male,2.0,2,Divorced,2,1,1.0,1.0,0.0,117.02,1,0
50293,0,13.0,Female,3.0,3,Divorced,1,0,1.0,1.0,12.0,280.41,0,0
50294,0,0.0,Female,3.0,2,Married,2,0,1.0,1.0,2.0,128.86,0,1
50295,0,9.0,Male,2.0,2,Divorced,5,0,0.0,1.0,4.0,120.97,1,0
50296,0,2.0,Male,3.0,3,Divorced,2,0,1.0,1.0,3.0,219.35,1,0
50297,1,0.0,Female,3.0,4,Divorced,6,0,0.0,1.0,1.0,125.46,0,0
50298,1,0.0,Male,2.0,2,Single,2,0,1.0,1.0,0.0,125.64,1,2
50299,0,3.0,Female,3.0,5,Divorced,1,0,2.0,7.0,8.0,184.12,0,0
50300,0,30.0,Male,2.0,2,Married,4,0,0.0,2.0,0.0,241.18,1,1
50301,0,23.0,Male,2.0,3,Divorced,1,0,1.0,15.0,7.0,270.46,1,0
50302,0,3.0,Female,2.0,2,Single,1,0,5.0,6.0,7.0,125.64,0,2
50303,0,30.0,Female,3.0,5,Divorced,5,0,13.0,13.0,11.0,202.66,0,0
50304,0,20.0,Female,3.0,2,Married,6,0,0.0,1.0,4.0,150.7,0,1
50305,0,19.0,Male,2.0,3,Divorced,7,0,1.0,1.0,1.0,278.61,1,0
50306,0,8.0,Male,2.0,3,Single,1,0,2.0,4.0,3.0,142.3,1,2
50307,0,27.0,Female,2.0,3,Single,8,0,1.0,1.0,0.0,137.8,0,2
50308,0,7.0,Male,3.0,3,Married,4,0,5.0,5.0,7.0,127.68,1,1
50309,0,19.0,Female,3.0,2,Divorced,3,1,1.0,1.0,2.0,190.71,0,0
50310,0,4.0,Male,2.0,4,Married,2,0,1.0,1.0,8.0,206.48,1,1
50311,1,0.0,Male,2.0,3,Divorced,8,1,0.0,2.0,7.0,236.1,1,0
50312,1,0.0,Male,2.0,2,Married,8,0,0.0,1.0,3.0,134.08,1,1
50313,0,3.0,Male,3.0,4,Single,1,0,1.0,1.0,2.0,129.83,1,2
50314,0,8.0,Male,3.0,3,Divorced,5,1,0.0,1.0,0.0,176.32,1,0
50315,1,0.0,Male,3.0,3,Divorced,4,0,1.0,1.0,0.0,198.24,1,0
50316,1,0.0,Female,2.0,5,Married,10,1,1.0,1.0,2.0,199.5,0,1
50317,0,9.0,Male,3.0,3,Divorced,5,0,2.0,2.0,0.0,120.93,1,0
50318,0,9.0,Male,2.0,2,Single,2,0,1.0,9.0,7.0,199.8,1,2
50319,1,0.0,Male,2.0,3,Single,6,0,1.0,1.0,2.0,138.94,1,2
50320,0,21.0,Female,2.0,2,Divorced,3,0,4.0,6.0,7.0,140.51,0,0
50321,0,28.0,Female,2.0,4,Single,4,0,1.0,7.0,7.0,268.35,0,2
50322,0,14.0,Male,2.0,2,Single,8,0,0.0,1.0,10.0,162.3,1,2
50323,0,8.0,Male,2.0,3,Divorced,10,0,3.0,6.0,9.0,147.17,1,0
50324,0,13.0,Female,3.0,3,Single,8,0,4.0,2.0,13.0,232.37,0,2
50325,0,12.0,Female,2.0,3,Divorced,2,0,0.0,1.0,7.0,137.55,0,0
50326,0,4.0,Male,3.0,2,Single,5,1,1.0,1.0,5.0,165.82,1,2
50327,0,15.0,Male,2.0,5,Divorced,2,1,4.0,5.0,8.0,174.06,1,0
50328,0,18.0,Male,3.0,4,Divorced,1,0,3.0,3.0,7.0,148.05,1,0
50329,1,0.0,Female,3.0,3,Married,1,1,0.0,1.0,0.0,127.41,0,1
50330,0,2.0,Male,2.0,2,Married,5,0,0.0,1.0,2.0,142.62,1,1
50331,0,6.0,Female,3.0,3,Married,5,0,1.0,1.0,5.0,261.84,0,1
50332,0,0.0,Male,2.0,2,Married,10,0,1.0,1.0,3.0,215.57,1,1
50333,1,9.0,Male,3.0,4,Single,2,1,1.0,1.0,0.0,118.78,1,2
50334,0,13.0,Male,2.0,5,Married,4,0,1.0,1.0,3.0,209.32,1,1
50335,0,14.0,Female,3.0,3,Single,3,1,0.0,1.0,7.0,168.11,0,2
50336,0,0.0,Male,2.0,3,Married,6,0,1.0,1.0,0.0,143.06,1,1
50337,0,8.0,Female,3.0,3,Single,2,0,0.0,1.0,3.0,148.59,0,2
50338,0,7.0,Male,3.0,2,Single,2,0,5.0,5.0,7.0,153.37,1,2
50339,1,0.0,Male,3.0,2,Single,2,1,1.0,1.0,0.0,123.4,1,2
50340,0,10.0,Female,2.0,2,Single,5,0,1.0,1.0,2.0,174.91,0,2
50341,0,19.0,Female,2.0,3,Divorced,6,0,1.0,1.0,2.0,205.27,0,0
50342,0,14.0,Female,3.0,5,Divorced,8,0,1.0,11.0,8.0,265.95,0,0
50343,0,10.0,Male,3.0,4,Married,2,0,6.0,7.0,7.0,188.34,1,1
50344,0,25.0,Male,3.0,5,Married,4,1,2.0,6.0,9.0,155.77,1,1
50345,1,0.0,Male,2.0,3,Divorced,9,0,1.0,1.0,2.0,147.07,1,0
50346,0,0.0,Male,2.0,2,Divorced,1,0,0.0,2.0,1.0,124.0,1,0
50347,0,11.0,Female,3.0,3,Divorced,4,0,1.0,1.0,0.0,198.24,0,0
50348,0,10.0,Female,3.0,4,Divorced,7,0,3.0,4.0,3.0,164.47,0,0
50349,0,22.0,Male,2.0,3,Married,2,1,0.0,1.0,9.0,295.02,1,1
50350,0,0.0,Male,3.0,2,Divorced,2,1,0.0,1.0,4.0,127.25,1,0
50351,0,0.0,Male,3.0,4,Divorced,2,0,1.0,1.0,4.0,162.72,1,0
50352,0,9.0,Male,3.0,4,Divorced,2,0,1.0,1.0,0.0,121.27,1,0
50353,0,23.0,Male,2.0,4,Divorced,2,0,1.0,10.0,7.0,282.0,1,0
50354,0,9.0,Male,2.0,3,Divorced,2,0,1.0,1.0,6.0,120.96,1,0
50355,1,0.0,Female,3.0,3,Divorced,2,1,0.0,1.0,2.0,128.86,0,0
50356,1,9.0,Male,3.0,5,Divorced,2,0,1.0,1.0,0.0,120.33,1,0
50357,0,7.0,Male,2.0,2,Divorced,2,1,0.0,1.0,3.0,136.22,1,0
50358,1,0.0,Male,2.0,5,Married,3,0,0.0,1.0,2.0,142.33,1,1
50359,0,8.0,Male,2.0,2,Single,5,0,0.0,1.0,2.0,136.81,1,2
50360,0,4.0,Male,3.0,2,Married,5,0,3.0,5.0,7.0,154.6,1,1
50361,0,9.0,Female,3.0,3,Married,1,0,1.0,1.0,3.0,121.87,0,1
50362,0,10.0,Male,3.0,3,Divorced,5,1,0.0,1.0,0.0,196.02,1,0
50363,0,0.0,Female,3.0,4,Single,2,0,1.0,1.0,0.0,128.36,0,2
50364,0,15.0,Female,2.0,2,Divorced,2,0,2.0,2.0,2.0,140.89,0,0
50365,0,16.0,Male,2.0,2,Married,5,1,1.0,1.0,0.0,266.27,1,1
50366,0,11.0,Female,2.0,5,Single,4,0,1.0,1.0,0.0,126.19,0,2
50367,0,16.0,Male,3.0,3,Married,4,1,2.0,4.0,7.0,156.79,1,1
50368,0,21.0,Female,2.0,5,Divorced,8,0,0.0,2.0,2.0,254.02,0,0
50369,0,17.0,Female,2.0,3,Single,5,0,1.0,1.0,2.0,159.85,0,2
50370,0,7.0,Female,2.0,3,Married,2,1,1.0,1.0,6.0,125.79,0,1
50371,1,0.0,Male,3.0,5,Married,1,0,0.0,1.0,2.0,130.41,1,1
50372,0,0.0,Male,2.0,3,Single,2,0,1.0,1.0,2.0,134.47,1,2
50373,0,17.0,Male,2.0,2,Divorced,5,1,1.0,1.0,1.0,295.13,1,0
50374,0,0.0,Male,3.0,3,Divorced,1,0,2.0,2.0,2.0,127.73,1,0
50375,0,6.0,Male,2.0,3,Married,1,0,1.0,1.0,2.0,171.04,1,1
50376,0,5.0,Female,3.0,2,Divorced,2,1,1.0,1.0,5.0,163.22,0,0
50377,0,9.0,Female,3.0,3,Married,2,0,1.0,1.0,0.0,120.83,0,1
50378,0,26.0,Female,2.0,5,Single,8,0,6.0,8.0,10.0,183.81,0,2
50379,0,7.0,Male,3.0,2,Divorced,2,0,6.0,8.0,8.0,126.91,1,0
50380,1,8.0,Female,3.0,5,Divorced,3,0,0.0,1.0,0.0,142.86,0,0
50381,0,0.0,Female,3.0,2,Divorced,2,1,0.0,1.0,2.0,126.59,0,0
50382,0,10.0,Male,2.0,3,Divorced,2,0,6.0,7.0,8.0,194.34,1,0
50383,0,2.0,Female,3.0,3,Divorced,2,0,0.0,1.0,2.0,155.61,0,0
50384,0,8.0,Male,2.0,2,Single,2,0,11.0,11.0,8.0,166.46,1,2
50385,0,6.0,Male,1.0,2,Married,4,0,4.0,4.0,7.0,177.25,1,1
50386,0,27.0,Male,2.0,4,Divorced,3,0,3.0,7.0,1.0,207.25,1,0
50387,0,9.0,Male,2.0,4,Married,3,1,1.0,1.0,2.0,188.47,1,1
50388,0,9.0,Male,2.0,2,Single,1,0,0.0,1.0,1.0,120.45,1,2
50389,1,0.0,Male,2.0,3,Single,2,1,0.0,1.0,1.0,110.09,1,2
50390,1,0.0,Male,3.0,5,Single,2,1,9.0,9.0,7.0,133.48,1,2
50391,0,9.0,Male,2.0,3,Divorced,2,0,1.0,1.0,0.0,112.81,1,0
50392,0,0.0,Male,3.0,5,Divorced,3,0,0.0,1.0,2.0,128.19,1,0
50393,0,0.0,Male,2.0,4,Divorced,1,0,0.0,1.0,2.0,148.51,1,0
50394,0,11.0,Female,2.0,2,Single,1,0,1.0,1.0,5.0,140.28,0,2
50395,0,2.0,Male,3.0,2,Married,2,0,2.0,2.0,8.0,127.2,1,1
50396,0,21.0,Male,2.0,4,Divorced,4,0,2.0,2.0,2.0,181.2,1,0
50397,0,0.0,Female,3.0,2,Married,2,1,1.0,1.0,4.0,146.47,0,1
50398,0,10.0,Male,3.0,2,Single,4,0,1.0,1.0,0.0,146.8,1,2
50399,0,23.0,Male,3.0,3,Divorced,2,1,3.0,3.0,8.0,132.21,1,0
50400,0,7.0,Female,2.0,4,Single,2,0,4.0,7.0,7.0,186.21,0,2
50401,1,0.0,Female,3.0,3,Single,10,0,1.0,2.0,0.0,145.77,0,2
50402,0,12.0,Female,3.0,3,Single,2,0,2.0,11.0,10.0,145.53,0,2
50403,0,5.0,Male,2.0,2,Single,2,0,0.0,1.0,8.0,153.96,1,2
50404,1,13.0,Male,2.0,3,Divorced,4,1,1.0,1.0,3.0,167.96,1,0
50405,0,11.0,Female,2.0,2,Single,1,0,1.0,1.0,8.0,176.25,0,2
50406,0,0.0,Female,3.0,5,Divorced,2,0,1.0,1.0,7.0,174.12,0,0
50407,0,5.0,Female,2.0,2,Single,4,0,3.0,7.0,3.0,211.59,0,2
50408,0,20.0,Male,2.0,5,Single,3,0,0.0,1.0,7.0,149.6,1,2
50409,0,13.0,Male,2.0,5,Divorced,6,1,0.0,1.0,12.0,204.75,1,0
50410,0,26.0,Male,2.0,3,Divorced,4,0,0.0,2.0,3.0,248.14,1,0
50411,0,14.0,Male,3.0,2,Married,4,0,1.0,12.0,6.0,291.41,1,1
50412,0,30.0,Male,2.0,5,Single,9,0,1.0,2.0,2.0,154.05,1,2
50413,0,0.0,Male,2.0,5,Married,2,0,1.0,1.0,7.0,187.93,1,1
50414,0,14.0,Male,2.0,3,Divorced,2,0,1.0,2.0,10.0,291.89,1,0
50415,0,23.0,Male,2.0,4,Divorced,8,0,1.0,2.0,2.0,138.75,1,0
50416,1,9.0,Female,3.0,4,Single,8,1,1.0,3.0,7.0,122.16,0,2
50417,0,9.0,Female,3.0,5,Divorced,10,0,0.0,1.0,3.0,217.13,0,0
50418,0,11.0,Female,2.0,3,Single,5,1,0.0,1.0,0.0,178.61,0,2
50419,0,17.0,Male,2.0,3,Single,3,0,0.0,1.0,4.0,137.08,1,2
50420,0,20.0,Female,2.0,3,Married,10,1,7.0,2.0,13.0,237.7,0,1
50421,0,3.0,Male,2.0,2,Married,8,0,4.0,7.0,7.0,153.04,1,1
50422,0,2.0,Male,2.0,3,Single,2,0,0.0,1.0,0.0,126.42,1,2
50423,1,5.0,Male,3.0,3,Married,7,1,2.0,2.0,2.0,127.59,1,1
50424,0,16.0,Male,2.0,2,Divorced,4,0,0.0,2.0,2.0,168.04,1,0
50425,0,7.0,Female,3.0,3,Single,4,0,1.0,4.0,3.0,161.42,0,2
50426,0,0.0,Male,2.0,5,Divorced,2,0,0.0,1.0,2.0,125.0,1,0
50427,0,12.0,Female,2.0,4,Divorced,10,0,3.0,3.0,6.0,163.89,0,0
50428,0,29.0,Male,2.0,2,Divorced,8,0,0.0,1.0,3.0,211.03,1,0
50429,0,13.0,Female,2.0,2,Single,1,1,2.0,2.0,3.0,123.42,0,2
50430,0,0.0,Female,2.0,5,Single,9,0,1.0,1.0,7.0,168.11,0,2
50431,0,9.0,Male,2.0,4,Married,2,0,0.0,2.0,2.0,122.97,1,1
50432,0,26.0,Male,2.0,2,Single,3,0,1.0,2.0,2.0,124.5,1,2
50433,0,8.0,Female,3.0,5,Married,3,0,0.0,1.0,0.0,150.93,0,1
50434,0,5.0,Male,3.0,2,Divorced,2,0,2.0,4.0,7.0,153.09,1,0
50435,0,11.0,Male,3.0,3,Divorced,7,1,0.0,1.0,1.0,130.57,1,0
50436,0,7.0,Female,2.0,5,Married,4,0,1.0,1.0,0.0,151.21,0,1
50437,0,25.0,Male,2.0,5,Divorced,2,0,1.0,1.0,16.0,268.56,1,0
50438,1,0.0,Male,3.0,2,Single,2,1,5.0,7.0,8.0,126.86,1,2
50439,0,0.0,Female,2.0,2,Single,2,0,0.0,1.0,4.0,161.8,0,2
50440,0,18.0,Male,2.0,3,Single,1,0,0.0,3.0,1.0,166.32,1,2
50441,0,0.0,Male,3.0,3,Single,2,0,1.0,1.0,2.0,135.05,1,2
50442,1,10.0,Female,3.0,3,Single,5,1,1.0,1.0,3.0,163.97,0,2
50443,0,7.0,Male,2.0,2,Single,2,0,0.0,1.0,4.0,162.74,1,2
50444,1,18.0,Male,3.0,5,Divorced,6,1,1.0,1.0,4.0,298.59,1,0
50445,0,9.0,Male,3.0,5,Single,2,0,0.0,1.0,9.0,175.87,1,2
50446,0,25.0,Male,2.0,2,Divorced,1,0,1.0,1.0,2.0,142.58,1,0
50447,0,0.0,Female,3.0,2,Married,4,0,2.0,2.0,0.0,143.64,0,1
50448,0,2.0,Female,3.0,3,Divorced,5,0,1.0,1.0,1.0,143.35,0,0
50449,1,0.0,Male,2.0,5,Single,7,0,1.0,1.0,2.0,153.26,1,2
50450,0,7.0,Female,3.0,2,Single,3,0,0.0,1.0,3.0,132.8,0,2
50451,0,27.0,Female,3.0,5,Married,10,1,0.0,1.0,4.0,154.85,0,1
50452,0,2.0,Male,2.0,2,Divorced,1,0,0.0,1.0,1.0,143.42,1,0
50453,0,10.0,Female,3.0,5,Married,1,1,3.0,4.0,3.0,127.82,0,1
50454,0,11.0,Female,3.0,5,Single,7,1,4.0,4.0,12.0,159.8,0,2
50455,0,7.0,Female,2.0,5,Single,2,0,1.0,1.0,3.0,143.81,0,2
50456,0,8.0,Female,3.0,2,Divorced,2,0,0.0,1.0,2.0,125.72,0,0
50457,0,3.0,Male,2.0,3,Divorced,4,0,1.0,1.0,2.0,138.33,1,0
50458,0,13.0,Female,2.0,4,Divorced,2,0,0.0,3.0,7.0,142.44,0,0
50459,0,7.0,Female,3.0,5,Divorced,6,0,1.0,1.0,2.0,165.0,0,0
50460,0,15.0,Male,3.0,2,Married,2,0,1.0,14.0,9.0,284.3,1,1
50461,1,9.0,Male,3.0,5,Divorced,2,1,1.0,1.0,0.0,116.01,1,0
50462,0,0.0,Male,3.0,4,Married,2,0,1.0,1.0,0.0,126.94,1,1
50463,0,25.0,Female,3.0,3,Divorced,9,0,1.0,1.0,4.0,131.49,0,0
50464,0,23.0,Male,3.0,3,Divorced,6,0,1.0,1.0,3.0,276.39,1,0
50465,1,0.0,Female,2.0,5,Divorced,2,1,0.0,1.0,0.0,123.19,0,0
50466,0,6.0,Male,2.0,3,Divorced,1,0,0.0,3.0,3.0,216.91,1,0
50467,1,0.0,Female,3.0,5,Single,6,0,1.0,1.0,2.0,153.24,0,2
50468,0,20.0,Female,2.0,2,Divorced,2,1,1.0,3.0,0.0,267.52,0,0
50469,0,9.0,Female,2.0,4,Divorced,1,0,0.0,1.0,5.0,152.28,0,0
50470,0,2.0,Male,3.0,3,Divorced,2,0,1.0,1.0,7.0,127.0,1,0
50471,1,20.0,Male,2.0,4,Single,8,1,5.0,13.0,8.0,292.46,1,2
50472,0,8.0,Female,2.0,3,Single,4,0,0.0,2.0,2.0,125.06,0,2
50473,0,15.0,Female,2.0,2,Divorced,10,1,0.0,1.0,2.0,160.62,0,0
50474,1,0.0,Male,2.0,3,Single,7,0,0.0,2.0,1.0,143.82,1,2
50475,0,9.0,Male,2.0,4,Divorced,4,0,1.0,1.0,4.0,121.43,1,0
50476,0,5.0,Female,3.0,3,Divorced,2,0,1.0,6.0,8.0,161.62,0,0
50477,0,13.0,Male,2.0,3,Single,7,0,1.0,1.0,0.0,150.94,1,2
50478,0,3.0,Female,2.0,2,Single,6,1,1.0,1.0,0.0,168.77,0,2
50479,0,9.0,Female,3.0,3,Single,2,0,1.0,1.0,0.0,122.74,0,2
50480,0,15.0,Male,3.0,4,Divorced,2,0,2.0,7.0,8.0,144.34,1,0
50481,0,11.0,Male,2.0,5,Married,3,0,1.0,1.0,2.0,162.88,1,1
50482,0,7.0,Female,3.0,2,Single,2,0,1.0,1.0,3.0,125.53,0,2
50483,1,12.0,Female,2.0,2,Divorced,2,0,0.0,7.0,7.0,176.54,0,0
50484,1,18.0,Male,2.0,2,Single,5,0,0.0,7.0,3.0,151.6,1,2
50485,0,16.0,Male,3.0,5,Divorced,7,0,1.0,1.0,0.0,271.59,1,0
50486,0,0.0,Male,2.0,2,Married,2,1,0.0,1.0,3.0,228.08,1,1
50487,0,8.0,Male,2.0,3,Single,4,0,0.0,1.0,6.0,202.21,1,2
50488,0,1.0,Female,2.0,4,Divorced,2,1,7.0,7.0,5.0,147.79,0,0
50489,0,7.0,Male,2.0,2,Divorced,1,0,1.0,1.0,2.0,137.37,1,0
50490,1,0.0,Female,2.0,3,Divorced,2,1,0.0,1.0,7.0,123.66,0,0
50491,0,9.0,Male,2.0,2,Divorced,2,0,1.0,1.0,0.0,117.06,1,0
50492,0,24.0,Female,3.0,3,Divorced,3,0,1.0,4.0,17.0,263.07,0,0
50493,0,17.0,Male,2.0,4,Single,10,0,1.0,2.0,3.0,159.33,1,2
50494,0,0.0,Male,3.0,5,Single,8,0,1.0,1.0,1.0,134.24,1,2
50495,0,6.0,Male,2.0,5,Married,2,0,0.0,1.0,8.0,140.37,1,1
50496,0,8.0,Female,2.0,5,Single,2,0,1.0,1.0,1.0,125.59,0,2
50497,0,9.0,Male,2.0,2,Divorced,2,1,2.0,4.0,11.0,162.01,1,0
50498,0,5.0,Male,3.0,2,Married,3,0,0.0,1.0,3.0,144.03,1,1
50499,0,3.0,Male,3.0,2,Married,10,0,0.0,1.0,3.0,137.61,1,1
50500,0,26.0,Female,3.0,2,Divorced,8,1,0.0,1.0,3.0,209.34,0,0
50501,0,18.0,Male,3.0,5,Married,5,1,1.0,1.0,2.0,207.61,1,1
50502,0,5.0,Female,3.0,3,Divorced,6,0,1.0,1.0,3.0,151.75,0,0
50503,0,25.0,Female,2.0,2,Divorced,4,0,0.0,2.0,0.0,238.26,0,0
50504,0,10.0,Male,3.0,3,Married,5,0,1.0,1.0,0.0,163.34,1,1
50505,0,1.0,Male,3.0,2,Married,2,0,0.0,1.0,4.0,149.36,1,1
50506,0,0.0,Male,2.0,2,Divorced,7,0,2.0,2.0,2.0,147.75,1,0
50507,0,17.0,Male,3.0,2,Divorced,3,1,1.0,1.0,2.0,128.18,1,0
50508,0,15.0,Male,2.0,2,Single,6,1,0.0,2.0,2.0,125.15,1,2
50509,0,9.0,Male,3.0,5,Divorced,1,0,1.0,1.0,3.0,123.42,1,0
50510,0,0.0,Male,3.0,5,Divorced,2,1,1.0,1.0,3.0,141.94,1,0
50511,0,8.0,Female,3.0,3,Divorced,2,1,2.0,5.0,15.0,206.85,0,0
50512,1,9.0,Female,3.0,4,Married,2,1,0.0,7.0,8.0,120.22,0,1
50513,0,5.0,Male,3.0,2,Married,1,0,0.0,1.0,2.0,123.14,1,1
50514,0,0.0,Male,2.0,5,Divorced,2,0,1.0,1.0,3.0,142.56,1,0
50515,0,22.0,Female,2.0,5,Divorced,3,0,1.0,1.0,2.0,135.8,0,0
50516,0,0.0,Male,3.0,2,Divorced,1,0,0.0,3.0,4.0,131.62,1,0
50517,0,5.0,Male,2.0,4,Divorced,2,0,2.0,5.0,3.0,165.24,1,0
50518,0,11.0,Male,3.0,4,Divorced,1,0,0.0,1.0,2.0,128.99,1,0
50519,0,15.0,Female,3.0,2,Divorced,3,1,0.0,1.0,3.0,152.31,0,0
50520,0,4.0,Male,2.0,2,Divorced,4,1,1.0,1.0,2.0,123.56,1,0
50521,1,0.0,Female,3.0,3,Married,7,1,0.0,1.0,2.0,128.0,0,1
50522,0,26.0,Male,3.0,2,Divorced,6,0,0.0,2.0,3.0,218.36,1,0
50523,0,8.0,Male,3.0,4,Divorced,4,0,3.0,4.0,8.0,209.03,1,0
50524,0,10.0,Female,3.0,2,Divorced,6,0,1.0,1.0,0.0,129.73,0,0
50525,0,26.0,Female,3.0,2,Single,7,0,2.0,2.0,8.0,242.75,0,2
50526,0,16.0,Female,2.0,2,Divorced,5,0,1.0,2.0,2.0,155.62,0,0
50527,0,20.0,Female,2.0,2,Divorced,1,1,5.0,7.0,7.0,145.37,0,0
50528,0,10.0,Male,2.0,4,Single,2,1,0.0,1.0,9.0,176.42,1,2
50529,0,23.0,Male,3.0,5,Married,2,0,1.0,14.0,7.0,279.24,1,1
50530,0,12.0,Female,2.0,2,Divorced,9,0,0.0,1.0,4.0,152.04,0,0
50531,0,9.0,Male,2.0,4,Married,4,1,0.0,1.0,3.0,122.77,1,1
50532,1,0.0,Male,3.0,2,Single,2,1,1.0,1.0,1.0,127.95,1,2
50533,0,2.0,Female,3.0,2,Married,7,0,1.0,1.0,3.0,125.32,0,1
50534,0,17.0,Male,3.0,5,Divorced,2,1,2.0,7.0,1.0,125.59,1,0
50535,0,1.0,Male,3.0,2,Single,2,0,1.0,1.0,2.0,149.08,1,2
50536,1,20.0,Male,2.0,2,Married,10,1,0.0,1.0,0.0,123.8,1,1
50537,0,16.0,Female,2.0,4,Married,5,0,1.0,1.0,0.0,147.65,0,1
50538,1,9.0,Female,2.0,3,Single,2,0,0.0,1.0,2.0,120.44,0,2
50539,1,0.0,Female,3.0,2,Single,2,0,1.0,1.0,0.0,126.93,0,2
50540,0,9.0,Male,3.0,2,Divorced,1,1,4.0,4.0,11.0,165.86,1,0
50541,0,20.0,Female,3.0,2,Single,2,1,1.0,1.0,2.0,132.94,0,2
50542,1,0.0,Female,2.0,3,Divorced,1,1,1.0,1.0,2.0,141.71,0,0
50543,1,4.0,Female,3.0,2,Married,5,1,0.0,1.0,0.0,127.78,0,1
50544,0,1.0,Female,3.0,3,Married,6,0,2.0,2.0,2.0,123.77,0,1
50545,1,2.0,Male,3.0,5,Divorced,8,1,1.0,2.0,2.0,124.04,1,0
50546,0,0.0,Female,3.0,3,Single,2,0,1.0,1.0,0.0,123.18,0,2
50547,0,9.0,Male,2.0,4,Married,2,0,1.0,1.0,0.0,120.08,1,1
50548,0,15.0,Female,3.0,3,Single,8,0,0.0,1.0,3.0,162.44,0,2
50549,0,6.0,Male,3.0,5,Single,4,1,0.0,1.0,2.0,127.99,1,2
50550,0,30.0,Female,2.0,4,Married,3,1,1.0,1.0,4.0,205.52,0,1
50551,0,4.0,Male,2.0,3,Divorced,4,0,3.0,5.0,2.0,123.29,1,0
50552,0,8.0,Female,2.0,2,Divorced,2,1,0.0,1.0,7.0,140.14,0,0
50553,0,22.0,Female,2.0,4,Divorced,5,0,0.0,1.0,7.0,174.03,0,0
50554,0,9.0,Male,2.0,3,Divorced,5,0,0.0,1.0,0.0,122.59,1,0
50555,0,4.0,Female,2.0,3,Divorced,2,0,1.0,1.0,0.0,169.32,0,0
50556,0,9.0,Male,3.0,2,Single,3,0,0.0,1.0,1.0,146.78,1,2
50557,0,11.0,Female,3.0,5,Divorced,2,0,3.0,2.0,11.0,235.82,0,0
50558,0,5.0,Female,3.0,4,Divorced,7,0,1.0,1.0,2.0,123.32,0,0
50559,1,0.0,Male,2.0,4,Divorced,2,1,0.0,1.0,0.0,124.13,1,0
50560,0,13.0,Male,3.0,4,Married,3,0,1.0,1.0,0.0,197.05,1,1
50561,0,0.0,Male,2.0,5,Single,2,0,1.0,1.0,7.0,142.94,1,2
50562,0,14.0,Male,2.0,5,Single,3,1,1.0,2.0,17.0,147.21,1,2
50563,0,9.0,Male,3.0,3,Single,5,0,2.0,3.0,9.0,125.19,1,2
50564,1,9.0,Male,2.0,4,Single,2,1,0.0,1.0,0.0,121.21,1,2
50565,1,0.0,Male,3.0,5,Single,2,0,1.0,1.0,0.0,129.73,1,2
50566,0,4.0,Female,2.0,2,Divorced,1,1,0.0,8.0,5.0,158.55,0,0
50567,0,13.0,Male,2.0,4,Married,9,1,0.0,1.0,0.0,136.17,1,1
50568,0,5.0,Female,3.0,5,Divorced,2,0,6.0,6.0,3.0,167.25,0,0
50569,1,0.0,Male,2.0,2,Divorced,2,1,3.0,3.0,7.0,203.25,1,0
50570,0,6.0,Female,2.0,2,Single,1,0,0.0,1.0,4.0,169.49,0,2
50571,1,0.0,Male,2.0,3,Divorced,6,0,1.0,11.0,7.0,206.09,1,0
50572,0,18.0,Male,2.0,4,Divorced,2,0,1.0,1.0,8.0,144.47,1,0
50573,0,9.0,Female,2.0,2,Divorced,2,0,0.0,1.0,2.0,121.57,0,0
50574,0,8.0,Female,2.0,3,Divorced,2,0,1.0,1.0,0.0,146.01,0,0
50575,0,25.0,Male,3.0,2,Divorced,3,0,1.0,7.0,8.0,270.99,1,0
50576,1,20.0,Male,2.0,3,Single,5,0,1.0,1.0,0.0,124.79,1,2
50577,0,26.0,Male,2.0,3,Married,7,0,2.0,2.0,2.0,248.52,1,1
50578,0,3.0,Male,3.0,3,Married,6,0,4.0,7.0,7.0,172.64,1,1
50579,0,11.0,Female,2.0,2,Single,2,1,0.0,1.0,3.0,156.66,0,2
50580,0,8.0,Male,3.0,2,Married,7,0,0.0,1.0,8.0,178.23,1,1
50581,0,12.0,Male,2.0,3,Single,1,0,1.0,1.0,7.0,178.8,1,2
50582,1,3.0,Female,3.0,4,Single,5,1,1.0,2.0,0.0,231.94,0,2
50583,0,20.0,Male,3.0,3,Married,2,1,0.0,2.0,7.0,150.67,1,1
50584,0,9.0,Male,2.0,2,Married,5,0,1.0,1.0,7.0,150.79,1,1
50585,1,0.0,Male,2.0,5,Single,1,1,1.0,1.0,2.0,123.21,1,2
50586,0,6.0,Male,2.0,3,Single,2,0,1.0,6.0,0.0,274.44,1,2
50587,1,0.0,Female,3.0,5,Single,7,1,1.0,1.0,0.0,124.04,0,2
50588,0,6.0,Female,2.0,2,Single,4,0,1.0,1.0,2.0,134.52,0,2
50589,0,9.0,Female,3.0,2,Married,4,0,0.0,1.0,2.0,122.7,0,1
50590,0,23.0,Male,3.0,2,Married,10,0,1.0,1.0,3.0,273.99,1,1
50591,0,6.0,Female,2.0,4,Divorced,2,1,0.0,1.0,2.0,154.88,0,0
50592,0,14.0,Male,3.0,3,Married,3,0,1.0,1.0,11.0,294.19,1,1
50593,0,0.0,Female,3.0,4,Divorced,10,0,2.0,2.0,2.0,128.11,0,0
50594,0,18.0,Male,2.0,5,Divorced,2,1,1.0,1.0,8.0,136.33,1,0
50595,0,20.0,Female,2.0,2,Single,2,1,1.0,1.0,7.0,141.63,0,2
50596,1,9.0,Female,2.0,3,Divorced,5,1,0.0,1.0,1.0,121.32,0,0
50597,0,23.0,Male,3.0,3,Divorced,4,1,0.0,2.0,5.0,239.73,1,0
50598,0,11.0,Male,3.0,3,Divorced,1,0,0.0,1.0,2.0,126.84,1,0
50599,0,19.0,Male,3.0,3,Married,7,0,0.0,1.0,7.0,208.45,1,1
50600,0,0.0,Female,2.0,3,Married,2,0,2.0,3.0,2.0,143.77,0,1
50601,1,0.0,Male,2.0,4,Married,2,1,1.0,1.0,2.0,137.43,1,1
50602,0,4.0,Female,3.0,5,Divorced,2,0,1.0,1.0,3.0,141.48,0,0
50603,0,0.0,Male,3.0,2,Single,2,0,1.0,1.0,0.0,110.51,1,2
50604,0,27.0,Female,2.0,3,Divorced,9,0,1.0,1.0,8.0,207.39,0,0
50605,0,8.0,Female,2.0,3,Married,2,1,2.0,10.0,1.0,203.88,0,1
50606,0,3.0,Female,3.0,5,Divorced,1,1,0.0,1.0,3.0,214.16,0,0
50607,1,0.0,Female,3.0,5,Single,2,1,0.0,1.0,0.0,126.0,0,2
50608,1,0.0,Female,2.0,4,Single,1,0,0.0,1.0,2.0,124.22,0,2
50609,0,0.0,Male,2.0,2,Divorced,2,0,1.0,1.0,3.0,154.72,1,0
50610,0,0.0,Male,3.0,5,Divorced,2,0,1.0,1.0,1.0,124.51,1,0
50611,0,21.0,Male,3.0,3,Single,3,0,0.0,2.0,2.0,142.4,1,2
50612,0,21.0,Male,3.0,3,Single,8,0,1.0,4.0,3.0,209.99,1,2
50613,0,14.0,Female,2.0,3,Single,7,0,1.0,2.0,1.0,150.03,0,2
50614,0,12.0,Female,3.0,2,Divorced,2,0,0.0,11.0,3.0,227.42,0,0
50615,0,0.0,Female,2.0,2,Divorced,1,0,0.0,2.0,2.0,142.27,0,0
50616,0,8.0,Male,2.0,2,Married,2,0,1.0,1.0,2.0,139.17,1,1
50617,0,15.0,Male,2.0,3,Divorced,7,0,1.0,1.0,0.0,283.03,1,0
50618,0,23.0,Male,3.0,2,Divorced,5,0,1.0,1.0,0.0,123.8,1,0
50619,0,30.0,Female,3.0,2,Single,4,1,0.0,2.0,3.0,237.26,0,2
50620,1,0.0,Female,3.0,4,Divorced,6,0,1.0,1.0,0.0,147.77,0,0
50621,0,28.0,Male,3.0,4,Divorced,4,1,6.0,6.0,7.0,163.85,1,0
50622,0,14.0,Female,2.0,3,Married,2,0,1.0,5.0,10.0,299.73,0,1
50623,0,11.0,Male,2.0,2,Single,9,1,1.0,1.0,0.0,168.61,1,2
50624,1,0.0,Male,3.0,5,Single,9,0,0.0,2.0,2.0,149.69,1,2
50625,1,15.0,Female,2.0,2,Divorced,2,0,5.0,6.0,9.0,298.45,0,0
50626,0,17.0,Female,2.0,2,Divorced,4,1,1.0,2.0,11.0,233.2,0,0
50627,0,23.0,Female,3.0,3,Divorced,1,0,1.0,1.0,13.0,163.47,0,0
50628,1,0.0,Female,3.0,5,Single,2,0,15.0,15.0,14.0,127.43,0,2
50629,0,12.0,Female,2.0,5,Single,2,1,1.0,2.0,8.0,208.8,0,2
50630,0,6.0,Female,2.0,2,Single,1,0,2.0,2.0,2.0,123.42,0,2
50631,0,18.0,Female,2.0,2,Divorced,4,0,1.0,1.0,1.0,276.5,0,0
50632,0,5.0,Female,3.0,3,Single,10,0,5.0,7.0,7.0,140.25,0,2
50633,0,7.0,Male,3.0,2,Married,1,0,1.0,1.0,9.0,197.25,1,1
50634,0,30.0,Male,3.0,2,Divorced,4,1,0.0,1.0,3.0,219.04,1,0
50635,0,9.0,Male,2.0,4,Single,2,0,0.0,1.0,4.0,121.77,1,2
50636,0,26.0,Female,2.0,4,Divorced,3,0,0.0,6.0,12.0,175.25,0,0
50637,1,0.0,Male,2.0,3,Married,8,0,0.0,1.0,0.0,148.34,1,1
50638,1,9.0,Male,2.0,5,Divorced,7,1,1.0,1.0,2.0,120.42,1,0
50639,0,9.0,Female,2.0,3,Divorced,2,1,0.0,1.0,0.0,122.2,0,0
50640,0,1.0,Male,3.0,4,Divorced,2,0,1.0,1.0,0.0,110.52,1,0
50641,0,11.0,Male,3.0,3,Divorced,4,0,2.0,2.0,2.0,128.21,1,0
50642,0,23.0,Male,3.0,3,Divorced,3,1,7.0,7.0,7.0,292.37,1,0
50643,0,10.0,Female,2.0,4,Single,4,0,1.0,1.0,1.0,141.07,0,2
50644,0,13.0,Male,3.0,5,Divorced,2,0,5.0,7.0,5.0,183.96,1,0
50645,0,9.0,Female,3.0,3,Married,2,0,1.0,1.0,3.0,120.07,0,1
50646,0,19.0,Male,2.0,2,Married,10,0,1.0,2.0,2.0,296.27,1,1
50647,0,27.0,Female,2.0,3,Divorced,7,0,6.0,7.0,0.0,206.86,0,0
50648,0,29.0,Female,3.0,3,Divorced,3,0,0.0,1.0,3.0,129.42,0,0
50649,0,9.0,Female,2.0,2,Single,1,0,5.0,7.0,8.0,188.58,0,2
50650,0,28.0,Male,2.0,5,Single,8,0,1.0,6.0,2.0,267.56,1,2
50651,0,16.0,Male,3.0,2,Married,6,0,1.0,2.0,0.0,234.0,1,1
50652,1,0.0,Female,2.0,2,Single,2,1,0.0,1.0,2.0,123.23,0,2
50653,1,9.0,Female,2.0,5,Single,2,0,1.0,1.0,0.0,114.16,0,2
50654,0,19.0,Female,3.0,5,Married,9,1,1.0,1.0,7.0,146.15,0,1
50655,1,14.0,Male,2.0,3,Divorced,10,1,1.0,2.0,7.0,124.61,1,0
50656,1,0.0,Male,3.0,5,Single,2,0,0.0,1.0,9.0,187.22,1,2
50657,0,0.0,Male,2.0,5,Divorced,2,0,0.0,1.0,3.0,139.55,1,0
50658,0,3.0,Male,2.0,5,Divorced,1,0,1.0,1.0,2.0,199.57,1,0
50659,0,14.0,Female,2.0,3,Divorced,2,0,1.0,1.0,8.0,133.76,0,0
50660,0,11.0,Female,3.0,3,Divorced,1,0,0.0,1.0,9.0,188.23,0,0
50661,0,13.0,Male,3.0,2,Divorced,5,0,4.0,11.0,1.0,203.22,1,0
50662,0,0.0,Male,2.0,3,Divorced,2,0,1.0,1.0,2.0,146.21,1,0
50663,0,28.0,Male,3.0,4,Divorced,4,0,1.0,1.0,3.0,209.76,1,0
50664,0,1.0,Female,2.0,3,Single,4,0,1.0,1.0,7.0,136.6,0,2
50665,1,7.0,Male,3.0,5,Divorced,10,0,2.0,3.0,6.0,204.82,1,0
50666,0,6.0,Male,2.0,2,Married,5,0,0.0,1.0,2.0,171.19,1,1
50667,1,0.0,Male,2.0,5,Single,1,1,3.0,4.0,7.0,195.82,1,2
50668,1,0.0,Female,2.0,3,Single,2,0,3.0,3.0,8.0,145.08,0,2
50669,0,9.0,Male,2.0,3,Married,2,0,2.0,2.0,2.0,122.07,1,1
50670,0,7.0,Male,2.0,2,Single,1,0,1.0,1.0,4.0,177.56,1,2
50671,0,10.0,Female,2.0,2,Married,3,1,0.0,1.0,0.0,166.94,0,1
50672,1,0.0,Male,2.0,2,Divorced,2,1,5.0,5.0,6.0,136.91,1,0
50673,1,0.0,Male,2.0,3,Married,2,0,1.0,1.0,0.0,123.77,1,1
50674,1,9.0,Male,2.0,4,Single,5,1,0.0,2.0,2.0,123.13,1,2
50675,0,15.0,Male,2.0,5,Divorced,1,0,1.0,13.0,7.0,276.65,1,0
50676,1,0.0,Male,2.0,4,Married,2,0,0.0,1.0,0.0,125.96,1,1
50677,1,13.0,Male,2.0,3,Single,4,1,0.0,1.0,0.0,147.28,1,2
50678,0,6.0,Female,1.0,4,Divorced,1,0,1.0,1.0,2.0,143.02,0,0
50679,0,7.0,Male,3.0,2,Divorced,4,0,1.0,1.0,0.0,129.79,1,0
50680,0,21.0,Male,2.0,2,Single,3,0,1.0,2.0,1.0,268.85,1,2
50681,0,18.0,Female,3.0,3,Divorced,2,0,0.0,4.0,12.0,155.93,0,0
50682,0,25.0,Male,2.0,4,Single,8,0,3.0,4.0,0.0,204.45,1,2
50683,0,11.0,Male,3.0,3,Married,1,1,2.0,2.0,7.0,187.4,1,1
50684,0,2.0,Female,3.0,2,Married,5,0,0.0,1.0,7.0,125.14,0,1
50685,0,1.0,Female,3.0,4,Married,1,0,0.0,1.0,7.0,176.55,0,1
50686,0,19.0,Male,2.0,3,Divorced,4,0,1.0,4.0,9.0,274.65,1,0
50687,0,11.0,Male,2.0,4,Single,8,0,1.0,1.0,0.0,173.51,1,2
50688,0,16.0,Female,2.0,5,Divorced,9,0,0.0,1.0,1.0,208.2,0,0
50689,1,2.0,Male,2.0,2,Married,8,0,7.0,11.0,3.0,221.69,1,1
50690,0,13.0,Male,2.0,3,Single,2,0,4.0,4.0,9.0,296.26,1,2
50691,0,9.0,Female,3.0,4,Single,2,1,0.0,2.0,2.0,120.7,0,2
50692,0,12.0,Male,3.0,4,Single,21,0,1.0,1.0,3.0,167.82,1,2
50693,0,9.0,Male,3.0,2,Single,3,0,1.0,1.0,9.0,177.79,1,2
50694,0,4.0,Male,3.0,2,Divorced,1,0,1.0,2.0,2.0,127.91,1,0
50695,0,1.0,Male,3.0,4,Divorced,1,0,0.0,1.0,4.0,132.01,1,0
50696,0,8.0,Male,2.0,2,Married,2,0,0.0,1.0,2.0,149.68,1,1
50697,0,22.0,Male,2.0,4,Divorced,7,0,1.0,2.0,3.0,231.2,1,0
50698,0,7.0,Male,3.0,3,Single,3,0,1.0,1.0,2.0,140.33,1,2
50699,0,2.0,Female,3.0,4,Married,1,0,1.0,1.0,1.0,132.91,0,1
50700,0,15.0,Male,2.0,2,Single,5,0,1.0,1.0,0.0,142.72,1,2
50701,0,2.0,Male,3.0,2,Divorced,2,1,0.0,1.0,2.0,150.56,1,0
50702,0,11.0,Male,3.0,3,Divorced,2,0,1.0,5.0,0.0,128.44,1,0
50703,0,4.0,Male,3.0,3,Married,2,1,1.0,1.0,2.0,127.03,1,1
50704,1,9.0,Male,3.0,3,Single,2,0,0.0,1.0,0.0,119.04,1,2
50705,1,0.0,Female,3.0,5,Single,1,1,0.0,1.0,3.0,182.24,0,2
50706,0,14.0,Male,2.0,2,Divorced,4,1,1.0,1.0,0.0,147.66,1,0
50707,1,0.0,Male,3.0,3,Divorced,2,0,2.0,2.0,2.0,126.1,1,0
50708,0,10.0,Female,2.0,2,Married,8,0,0.0,1.0,3.0,157.31,0,1
50709,0,0.0,Male,2.0,3,Divorced,2,0,2.0,2.0,2.0,125.39,1,0
50710,0,7.0,Female,3.0,3,Divorced,2,0,1.0,1.0,3.0,157.14,0,0
50711,0,8.0,Male,3.0,3,Single,2,0,0.0,1.0,4.0,143.23,1,2
50712,1,0.0,Female,2.0,5,Divorced,2,0,0.0,3.0,10.0,173.36,0,0
50713,0,13.0,Female,2.0,3,Single,10,0,0.0,2.0,13.0,234.99,0,2
50714,1,5.0,Male,2.0,5,Single,1,1,7.0,2.0,14.0,237.58,1,2
50715,0,15.0,Male,2.0,5,Single,8,0,1.0,1.0,5.0,151.55,1,2
50716,0,9.0,Male,2.0,3,Divorced,7,0,1.0,1.0,7.0,122.58,1,0
50717,0,0.0,Male,2.0,4,Single,9,0,1.0,1.0,2.0,135.97,1,2
50718,1,0.0,Female,3.0,2,Divorced,2,1,1.0,1.0,0.0,125.15,0,0
50719,0,0.0,Male,2.0,2,Divorced,2,0,1.0,1.0,7.0,144.2,1,0
50720,0,3.0,Male,3.0,3,Divorced,2,0,1.0,1.0,4.0,165.78,1,0
50721,0,13.0,Female,3.0,2,Divorced,4,1,1.0,1.0,0.0,144.22,0,0
50722,0,8.0,Male,2.0,4,Married,3,0,6.0,6.0,4.0,202.74,1,1
50723,0,7.0,Male,3.0,5,Single,1,0,1.0,4.0,9.0,153.43,1,2
50724,0,8.0,Male,2.0,2,Divorced,2,0,2.0,2.0,2.0,123.76,1,0
50725,1,6.0,Female,2.0,3,Single,9,0,1.0,1.0,3.0,153.46,0,2
50726,0,5.0,Female,3.0,5,Married,2,0,0.0,1.0,0.0,128.27,0,1
50727,0,29.0,Female,3.0,5,Married,5,0,0.0,4.0,2.0,299.43,0,1
50728,0,2.0,Female,3.0,2,Divorced,2,0,0.0,1.0,8.0,131.31,0,0
50729,0,0.0,Male,2.0,5,Single,2,0,0.0,1.0,0.0,125.52,1,2
50730,0,18.0,Female,2.0,3,Divorced,5,1,1.0,1.0,2.0,144.77,0,0
50731,0,10.0,Female,2.0,2,Divorced,2,0,3.0,3.0,11.0,164.74,0,0
50732,0,0.0,Male,3.0,3,Single,2,0,0.0,1.0,2.0,130.33,1,2
50733,1,7.0,Male,3.0,3,Single,2,1,1.0,1.0,2.0,129.36,1,2
50734,0,26.0,Female,2.0,3,Married,4,0,1.0,4.0,7.0,286.06,0,1
50735,0,9.0,Female,3.0,2,Divorced,1,1,1.0,1.0,3.0,121.68,0,0
50736,1,0.0,Male,3.0,2,Divorced,1,1,0.0,1.0,0.0,128.53,1,0
50737,0,19.0,Female,3.0,5,Divorced,9,0,1.0,15.0,9.0,270.48,0,0
50738,0,9.0,Male,3.0,3,Single,3,0,1.0,1.0,0.0,122.9,1,2
50739,0,6.0,Male,2.0,3,Divorced,2,0,0.0,1.0,4.0,136.0,1,0
50740,1,9.0,Male,3.0,5,Married,7,0,1.0,1.0,0.0,121.07,1,1
50741,0,3.0,Male,3.0,5,Married,9,0,1.0,1.0,3.0,141.15,1,1
50742,0,13.0,Male,3.0,4,Divorced,6,0,1.0,1.0,0.0,143.27,1,0
50743,0,23.0,Female,1.0,5,Divorced,3,0,1.0,2.0,2.0,278.56,0,0
50744,0,1.0,Male,3.0,5,Divorced,2,0,1.0,3.0,3.0,131.96,1,0
50745,0,19.0,Male,2.0,4,Divorced,6,0,1.0,1.0,3.0,290.81,1,0
50746,0,8.0,Male,3.0,5,Divorced,4,1,1.0,1.0,7.0,189.66,1,0
50747,1,9.0,Female,3.0,4,Divorced,2,0,0.0,1.0,0.0,122.1,0,0
50748,0,6.0,Female,2.0,3,Divorced,2,0,0.0,1.0,1.0,145.39,0,0
50749,0,9.0,Male,3.0,3,Married,2,0,0.0,1.0,7.0,127.41,1,1
50750,0,3.0,Male,2.0,3,Married,2,0,8.0,8.0,9.0,134.91,1,1
50751,0,17.0,Male,2.0,2,Single,2,0,1.0,1.0,17.0,145.41,1,2
50752,0,0.0,Male,3.0,2,Single,2,0,0.0,2.0,2.0,126.78,1,2
50753,0,19.0,Male,2.0,2,Married,3,0,1.0,1.0,4.0,173.79,1,1
50754,0,15.0,Male,3.0,5,Divorced,8,0,0.0,1.0,3.0,162.72,1,0
50755,0,30.0,Male,2.0,2,Married,1,1,0.0,1.0,9.0,152.2,1,1
50756,0,5.0,Female,3.0,4,Divorced,2,0,0.0,2.0,2.0,127.43,0,0
50757,0,5.0,Female,2.0,3,Single,5,1,1.0,1.0,7.0,149.98,0,2
50758,0,9.0,Female,3.0,5,Married,3,1,5.0,7.0,7.0,202.52,0,1
50759,0,6.0,Male,3.0,2,Divorced,1,0,1.0,4.0,10.0,127.81,1,0
50760,0,13.0,Female,2.0,4,Married,8,0,1.0,1.0,3.0,168.52,0,1
50761,0,0.0,Male,2.0,2,Single,1,0,0.0,1.0,1.0,149.5,1,2
50762,0,3.0,Male,3.0,4,Divorced,1,1,1.0,5.0,7.0,135.79,1,0
50763,0,15.0,Female,2.0,5,Divorced,4,1,0.0,2.0,0.0,231.91,0,0
50764,0,8.0,Female,3.0,2,Divorced,5,1,2.0,4.0,12.0,203.77,0,0
50765,0,9.0,Male,2.0,5,Divorced,2,1,2.0,6.0,8.0,122.35,1,0
50766,0,27.0,Female,2.0,3,Married,8,0,1.0,1.0,4.0,205.02,0,1
50767,0,9.0,Female,3.0,2,Divorced,2,0,6.0,7.0,7.0,120.11,0,0
50768,1,9.0,Female,3.0,4,Single,2,1,1.0,1.0,0.0,118.59,0,2
50769,0,2.0,Female,3.0,2,Married,2,0,0.0,1.0,2.0,137.6,0,1
50770,0,27.0,Male,2.0,2,Divorced,4,0,1.0,1.0,9.0,277.79,1,0
50771,0,4.0,Male,3.0,5,Divorced,2,1,0.0,1.0,1.0,168.33,1,0
50772,0,4.0,Female,3.0,5,Single,2,0,0.0,1.0,8.0,168.12,0,2
50773,0,30.0,Female,2.0,2,Single,6,0,0.0,1.0,5.0,151.71,0,2
50774,0,16.0,Male,3.0,2,Divorced,4,0,1.0,1.0,7.0,297.4,1,0
50775,0,22.0,Male,2.0,3,Divorced,3,0,1.0,1.0,0.0,287.11,1,0
50776,0,9.0,Male,2.0,4,Divorced,2,0,1.0,1.0,7.0,136.92,1,0
50777,0,21.0,Male,3.0,4,Single,6,0,0.0,1.0,0.0,125.59,1,2
50778,0,0.0,Male,3.0,3,Married,2,0,1.0,1.0,3.0,125.17,1,1
50779,0,2.0,Male,2.0,2,Married,2,1,0.0,1.0,0.0,166.23,1,1
50780,0,21.0,Male,3.0,2,Single,7,0,1.0,1.0,0.0,282.65,1,2
50781,0,2.0,Female,2.0,2,Married,4,0,1.0,1.0,7.0,261.24,0,1
50782,0,7.0,Female,2.0,3,Divorced,1,0,1.0,1.0,0.0,125.85,0,0
50783,0,17.0,Male,2.0,4,Divorced,8,0,1.0,3.0,10.0,282.13,1,0
50784,0,6.0,Male,2.0,3,Married,1,1,1.0,1.0,8.0,183.8,1,1
50785,0,0.0,Female,3.0,2,Single,2,1,1.0,1.0,1.0,129.94,0,2
50786,0,9.0,Male,2.0,3,Divorced,2,0,0.0,1.0,1.0,112.23,1,0
50787,1,0.0,Male,3.0,2,Single,2,1,1.0,1.0,0.0,111.18,1,2
50788,0,0.0,Male,3.0,2,Single,2,1,0.0,2.0,2.0,128.75,1,2
50789,1,8.0,Female,3.0,4,Single,3,1,1.0,1.0,11.0,288.24,0,2
50790,0,28.0,Male,2.0,4,Married,2,1,3.0,2.0,0.0,235.77,1,1
50791,1,0.0,Female,2.0,3,Single,2,0,2.0,2.0,2.0,126.25,0,2
50792,0,19.0,Female,2.0,4,Divorced,3,0,1.0,1.0,8.0,287.89,0,0
50793,0,7.0,Female,2.0,5,Single,1,1,1.0,1.0,2.0,145.38,0,2
50794,0,24.0,Male,2.0,4,Married,5,1,2.0,11.0,10.0,298.47,1,1
50795,0,30.0,Male,3.0,2,Single,7,0,1.0,5.0,4.0,205.12,1,2
50796,0,7.0,Female,2.0,4,Married,5,0,3.0,5.0,10.0,144.44,0,1
50797,0,9.0,Male,2.0,3,Single,1,1,0.0,1.0,2.0,121.54,1,2
50798,0,17.0,Male,3.0,5,Married,2,0,1.0,14.0,13.0,291.9,1,1
50799,0,7.0,Male,2.0,4,Divorced,5,0,0.0,1.0,8.0,144.9,1,0
50800,0,8.0,Male,3.0,3,Divorced,1,1,1.0,2.0,2.0,135.06,1,0
50801,0,15.0,Female,3.0,4,Divorced,7,1,0.0,1.0,0.0,123.72,0,0
50802,0,16.0,Female,2.0,2,Single,4,0,10.0,15.0,17.0,202.31,0,2
50803,0,9.0,Female,2.0,4,Single,10,1,4.0,5.0,12.0,154.1,0,2
50804,1,7.0,Female,3.0,2,Divorced,2,0,0.0,1.0,5.0,179.78,0,0
50805,0,1.0,Male,2.0,2,Divorced,2,1,2.0,2.0,2.0,138.67,1,0
50806,0,24.0,Female,3.0,3,Single,1,0,7.0,7.0,7.0,128.38,0,2
50807,0,3.0,Female,3.0,3,Single,8,1,1.0,1.0,7.0,146.95,0,2
50808,1,0.0,Female,2.0,3,Married,4,1,1.0,7.0,7.0,133.39,0,1
50809,0,9.0,Male,2.0,5,Single,3,0,0.0,1.0,2.0,120.8,1,2
50810,0,9.0,Female,2.0,4,Single,2,0,1.0,2.0,1.0,120.96,0,2
50811,0,5.0,Male,2.0,2,Divorced,2,0,0.0,1.0,8.0,162.09,1,0
50812,0,18.0,Female,2.0,4,Single,4,0,1.0,1.0,0.0,280.61,0,2
50813,0,12.0,Female,3.0,4,Married,7,1,1.0,15.0,2.0,271.23,0,1
50814,0,30.0,Male,2.0,3,Married,2,0,2.0,2.0,2.0,123.72,1,1
50815,1,0.0,Male,3.0,3,Divorced,2,0,1.0,1.0,1.0,148.83,1,0
50816,1,2.0,Male,3.0,5,Single,1,0,0.0,1.0,3.0,139.04,1,2
50817,0,3.0,Female,2.0,2,Divorced,1,0,5.0,6.0,7.0,146.27,0,0
50818,0,9.0,Female,3.0,3,Divorced,4,0,0.0,1.0,7.0,170.94,0,0
50819,0,19.0,Female,2.0,5,Single,7,0,3.0,5.0,7.0,134.23,0,2
50820,0,1.0,Female,2.0,2,Divorced,1,0,7.0,7.0,5.0,166.74,0,0
50821,0,23.0,Female,2.0,5,Divorced,5,1,1.0,1.0,2.0,268.8,0,0
50822,1,3.0,Male,2.0,4,Single,3,1,0.0,1.0,0.0,190.94,1,2
50823,1,15.0,Male,3.0,4,Single,10,1,5.0,7.0,7.0,184.46,1,2
50824,0,3.0,Female,3.0,5,Divorced,2,1,0.0,1.0,3.0,219.16,0,0
50825,0,12.0,Male,2.0,3,Single,1,0,0.0,1.0,7.0,145.34,1,2
50826,0,4.0,Female,2.0,3,Married,2,1,3.0,9.0,6.0,198.52,0,1
50827,0,14.0,Male,2.0,4,Single,2,0,3.0,11.0,9.0,161.51,1,2
50828,1,9.0,Female,2.0,4,Single,2,1,1.0,2.0,2.0,123.02,0,2
50829,1,7.0,Male,2.0,5,Divorced,5,0,1.0,1.0,2.0,123.62,1,0
50830,0,15.0,Male,2.0,3,Divorced,1,1,1.0,2.0,10.0,278.61,1,0
50831,0,28.0,Female,2.0,3,Divorced,5,0,1.0,9.0,11.0,291.87,0,0
50832,0,29.0,Male,2.0,4,Single,7,0,1.0,7.0,7.0,297.17,1,2
50833,0,13.0,Male,3.0,3,Married,10,0,1.0,1.0,0.0,135.44,1,1
50834,0,7.0,Male,2.0,2,Married,1,0,1.0,1.0,6.0,185.0,1,1
50835,0,13.0,Male,3.0,2,Single,2,0,3.0,8.0,8.0,146.61,1,2
50836,0,14.0,Female,3.0,5,Married,1,0,0.0,1.0,7.0,141.03,0,1
50837,0,8.0,Male,2.0,3,Single,2,1,1.0,1.0,1.0,142.49,1,2
50838,0,24.0,Male,2.0,4,Married,2,1,1.0,2.0,10.0,240.26,1,1
50839,0,11.0,Female,2.0,5,Married,4,0,0.0,1.0,7.0,168.93,0,1
50840,0,7.0,Female,3.0,5,Single,2,0,1.0,9.0,6.0,161.25,0,2
50841,0,0.0,Male,3.0,2,Divorced,4,0,1.0,1.0,2.0,136.69,1,0
50842,1,20.0,Female,2.0,5,Divorced,8,1,4.0,5.0,9.0,200.08,0,0
50843,0,13.0,Male,2.0,4,Divorced,4,0,1.0,1.0,3.0,123.87,1,0
50844,0,9.0,Female,2.0,5,Divorced,3,0,5.0,6.0,13.0,146.39,0,0
50845,0,21.0,Male,2.0,2,Single,2,0,1.0,1.0,8.0,178.98,1,2
50846,0,0.0,Female,3.0,2,Divorced,9,0,1.0,1.0,0.0,125.34,0,0
50847,0,24.0,Female,2.0,4,Single,4,0,0.0,1.0,3.0,231.42,0,2
50848,0,9.0,Female,3.0,2,Single,2,0,1.0,1.0,0.0,116.11,0,2
50849,0,8.0,Female,2.0,2,Divorced,1,0,1.0,1.0,0.0,153.63,0,0
50850,0,0.0,Male,2.0,2,Single,4,0,1.0,1.0,0.0,150.71,1,2
50851,1,18.0,Male,2.0,3,Single,7,1,2.0,2.0,8.0,236.95,1,2
50852,0,29.0,Male,3.0,4,Divorced,5,1,11.0,2.0,9.0,234.02,1,0
50853,0,9.0,Female,3.0,3,Married,2,0,1.0,1.0,0.0,120.29,0,1
50854,0,13.0,Female,2.0,3,Married,6,0,5.0,11.0,8.0,163.77,0,1
50855,0,7.0,Male,2.0,3,Divorced,5,0,0.0,7.0,7.0,154.29,1,0
50856,1,0.0,Female,3.0,2,Single,8,0,0.0,1.0,0.0,127.85,0,2
50857,1,0.0,Female,3.0,3,Divorced,1,1,3.0,3.0,2.0,146.14,0,0
50858,0,11.0,Male,2.0,3,Married,2,0,0.0,1.0,3.0,126.1,1,1
50859,0,7.0,Female,3.0,2,Single,2,0,1.0,4.0,11.0,166.87,0,2
50860,0,1.0,Male,2.0,5,Divorced,2,0,1.0,1.0,4.0,147.24,1,0
50861,1,0.0,Male,3.0,3,Divorced,2,1,3.0,6.0,7.0,161.79,1,0
50862,0,12.0,Male,2.0,2,Divorced,4,1,0.0,1.0,4.0,161.2,1,0
50863,0,24.0,Male,2.0,4,Divorced,3,0,0.0,3.0,2.0,205.96,1,0
50864,0,14.0,Female,3.0,2,Married,4,1,0.0,3.0,3.0,154.67,0,1
50865,0,10.0,Male,3.0,3,Divorced,8,1,1.0,1.0,3.0,129.96,1,0
50866,0,6.0,Male,3.0,2,Divorced,7,0,1.0,1.0,2.0,199.98,1,0
50867,0,5.0,Male,2.0,4,Divorced,1,1,0.0,1.0,2.0,140.78,1,0
50868,0,12.0,Male,3.0,3,Divorced,4,0,0.0,1.0,5.0,209.2,1,0
50869,0,0.0,Male,3.0,3,Divorced,3,0,0.0,1.0,2.0,162.32,1,0
50870,0,25.0,Female,2.0,3,Divorced,3,1,0.0,2.0,2.0,232.47,0,0
50871,0,16.0,Female,3.0,3,Single,2,1,1.0,1.0,8.0,140.81,0,2
50872,0,0.0,Female,3.0,2,Divorced,2,1,2.0,4.0,4.0,157.69,0,0
50873,1,0.0,Female,2.0,3,Single,2,1,3.0,7.0,7.0,123.94,0,2
50874,0,0.0,Male,2.0,2,Single,1,0,0.0,1.0,1.0,139.04,1,2
50875,0,15.0,Female,2.0,5,Divorced,1,0,1.0,1.0,9.0,267.99,0,0
50876,0,25.0,Female,3.0,5,Divorced,10,0,1.0,1.0,4.0,129.5,0,0
50877,0,10.0,Female,3.0,3,Single,5,0,0.0,1.0,2.0,136.29,0,2
50878,0,8.0,Male,2.0,2,Single,3,0,0.0,2.0,2.0,193.62,1,2
50879,0,0.0,Male,2.0,2,Divorced,5,0,1.0,1.0,2.0,132.29,1,0
50880,0,0.0,Male,3.0,5,Single,1,0,1.0,1.0,7.0,135.78,1,2
50881,0,2.0,Male,2.0,5,Single,2,0,0.0,1.0,9.0,179.88,1,2
50882,1,0.0,Male,3.0,5,Single,4,0,0.0,1.0,3.0,142.84,1,2
50883,1,0.0,Female,2.0,2,Single,1,1,2.0,7.0,7.0,175.53,0,2
50884,0,27.0,Female,2.0,2,Single,7,0,1.0,12.0,7.0,273.28,0,2
50885,0,30.0,Female,3.0,5,Divorced,4,1,1.0,1.0,5.0,297.01,0,0
50886,0,28.0,Male,2.0,2,Married,3,0,1.0,2.0,0.0,247.32,1,1
50887,0,9.0,Female,2.0,4,Single,4,1,0.0,1.0,1.0,192.78,0,2
50888,1,9.0,Female,2.0,3,Single,2,0,1.0,1.0,0.0,113.59,0,2
50889,0,3.0,Female,3.0,5,Married,8,0,1.0,1.0,2.0,147.79,0,1
50890,0,4.0,Female,3.0,4,Single,4,0,1.0,1.0,0.0,264.22,0,2
50891,0,7.0,Male,3.0,5,Married,6,0,1.0,1.0,3.0,129.96,1,1
50892,1,9.0,Female,2.0,4,Single,2,0,0.0,1.0,0.0,112.61,0,2
50893,0,9.0,Male,3.0,5,Divorced,1,0,1.0,1.0,4.0,120.99,1,0
50894,0,9.0,Male,2.0,2,Single,2,0,1.0,1.0,8.0,158.1,1,2
50895,0,9.0,Female,3.0,5,Divorced,5,0,1.0,1.0,2.0,156.47,0,0
50896,0,20.0,Male,3.0,2,Divorced,8,0,1.0,1.0,2.0,134.2,1,0
50897,1,0.0,Male,3.0,5,Divorced,4,0,1.0,2.0,2.0,144.0,1,0
50898,0,10.0,Male,2.0,3,Single,1,0,1.0,1.0,3.0,135.0,1,2
50899,0,9.0,Female,2.0,5,Divorced,3,0,1.0,1.0,0.0,120.66,0,0
50900,0,20.0,Female,2.0,3,Divorced,4,0,1.0,5.0,6.0,271.69,0,0
50901,0,0.0,Female,2.0,3,Divorced,2,1,1.0,1.0,3.0,141.62,0,0
50902,0,5.0,Male,3.0,2,Divorced,5,0,1.0,1.0,3.0,192.04,1,0
50903,0,7.0,Female,2.0,4,Divorced,6,0,1.0,1.0,2.0,132.94,0,0
50904,0,9.0,Male,2.0,3,Divorced,3,1,1.0,1.0,3.0,121.27,1,0
50905,0,13.0,Male,2.0,3,Married,4,0,1.0,1.0,7.0,139.75,1,1
50906,0,4.0,Male,2.0,2,Married,2,0,2.0,9.0,9.0,207.93,1,1
50907,1,9.0,Male,2.0,1,Married,5,0,0.0,4.0,3.0,200.96,1,1
50908,1,2.0,Female,2.0,5,Single,3,1,0.0,1.0,0.0,136.46,0,2
50909,1,0.0,Female,3.0,4,Single,2,0,3.0,4.0,7.0,174.46,0,2
50910,0,18.0,Male,3.0,5,Married,3,1,0.0,1.0,7.0,208.51,1,1
50911,0,9.0,Female,3.0,4,Single,10,0,0.0,1.0,2.0,121.09,0,2
50912,1,0.0,Male,3.0,1,Divorced,7,1,2.0,2.0,2.0,137.22,1,0
50913,0,18.0,Male,2.0,1,Divorced,5,1,1.0,1.0,2.0,193.8,1,0
50914,0,21.0,Male,3.0,5,Married,5,0,1.0,2.0,2.0,154.86,1,1
50915,1,0.0,Female,3.0,3,Divorced,2,0,1.0,2.0,2.0,127.42,0,0
50916,0,13.0,Male,2.0,4,Married,3,0,1.0,2.0,8.0,237.57,1,1
50917,0,1.0,Male,2.0,5,Single,1,0,1.0,1.0,3.0,184.63,1,2
50918,0,17.0,Male,3.0,3,Single,4,0,0.0,1.0,3.0,131.62,1,2
50919,0,26.0,Male,2.0,4,Single,5,0,1.0,8.0,8.0,265.98,1,2
50920,0,22.0,Male,3.0,3,Divorced,3,0,0.0,1.0,2.0,166.51,1,0
50921,0,13.0,Male,3.0,3,Married,3,0,0.0,1.0,2.0,123.45,1,1
50922,0,17.0,Male,2.0,4,Single,2,0,1.0,1.0,3.0,134.2,1,2
50923,0,6.0,Male,2.0,5,Divorced,1,0,0.0,1.0,3.0,143.73,1,0
50924,0,7.0,Male,2.0,5,Single,4,0,2.0,3.0,12.0,147.59,1,2
50925,0,3.0,Male,3.0,3,Divorced,9,0,0.0,2.0,2.0,153.01,1,0
50926,0,15.0,Female,3.0,1,Single,2,0,4.0,5.0,8.0,136.73,0,2
50927,0,17.0,Female,3.0,3,Divorced,8,0,1.0,1.0,0.0,147.68,0,0
50928,0,9.0,Male,3.0,3,Married,2,0,0.0,1.0,0.0,112.74,1,1
50929,0,50.0,Male,3.0,3,Divorced,1,0,1.0,2.0,8.0,149.0,1,0
50930,0,22.0,Male,2.0,4,Married,4,0,0.0,1.0,7.0,204.66,1,1
50931,0,7.0,Male,3.0,5,Married,8,0,1.0,6.0,9.0,270.07,1,1
50932,1,0.0,Male,3.0,3,Divorced,4,0,1.0,1.0,2.0,129.09,1,0
50933,1,0.0,Female,2.0,4,Single,6,0,0.0,1.0,0.0,157.65,0,2
50934,1,0.0,Female,2.0,4,Single,1,1,2.0,10.0,10.0,145.99,0,2
50935,0,8.0,Male,3.0,3,Divorced,2,0,1.0,1.0,0.0,124.04,1,0
50936,1,0.0,Male,2.0,5,Single,3,1,0.0,1.0,0.0,131.72,1,2
50937,0,9.0,Female,3.0,4,Divorced,2,0,0.0,1.0,0.0,120.33,0,0
50938,0,17.0,Male,2.0,3,Single,6,1,0.0,2.0,2.0,202.09,1,2
50939,0,2.0,Male,3.0,3,Married,2,0,1.0,1.0,4.0,186.2,1,1
50940,0,9.0,Male,2.0,3,Married,1,0,0.0,1.0,3.0,120.64,1,1
50941,0,28.0,Male,1.0,3,Divorced,1,1,0.0,1.0,2.0,140.35,1,0
50942,0,6.0,Female,2.0,4,Divorced,9,0,0.0,1.0,2.0,138.38,0,0
50943,0,20.0,Female,3.0,3,Divorced,4,1,1.0,1.0,2.0,145.91,0,0
50944,1,0.0,Male,2.0,5,Single,8,0,0.0,1.0,0.0,125.61,1,2
50945,0,9.0,Male,3.0,3,Married,2,0,0.0,1.0,0.0,115.63,1,1
50946,0,1.0,Male,2.0,5,Single,1,0,1.0,1.0,3.0,148.98,1,2
50947,0,22.0,Female,2.0,5,Divorced,5,0,1.0,1.0,2.0,147.89,0,0
50948,0,2.0,Female,3.0,4,Divorced,1,0,0.0,1.0,2.0,131.8,0,0
50949,0,1.0,Male,3.0,4,Divorced,2,0,1.0,1.0,7.0,165.49,1,0
50950,0,6.0,Male,3.0,3,Single,3,1,0.0,1.0,0.0,163.88,1,2
50951,0,5.0,Male,0.0,1,Single,3,0,0.0,1.0,3.0,212.44,1,2
50952,0,27.0,Female,2.0,1,Married,4,0,1.0,2.0,12.0,260.32,0,1
50953,1,0.0,Male,3.0,5,Single,7,0,0.0,1.0,7.0,123.62,1,2
50954,0,17.0,Male,2.0,5,Divorced,4,0,1.0,14.0,17.0,263.28,1,0
50955,0,12.0,Female,2.0,4,Single,5,0,0.0,2.0,2.0,183.76,0,2
50956,0,19.0,Female,2.0,4,Divorced,9,0,1.0,5.0,1.0,266.06,0,0
50957,0,8.0,Female,3.0,4,Single,2,0,1.0,3.0,3.0,186.06,0,2
50958,0,9.0,Male,3.0,3,Single,1,0,1.0,1.0,2.0,122.72,1,2
50959,1,9.0,Male,2.0,5,Single,4,0,1.0,1.0,0.0,120.18,1,2
50960,0,7.0,Male,3.0,3,Divorced,2,1,7.0,8.0,6.0,170.83,1,0
50961,1,0.0,Female,2.0,3,Single,2,0,6.0,7.0,7.0,140.84,0,2
50962,0,23.0,Male,2.0,1,Single,2,1,13.0,2.0,9.0,244.11,1,2
50963,0,9.0,Male,2.0,3,Married,1,1,0.0,5.0,7.0,123.08,1,1
50964,0,15.0,Male,3.0,4,Married,5,0,1.0,1.0,0.0,148.41,1,1
50965,0,10.0,Male,2.0,1,Married,2,0,0.0,3.0,7.0,142.85,1,1
50966,0,2.0,Female,2.0,5,Married,4,0,0.0,1.0,7.0,197.15,0,1
50967,0,6.0,Male,2.0,4,Single,2,0,0.0,1.0,2.0,143.2,1,2
50968,0,9.0,Male,3.0,1,Married,5,0,1.0,1.0,3.0,121.32,1,1
50969,0,15.0,Male,2.0,1,Married,3,1,12.0,13.0,9.0,201.24,1,1
50970,0,13.0,Male,2.0,5,Married,1,0,2.0,7.0,1.0,154.73,1,1
50971,0,6.0,Male,3.0,3,Married,2,1,1.0,5.0,7.0,152.07,1,1
50972,0,13.0,Male,2.0,1,Single,2,1,1.0,7.0,7.0,264.37,1,2
50973,0,9.0,Male,2.0,5,Married,1,0,0.0,1.0,0.0,122.96,1,1
50974,0,13.0,Male,3.0,1,Married,4,1,2.0,2.0,2.0,140.69,1,1
50975,0,18.0,Male,3.0,4,Married,2,0,6.0,7.0,7.0,174.41,1,1
50976,0,8.0,Female,3.0,3,Married,1,0,2.0,4.0,2.0,124.3,0,1
50977,0,5.0,Female,3.0,4,Married,4,0,1.0,2.0,5.0,158.78,0,1
50978,0,9.0,Male,3.0,1,Single,4,1,0.0,1.0,2.0,126.44,1,2
50979,0,21.0,Female,3.0,3,Married,9,0,1.0,7.0,7.0,164.39,0,1
50980,0,2.0,Male,3.0,3,Married,7,0,1.0,1.0,0.0,124.51,1,1
50981,0,6.0,Male,2.0,5,Married,3,0,2.0,2.0,2.0,163.92,1,1
50982,1,0.0,Male,3.0,5,Married,2,0,3.0,6.0,7.0,197.14,1,1
50983,0,11.0,Male,3.0,3,Married,4,0,0.0,1.0,2.0,160.77,1,1
50984,0,8.0,Male,3.0,5,Single,2,0,0.0,1.0,2.0,124.5,1,2
50985,0,3.0,Male,2.0,4,Married,4,0,0.0,1.0,3.0,192.5,1,1
50986,1,9.0,Female,3.0,5,Married,2,1,1.0,1.0,0.0,120.74,0,1
50987,1,16.0,Female,3.0,1,Married,1,0,1.0,1.0,9.0,201.69,0,1
50988,1,1.0,Male,2.0,4,Married,5,0,0.0,1.0,4.0,148.55,1,1
50989,0,5.0,Male,3.0,5,Married,5,0,1.0,1.0,2.0,140.87,1,1
50990,0,21.0,Female,3.0,5,Married,9,0,7.0,7.0,6.0,123.67,0,1
50991,0,7.0,Male,3.0,1,Single,2,0,0.0,1.0,0.0,129.72,1,2
50992,0,28.0,Male,2.0,1,Married,2,0,2.0,2.0,13.0,295.86,1,1
50993,0,7.0,Male,2.0,1,Married,10,0,1.0,2.0,1.0,154.84,1,1
50994,0,9.0,Female,2.0,1,Married,2,0,1.0,1.0,0.0,120.61,0,1
50995,0,11.0,Male,3.0,4,Married,1,0,5.0,7.0,7.0,199.24,1,1
50996,0,11.0,Female,2.0,4,Single,3,0,0.0,1.0,2.0,141.98,0,2
50997,0,9.0,Female,3.0,3,Single,7,0,1.0,1.0,0.0,168.15,0,2
50998,0,2.0,Male,2.0,5,Single,2,1,0.0,1.0,5.0,147.23,1,2
50999,0,8.0,Female,2.0,3,Single,4,1,1.0,1.0,4.0,161.42,0,2
51000,0,12.0,Male,2.0,3,Married,3,0,4.0,7.0,6.0,182.37,1,1
51001,0,2.0,Male,2.0,1,Married,2,0,0.0,1.0,3.0,188.53,1,1
51002,0,23.0,Male,2.0,3,Married,5,1,0.0,1.0,0.0,293.31,1,1
51003,0,9.0,Male,2.0,3,Married,3,0,2.0,2.0,2.0,120.73,1,1
51004,0,9.0,Male,3.0,5,Married,4,1,1.0,1.0,2.0,155.62,1,1
51005,0,15.0,Male,3.0,1,Single,9,0,1.0,1.0,1.0,296.13,1,2
51006,0,8.0,Male,2.0,3,Married,2,0,5.0,6.0,8.0,134.07,1,1
51007,0,7.0,Male,3.0,3,Married,2,0,2.0,7.0,7.0,150.63,1,1
51008,0,13.0,Female,2.0,5,Married,2,0,0.0,1.0,2.0,146.39,0,1
51009,0,16.0,Male,2.0,4,Married,6,0,1.0,1.0,2.0,148.76,1,1
51010,0,8.0,Male,3.0,1,Married,2,0,1.0,1.0,1.0,126.9,1,1
51011,0,19.0,Male,2.0,5,Single,2,0,1.0,1.0,12.0,275.67,1,2
51012,1,0.0,Male,2.0,4,Married,2,1,0.0,1.0,0.0,124.08,1,1
51013,0,0.0,Female,3.0,3,Married,2,1,0.0,1.0,3.0,128.14,0,1
51014,0,23.0,Male,2.0,3,Married,3,1,3.0,12.0,3.0,212.45,1,1
51015,0,5.0,Female,2.0,1,Married,4,0,1.0,1.0,2.0,133.12,0,1
51016,0,17.0,Female,2.0,1,Married,1,1,1.0,1.0,10.0,290.49,0,1
51017,0,9.0,Male,2.0,4,Married,2,0,0.0,1.0,1.0,121.41,1,1
51018,0,18.0,Female,2.0,5,Single,2,1,1.0,1.0,4.0,157.69,0,2
51019,0,18.0,Male,2.0,5,Married,2,0,0.0,4.0,5.0,143.85,1,1
51020,0,4.0,Male,2.0,5,Single,8,0,0.0,1.0,3.0,153.32,1,2
51021,0,9.0,Female,3.0,3,Married,10,1,0.0,1.0,1.0,146.63,0,1
51022,0,7.0,Male,2.0,1,Married,2,0,5.0,7.0,2.0,147.24,1,1
51023,0,22.0,Female,2.0,5,Married,2,0,0.0,1.0,4.0,132.11,0,1
51024,0,12.0,Male,3.0,5,Married,3,0,4.0,7.0,7.0,153.77,1,1
51025,0,0.0,Male,3.0,5,Married,2,0,0.0,1.0,7.0,140.66,1,1
51026,0,8.0,Male,2.0,5,Married,2,0,0.0,1.0,10.0,152.08,1,1
51027,0,1.0,Female,2.0,5,Married,1,0,1.0,1.0,0.0,0.0,0,1
51028,0,0.0,Male,3.0,1,Single,2,0,1.0,2.0,2.0,131.17,1,2
51029,1,9.0,Female,3.0,1,Single,2,1,0.0,1.0,0.0,115.69,0,2
51030,0,20.0,Female,3.0,3,Married,4,0,1.0,1.0,0.0,296.58,0,1
51031,0,12.0,Male,3.0,3,Married,1,0,0.0,1.0,7.0,130.69,1,1
51032,0,13.0,Female,3.0,3,Married,2,0,1.0,14.0,12.0,204.35,0,1
51033,0,8.0,Female,2.0,3,Married,2,0,2.0,2.0,9.0,141.48,0,1
51034,0,10.0,Male,2.0,3,Married,4,0,0.0,1.0,2.0,157.68,1,1
51035,0,12.0,Female,2.0,3,Single,1,0,3.0,3.0,8.0,150.42,0,2
51036,0,18.0,Female,2.0,1,Married,2,0,2.0,3.0,9.0,157.7,0,1
51037,0,11.0,Female,2.0,3,Married,4,1,1.0,1.0,2.0,177.56,0,1
51038,1,0.0,Male,2.0,5,Married,10,0,4.0,6.0,0.0,203.06,1,1
51039,0,10.0,Female,3.0,4,Married,2,0,1.0,7.0,7.0,139.36,0,1
51040,0,13.0,Female,2.0,1,Single,7,1,1.0,3.0,3.0,179.45,0,2
51041,0,17.0,Male,2.0,1,Married,5,1,1.0,1.0,2.0,157.43,1,1
51042,0,21.0,Male,2.0,1,Married,3,0,2.0,2.0,2.0,252.02,1,1
51043,1,0.0,Male,2.0,1,Married,7,1,1.0,2.0,2.0,154.4,1,1
51044,0,0.0,Female,2.0,1,Single,2,1,1.0,1.0,3.0,137.6,0,2
51045,0,0.0,Female,2.0,3,Married,8,0,0.0,1.0,2.0,135.17,0,1
51046,0,0.0,Male,2.0,1,Single,3,0,0.0,1.0,2.0,125.8,1,2
51047,1,9.0,Male,3.0,5,Single,4,1,0.0,1.0,3.0,121.66,1,2
51048,0,2.0,Male,2.0,3,Single,10,0,1.0,1.0,4.0,158.69,1,2
51049,0,9.0,Female,2.0,5,Married,5,0,1.0,1.0,2.0,180.08,0,1
51050,0,0.0,Male,3.0,3,Married,2,0,0.0,1.0,7.0,152.06,1,1
51051,0,12.0,Male,3.0,4,Married,5,0,1.0,1.0,0.0,152.95,1,1
51052,0,22.0,Female,3.0,4,Married,4,0,1.0,1.0,2.0,264.13,0,1
51053,0,23.0,Female,2.0,5,Married,6,0,1.0,2.0,11.0,232.69,0,1
51054,0,0.0,Female,3.0,3,Single,2,0,0.0,2.0,2.0,127.83,0,2
51055,0,7.0,Female,3.0,4,Married,2,0,7.0,7.0,9.0,154.33,0,1
51056,0,9.0,Male,3.0,4,Single,3,0,0.0,1.0,3.0,120.13,1,2
51057,0,22.0,Female,2.0,3,Married,3,1,1.0,2.0,12.0,239.66,0,1
51058,0,9.0,Female,2.0,3,Married,1,0,1.0,1.0,2.0,143.74,0,1
51059,0,9.0,Male,3.0,5,Married,7,0,1.0,1.0,4.0,168.42,1,1
51060,0,27.0,Female,3.0,3,Married,4,0,1.0,4.0,7.0,274.26,0,1
51061,0,16.0,Male,3.0,3,Married,2,0,1.0,6.0,11.0,276.03,1,1
51062,1,0.0,Male,2.0,1,Single,4,1,3.0,6.0,7.0,145.81,1,2
51063,0,11.0,Male,2.0,1,Married,8,0,2.0,2.0,9.0,147.35,1,1
51064,0,2.0,Male,2.0,4,Married,2,1,0.0,1.0,9.0,141.87,1,1
51065,0,6.0,Male,3.0,1,Married,2,0,1.0,1.0,4.0,155.05,1,1
51066,0,5.0,Male,2.0,4,Married,1,0,0.0,1.0,6.0,154.7,1,1
51067,0,4.0,Female,3.0,1,Married,2,0,0.0,1.0,2.0,154.76,0,1
51068,0,22.0,Female,3.0,5,Married,5,1,1.0,2.0,2.0,125.87,0,1
51069,0,11.0,Female,2.0,4,Single,2,0,1.0,3.0,3.0,124.4,0,2
51070,0,20.0,Female,2.0,4,Married,7,0,0.0,2.0,2.0,259.72,0,1
51071,0,22.0,Male,2.0,3,Single,5,0,1.0,2.0,0.0,253.79,1,2
51072,0,14.0,Male,3.0,3,Single,4,1,0.0,1.0,2.0,170.82,1,2
51073,0,0.0,Male,3.0,5,Single,2,0,0.0,1.0,2.0,127.28,1,2
51074,0,6.0,Female,2.0,1,Married,2,1,0.0,1.0,2.0,153.68,0,1
51075,0,9.0,Male,3.0,3,Married,7,0,1.0,1.0,2.0,153.47,1,1
51076,0,17.0,Female,2.0,1,Married,5,1,2.0,2.0,2.0,131.95,0,1
51077,1,0.0,Male,3.0,3,Single,2,1,1.0,1.0,2.0,139.89,1,2
51078,0,11.0,Female,2.0,3,Married,8,0,0.0,1.0,0.0,133.06,0,1
51079,0,26.0,Male,2.0,1,Married,4,0,0.0,1.0,2.0,170.05,1,1
51080,1,11.0,Female,3.0,3,Married,3,1,4.0,7.0,7.0,126.55,0,1
51081,1,9.0,Male,3.0,4,Single,2,0,1.0,1.0,0.0,113.93,1,2
51082,0,0.0,Male,3.0,1,Single,2,0,5.0,5.0,7.0,125.7,1,2
51083,0,28.0,Male,3.0,4,Married,6,0,1.0,1.0,2.0,135.37,1,1
51084,0,7.0,Male,2.0,1,Married,2,0,4.0,4.0,13.0,139.86,1,1
51085,0,30.0,Male,3.0,1,Married,4,0,0.0,1.0,0.0,208.83,1,1
51086,0,9.0,Male,3.0,4,Married,2,0,2.0,2.0,13.0,120.28,1,1
51087,0,10.0,Male,2.0,1,Married,2,0,0.0,1.0,3.0,195.25,1,1
51088,0,7.0,Female,3.0,1,Married,2,0,3.0,8.0,7.0,129.29,0,1
51089,1,9.0,Male,2.0,1,Married,2,1,1.0,1.0,2.0,122.75,1,1
51090,0,17.0,Female,3.0,1,Married,2,1,6.0,6.0,7.0,178.79,0,1
51091,0,8.0,Male,3.0,1,Single,1,1,1.0,1.0,4.0,149.3,1,2
51092,0,16.0,Male,3.0,1,Married,2,1,0.0,8.0,8.0,178.47,1,1
51093,0,0.0,Male,3.0,3,Married,2,0,0.0,1.0,4.0,144.01,1,1
51094,0,14.0,Male,2.0,3,Single,2,0,6.0,8.0,7.0,192.41,1,2
51095,0,2.0,Female,3.0,3,Married,10,0,1.0,1.0,2.0,129.74,0,1
51096,0,9.0,Female,2.0,1,Single,4,0,3.0,6.0,7.0,145.02,0,2
51097,0,18.0,Male,3.0,3,Married,4,0,3.0,14.0,4.0,207.48,1,1
51098,1,9.0,Male,2.0,3,Married,2,0,0.0,1.0,0.0,115.55,1,1
51099,1,10.0,Male,2.0,3,Married,8,0,1.0,14.0,3.0,229.36,1,1
51100,0,9.0,Male,3.0,3,Married,2,0,0.0,1.0,2.0,123.05,1,1
51101,0,18.0,Female,2.0,4,Single,2,0,1.0,8.0,6.0,267.04,0,2
51102,0,5.0,Male,2.0,3,Married,7,0,0.0,1.0,3.0,134.33,1,1
51103,0,4.0,Male,3.0,3,Married,2,0,0.0,1.0,3.0,134.77,1,1
51104,0,14.0,Male,2.0,4,Married,7,0,0.0,1.0,2.0,164.3,1,1
51105,0,13.0,Female,3.0,5,Married,3,1,0.0,1.0,0.0,165.16,0,1
51106,0,0.0,Male,3.0,5,Married,2,0,1.0,1.0,2.0,139.07,1,1
51107,0,19.0,Male,2.0,4,Single,7,0,1.0,1.0,9.0,155.62,1,2
51108,0,8.0,Male,2.0,3,Married,3,0,0.0,1.0,7.0,168.83,1,1
51109,0,3.0,Male,3.0,1,Married,2,0,0.0,1.0,8.0,128.62,1,1
51110,0,20.0,Male,2.0,4,Married,8,0,0.0,1.0,0.0,149.78,1,1
51111,0,19.0,Male,3.0,1,Married,5,1,0.0,1.0,3.0,203.68,1,1
51112,1,0.0,Male,3.0,5,Married,6,1,2.0,2.0,2.0,161.34,1,1
51113,1,0.0,Male,2.0,4,Single,7,0,0.0,1.0,0.0,167.35,1,2
51114,0,0.0,Female,2.0,4,Single,2,0,1.0,1.0,2.0,132.95,0,2
51115,0,4.0,Female,1.0,1,Single,3,0,1.0,1.0,4.0,152.38,0,2
51116,0,12.0,Male,3.0,1,Married,2,1,3.0,5.0,8.0,164.72,1,1
51117,0,5.0,Male,3.0,3,Married,4,0,1.0,1.0,2.0,196.1,1,1
51118,0,13.0,Male,2.0,4,Single,2,0,1.0,12.0,8.0,298.33,1,2
51119,0,18.0,Female,2.0,3,Married,5,0,1.0,1.0,3.0,197.56,0,1
51120,0,3.0,Female,3.0,5,Single,1,0,0.0,1.0,7.0,149.68,0,2
51121,0,9.0,Male,2.0,1,Married,1,0,1.0,2.0,1.0,121.45,1,1
51122,1,9.0,Female,3.0,1,Married,7,0,1.0,1.0,2.0,121.8,0,1
51123,0,4.0,Male,2.0,3,Married,2,0,0.0,1.0,2.0,183.46,1,1
51124,0,0.0,Female,3.0,1,Single,2,0,1.0,1.0,4.0,134.45,0,2
51125,1,0.0,Female,3.0,4,Single,2,0,1.0,2.0,2.0,127.6,0,2
51126,0,2.0,Male,3.0,3,Single,9,1,0.0,1.0,2.0,162.94,1,2
51127,0,3.0,Male,3.0,5,Married,3,0,0.0,1.0,7.0,171.4,1,1
51128,0,7.0,Male,3.0,1,Married,1,1,0.0,1.0,2.0,129.32,1,1
51129,0,6.0,Female,3.0,4,Single,9,0,0.0,1.0,7.0,151.47,0,2
51130,0,22.0,Female,3.0,1,Single,4,0,0.0,1.0,4.0,145.07,0,2
51131,1,0.0,Female,3.0,5,Single,3,1,0.0,1.0,0.0,185.64,0,2
51132,0,11.0,Female,3.0,4,Married,5,0,0.0,1.0,5.0,124.68,0,1
51133,1,0.0,Male,3.0,3,Married,3,0,1.0,1.0,0.0,181.61,1,1
51134,0,9.0,Female,3.0,5,Married,2,0,0.0,1.0,0.0,121.09,0,1
51135,0,0.0,Male,2.0,3,Married,4,0,1.0,1.0,7.0,152.94,1,1
51136,0,5.0,Male,3.0,4,Single,3,0,1.0,1.0,7.0,127.18,1,2
51137,0,11.0,Male,2.0,1,Married,4,1,0.0,1.0,0.0,158.11,1,1
51138,1,6.0,Male,2.0,3,Married,10,1,1.0,1.0,0.0,124.37,1,1
51139,0,15.0,Male,3.0,4,Married,9,0,1.0,1.0,4.0,127.66,1,1
51140,0,28.0,Male,2.0,5,Married,9,0,1.0,1.0,0.0,290.38,1,1
51141,0,6.0,Male,3.0,4,Married,6,0,0.0,1.0,7.0,130.55,1,1
51142,0,9.0,Male,3.0,5,Married,2,0,1.0,1.0,4.0,122.89,1,1
51143,0,7.0,Male,2.0,3,Married,2,1,1.0,1.0,7.0,140.01,1,1
51144,0,26.0,Female,2.0,3,Married,5,1,0.0,1.0,3.0,229.65,0,1
51145,0,16.0,Male,3.0,1,Single,1,0,0.0,1.0,8.0,135.39,1,2
51146,0,7.0,Female,2.0,1,Single,6,0,1.0,2.0,2.0,160.29,0,2
51147,1,0.0,Male,3.0,4,Single,2,0,1.0,1.0,0.0,126.79,1,2
51148,0,11.0,Female,2.0,3,Married,2,0,0.0,1.0,4.0,137.02,0,1
51149,1,0.0,Female,3.0,5,Married,2,1,0.0,1.0,0.0,123.98,0,1
51150,0,4.0,Female,3.0,1,Married,2,0,2.0,5.0,7.0,154.68,0,1
51151,0,24.0,Female,2.0,3,Married,3,0,2.0,2.0,3.0,231.16,0,1
51152,0,10.0,Male,2.0,4,Married,2,0,0.0,1.0,3.0,141.89,1,1
51153,0,19.0,Male,2.0,1,Married,8,1,1.0,2.0,2.0,293.28,1,1
51154,0,9.0,Male,2.0,5,Married,8,1,1.0,5.0,7.0,183.21,1,1
51155,1,7.0,Male,2.0,4,Married,2,1,1.0,2.0,3.0,123.42,1,1
51156,0,10.0,Male,2.0,4,Married,3,0,4.0,4.0,7.0,140.71,1,1
51157,1,0.0,Male,2.0,1,Single,2,1,0.0,7.0,7.0,158.13,1,2
51158,0,6.0,Male,3.0,5,Married,7,0,6.0,7.0,6.0,131.43,1,1
51159,0,9.0,Male,2.0,1,Married,2,0,0.0,1.0,3.0,120.44,1,1
51160,0,12.0,Male,3.0,3,Single,8,0,2.0,2.0,2.0,234.64,1,2
51161,0,19.0,Male,3.0,4,Single,9,0,2.0,2.0,2.0,179.91,1,2
51162,0,13.0,Female,2.0,5,Married,5,0,1.0,1.0,2.0,133.77,0,1
51163,0,15.0,Male,3.0,5,Married,6,0,1.0,1.0,0.0,155.38,1,1
51164,0,8.0,Male,2.0,1,Married,3,0,0.0,1.0,7.0,157.62,1,1
51165,0,11.0,Male,3.0,4,Married,6,0,3.0,3.0,8.0,125.92,1,1
51166,1,0.0,Male,3.0,5,Married,5,0,0.0,1.0,7.0,153.46,1,1
51167,1,0.0,Male,2.0,5,Single,2,0,0.0,1.0,8.0,142.13,1,2
51168,0,12.0,Male,2.0,1,Married,3,0,1.0,2.0,2.0,141.27,1,1
51169,0,16.0,Male,2.0,3,Single,5,0,0.0,1.0,2.0,124.38,1,2
51170,0,14.0,Male,2.0,4,Single,4,0,1.0,1.0,2.0,168.7,1,2
51171,0,14.0,Female,2.0,3,Married,1,1,0.0,13.0,5.0,204.47,0,1
51172,0,3.0,Female,3.0,3,Single,10,0,0.0,1.0,2.0,196.67,0,2
51173,1,9.0,Female,3.0,4,Married,1,1,0.0,1.0,4.0,121.48,0,1
51174,1,9.0,Female,3.0,4,Married,5,0,1.0,3.0,7.0,189.26,0,1
51175,0,13.0,Female,2.0,1,Married,5,0,0.0,1.0,3.0,165.13,0,1
51176,0,7.0,Male,3.0,3,Married,2,0,0.0,4.0,8.0,167.99,1,1
51177,0,30.0,Male,2.0,4,Married,5,0,10.0,14.0,14.0,0.0,1,1
51178,0,8.0,Male,3.0,3,Married,1,0,1.0,1.0,3.0,127.05,1,1
51179,0,20.0,Female,3.0,4,Married,9,1,2.0,14.0,10.0,203.33,0,1
51180,0,13.0,Female,2.0,5,Married,3,0,7.0,7.0,7.0,144.48,0,1
51181,0,27.0,Female,3.0,1,Married,5,0,1.0,1.0,7.0,168.54,0,1
51182,0,4.0,Female,3.0,5,Married,3,0,2.0,2.0,2.0,196.37,0,1
51183,0,1.0,Female,3.0,5,Married,2,0,1.0,1.0,2.0,135.91,0,1
51184,0,11.0,Female,3.0,1,Married,3,1,0.0,1.0,3.0,154.05,0,1
51185,0,0.0,Male,2.0,1,Single,2,0,0.0,1.0,2.0,146.84,1,2
51186,0,30.0,Male,2.0,3,Married,3,1,1.0,2.0,2.0,257.87,1,1
51187,0,9.0,Female,2.0,3,Single,2,0,1.0,1.0,0.0,115.14,0,2
51188,1,0.0,Male,3.0,5,Married,1,0,1.0,1.0,0.0,129.56,1,1
51189,1,0.0,Male,2.0,5,Married,5,1,1.0,2.0,0.0,123.35,1,1
51190,0,18.0,Female,3.0,3,Married,5,0,3.0,5.0,7.0,151.54,0,1
51191,0,9.0,Female,3.0,4,Married,5,1,0.0,1.0,0.0,169.62,0,1
51192,0,16.0,Male,3.0,1,Married,2,0,5.0,7.0,7.0,156.75,1,1
51193,0,0.0,Female,2.0,1,Single,1,1,1.0,1.0,2.0,123.79,0,2
51194,0,2.0,Male,2.0,1,Married,2,0,1.0,3.0,10.0,138.12,1,1
51195,0,5.0,Male,3.0,1,Single,9,0,1.0,1.0,0.0,146.48,1,2
51196,0,15.0,Male,3.0,3,Married,4,0,1.0,3.0,3.0,129.36,1,1
51197,0,9.0,Female,3.0,3,Single,5,0,1.0,2.0,0.0,121.05,0,2
51198,0,19.0,Male,2.0,1,Married,4,0,1.0,4.0,7.0,185.78,1,1
51199,0,1.0,Male,3.0,1,Married,2,0,0.0,2.0,2.0,127.06,1,1
51200,0,2.0,Male,3.0,3,Married,9,0,1.0,1.0,6.0,163.84,1,1
51201,0,15.0,Male,2.0,3,Single,5,0,1.0,1.0,0.0,139.68,1,2
51202,1,0.0,Male,2.0,4,Single,8,1,2.0,2.0,2.0,199.07,1,2
51203,0,19.0,Female,2.0,5,Married,3,0,1.0,2.0,8.0,232.25,0,1
51204,0,0.0,Female,2.0,3,Married,2,0,4.0,5.0,8.0,135.4,0,1
51205,0,2.0,Male,3.0,4,Married,2,0,1.0,1.0,0.0,128.04,1,1
51206,0,16.0,Female,2.0,3,Married,8,0,3.0,6.0,14.0,293.92,0,1
51207,0,21.0,Male,3.0,4,Married,5,0,3.0,12.0,9.0,296.65,1,1
51208,1,0.0,Male,3.0,1,Single,2,1,1.0,1.0,0.0,124.39,1,2
51209,1,9.0,Female,3.0,4,Married,6,0,0.0,1.0,7.0,173.14,0,1
51210,0,0.0,Female,3.0,5,Married,1,0,7.0,7.0,3.0,147.74,0,1
51211,0,12.0,Male,2.0,1,Married,9,0,1.0,2.0,2.0,139.02,1,1
51212,0,28.0,Male,3.0,1,Married,9,0,0.0,1.0,4.0,126.62,1,1
51213,0,1.0,Female,3.0,4,Married,2,0,1.0,1.0,0.0,128.56,0,1
51214,1,0.0,Male,2.0,1,Single,2,0,0.0,1.0,0.0,110.81,1,2
51215,1,0.0,Male,3.0,4,Single,2,1,1.0,1.0,0.0,124.72,1,2
51216,0,9.0,Female,3.0,3,Married,2,1,1.0,1.0,7.0,156.73,0,1
51217,0,4.0,Male,2.0,3,Married,2,0,0.0,1.0,2.0,141.97,1,1
51218,0,7.0,Male,3.0,1,Married,3,1,0.0,1.0,0.0,197.13,1,1
51219,0,9.0,Male,2.0,5,Single,4,0,0.0,1.0,2.0,120.62,1,2
51220,0,10.0,Male,3.0,5,Married,6,1,0.0,1.0,4.0,142.84,1,1
51221,0,8.0,Female,2.0,4,Married,1,1,1.0,1.0,2.0,147.88,0,1
51222,0,18.0,Female,3.0,1,Married,1,0,0.0,3.0,8.0,159.06,0,1
51223,0,9.0,Male,3.0,1,Single,2,0,1.0,1.0,8.0,138.86,1,2
51224,0,13.0,Male,3.0,5,Married,3,0,1.0,11.0,16.0,268.23,1,1
51225,0,0.0,Female,3.0,3,Married,2,1,0.0,1.0,0.0,129.33,0,1
51226,0,0.0,Female,2.0,3,Single,1,0,0.0,1.0,7.0,165.0,0,2
51227,0,21.0,Female,2.0,1,Married,4,0,1.0,4.0,7.0,271.74,0,1
51228,0,17.0,Male,3.0,5,Married,3,0,2.0,2.0,2.0,150.33,1,1
51229,1,9.0,Male,2.0,5,Married,2,1,3.0,3.0,0.0,123.07,1,1
51230,1,19.0,Male,3.0,1,Single,2,0,0.0,1.0,0.0,125.87,1,2
51231,0,9.0,Male,2.0,4,Married,3,0,1.0,1.0,3.0,155.07,1,1
51232,0,14.0,Female,2.0,4,Married,6,0,1.0,1.0,4.0,143.93,0,1
51233,0,15.0,Male,2.0,5,Married,10,0,3.0,2.0,7.0,233.48,1,1
51234,0,4.0,Female,2.0,1,Married,3,1,0.0,1.0,4.0,165.83,0,1
51235,0,7.0,Female,3.0,1,Married,4,1,0.0,1.0,1.0,181.03,0,1
51236,0,4.0,Female,3.0,3,Married,9,0,2.0,2.0,2.0,139.78,0,1
51237,0,0.0,Male,3.0,1,Married,1,0,2.0,7.0,7.0,125.44,1,1
51238,0,18.0,Male,2.0,3,Single,5,0,1.0,1.0,3.0,153.99,1,2
51239,0,6.0,Male,2.0,3,Single,2,0,0.0,1.0,9.0,154.87,1,2
51240,0,1.0,Male,2.0,1,Married,2,1,0.0,1.0,7.0,168.34,1,1
51241,1,0.0,Male,2.0,5,Single,2,0,1.0,1.0,0.0,110.91,1,2
51242,0,12.0,Female,2.0,3,Married,7,0,0.0,1.0,2.0,157.36,0,1
51243,0,9.0,Male,2.0,4,Married,2,0,1.0,1.0,2.0,122.26,1,1
51244,0,7.0,Male,2.0,1,Married,2,1,3.0,6.0,11.0,157.47,1,1
51245,1,0.0,Female,2.0,3,Single,4,1,2.0,2.0,2.0,198.54,0,2
51246,0,20.0,Male,3.0,4,Married,9,0,0.0,1.0,7.0,154.67,1,1
51247,0,29.0,Female,2.0,5,Married,5,0,0.0,1.0,0.0,153.8,0,1
51248,0,12.0,Male,2.0,5,Married,2,0,4.0,7.0,9.0,151.51,1,1
51249,0,9.0,Female,2.0,4,Married,2,1,1.0,1.0,7.0,121.33,0,1
51250,0,30.0,Female,3.0,1,Married,5,1,1.0,1.0,0.0,278.75,0,1
51251,1,0.0,Female,2.0,3,Single,4,1,0.0,1.0,3.0,124.32,0,2
51252,0,11.0,Male,3.0,1,Married,3,0,1.0,1.0,3.0,147.71,1,1
51253,0,22.0,Male,2.0,1,Married,4,0,1.0,4.0,3.0,291.61,1,1
51254,0,15.0,Male,3.0,1,Married,4,1,0.0,1.0,0.0,150.87,1,1
51255,1,0.0,Female,3.0,4,Married,2,0,1.0,1.0,0.0,128.63,0,1
51256,0,8.0,Male,3.0,5,Married,1,0,0.0,1.0,4.0,0.0,1,1
51257,0,9.0,Male,2.0,3,Single,2,0,0.0,1.0,4.0,121.44,1,2
51258,0,4.0,Male,3.0,5,Married,2,1,0.0,2.0,3.0,130.65,1,1
51259,0,9.0,Male,3.0,4,Married,2,0,1.0,1.0,2.0,128.1,1,1
51260,0,7.0,Male,2.0,1,Single,2,0,1.0,2.0,1.0,198.88,1,2
51261,0,7.0,Male,2.0,3,Married,2,0,1.0,1.0,1.0,186.28,1,1
51262,0,0.0,Male,3.0,5,Single,1,0,3.0,7.0,6.0,128.67,1,2
51263,0,2.0,Male,2.0,5,Married,1,0,1.0,1.0,2.0,153.73,1,1
51264,0,5.0,Female,2.0,1,Married,6,0,0.0,1.0,2.0,166.67,0,1
51265,0,4.0,Male,2.0,5,Married,2,0,1.0,8.0,7.0,150.03,1,1
51266,1,0.0,Male,2.0,1,Married,6,0,0.0,1.0,3.0,123.67,1,1
51267,0,11.0,Male,3.0,5,Single,5,0,0.0,1.0,0.0,128.58,1,2
51268,0,8.0,Female,2.0,1,Married,2,1,1.0,1.0,9.0,152.04,0,1
51269,0,0.0,Male,2.0,1,Single,2,0,0.0,1.0,7.0,141.05,1,2
51270,0,5.0,Male,2.0,1,Single,9,0,0.0,1.0,0.0,196.79,1,2
51271,1,0.0,Male,3.0,1,Married,2,1,0.0,1.0,8.0,156.17,1,1
51272,1,16.0,Male,3.0,5,Single,7,1,2.0,2.0,2.0,204.48,1,2
51273,0,27.0,Female,3.0,3,Married,4,0,0.0,2.0,3.0,128.97,0,1
51274,0,6.0,Male,2.0,3,Married,2,0,2.0,2.0,8.0,159.68,1,1
51275,0,16.0,Male,1.0,3,Married,2,0,1.0,1.0,9.0,175.1,1,1
51276,0,11.0,Male,3.0,4,Married,1,1,1.0,1.0,2.0,129.91,1,1
51277,0,28.0,Male,3.0,4,Married,5,1,1.0,1.0,4.0,296.36,1,1
51278,0,4.0,Female,2.0,1,Married,2,1,1.0,1.0,0.0,111.29,0,1
51279,0,12.0,Male,3.0,5,Single,1,0,4.0,2.0,10.0,233.41,1,2
51280,0,15.0,Male,2.0,3,Single,2,0,2.0,3.0,7.0,143.32,1,2
51281,0,4.0,Female,2.0,3,Married,5,0,3.0,4.0,3.0,210.31,0,1
51282,0,27.0,Female,3.0,5,Single,7,1,0.0,1.0,4.0,144.4,0,2
51283,0,0.0,Male,2.0,3,Single,2,0,1.0,1.0,2.0,146.17,1,2
51284,0,0.0,Male,3.0,1,Single,2,0,1.0,1.0,4.0,126.47,1,2
51285,0,13.0,Female,3.0,3,Married,2,0,2.0,9.0,4.0,163.23,0,1
51286,0,13.0,Female,3.0,4,Married,4,0,1.0,5.0,10.0,156.77,0,1
51287,0,9.0,Female,2.0,4,Married,5,0,0.0,1.0,2.0,121.87,0,1
51288,0,3.0,Male,3.0,4,Married,2,0,0.0,1.0,7.0,137.48,1,1
51289,0,0.0,Male,2.0,3,Married,7,1,0.0,1.0,2.0,139.77,1,1
51290,0,20.0,Male,2.0,3,Single,3,0,1.0,12.0,11.0,186.33,1,2
51291,0,9.0,Male,2.0,3,Married,2,0,0.0,1.0,0.0,120.08,1,1
51292,0,11.0,Male,2.0,4,Married,1,0,4.0,5.0,8.0,144.4,1,1
51293,0,4.0,Male,3.0,3,Married,1,0,1.0,1.0,2.0,130.67,1,1
51294,0,11.0,Male,3.0,3,Married,3,0,2.0,7.0,7.0,153.21,1,1
51295,0,15.0,Male,2.0,5,Married,7,1,0.0,1.0,2.0,154.1,1,1
51296,0,14.0,Male,3.0,1,Married,4,0,0.0,1.0,0.0,127.82,1,1
51297,0,20.0,Female,3.0,4,Married,1,0,0.0,5.0,3.0,219.57,0,1
51298,0,8.0,Male,2.0,3,Married,8,1,0.0,2.0,2.0,126.6,1,1
51299,0,0.0,Male,3.0,3,Single,1,0,0.0,1.0,2.0,133.75,1,2
51300,0,8.0,Male,2.0,3,Single,2,0,0.0,1.0,8.0,150.98,1,2
51301,0,6.0,Female,3.0,1,Married,1,1,5.0,8.0,1.0,12.0,0,1
51302,0,5.0,Female,3.0,4,Single,2,0,3.0,4.0,1.0,128.37,0,2
51303,0,13.0,Male,2.0,1,Married,9,0,0.0,1.0,0.0,124.06,1,1
51304,0,9.0,Male,3.0,4,Married,1,0,0.0,2.0,2.0,122.69,1,1
51305,0,12.0,Male,2.0,1,Single,8,0,1.0,1.0,7.0,141.08,1,2
51306,0,11.0,Female,2.0,3,Married,4,0,1.0,2.0,11.0,232.06,0,1
51307,0,5.0,Female,2.0,1,Married,2,0,3.0,5.0,7.0,204.22,0,1
51308,0,10.0,Female,2.0,1,Married,2,1,0.0,2.0,8.0,237.44,0,1
51309,0,0.0,Female,2.0,3,Married,1,1,1.0,1.0,4.0,149.07,0,1
51310,0,25.0,Male,2.0,1,Married,3,0,1.0,1.0,0.0,134.82,1,1
51311,0,17.0,Male,2.0,1,Single,7,1,0.0,1.0,2.0,124.36,1,2
51312,0,0.0,Male,2.0,5,Single,2,1,1.0,1.0,2.0,123.8,1,2
51313,0,12.0,Male,2.0,1,Single,3,0,0.0,1.0,3.0,294.31,1,2
51314,1,9.0,Male,2.0,5,Married,2,0,1.0,1.0,0.0,117.9,1,1
51315,0,9.0,Female,3.0,1,Married,1,0,3.0,3.0,4.0,176.44,0,1
51316,0,9.0,Female,3.0,4,Married,8,0,1.0,1.0,2.0,151.31,0,1
51317,0,29.0,Male,2.0,3,Married,2,0,0.0,1.0,9.0,163.06,1,1
51318,1,0.0,Male,2.0,1,Married,10,1,2.0,2.0,2.0,147.87,1,1
51319,0,15.0,Male,2.0,3,Married,6,0,1.0,4.0,14.0,288.8,1,1
51320,1,19.0,Male,3.0,3,Married,9,0,6.0,9.0,8.0,123.39,1,1
51321,0,14.0,Female,2.0,4,Married,1,0,1.0,2.0,10.0,235.7,0,1
51322,0,7.0,Female,3.0,3,Married,2,0,1.0,1.0,7.0,167.12,0,1
51323,0,9.0,Male,2.0,1,Married,2,0,4.0,11.0,11.0,154.06,1,1
51324,0,14.0,Male,2.0,4,Married,3,0,0.0,1.0,4.0,189.38,1,1
51325,0,5.0,Male,3.0,5,Single,2,0,1.0,1.0,2.0,124.39,1,2
51326,0,8.0,Female,2.0,1,Single,2,1,1.0,1.0,7.0,188.37,0,2
51327,0,11.0,Female,3.0,1,Married,2,0,0.0,1.0,9.0,153.43,0,1
51328,1,13.0,Male,3.0,3,Married,8,0,1.0,1.0,1.0,167.28,1,1
51329,0,9.0,Female,3.0,1,Married,5,0,1.0,1.0,0.0,166.52,0,1
51330,0,18.0,Female,2.0,3,Single,9,0,1.0,1.0,1.0,148.5,0,2
51331,0,13.0,Male,3.0,3,Single,3,0,0.0,2.0,2.0,128.09,1,2
51332,0,8.0,Male,3.0,3,Married,2,1,1.0,1.0,2.0,156.89,1,1
51333,0,9.0,Female,3.0,3,Married,3,0,1.0,1.0,2.0,120.01,0,1
51334,0,8.0,Female,3.0,1,Married,2,0,0.0,1.0,1.0,129.77,0,1
51335,0,2.0,Male,2.0,4,Married,5,1,1.0,1.0,3.0,140.25,1,1
51336,0,2.0,Female,3.0,5,Single,2,0,0.0,1.0,4.0,137.85,0,2
51337,1,13.0,Male,2.0,5,Married,5,1,0.0,2.0,0.0,208.54,1,1
51338,0,12.0,Female,2.0,1,Married,1,0,1.0,9.0,3.0,220.31,0,1
51339,0,4.0,Male,3.0,5,Single,1,0,0.0,1.0,7.0,199.36,1,2
51340,0,0.0,Female,3.0,3,Single,1,0,0.0,1.0,0.0,129.66,0,2
51341,0,9.0,Male,2.0,1,Married,5,0,0.0,1.0,3.0,125.71,1,1
51342,0,12.0,Male,2.0,5,Married,5,0,1.0,1.0,7.0,199.91,1,1
51343,0,0.0,Male,2.0,4,Married,2,1,1.0,1.0,3.0,161.42,1,1
51344,0,22.0,Male,3.0,4,Married,3,0,1.0,1.0,8.0,153.9,1,1
51345,0,7.0,Male,2.0,3,Married,3,0,0.0,1.0,2.0,144.04,1,1
51346,1,4.0,Female,3.0,1,Single,9,1,0.0,1.0,5.0,159.93,0,2
51347,0,22.0,Male,3.0,4,Married,2,0,0.0,1.0,7.0,151.3,1,1
51348,1,9.0,Male,3.0,3,Single,7,1,0.0,1.0,0.0,120.9,1,2
51349,0,6.0,Female,3.0,3,Married,2,1,2.0,3.0,0.0,129.09,0,1
51350,0,0.0,Male,2.0,4,Married,10,0,1.0,2.0,2.0,134.68,1,1
51351,0,5.0,Male,3.0,1,Single,1,0,1.0,3.0,6.0,130.68,1,2
51352,0,30.0,Female,3.0,5,Married,5,1,0.0,1.0,0.0,126.7,0,1
51353,0,3.0,Male,3.0,3,Married,2,0,1.0,1.0,0.0,126.93,1,1
51354,0,11.0,Male,2.0,3,Single,1,0,1.0,1.0,8.0,195.26,1,2
51355,0,9.0,Male,3.0,3,Married,7,0,0.0,7.0,7.0,152.37,1,1
51356,0,8.0,Male,2.0,4,Married,1,0,1.0,1.0,3.0,124.26,1,1
51357,0,2.0,Female,2.0,3,Single,1,1,1.0,1.0,8.0,141.93,0,2
51358,0,4.0,Male,3.0,3,Married,2,0,3.0,4.0,3.0,129.11,1,1
51359,0,7.0,Male,3.0,1,Married,1,0,0.0,1.0,2.0,126.61,1,1
51360,1,9.0,Male,2.0,3,Single,6,1,0.0,1.0,3.0,120.28,1,2
51361,0,2.0,Female,2.0,5,Married,2,0,6.0,8.0,8.0,199.8,0,1
51362,0,5.0,Male,3.0,4,Married,1,1,1.0,1.0,5.0,132.98,1,1
51363,0,0.0,Male,3.0,1,Married,2,1,0.0,1.0,0.0,129.35,1,1
51364,0,26.0,Female,3.0,1,Married,3,0,0.0,2.0,7.0,254.27,0,1
51365,0,11.0,Male,2.0,1,Single,6,1,0.0,1.0,2.0,139.44,1,2
51366,0,0.0,Female,3.0,3,Married,1,0,0.0,1.0,3.0,140.11,0,1
51367,1,0.0,Male,2.0,5,Single,8,0,0.0,1.0,3.0,134.07,1,2
51368,0,7.0,Female,2.0,4,Single,1,0,0.0,2.0,3.0,219.94,0,2
51369,0,9.0,Male,3.0,1,Single,2,0,1.0,1.0,0.0,112.32,1,2
51370,1,0.0,Male,3.0,5,Single,3,0,0.0,1.0,3.0,129.6,1,2
51371,0,26.0,Female,2.0,3,Married,5,0,1.0,4.0,8.0,290.94,0,1
51372,1,0.0,Female,3.0,5,Single,2,1,0.0,6.0,7.0,139.19,0,2
51373,0,15.0,Male,2.0,4,Married,1,0,2.0,4.0,2.0,168.25,1,1
51374,0,17.0,Female,2.0,1,Married,4,0,0.0,5.0,17.0,202.48,0,1
51375,0,19.0,Female,2.0,5,Single,4,0,1.0,2.0,1.0,289.47,0,2
51376,0,6.0,Male,3.0,1,Single,5,0,0.0,1.0,0.0,124.96,1,2
51377,0,17.0,Male,2.0,1,Married,3,1,0.0,1.0,3.0,164.65,1,1
51378,0,9.0,Male,2.0,3,Single,2,0,0.0,1.0,8.0,122.06,1,2
51379,1,9.0,Male,2.0,1,Married,4,0,0.0,1.0,0.0,120.86,1,1
51380,1,9.0,Male,3.0,1,Married,3,1,0.0,2.0,0.0,122.93,1,1
51381,0,16.0,Female,3.0,3,Married,2,0,1.0,1.0,4.0,126.45,0,1
51382,1,13.0,Male,3.0,3,Married,2,1,1.0,1.0,2.0,126.83,1,1
51383,0,9.0,Female,3.0,1,Married,2,0,2.0,2.0,2.0,120.14,0,1
51384,0,9.0,Female,2.0,5,Married,10,1,1.0,1.0,0.0,134.19,0,1
51385,0,6.0,Female,2.0,5,Married,3,0,0.0,1.0,3.0,153.76,0,1
51386,0,9.0,Male,3.0,1,Married,2,0,1.0,1.0,0.0,119.51,1,1
51387,0,0.0,Female,2.0,5,Married,2,0,1.0,1.0,0.0,123.41,0,1
51388,1,9.0,Male,2.0,3,Single,2,0,0.0,1.0,1.0,122.93,1,2
51389,0,0.0,Male,2.0,3,Single,2,0,1.0,1.0,7.0,187.26,1,2
51390,0,3.0,Female,2.0,1,Single,2,0,1.0,3.0,7.0,140.11,0,2
51391,1,4.0,Female,2.0,3,Married,2,0,1.0,15.0,8.0,295.45,0,1
51392,0,7.0,Male,3.0,3,Single,1,0,0.0,8.0,7.0,145.68,1,2
51393,0,10.0,Male,3.0,4,Married,5,0,0.0,1.0,0.0,130.22,1,1
51394,0,19.0,Male,3.0,1,Single,5,1,1.0,1.0,8.0,157.72,1,2
51395,0,9.0,Male,2.0,1,Married,2,0,1.0,1.0,1.0,122.69,1,1
51396,1,11.0,Male,3.0,3,Single,10,1,0.0,1.0,0.0,153.81,1,2
51397,1,0.0,Male,2.0,3,Single,2,1,0.0,2.0,2.0,134.41,1,2
51398,0,17.0,Female,3.0,5,Married,6,1,1.0,1.0,3.0,154.54,0,1
51399,0,8.0,Male,3.0,5,Married,3,1,1.0,2.0,3.0,198.84,1,1
51400,0,0.0,Female,2.0,1,Married,8,1,0.0,1.0,0.0,141.57,0,1
51401,0,6.0,Female,3.0,1,Single,2,1,3.0,2.0,12.0,234.58,0,2
51402,0,8.0,Male,3.0,5,Married,2,0,0.0,1.0,8.0,190.69,1,1
51403,0,8.0,Female,1.0,5,Married,4,1,0.0,2.0,2.0,140.14,0,1
51404,0,4.0,Male,2.0,1,Married,4,0,0.0,1.0,7.0,159.15,1,1
51405,0,10.0,Male,2.0,3,Married,2,0,0.0,1.0,7.0,159.93,1,1
51406,0,5.0,Male,2.0,1,Married,2,1,5.0,7.0,8.0,161.62,1,1
51407,0,11.0,Female,2.0,1,Single,2,0,6.0,9.0,9.0,124.06,0,2
51408,0,23.0,Female,2.0,3,Married,6,1,1.0,13.0,8.0,287.4,0,1
51409,0,30.0,Female,4.0,5,Single,8,0,6.0,7.0,9.0,176.37,0,2
51410,0,9.0,Female,2.0,3,Married,2,0,7.0,12.0,8.0,200.96,0,1
51411,0,28.0,Female,2.0,3,Married,3,1,1.0,2.0,2.0,247.56,0,1
51412,0,9.0,Male,3.0,4,Single,2,0,1.0,1.0,3.0,164.99,1,2
51413,0,18.0,Male,2.0,5,Married,3,0,0.0,1.0,0.0,197.24,1,1
51414,0,9.0,Male,3.0,5,Married,5,0,0.0,1.0,2.0,121.94,1,1
51415,1,0.0,Male,3.0,3,Married,1,1,1.0,1.0,0.0,133.88,1,1
51416,0,30.0,Female,2.0,3,Single,8,0,1.0,1.0,3.0,154.73,0,2
51417,0,2.0,Male,3.0,4,Married,1,0,1.0,1.0,4.0,127.03,1,1
51418,0,4.0,Male,2.0,4,Single,2,0,1.0,1.0,0.0,125.01,1,2
51419,0,5.0,Male,3.0,4,Married,2,0,1.0,1.0,9.0,162.2,1,1
51420,0,9.0,Female,3.0,1,Married,4,0,0.0,1.0,0.0,130.38,0,1
51421,0,4.0,Female,3.0,1,Single,2,0,1.0,1.0,8.0,144.24,0,2
51422,0,8.0,Male,2.0,5,Single,1,0,1.0,2.0,8.0,143.12,1,2
51423,0,18.0,Male,2.0,5,Married,5,1,1.0,2.0,0.0,232.45,1,1
51424,0,10.0,Male,1.0,3,Single,5,0,0.0,2.0,2.0,236.64,1,2
51425,0,19.0,Male,3.0,4,Married,2,1,1.0,1.0,2.0,150.21,1,1
51426,0,3.0,Male,2.0,1,Married,2,1,1.0,3.0,0.0,151.26,1,1
51427,0,8.0,Male,3.0,3,Single,2,0,1.0,1.0,4.0,128.59,1,2
51428,0,28.0,Male,3.0,1,Married,4,0,0.0,1.0,0.0,202.39,1,1
51429,0,11.0,Female,3.0,1,Married,8,1,0.0,1.0,9.0,153.29,0,1
51430,0,7.0,Male,3.0,4,Married,2,0,1.0,1.0,3.0,143.25,1,1
51431,0,29.0,Male,2.0,1,Single,5,0,0.0,1.0,2.0,172.6,1,2
51432,0,0.0,Male,3.0,5,Married,4,0,1.0,1.0,0.0,123.22,1,1
51433,0,9.0,Male,3.0,1,Married,4,0,1.0,1.0,3.0,120.75,1,1
51434,0,3.0,Male,4.0,1,Married,2,0,3.0,10.0,8.0,141.52,1,1
51435,1,9.0,Male,3.0,1,Single,2,0,3.0,4.0,7.0,196.19,1,2
51436,0,13.0,Male,3.0,4,Married,2,0,5.0,2.0,11.0,235.03,1,1
51437,0,24.0,Male,3.0,1,Single,1,1,0.0,1.0,0.0,154.41,1,2
51438,0,3.0,Female,3.0,4,Married,2,1,2.0,2.0,7.0,152.09,0,1
51439,0,19.0,Male,2.0,5,Married,3,1,4.0,9.0,5.0,206.73,1,1
51440,0,5.0,Male,2.0,3,Single,2,0,5.0,5.0,7.0,150.1,1,2
51441,0,27.0,Female,2.0,3,Married,10,0,0.0,2.0,3.0,235.49,0,1
51442,0,0.0,Female,2.0,3,Married,1,0,0.0,1.0,2.0,149.99,0,1
51443,0,1.0,Male,2.0,3,Married,2,0,0.0,1.0,4.0,142.21,1,1
51444,0,30.0,Male,2.0,3,Single,1,0,0.0,2.0,8.0,238.72,1,2
51445,0,9.0,Male,3.0,4,Married,5,0,0.0,1.0,2.0,120.42,1,1
51446,1,9.0,Male,3.0,5,Married,5,1,0.0,1.0,2.0,120.73,1,1
51447,0,5.0,Male,3.0,5,Single,2,0,0.0,1.0,0.0,129.56,1,2
51448,1,0.0,Female,3.0,1,Single,2,1,0.0,1.0,0.0,129.26,0,2
51449,0,7.0,Female,2.0,3,Single,2,0,0.0,2.0,10.0,148.09,0,2
51450,0,10.0,Male,3.0,1,Married,6,0,1.0,1.0,0.0,151.63,1,1
51451,0,30.0,Female,2.0,1,Married,10,0,1.0,2.0,2.0,288.44,0,1
51452,0,23.0,Female,3.0,4,Married,4,1,1.0,1.0,7.0,281.72,0,1
51453,1,0.0,Male,2.0,3,Single,2,1,0.0,1.0,3.0,157.44,1,2
51454,0,0.0,Male,3.0,1,Married,2,0,0.0,2.0,1.0,128.89,1,1
51455,0,0.0,Female,3.0,1,Single,2,0,1.0,1.0,0.0,128.71,0,2
51456,0,24.0,Female,1.0,5,Single,4,0,4.0,12.0,8.0,174.84,0,2
51457,1,0.0,Male,3.0,3,Single,2,1,1.0,1.0,6.0,160.74,1,2
51458,0,27.0,Female,1.0,1,Single,3,1,1.0,4.0,4.0,273.28,0,2
51459,0,0.0,Male,3.0,3,Married,1,0,0.0,1.0,2.0,127.74,1,1
51460,0,7.0,Female,2.0,4,Married,7,0,1.0,1.0,0.0,145.05,0,1
51461,0,10.0,Male,2.0,1,Single,3,0,0.0,1.0,3.0,174.28,1,2
51462,0,7.0,Female,2.0,5,Single,3,0,2.0,5.0,3.0,216.31,0,2
51463,0,9.0,Female,3.0,1,Married,1,0,0.0,2.0,8.0,197.38,0,1
51464,0,9.0,Female,3.0,1,Married,6,0,0.0,1.0,0.0,128.35,0,1
51465,0,16.0,Male,3.0,1,Married,2,1,1.0,4.0,12.0,269.59,1,1
51466,0,3.0,Male,3.0,3,Married,2,0,0.0,1.0,9.0,126.13,1,1
51467,0,6.0,Male,3.0,4,Married,1,0,0.0,1.0,7.0,161.46,1,1
51468,1,19.0,Female,3.0,4,Married,10,1,3.0,4.0,3.0,149.63,0,1
51469,0,24.0,Male,2.0,3,Single,8,0,8.0,15.0,15.0,295.37,1,2
51470,1,0.0,Male,3.0,3,Married,5,1,0.0,7.0,7.0,161.72,1,1
51471,0,0.0,Female,2.0,4,Married,2,0,2.0,4.0,3.0,123.68,0,1
51472,1,20.0,Female,3.0,1,Married,2,0,7.0,15.0,6.0,203.12,0,1
51473,1,9.0,Male,2.0,3,Single,2,1,1.0,1.0,0.0,116.75,1,2
51474,0,0.0,Male,3.0,1,Married,1,0,2.0,2.0,1.0,125.23,1,1
51475,0,22.0,Female,3.0,5,Married,2,0,5.0,5.0,11.0,165.67,0,1
51476,0,16.0,Female,3.0,3,Single,5,0,0.0,1.0,2.0,147.39,0,2
51477,0,23.0,Female,3.0,1,Single,5,0,1.0,2.0,1.0,192.08,0,2
51478,1,0.0,Female,3.0,3,Married,4,1,0.0,2.0,2.0,145.59,0,1
51479,0,14.0,Male,3.0,3,Married,4,1,0.0,1.0,7.0,181.89,1,1
51480,0,0.0,Female,3.0,3,Married,2,0,2.0,5.0,7.0,129.42,0,1
51481,0,9.0,Male,2.0,4,Married,7,0,0.0,1.0,1.0,149.41,1,1
51482,1,14.0,Male,2.0,1,Single,3,0,1.0,1.0,3.0,206.5,1,2
51483,0,12.0,Female,2.0,3,Married,5,0,5.0,5.0,9.0,159.02,0,1
51484,0,0.0,Male,2.0,3,Married,3,0,1.0,2.0,2.0,186.39,1,1
51485,0,3.0,Male,2.0,1,Married,1,1,4.0,4.0,7.0,163.47,1,1
51486,1,0.0,Female,2.0,5,Single,8,0,1.0,1.0,4.0,142.0,0,2
51487,0,18.0,Male,2.0,1,Single,6,0,1.0,1.0,3.0,134.52,1,2
51488,0,11.0,Female,2.0,3,Single,4,1,2.0,2.0,2.0,143.17,0,2
51489,0,3.0,Female,3.0,3,Single,2,0,1.0,1.0,4.0,126.32,0,2
51490,0,5.0,Male,2.0,1,Married,1,0,0.0,1.0,7.0,146.68,1,1
51491,0,3.0,Female,2.0,5,Married,6,0,0.0,2.0,30.0,132.04,0,1
51492,0,3.0,Male,3.0,1,Single,1,0,0.0,1.0,2.0,127.2,1,2
51493,0,14.0,Male,3.0,5,Married,5,0,1.0,7.0,7.0,271.81,1,1
51494,0,9.0,Male,3.0,5,Married,3,0,0.0,1.0,4.0,122.38,1,1
51495,0,9.0,Female,3.0,4,Single,2,0,1.0,1.0,0.0,114.83,0,2
51496,0,13.0,Female,2.0,4,Married,2,0,0.0,2.0,13.0,156.05,0,1
51497,0,8.0,Male,3.0,4,Married,2,0,0.0,1.0,6.0,172.95,1,1
51498,0,9.0,Male,2.0,3,Married,3,1,0.0,4.0,5.0,123.06,1,1
51499,0,18.0,Male,2.0,4,Married,9,0,1.0,1.0,15.0,123.48,1,1
51500,0,5.0,Female,2.0,1,Single,2,0,2.0,3.0,7.0,189.98,0,2
51501,0,2.0,Male,2.0,3,Married,2,0,0.0,1.0,9.0,143.19,1,1
51502,0,24.0,Male,2.0,3,Married,3,0,1.0,1.0,0.0,161.32,1,1
51503,0,30.0,Female,3.0,4,Married,5,1,1.0,1.0,0.0,133.46,0,1
51504,0,13.0,Male,3.0,1,Married,8,0,1.0,2.0,11.0,208.55,1,1
51505,0,9.0,Female,3.0,3,Married,7,0,0.0,1.0,2.0,122.31,0,1
51506,0,0.0,Male,3.0,1,Married,2,0,2.0,2.0,2.0,123.23,1,1
51507,0,9.0,Male,2.0,4,Married,7,0,2.0,2.0,2.0,120.24,1,1
51508,0,1.0,Male,3.0,1,Married,2,0,0.0,1.0,2.0,127.13,1,1
51509,0,30.0,Male,2.0,1,Married,4,1,1.0,1.0,4.0,194.39,1,1
51510,0,0.0,Male,3.0,3,Married,2,1,0.0,1.0,1.0,125.66,1,1
51511,0,23.0,Female,2.0,4,Single,4,0,0.0,4.0,4.0,299.26,0,2
51512,0,14.0,Male,2.0,3,Married,5,0,1.0,1.0,8.0,124.51,1,1
51513,0,3.0,Female,2.0,1,Married,3,0,1.0,7.0,4.0,194.19,0,1
51514,0,11.0,Female,2.0,1,Single,5,0,0.0,1.0,7.0,186.86,0,2
51515,0,5.0,Male,3.0,3,Single,4,0,0.0,1.0,4.0,130.38,1,2
51516,0,0.0,Male,3.0,4,Married,1,1,0.0,1.0,1.0,130.58,1,1
51517,1,0.0,Female,3.0,5,Single,1,0,1.0,1.0,0.0,123.25,0,2
51518,0,9.0,Male,1.0,4,Single,5,0,2.0,7.0,2.0,120.88,1,2
51519,0,3.0,Male,3.0,5,Married,2,0,5.0,6.0,10.0,130.72,1,1
51520,0,18.0,Female,1.0,5,Married,5,1,0.0,1.0,3.0,150.06,0,1
51521,0,29.0,Female,3.0,5,Married,5,1,2.0,2.0,2.0,142.57,0,1
51522,0,6.0,Male,2.0,1,Single,1,0,1.0,1.0,2.0,125.0,1,2
51523,1,0.0,Male,2.0,1,Single,2,0,1.0,1.0,0.0,111.02,1,2
51524,0,19.0,Female,3.0,5,Married,2,0,8.0,15.0,7.0,204.53,0,1
51525,0,9.0,Female,3.0,1,Single,2,0,1.0,2.0,1.0,122.88,0,2
51526,0,4.0,Female,3.0,1,Married,9,1,1.0,1.0,2.0,139.29,0,1
51527,0,9.0,Female,3.0,4,Single,3,0,0.0,1.0,2.0,123.11,0,2
51528,1,4.0,Female,3.0,4,Single,2,1,0.0,1.0,2.0,131.4,0,2
51529,0,23.0,Male,2.0,3,Married,3,0,1.0,1.0,2.0,136.9,1,1
51530,0,26.0,Female,2.0,5,Married,2,0,1.0,1.0,3.0,144.5,0,1
51531,0,6.0,Female,3.0,4,Married,2,0,1.0,1.0,6.0,127.56,0,1
51532,0,13.0,Female,2.0,3,Married,2,0,1.0,9.0,9.0,290.33,0,1
51533,0,28.0,Male,3.0,4,Single,9,0,1.0,2.0,15.0,287.22,1,2
51534,0,7.0,Male,2.0,3,Married,2,0,0.0,1.0,9.0,195.47,1,1
51535,0,24.0,Female,3.0,4,Single,4,0,1.0,2.0,0.0,237.34,0,2
51536,0,25.0,Male,3.0,3,Married,1,0,7.0,11.0,9.0,299.99,1,1
51537,0,9.0,Female,4.0,4,Single,2,0,0.0,1.0,3.0,122.79,0,2
51538,1,0.0,Male,2.0,3,Married,4,1,1.0,1.0,1.0,159.16,1,1
51539,0,9.0,Male,2.0,1,Married,5,0,1.0,2.0,2.0,120.89,1,1
51540,0,18.0,Male,3.0,1,Married,10,0,1.0,11.0,8.0,267.92,1,1
51541,0,10.0,Male,3.0,5,Married,2,1,1.0,1.0,7.0,135.64,1,1
51542,0,8.0,Female,2.0,4,Single,6,0,0.0,1.0,2.0,144.25,0,2
51543,0,15.0,Female,2.0,3,Married,3,0,0.0,1.0,2.0,152.65,0,1
51544,0,11.0,Male,2.0,3,Married,10,0,1.0,1.0,0.0,165.53,1,1
51545,0,11.0,Male,2.0,1,Married,4,0,0.0,1.0,7.0,162.61,1,1
51546,0,0.0,Male,2.0,5,Married,6,0,2.0,2.0,0.0,142.98,1,1
51547,0,22.0,Male,3.0,1,Married,2,1,0.0,1.0,7.0,168.04,1,1
51548,0,7.0,Male,2.0,3,Married,2,1,2.0,2.0,0.0,138.15,1,1
51549,0,13.0,Male,3.0,1,Married,9,1,3.0,3.0,7.0,127.41,1,1
51550,1,1.0,Male,3.0,5,Married,8,1,1.0,1.0,0.0,166.73,1,1
51551,1,0.0,Female,2.0,1,Married,2,0,0.0,1.0,9.0,176.39,0,1
51552,0,0.0,Male,2.0,4,Married,2,1,2.0,2.0,2.0,123.28,1,1
51553,0,9.0,Female,3.0,1,Single,2,0,0.0,1.0,7.0,121.53,0,2
51554,0,13.0,Male,3.0,1,Married,10,0,0.0,1.0,2.0,148.76,1,1
51555,0,19.0,Male,3.0,5,Married,8,0,0.0,1.0,3.0,193.96,1,1
51556,1,0.0,Male,2.0,1,Married,2,0,6.0,9.0,8.0,204.0,1,1
51557,0,3.0,Male,2.0,3,Single,2,0,4.0,5.0,8.0,184.74,1,2
51558,0,0.0,Female,2.0,3,Single,2,0,1.0,1.0,7.0,199.81,0,2
51559,0,24.0,Male,2.0,4,Married,6,0,2.0,4.0,3.0,224.9,1,1
51560,1,0.0,Female,2.0,5,Single,6,1,0.0,1.0,4.0,126.57,0,2
51561,0,14.0,Female,3.0,1,Single,4,1,0.0,2.0,0.0,235.91,0,2
51562,1,0.0,Female,2.0,5,Single,6,0,1.0,1.0,1.0,166.96,0,2
51563,1,9.0,Male,2.0,3,Single,1,0,0.0,1.0,5.0,120.58,1,2
51564,0,18.0,Female,2.0,1,Single,7,0,5.0,12.0,8.0,188.65,0,2
51565,0,27.0,Female,2.0,5,Married,3,0,1.0,1.0,5.0,159.4,0,1
51566,0,9.0,Male,3.0,4,Single,9,0,2.0,3.0,7.0,159.14,1,2
51567,0,6.0,Female,2.0,4,Married,7,0,0.0,1.0,1.0,126.22,0,1
51568,0,10.0,Male,2.0,1,Married,2,1,1.0,1.0,3.0,221.85,1,1
51569,0,11.0,Male,3.0,3,Married,1,0,1.0,5.0,13.0,206.09,1,1
51570,0,4.0,Male,2.0,3,Married,1,0,0.0,1.0,4.0,143.45,1,1
51571,0,9.0,Male,3.0,1,Married,4,0,0.0,1.0,0.0,121.77,1,1
51572,0,10.0,Male,3.0,1,Married,5,0,3.0,5.0,8.0,127.93,1,1
51573,0,2.0,Female,2.0,1,Married,2,0,4.0,4.0,1.0,179.18,0,1
51574,0,8.0,Female,3.0,3,Single,2,0,1.0,1.0,8.0,187.89,0,2
51575,1,0.0,Male,2.0,1,Single,2,1,0.0,1.0,1.0,123.89,1,2
51576,0,25.0,Female,2.0,1,Single,8,0,2.0,2.0,2.0,132.12,0,2
51577,0,15.0,Male,2.0,1,Married,2,0,0.0,11.0,15.0,292.32,1,1
51578,0,9.0,Male,2.0,3,Married,9,0,0.0,2.0,2.0,122.67,1,1
51579,0,23.0,Female,3.0,1,Married,4,0,1.0,1.0,6.0,295.17,0,1
51580,1,0.0,Male,2.0,1,Married,6,1,1.0,1.0,4.0,124.36,1,1
51581,0,16.0,Female,3.0,1,Married,6,1,0.0,2.0,9.0,260.64,0,1
51582,1,0.0,Female,3.0,5,Married,8,0,1.0,1.0,7.0,127.07,0,1
51583,0,25.0,Male,3.0,3,Single,2,1,1.0,15.0,12.0,290.68,1,2
51584,0,5.0,Female,2.0,4,Married,3,0,1.0,1.0,2.0,139.31,0,1
51585,1,0.0,Male,3.0,3,Single,1,1,0.0,1.0,2.0,137.3,1,2
51586,0,9.0,Female,3.0,3,Married,8,0,1.0,1.0,2.0,122.32,0,1
51587,0,5.0,Male,3.0,1,Married,1,0,2.0,2.0,2.0,144.65,1,1
51588,0,14.0,Male,3.0,5,Married,3,0,0.0,1.0,0.0,130.72,1,1
51589,0,13.0,Male,3.0,1,Married,2,0,2.0,4.0,7.0,133.19,1,1
51590,0,18.0,Male,3.0,1,Married,1,0,1.0,1.0,7.0,292.02,1,1
51591,0,4.0,Male,3.0,3,Married,10,0,2.0,2.0,2.0,236.75,1,1
51592,0,6.0,Female,3.0,1,Married,2,0,0.0,1.0,2.0,129.11,0,1
51593,0,7.0,Male,2.0,5,Married,7,0,0.0,5.0,9.0,159.57,1,1
51594,0,10.0,Female,2.0,5,Married,3,0,0.0,1.0,2.0,139.2,0,1
51595,0,18.0,Male,3.0,3,Married,5,0,1.0,1.0,2.0,164.34,1,1
51596,1,0.0,Male,3.0,3,Married,7,0,0.0,1.0,0.0,200.48,1,1
51597,0,12.0,Female,3.0,3,Single,1,0,6.0,11.0,3.0,209.38,0,2
51598,0,2.0,Male,2.0,1,Single,2,0,1.0,1.0,5.0,123.4,1,2
51599,0,15.0,Female,2.0,5,Single,4,1,1.0,1.0,2.0,165.45,0,2
51600,0,2.0,Male,2.0,1,Married,3,0,1.0,1.0,2.0,169.31,1,1
51601,0,0.0,Female,3.0,3,Married,1,0,1.0,1.0,2.0,148.98,0,1
51602,0,15.0,Female,2.0,5,Married,1,1,7.0,7.0,8.0,125.93,0,1
51603,0,13.0,Male,2.0,3,Married,1,0,3.0,3.0,9.0,294.36,1,1
51604,0,24.0,Male,3.0,1,Married,2,0,1.0,1.0,0.0,127.23,1,1
51605,1,0.0,Male,3.0,4,Single,1,0,0.0,1.0,4.0,134.79,1,2
51606,0,5.0,Male,3.0,4,Married,2,0,0.0,1.0,3.0,127.94,1,1
51607,0,11.0,Male,2.0,1,Married,4,0,1.0,7.0,5.0,152.49,1,1
51608,0,9.0,Male,2.0,5,Single,5,0,0.0,1.0,4.0,121.76,1,2
51609,0,19.0,Female,3.0,4,Married,4,1,1.0,7.0,7.0,268.72,0,1
51610,1,0.0,Male,3.0,3,Single,3,0,0.0,1.0,0.0,134.85,1,2
51611,0,2.0,Male,3.0,4,Married,3,0,1.0,1.0,0.0,166.44,1,1
51612,0,4.0,Male,3.0,1,Married,1,0,0.0,7.0,8.0,155.82,1,1
51613,0,0.0,Male,2.0,5,Married,2,0,1.0,1.0,5.0,140.0,1,1
51614,0,18.0,Male,3.0,1,Married,1,1,2.0,2.0,10.0,234.96,1,1
51615,0,9.0,Male,2.0,1,Married,1,0,1.0,10.0,11.0,132.1,1,1
51616,0,28.0,Male,2.0,5,Single,1,1,1.0,4.0,13.0,290.45,1,2
51617,1,10.0,Male,2.0,4,Married,2,1,4.0,9.0,3.0,218.49,1,1
51618,0,9.0,Male,3.0,1,Married,2,0,1.0,1.0,4.0,120.7,1,1
51619,0,10.0,Male,3.0,1,Married,5,0,1.0,1.0,1.0,165.02,1,1
51620,0,0.0,Male,3.0,3,Single,2,0,1.0,1.0,0.0,132.3,1,2
51621,0,10.0,Female,3.0,1,Married,3,1,0.0,2.0,2.0,236.03,0,1
51622,0,8.0,Female,3.0,4,Married,8,0,5.0,6.0,3.0,219.96,0,1
51623,0,11.0,Female,2.0,5,Married,2,1,4.0,7.0,7.0,156.05,0,1
51624,0,0.0,Female,2.0,4,Married,2,0,1.0,1.0,4.0,163.97,0,1
51625,0,23.0,Male,3.0,4,Married,4,0,1.0,1.0,6.0,291.44,1,1
51626,0,26.0,Male,2.0,3,Married,4,1,1.0,1.0,3.0,275.84,1,1
51627,0,15.0,Male,1.0,3,Married,2,0,6.0,11.0,6.0,149.07,1,1
51628,0,2.0,Male,2.0,1,Single,2,0,0.0,1.0,9.0,145.54,1,2
51629,0,28.0,Male,2.0,1,Married,4,1,0.0,1.0,8.0,154.15,1,1
51630,0,0.0,Male,2.0,5,Married,2,1,1.0,3.0,3.0,147.41,1,1
51631,0,9.0,Female,2.0,1,Single,2,0,1.0,5.0,7.0,121.15,0,2
51632,1,7.0,Male,3.0,3,Married,4,1,0.0,1.0,0.0,131.61,1,1
51633,0,11.0,Male,2.0,1,Married,10,0,0.0,1.0,2.0,157.45,1,1
51634,1,0.0,Male,2.0,4,Married,3,1,1.0,1.0,2.0,123.73,1,1
51635,0,1.0,Female,3.0,1,Single,2,0,1.0,1.0,2.0,133.1,0,2
51636,0,22.0,Female,2.0,5,Single,10,1,1.0,1.0,2.0,286.65,0,2
51637,0,9.0,Male,1.0,4,Single,5,0,2.0,7.0,7.0,144.85,1,2
51638,0,4.0,Female,3.0,4,Married,2,0,0.0,2.0,2.0,127.89,0,1
51639,1,0.0,Male,2.0,1,Single,2,1,4.0,7.0,4.0,158.28,1,2
51640,0,10.0,Male,2.0,1,Married,2,1,0.0,1.0,2.0,123.26,1,1
51641,0,15.0,Female,3.0,4,Married,6,0,3.0,2.0,8.0,235.25,0,1
51642,1,9.0,Male,2.0,3,Single,2,0,1.0,1.0,0.0,114.2,1,2
51643,0,8.0,Male,3.0,4,Married,1,0,3.0,6.0,9.0,180.2,1,1
51644,0,9.0,Male,2.0,1,Married,5,0,1.0,1.0,0.0,136.88,1,1
51645,0,24.0,Male,2.0,4,Married,6,0,0.0,1.0,2.0,154.82,1,1
51646,0,14.0,Male,2.0,4,Single,2,0,1.0,2.0,4.0,260.15,1,2
51647,0,9.0,Female,3.0,3,Single,2,0,0.0,1.0,0.0,112.0,0,2
51648,0,1.0,Male,3.0,5,Single,1,0,0.0,1.0,7.0,156.61,1,2
51649,0,4.0,Male,3.0,1,Married,5,0,3.0,7.0,7.0,169.29,1,1
51650,0,12.0,Male,2.0,1,Married,1,0,1.0,3.0,7.0,196.13,1,1
51651,0,9.0,Female,2.0,4,Married,8,0,1.0,1.0,8.0,156.74,0,1
51652,0,5.0,Male,3.0,3,Married,2,0,3.0,4.0,8.0,154.84,1,1
51653,0,11.0,Female,2.0,4,Married,4,0,0.0,1.0,3.0,220.61,0,1
51654,0,30.0,Male,2.0,3,Married,3,1,1.0,1.0,2.0,156.6,1,1
51655,0,4.0,Male,2.0,1,Married,1,1,1.0,1.0,3.0,148.21,1,1
51656,0,4.0,Male,3.0,5,Married,4,0,0.0,1.0,0.0,164.1,1,1
51657,0,18.0,Male,3.0,5,Married,2,0,2.0,9.0,11.0,152.1,1,1
51658,0,4.0,Male,3.0,1,Married,1,1,2.0,2.0,2.0,126.95,1,1
51659,0,6.0,Female,3.0,4,Married,7,0,7.0,8.0,3.0,218.78,0,1
51660,0,0.0,Male,3.0,5,Married,2,1,1.0,11.0,10.0,270.68,1,1
51661,0,16.0,Female,2.0,1,Single,1,0,0.0,1.0,7.0,124.55,0,2
51662,0,22.0,Female,2.0,3,Single,8,1,0.0,2.0,7.0,239.64,0,2
51663,1,15.0,Male,2.0,4,Married,3,0,7.0,7.0,7.0,149.41,1,1
51664,0,0.0,Female,2.0,4,Single,2,1,0.0,1.0,2.0,124.78,0,2
51665,0,5.0,Female,3.0,4,Married,2,1,11.0,11.0,9.0,152.28,0,1
51666,0,0.0,Male,3.0,3,Single,2,1,0.0,1.0,4.0,144.78,1,2
51667,0,4.0,Male,3.0,1,Married,5,0,0.0,1.0,7.0,175.47,1,1
51668,0,5.0,Female,3.0,1,Single,8,0,0.0,1.0,7.0,150.55,0,2
51669,1,0.0,Male,2.0,1,Married,6,1,1.0,2.0,2.0,134.64,1,1
51670,0,3.0,Female,3.0,1,Married,2,0,1.0,1.0,9.0,157.75,0,1
51671,0,4.0,Female,2.0,3,Married,2,0,7.0,8.0,9.0,189.43,0,1
51672,0,12.0,Male,2.0,1,Married,2,0,6.0,13.0,3.0,292.72,1,1
51673,1,2.0,Female,2.0,3,Married,5,1,1.0,1.0,0.0,152.38,0,1
51674,0,6.0,Male,2.0,1,Single,4,0,1.0,1.0,1.0,146.82,1,2
51675,0,20.0,Male,2.0,3,Married,5,0,1.0,1.0,1.0,283.0,1,1
51676,0,16.0,Female,2.0,3,Married,2,0,1.0,1.0,0.0,152.57,0,1
51677,0,0.0,Male,3.0,4,Married,1,1,0.0,1.0,4.0,163.49,1,1
51678,0,27.0,Female,2.0,3,Single,4,0,0.0,1.0,3.0,148.69,0,2
51679,0,16.0,Female,2.0,5,Married,9,0,1.0,1.0,0.0,199.85,0,1
51680,0,18.0,Male,3.0,1,Married,10,0,8.0,9.0,8.0,136.97,1,1
51681,0,13.0,Male,2.0,1,Married,3,1,1.0,1.0,2.0,174.57,1,1
51682,1,9.0,Male,3.0,5,Married,2,1,0.0,1.0,7.0,121.19,1,1
51683,0,2.0,Male,1.0,1,Single,1,0,1.0,2.0,2.0,139.83,1,2
51684,0,3.0,Female,1.0,3,Married,2,0,1.0,1.0,2.0,161.18,0,1
51685,0,0.0,Female,2.0,4,Married,2,0,0.0,1.0,7.0,162.14,0,1
51686,0,10.0,Male,3.0,1,Married,8,0,1.0,1.0,4.0,163.47,1,1
51687,0,11.0,Male,3.0,1,Married,1,1,2.0,2.0,3.0,215.1,1,1
51688,0,4.0,Female,2.0,1,Single,2,1,4.0,4.0,10.0,171.43,0,2
51689,0,2.0,Female,2.0,4,Married,2,1,1.0,1.0,7.0,182.68,0,1
51690,0,8.0,Male,3.0,4,Single,1,0,1.0,1.0,13.0,180.95,1,2
51691,0,0.0,Male,3.0,1,Married,2,0,0.0,1.0,2.0,129.04,1,1
51692,0,14.0,Male,3.0,4,Single,7,1,1.0,1.0,2.0,160.32,1,2
51693,0,20.0,Male,3.0,3,Single,4,0,0.0,1.0,0.0,129.76,1,2
51694,0,15.0,Female,2.0,1,Single,3,0,0.0,2.0,0.0,259.92,0,2
51695,0,2.0,Male,3.0,3,Married,2,0,1.0,1.0,2.0,146.49,1,1
51696,0,15.0,Male,3.0,3,Married,1,1,1.0,1.0,0.0,126.96,1,1
51697,0,5.0,Female,3.0,4,Married,2,0,0.0,1.0,7.0,123.7,0,1
51698,0,21.0,Female,3.0,3,Married,4,0,0.0,1.0,3.0,225.04,0,1
51699,0,10.0,Male,2.0,5,Married,5,1,6.0,6.0,7.0,159.74,1,1
51700,0,3.0,Female,2.0,3,Married,8,1,2.0,2.0,2.0,147.36,0,1
51701,0,0.0,Male,2.0,3,Married,2,0,0.0,7.0,7.0,152.96,1,1
51702,0,15.0,Male,3.0,1,Single,4,0,1.0,1.0,0.0,167.81,1,2
51703,1,9.0,Female,3.0,4,Single,2,1,1.0,1.0,2.0,121.74,0,2
51704,0,9.0,Female,2.0,1,Single,5,0,1.0,1.0,0.0,166.53,0,2
51705,0,9.0,Male,2.0,1,Married,5,0,0.0,1.0,12.0,196.99,1,1
51706,0,30.0,Male,2.0,3,Married,3,0,0.0,1.0,2.0,167.55,1,1
51707,0,9.0,Female,2.0,3,Married,4,1,0.0,1.0,7.0,122.13,0,1
51708,0,0.0,Male,2.0,1,Single,2,0,2.0,2.0,2.0,126.1,1,2
51709,1,0.0,Female,3.0,3,Single,2,1,0.0,1.0,0.0,128.51,0,2
51710,0,10.0,Female,3.0,5,Married,7,0,1.0,1.0,3.0,134.52,0,1
51711,0,19.0,Female,1.0,3,Married,3,0,1.0,1.0,0.0,152.58,0,1
51712,1,4.0,Male,2.0,4,Single,2,0,4.0,7.0,7.0,193.55,1,2
51713,0,23.0,Male,3.0,1,Single,7,0,1.0,1.0,3.0,204.96,1,2
51714,1,3.0,Male,3.0,3,Married,3,1,1.0,1.0,0.0,163.8,1,1
51715,0,4.0,Male,2.0,4,Single,1,1,2.0,2.0,2.0,126.57,1,2
51716,1,0.0,Female,3.0,4,Single,2,0,0.0,1.0,0.0,127.16,0,2
51717,0,9.0,Male,2.0,1,Single,10,0,0.0,1.0,2.0,122.01,1,2
51718,0,8.0,Male,3.0,4,Single,10,0,0.0,1.0,0.0,165.4,1,2
51719,0,0.0,Male,2.0,4,Married,2,0,0.0,1.0,4.0,138.16,1,1
51720,0,1.0,Male,3.0,1,Single,2,0,1.0,1.0,7.0,152.53,1,2
51721,0,22.0,Male,2.0,3,Single,9,0,1.0,1.0,3.0,209.65,1,2
51722,0,24.0,Female,2.0,1,Married,5,0,1.0,1.0,7.0,149.36,0,1
51723,0,9.0,Female,3.0,3,Married,5,0,2.0,2.0,2.0,125.43,0,1
51724,1,0.0,Male,3.0,1,Single,9,1,0.0,1.0,4.0,153.04,1,2
51725,0,28.0,Female,3.0,1,Single,3,1,1.0,1.0,2.0,266.59,0,2
51726,0,0.0,Female,3.0,3,Married,2,1,0.0,1.0,3.0,142.6,0,1
51727,0,3.0,Male,3.0,4,Married,2,0,1.0,1.0,0.0,124.76,1,1
51728,1,0.0,Male,3.0,5,Single,1,0,0.0,1.0,4.0,131.02,1,2
51729,0,9.0,Female,2.0,4,Married,2,0,1.0,1.0,2.0,122.44,0,1
51730,0,9.0,Male,3.0,3,Married,2,0,8.0,9.0,0.0,175.96,1,1
51731,1,9.0,Male,2.0,1,Single,10,1,1.0,1.0,0.0,122.85,1,2
51732,0,10.0,Female,3.0,5,Married,2,0,10.0,12.0,17.0,130.34,0,1
51733,0,13.0,Female,2.0,4,Married,8,0,0.0,1.0,3.0,157.15,0,1
51734,0,15.0,Female,3.0,5,Married,4,0,0.0,1.0,2.0,125.76,0,1
51735,0,10.0,Male,2.0,4,Single,3,1,0.0,1.0,1.0,141.97,1,2
51736,0,16.0,Male,2.0,4,Married,2,0,3.0,2.0,9.0,243.36,1,1
51737,0,13.0,Female,3.0,3,Married,7,0,1.0,1.0,0.0,134.48,0,1
51738,0,27.0,Male,2.0,5,Married,5,0,1.0,1.0,2.0,294.06,1,1
51739,0,7.0,Female,3.0,3,Married,10,0,0.0,1.0,2.0,165.38,0,1
51740,0,4.0,Female,2.0,5,Married,2,0,3.0,3.0,12.0,143.06,0,1
51741,0,9.0,Male,3.0,1,Married,8,0,1.0,1.0,2.0,122.58,1,1
51742,0,16.0,Female,3.0,3,Married,5,1,1.0,1.0,2.0,145.22,0,1
51743,0,0.0,Female,3.0,1,Single,2,1,0.0,1.0,3.0,144.87,0,2
51744,0,10.0,Female,3.0,3,Married,4,1,4.0,10.0,7.0,144.49,0,1
51745,0,9.0,Male,3.0,5,Married,2,0,3.0,3.0,2.0,122.18,1,1
51746,0,12.0,Male,2.0,3,Married,2,1,0.0,1.0,6.0,291.97,1,1
51747,0,29.0,Female,2.0,5,Married,10,0,6.0,2.0,7.0,232.12,0,1
51748,0,3.0,Female,2.0,3,Single,1,0,3.0,4.0,4.0,165.77,0,2
51749,0,14.0,Male,2.0,5,Married,2,0,1.0,1.0,7.0,183.92,1,1
51750,0,1.0,Male,3.0,5,Married,2,0,0.0,1.0,8.0,145.58,1,1
51751,1,0.0,Male,3.0,5,Married,6,0,1.0,1.0,2.0,140.31,1,1
51752,0,25.0,Male,2.0,3,Married,3,1,1.0,1.0,4.0,179.69,1,1
51753,0,18.0,Male,3.0,1,Married,4,0,0.0,1.0,2.0,126.54,1,1
51754,0,25.0,Female,1.0,1,Married,3,0,1.0,1.0,4.0,265.55,0,1
51755,0,15.0,Female,3.0,3,Married,3,0,1.0,1.0,2.0,145.56,0,1
51756,0,3.0,Female,2.0,1,Single,3,0,1.0,1.0,2.0,160.91,0,2
51757,0,30.0,Female,2.0,5,Married,6,0,1.0,11.0,10.0,295.66,0,1
51758,0,19.0,Female,2.0,3,Married,3,0,1.0,1.0,8.0,148.1,0,1
51759,0,15.0,Female,2.0,1,Married,1,0,0.0,1.0,4.0,145.23,0,1
51760,1,0.0,Female,3.0,4,Single,2,1,0.0,1.0,4.0,132.02,0,2
51761,1,0.0,Female,2.0,3,Married,1,0,0.0,1.0,0.0,123.51,0,1
51762,0,9.0,Male,2.0,1,Married,2,1,1.0,1.0,0.0,117.02,1,1
51763,0,13.0,Female,3.0,3,Married,1,0,1.0,1.0,12.0,280.41,0,1
51764,0,0.0,Female,3.0,1,Married,2,0,0.0,1.0,2.0,128.86,0,1
51765,0,9.0,Male,2.0,1,Married,5,0,1.0,1.0,4.0,120.97,1,1
51766,0,2.0,Male,3.0,3,Married,2,0,0.0,1.0,3.0,219.35,1,1
51767,1,0.0,Female,3.0,4,Married,6,0,1.0,1.0,1.0,125.46,0,1
51768,1,0.0,Male,2.0,1,Single,2,0,0.0,1.0,0.0,125.64,1,2
51769,0,3.0,Female,3.0,5,Married,1,0,3.0,7.0,8.0,184.12,0,1
51770,0,30.0,Male,2.0,1,Married,4,0,1.0,2.0,0.0,241.18,1,1
51771,0,23.0,Male,2.0,3,Married,1,0,1.0,15.0,7.0,270.46,1,1
51772,0,3.0,Female,2.0,1,Single,1,0,1.0,6.0,7.0,125.64,0,2
51773,0,30.0,Female,3.0,5,Married,5,0,3.0,13.0,11.0,202.66,0,1
51774,0,20.0,Female,3.0,1,Married,6,0,0.0,1.0,4.0,150.7,0,1
51775,0,19.0,Male,2.0,3,Married,7,0,1.0,1.0,1.0,278.61,1,1
51776,0,8.0,Male,2.0,3,Single,1,0,1.0,4.0,3.0,142.3,1,2
51777,0,27.0,Female,2.0,3,Single,8,0,0.0,1.0,0.0,137.8,0,2
51778,0,7.0,Male,3.0,3,Married,4,0,3.0,5.0,7.0,127.68,1,1
51779,0,5.0,Female,3.0,1,Married,3,1,0.0,1.0,2.0,190.71,0,1
51780,0,4.0,Male,2.0,4,Married,2,0,0.0,1.0,8.0,206.48,1,1
51781,1,0.0,Male,2.0,3,Married,8,1,3.0,2.0,7.0,236.1,1,1
51782,1,0.0,Male,2.0,1,Married,8,0,0.0,1.0,3.0,134.08,1,1
51783,0,3.0,Male,3.0,4,Single,1,0,0.0,1.0,2.0,129.83,1,2
51784,0,8.0,Male,3.0,3,Married,5,1,0.0,1.0,0.0,176.32,1,1
51785,1,0.0,Male,3.0,3,Married,4,0,1.0,1.0,0.0,198.24,1,1
51786,1,0.0,Female,2.0,5,Married,10,1,1.0,1.0,2.0,199.5,0,1
51787,0,9.0,Male,3.0,3,Married,5,0,0.0,2.0,0.0,120.93,1,1
51788,0,9.0,Male,2.0,1,Single,2,0,8.0,9.0,7.0,199.8,1,2
51789,1,0.0,Male,3.0,3,Single,6,0,0.0,1.0,2.0,138.94,1,2
51790,0,21.0,Female,2.0,1,Married,3,0,6.0,6.0,7.0,140.51,0,1
51791,0,28.0,Female,2.0,4,Single,4,0,1.0,7.0,8.0,268.35,0,2
51792,0,14.0,Male,2.0,1,Single,8,0,0.0,1.0,10.0,162.3,1,2
51793,0,8.0,Male,2.0,3,Married,10,0,0.0,6.0,9.0,147.17,1,1
51794,0,13.0,Female,3.0,3,Single,8,0,4.0,2.0,13.0,232.37,0,2
51795,0,12.0,Female,2.0,3,Married,2,0,1.0,1.0,7.0,137.55,0,1
51796,0,4.0,Male,3.0,1,Single,5,1,1.0,1.0,5.0,165.82,1,2
51797,0,15.0,Male,2.0,5,Married,2,1,5.0,5.0,8.0,174.06,1,1
51798,0,18.0,Male,3.0,4,Married,1,0,3.0,3.0,7.0,148.05,1,1
51799,1,0.0,Female,3.0,3,Married,1,1,0.0,1.0,0.0,127.41,0,1
51800,0,2.0,Male,2.0,1,Married,5,0,1.0,1.0,2.0,142.62,1,1
51801,0,6.0,Female,3.0,3,Married,5,0,1.0,1.0,5.0,261.84,0,1
51802,0,4.0,Male,2.0,1,Married,10,0,1.0,1.0,3.0,215.57,1,1
51803,1,9.0,Male,3.0,4,Single,2,1,1.0,1.0,0.0,118.78,1,2
51804,0,13.0,Male,2.0,5,Married,4,0,0.0,1.0,3.0,209.32,1,1
51805,0,14.0,Female,3.0,3,Single,3,1,0.0,1.0,7.0,168.11,0,2
51806,0,0.0,Male,2.0,3,Married,6,0,0.0,1.0,0.0,143.06,1,1
51807,0,8.0,Female,3.0,3,Single,2,0,1.0,1.0,3.0,148.59,0,2
51808,0,7.0,Male,3.0,1,Single,2,0,0.0,5.0,7.0,153.37,1,2
51809,1,0.0,Male,3.0,1,Single,2,1,0.0,1.0,0.0,123.4,1,2
51810,0,10.0,Female,2.0,1,Single,5,0,1.0,1.0,2.0,174.91,0,2
51811,0,19.0,Female,2.0,3,Married,6,0,0.0,1.0,2.0,205.27,0,1
51812,0,14.0,Female,3.0,5,Married,8,0,1.0,11.0,8.0,265.95,0,1
51813,0,10.0,Male,3.0,4,Married,2,0,1.0,7.0,7.0,188.34,1,1
51814,0,25.0,Male,3.0,5,Married,4,1,2.0,6.0,9.0,155.77,1,1
51815,1,0.0,Male,2.0,3,Married,9,0,1.0,1.0,2.0,147.07,1,1
51816,0,0.0,Male,2.0,1,Married,1,0,1.0,2.0,1.0,124.0,1,1
51817,0,11.0,Female,3.0,3,Married,4,0,0.0,1.0,0.0,198.24,0,1
51818,0,10.0,Female,3.0,4,Married,7,0,4.0,4.0,3.0,164.47,0,1
51819,0,22.0,Male,2.0,3,Married,2,1,1.0,1.0,9.0,295.02,1,1
51820,0,0.0,Male,3.0,1,Married,2,1,0.0,1.0,4.0,127.25,1,1
51821,0,0.0,Male,3.0,4,Married,2,0,0.0,1.0,4.0,162.72,1,1
51822,0,9.0,Male,3.0,4,Married,2,0,1.0,1.0,0.0,121.27,1,1
51823,0,23.0,Male,3.0,4,Married,2,0,1.0,10.0,7.0,282.0,1,1
51824,0,9.0,Male,2.0,3,Married,2,0,1.0,1.0,6.0,120.96,1,1
51825,1,0.0,Female,3.0,3,Married,2,1,0.0,1.0,2.0,128.86,0,1
51826,1,9.0,Male,3.0,5,Married,2,0,1.0,1.0,0.0,120.33,1,1
51827,0,7.0,Male,2.0,1,Married,2,1,1.0,1.0,3.0,136.22,1,1
51828,1,0.0,Male,2.0,5,Married,3,0,0.0,1.0,2.0,142.33,1,1
51829,0,8.0,Male,2.0,1,Single,5,0,1.0,1.0,2.0,136.81,1,2
51830,0,4.0,Male,3.0,1,Married,5,0,5.0,5.0,7.0,154.6,1,1
51831,0,9.0,Female,3.0,3,Married,1,0,0.0,1.0,3.0,121.87,0,1
51832,0,10.0,Male,3.0,3,Married,5,1,0.0,1.0,0.0,196.02,1,1
51833,0,0.0,Female,3.0,4,Single,2,0,0.0,1.0,0.0,128.36,0,2
51834,0,15.0,Female,2.0,1,Married,2,0,0.0,2.0,2.0,140.89,0,1
51835,0,16.0,Male,2.0,1,Married,5,1,1.0,1.0,0.0,266.27,1,1
51836,0,11.0,Female,2.0,5,Single,4,0,0.0,1.0,0.0,126.19,0,2
51837,0,16.0,Male,3.0,3,Married,4,1,1.0,4.0,7.0,156.79,1,1
51838,0,21.0,Female,2.0,5,Married,8,0,0.0,2.0,2.0,254.02,0,1
51839,0,17.0,Female,2.0,3,Single,5,0,1.0,1.0,2.0,159.85,0,2
51840,0,7.0,Female,2.0,3,Married,2,1,1.0,1.0,6.0,125.79,0,1
51841,1,0.0,Male,3.0,5,Married,1,0,1.0,1.0,2.0,130.41,1,1
51842,0,0.0,Male,2.0,3,Single,2,0,0.0,1.0,2.0,134.47,1,2
51843,0,17.0,Male,2.0,1,Married,5,1,0.0,1.0,1.0,295.13,1,1
51844,0,0.0,Male,3.0,3,Married,1,0,1.0,2.0,2.0,127.73,1,1
51845,0,6.0,Male,2.0,3,Married,1,0,0.0,1.0,2.0,171.04,1,1
51846,0,5.0,Female,3.0,1,Married,2,1,1.0,1.0,5.0,163.22,0,1
51847,0,9.0,Female,3.0,3,Married,2,0,1.0,1.0,0.0,120.83,0,1
51848,0,26.0,Female,2.0,5,Single,8,0,4.0,8.0,10.0,183.81,0,2
51849,0,7.0,Male,3.0,1,Married,2,0,1.0,8.0,8.0,126.91,1,1
51850,1,8.0,Female,3.0,5,Married,3,0,0.0,1.0,0.0,142.86,0,1
51851,0,0.0,Female,3.0,1,Married,2,1,0.0,1.0,2.0,56.0,0,1
51852,0,10.0,Male,2.0,3,Married,2,0,7.0,7.0,8.0,194.34,1,1
51853,0,2.0,Female,3.0,3,Married,2,0,0.0,1.0,2.0,155.61,0,1
51854,0,8.0,Male,2.0,1,Single,2,0,0.0,11.0,8.0,166.46,1,2
51855,0,6.0,Male,1.0,1,Married,4,0,3.0,4.0,7.0,177.25,1,1
51856,0,27.0,Male,2.0,4,Married,3,0,2.0,7.0,1.0,207.25,1,1
51857,0,9.0,Male,2.0,4,Married,3,1,0.0,1.0,2.0,188.47,1,1
51858,0,9.0,Male,2.0,1,Single,1,0,1.0,1.0,1.0,120.45,1,2
51859,1,0.0,Male,2.0,3,Single,2,1,1.0,1.0,1.0,110.09,1,2
51860,1,0.0,Male,3.0,5,Single,2,1,5.0,9.0,7.0,133.48,1,2
51861,0,9.0,Male,2.0,3,Married,2,0,1.0,1.0,0.0,112.81,1,1
51862,0,0.0,Male,3.0,5,Married,3,0,0.0,1.0,2.0,128.19,1,1
51863,0,0.0,Male,2.0,4,Married,1,0,1.0,1.0,2.0,148.51,1,1
51864,0,11.0,Female,2.0,1,Single,1,0,1.0,1.0,5.0,140.28,0,2
51865,0,2.0,Male,3.0,1,Married,2,0,0.0,2.0,8.0,127.2,1,1
51866,0,21.0,Male,2.0,4,Married,4,0,0.0,2.0,2.0,181.2,1,1
51867,0,0.0,Female,3.0,1,Married,2,1,1.0,1.0,4.0,146.47,0,1
51868,0,10.0,Male,3.0,1,Single,4,0,1.0,1.0,0.0,146.8,1,2
51869,0,23.0,Male,3.0,3,Married,2,1,0.0,3.0,8.0,132.21,1,1
51870,0,7.0,Female,2.0,4,Single,2,0,4.0,7.0,7.0,186.21,0,2
51871,1,0.0,Female,3.0,3,Single,10,0,1.0,2.0,0.0,145.77,0,2
51872,0,12.0,Female,3.0,3,Single,2,0,1.0,11.0,10.0,145.53,0,2
51873,0,5.0,Male,2.0,1,Single,2,0,1.0,1.0,8.0,153.96,1,2
51874,1,13.0,Male,2.0,3,Married,4,1,0.0,1.0,3.0,167.96,1,1
51875,0,11.0,Female,2.0,1,Single,1,0,0.0,1.0,8.0,176.25,0,2
51876,0,0.0,Female,3.0,5,Married,2,0,0.0,1.0,7.0,174.12,0,1
51877,0,5.0,Female,2.0,1,Single,4,0,6.0,7.0,3.0,211.59,0,2
51878,0,20.0,Male,2.0,5,Single,3,0,1.0,1.0,7.0,149.6,1,2
51879,0,13.0,Male,2.0,5,Married,6,1,0.0,1.0,12.0,204.75,1,1
51880,0,26.0,Male,2.0,3,Married,4,0,0.0,2.0,3.0,248.14,1,1
51881,0,14.0,Male,3.0,1,Married,4,0,1.0,12.0,6.0,291.41,1,1
51882,0,30.0,Male,2.0,5,Single,9,0,2.0,2.0,2.0,154.05,1,2
51883,0,0.0,Male,2.0,5,Married,2,0,0.0,1.0,7.0,187.93,1,1
51884,0,14.0,Male,2.0,3,Married,2,0,1.0,2.0,10.0,291.89,1,1
51885,0,23.0,Male,2.0,4,Married,8,0,0.0,2.0,2.0,138.75,1,1
51886,1,9.0,Female,3.0,4,Single,8,1,1.0,3.0,7.0,122.16,0,2
51887,0,9.0,Female,3.0,5,Married,10,0,0.0,1.0,3.0,217.13,0,1
51888,0,11.0,Female,2.0,3,Single,5,1,0.0,1.0,0.0,178.61,0,2
51889,0,17.0,Male,2.0,3,Single,3,0,0.0,1.0,4.0,137.08,1,2
51890,0,20.0,Female,2.0,3,Married,10,1,1.0,2.0,13.0,237.7,0,1
51891,0,3.0,Male,3.0,1,Married,8,0,2.0,7.0,7.0,153.04,1,1
51892,0,2.0,Male,3.0,3,Single,2,0,1.0,1.0,0.0,126.42,1,2
51893,1,5.0,Male,3.0,3,Married,7,1,0.0,2.0,2.0,127.59,1,1
51894,0,16.0,Male,2.0,1,Married,4,0,1.0,2.0,2.0,168.04,1,1
51895,0,7.0,Female,3.0,3,Single,4,0,0.0,4.0,3.0,161.42,0,2
51896,0,0.0,Male,2.0,5,Married,2,0,1.0,1.0,2.0,125.0,1,1
51897,0,12.0,Female,2.0,4,Married,10,0,0.0,3.0,6.0,163.89,0,1
51898,0,29.0,Male,2.0,1,Married,8,0,0.0,1.0,3.0,211.03,1,1
51899,0,13.0,Female,2.0,1,Single,1,1,0.0,2.0,3.0,123.42,0,2
51900,0,0.0,Female,2.0,5,Single,9,0,1.0,1.0,7.0,168.11,0,2
51901,0,9.0,Male,2.0,4,Married,2,0,2.0,2.0,2.0,122.97,1,1
51902,0,26.0,Male,2.0,1,Single,3,0,2.0,2.0,2.0,124.5,1,2
51903,0,8.0,Female,3.0,5,Married,3,0,1.0,1.0,0.0,150.93,0,1
51904,0,5.0,Male,3.0,1,Married,2,0,1.0,4.0,7.0,153.09,1,1
51905,0,11.0,Male,3.0,3,Married,7,1,0.0,1.0,1.0,130.57,1,1
51906,0,7.0,Female,2.0,5,Married,4,0,1.0,1.0,0.0,151.21,0,1
51907,0,25.0,Male,2.0,5,Married,2,0,1.0,1.0,16.0,268.56,1,1
51908,1,0.0,Male,3.0,1,Single,2,1,6.0,7.0,8.0,126.86,1,2
51909,0,0.0,Female,2.0,1,Single,2,0,0.0,1.0,4.0,161.8,0,2
51910,0,18.0,Male,2.0,3,Single,1,0,1.0,3.0,1.0,166.32,1,2
51911,0,0.0,Male,3.0,3,Single,2,0,0.0,1.0,2.0,135.05,1,2
51912,1,10.0,Female,3.0,3,Single,5,1,0.0,1.0,3.0,163.97,0,2
51913,0,7.0,Male,2.0,1,Single,2,0,0.0,1.0,4.0,162.74,1,2
51914,1,18.0,Male,3.0,5,Married,6,1,1.0,1.0,4.0,298.59,1,1
51915,0,9.0,Male,3.0,5,Single,2,0,0.0,1.0,9.0,175.87,1,2
51916,0,25.0,Male,2.0,1,Married,1,0,1.0,1.0,2.0,142.58,1,1
51917,0,0.0,Female,3.0,1,Married,4,0,2.0,2.0,0.0,143.64,0,1
51918,0,2.0,Female,3.0,3,Married,5,0,0.0,1.0,1.0,143.35,0,1
51919,1,0.0,Male,2.0,5,Single,7,0,0.0,1.0,2.0,153.26,1,2
51920,0,7.0,Female,3.0,1,Single,3,0,1.0,1.0,3.0,132.8,0,2
51921,0,27.0,Female,3.0,5,Married,10,1,0.0,1.0,4.0,154.85,0,1
51922,0,0.0,Male,2.0,1,Married,1,0,1.0,1.0,1.0,143.42,1,1
51923,0,10.0,Female,3.0,5,Married,1,1,4.0,4.0,3.0,127.82,0,1
51924,0,11.0,Female,3.0,5,Single,7,1,0.0,4.0,12.0,159.8,0,2
51925,0,7.0,Female,2.0,5,Single,2,0,1.0,1.0,3.0,143.81,0,2
51926,0,8.0,Female,3.0,1,Married,2,0,1.0,1.0,2.0,125.72,0,1
51927,0,3.0,Male,2.0,3,Married,4,0,1.0,1.0,2.0,138.33,1,1
51928,0,13.0,Female,2.0,4,Married,2,0,0.0,3.0,7.0,142.44,0,1
51929,0,7.0,Female,3.0,5,Married,6,0,1.0,1.0,2.0,165.0,0,1
51930,0,15.0,Male,3.0,1,Married,2,0,1.0,14.0,9.0,284.3,1,1
51931,1,9.0,Male,3.0,5,Married,2,1,0.0,1.0,0.0,116.01,1,1
51932,0,0.0,Male,3.0,4,Married,2,0,0.0,1.0,0.0,126.94,1,1
51933,0,25.0,Female,3.0,3,Married,9,0,1.0,1.0,4.0,131.49,0,1
51934,0,23.0,Male,3.0,3,Married,6,0,1.0,1.0,3.0,276.39,1,1
51935,1,0.0,Female,2.0,5,Married,2,1,0.0,1.0,0.0,123.19,0,1
51936,0,6.0,Male,2.0,3,Married,1,0,1.0,3.0,3.0,216.91,1,1
51937,1,0.0,Female,3.0,5,Single,6,0,1.0,1.0,2.0,153.24,0,2
51938,0,20.0,Female,2.0,1,Married,2,1,1.0,3.0,0.0,267.52,0,1
51939,0,9.0,Female,2.0,4,Married,1,0,1.0,1.0,5.0,152.28,0,1
51940,0,2.0,Male,3.0,3,Married,2,0,1.0,1.0,7.0,127.0,1,1
51941,1,20.0,Male,2.0,4,Single,8,1,7.0,13.0,8.0,292.46,1,2
51942,0,8.0,Female,2.0,3,Single,4,0,2.0,2.0,2.0,125.06,0,2
51943,0,15.0,Female,2.0,1,Married,10,1,0.0,1.0,2.0,160.62,0,1
51944,1,0.0,Male,2.0,3,Single,7,0,2.0,2.0,1.0,143.82,1,2
51945,0,9.0,Male,2.0,4,Married,5,0,1.0,1.0,4.0,121.43,1,1
51946,0,5.0,Female,3.0,3,Married,2,0,5.0,6.0,8.0,161.62,0,1
51947,0,13.0,Male,2.0,3,Single,7,0,0.0,1.0,0.0,150.94,1,2
51948,0,3.0,Female,2.0,1,Single,6,1,1.0,1.0,0.0,168.77,0,2
51949,0,9.0,Female,3.0,3,Single,2,0,1.0,1.0,0.0,122.74,0,2
51950,0,15.0,Male,3.0,4,Married,2,0,5.0,7.0,8.0,144.34,1,1
51951,0,11.0,Male,0.0,5,Married,3,0,1.0,1.0,2.0,162.88,1,1
51952,0,7.0,Female,3.0,1,Single,2,0,1.0,1.0,3.0,125.53,0,2
51953,1,12.0,Female,2.0,1,Married,2,0,0.0,7.0,7.0,176.54,0,1
51954,1,18.0,Male,2.0,1,Single,5,0,1.0,7.0,3.0,151.6,1,2
51955,0,16.0,Male,3.0,5,Married,7,0,1.0,1.0,0.0,271.59,1,1
51956,0,0.0,Male,2.0,1,Married,2,1,1.0,1.0,3.0,228.08,1,1
51957,0,8.0,Male,2.0,3,Single,4,0,0.0,1.0,6.0,202.21,1,2
51958,0,1.0,Female,2.0,4,Married,2,1,6.0,7.0,5.0,147.79,0,1
51959,0,7.0,Male,2.0,1,Married,1,0,1.0,1.0,2.0,137.37,1,1
51960,1,0.0,Female,2.0,3,Married,2,1,0.0,1.0,7.0,123.66,0,1
51961,0,9.0,Male,2.0,1,Married,2,0,0.0,1.0,0.0,117.06,1,1
51962,0,24.0,Female,3.0,3,Married,3,0,1.0,4.0,17.0,263.07,0,1
51963,0,17.0,Male,2.0,4,Single,10,0,1.0,2.0,3.0,159.33,1,2
51964,0,0.0,Male,3.0,5,Single,8,0,0.0,1.0,1.0,134.24,1,2
51965,0,6.0,Male,2.0,5,Married,2,0,0.0,1.0,8.0,140.37,1,1
51966,0,8.0,Female,2.0,5,Single,2,0,0.0,1.0,1.0,125.59,0,2
51967,0,9.0,Male,2.0,1,Married,2,1,3.0,4.0,11.0,162.01,1,1
51968,0,5.0,Male,3.0,1,Married,3,0,0.0,1.0,3.0,144.03,1,1
51969,0,3.0,Male,3.0,1,Married,10,0,0.0,1.0,3.0,137.61,1,1
51970,0,26.0,Female,3.0,1,Married,8,1,0.0,1.0,3.0,209.34,0,1
51971,0,18.0,Male,3.0,5,Married,5,1,0.0,1.0,2.0,207.61,1,1
51972,0,5.0,Female,3.0,3,Married,6,0,1.0,1.0,3.0,151.75,0,1
51973,0,25.0,Female,2.0,1,Married,4,0,0.0,2.0,0.0,238.26,0,1
51974,0,10.0,Male,3.0,3,Married,5,0,1.0,1.0,0.0,163.34,1,1
51975,0,1.0,Male,3.0,1,Married,2,0,1.0,1.0,4.0,149.36,1,1
51976,0,0.0,Male,2.0,1,Married,7,0,2.0,2.0,2.0,147.75,1,1
51977,0,17.0,Male,3.0,1,Married,3,1,1.0,1.0,2.0,128.18,1,1
51978,0,15.0,Male,2.0,1,Single,6,1,1.0,2.0,2.0,125.15,1,2
51979,0,9.0,Male,3.0,5,Married,1,0,0.0,1.0,3.0,123.42,1,1
51980,0,0.0,Male,3.0,5,Married,2,1,0.0,1.0,3.0,141.94,1,1
51981,0,8.0,Female,3.0,3,Married,2,1,3.0,5.0,15.0,206.85,0,1
51982,1,9.0,Female,3.0,4,Married,2,1,6.0,7.0,8.0,120.22,0,1
51983,0,5.0,Male,3.0,1,Married,1,0,1.0,1.0,2.0,123.14,1,1
51984,0,0.0,Male,2.0,5,Married,2,0,1.0,1.0,3.0,142.56,1,1
51985,0,22.0,Female,2.0,5,Married,3,0,0.0,1.0,2.0,135.8,0,1
51986,0,0.0,Male,2.0,1,Married,1,0,0.0,3.0,4.0,131.62,1,1
51987,0,5.0,Male,2.0,4,Married,2,0,2.0,5.0,3.0,165.24,1,1
51988,0,11.0,Male,3.0,4,Married,1,0,0.0,1.0,2.0,128.99,1,1
51989,0,15.0,Female,3.0,1,Married,3,1,1.0,1.0,3.0,152.31,0,1
51990,0,4.0,Male,2.0,1,Married,4,1,0.0,1.0,2.0,123.56,1,1
51991,1,0.0,Female,3.0,3,Married,7,1,1.0,1.0,2.0,128.0,0,1
51992,0,26.0,Male,3.0,1,Married,6,0,2.0,2.0,3.0,218.36,1,1
51993,0,8.0,Male,3.0,4,Married,4,0,2.0,4.0,8.0,209.03,1,1
51994,0,10.0,Female,3.0,1,Married,6,0,1.0,1.0,0.0,129.73,0,1
51995,0,26.0,Female,3.0,1,Single,7,0,3.0,2.0,8.0,242.75,0,2
51996,0,16.0,Female,2.0,1,Married,5,0,1.0,2.0,2.0,155.62,0,1
51997,0,20.0,Female,2.0,1,Married,1,1,3.0,7.0,7.0,145.37,0,1
51998,0,10.0,Male,2.0,4,Single,2,1,0.0,1.0,9.0,176.42,1,2
51999,0,23.0,Male,3.0,5,Married,2,0,1.0,14.0,7.0,279.24,1,1
52000,0,12.0,Female,2.0,1,Married,9,0,1.0,1.0,4.0,152.04,0,1
52001,0,9.0,Male,2.0,4,Married,4,1,0.0,1.0,3.0,122.77,1,1
52002,1,0.0,Male,3.0,1,Single,2,1,0.0,1.0,1.0,127.95,1,2
52003,0,2.0,Female,3.0,1,Married,7,0,1.0,1.0,3.0,125.32,0,1
52004,0,17.0,Male,3.0,5,Married,2,1,5.0,7.0,1.0,125.59,1,1
52005,0,1.0,Male,3.0,1,Single,2,0,0.0,1.0,2.0,149.08,1,2
52006,1,20.0,Male,2.0,1,Married,10,1,1.0,1.0,0.0,123.8,1,1
52007,0,16.0,Female,2.0,4,Married,5,0,1.0,1.0,0.0,147.65,0,1
52008,1,9.0,Female,2.0,3,Single,2,0,1.0,1.0,2.0,120.44,0,2
52009,1,0.0,Female,3.0,1,Single,2,0,1.0,1.0,0.0,126.93,0,2
52010,0,9.0,Male,3.0,1,Married,1,1,2.0,4.0,11.0,165.86,1,1
52011,0,20.0,Female,3.0,1,Single,2,1,0.0,1.0,2.0,132.94,0,2
52012,1,0.0,Female,2.0,3,Married,1,1,1.0,1.0,2.0,141.71,0,1
52013,1,4.0,Female,3.0,1,Married,5,1,0.0,1.0,0.0,127.78,0,1
52014,0,1.0,Female,3.0,3,Married,6,0,0.0,2.0,2.0,123.77,0,1
52015,1,2.0,Male,3.0,5,Married,8,1,1.0,2.0,2.0,124.04,1,1
52016,0,0.0,Female,3.0,3,Single,2,0,0.0,1.0,0.0,123.18,0,2
52017,0,9.0,Male,2.0,4,Married,2,0,1.0,1.0,0.0,120.08,1,1
52018,0,15.0,Female,3.0,3,Single,8,0,1.0,1.0,3.0,162.44,0,2
52019,0,6.0,Male,3.0,5,Single,4,1,1.0,1.0,2.0,127.99,1,2
52020,0,30.0,Female,2.0,4,Married,3,1,1.0,1.0,4.0,205.52,0,1
52021,0,4.0,Male,2.0,3,Married,4,0,2.0,5.0,2.0,123.29,1,1
52022,0,8.0,Female,2.0,1,Married,2,1,0.0,1.0,7.0,140.14,0,1
52023,0,22.0,Female,2.0,4,Married,5,0,0.0,1.0,7.0,174.03,0,1
52024,0,9.0,Male,2.0,3,Married,5,0,1.0,1.0,0.0,122.59,1,1
52025,0,4.0,Female,2.0,3,Married,2,0,1.0,1.0,0.0,169.32,0,1
52026,0,9.0,Male,3.0,1,Single,3,0,1.0,1.0,1.0,146.78,1,2
52027,0,11.0,Female,3.0,5,Married,2,0,4.0,2.0,11.0,235.82,0,1
52028,0,5.0,Female,3.0,4,Married,7,0,0.0,1.0,2.0,123.32,0,1
52029,1,0.0,Male,2.0,4,Married,2,1,0.0,1.0,0.0,124.13,1,1
52030,0,13.0,Male,3.0,4,Married,3,0,0.0,1.0,0.0,197.05,1,1
52031,0,0.0,Male,2.0,5,Single,2,0,0.0,1.0,7.0,142.94,1,2
52032,0,14.0,Male,2.0,5,Single,3,1,1.0,2.0,17.0,147.21,1,2
52033,0,9.0,Male,3.0,3,Single,5,0,1.0,3.0,9.0,125.19,1,2
52034,1,9.0,Male,2.0,4,Single,2,1,1.0,1.0,0.0,121.21,1,2
52035,1,0.0,Male,3.0,5,Single,2,0,1.0,1.0,0.0,129.73,1,2
52036,0,4.0,Female,2.0,1,Married,1,1,6.0,8.0,5.0,158.55,0,1
52037,0,13.0,Male,2.0,4,Married,9,1,0.0,1.0,0.0,136.17,1,1
52038,0,5.0,Female,3.0,5,Married,2,0,1.0,6.0,3.0,167.25,0,1
52039,1,0.0,Male,2.0,1,Married,2,1,3.0,3.0,7.0,203.25,1,1
52040,0,6.0,Female,2.0,1,Single,1,0,1.0,1.0,4.0,169.49,0,2
52041,1,0.0,Male,2.0,3,Married,6,0,5.0,11.0,46.0,206.09,1,1
52042,0,18.0,Male,2.0,4,Married,2,0,1.0,1.0,8.0,144.47,1,1
52043,0,9.0,Female,2.0,1,Married,2,0,0.0,1.0,2.0,121.57,0,1
52044,0,8.0,Female,2.0,3,Married,2,0,1.0,1.0,0.0,146.01,0,1
52045,0,25.0,Male,3.0,1,Married,3,0,1.0,7.0,8.0,270.99,1,1
52046,1,20.0,Male,2.0,3,Single,5,0,0.0,1.0,0.0,124.79,1,2
52047,0,26.0,Male,2.0,3,Married,7,0,11.0,2.0,2.0,248.52,1,1
52048,0,3.0,Male,3.0,3,Married,6,0,2.0,7.0,7.0,172.64,1,1
52049,0,11.0,Female,2.0,1,Single,2,1,1.0,1.0,3.0,156.66,0,2
52050,0,8.0,Male,3.0,1,Married,7,0,0.0,1.0,8.0,178.23,1,1
52051,0,12.0,Male,2.0,3,Single,1,0,0.0,1.0,7.0,178.8,1,2
52052,1,3.0,Female,3.0,4,Single,5,1,1.0,2.0,0.0,231.94,0,2
52053,0,20.0,Male,3.0,3,Married,2,1,1.0,2.0,7.0,150.67,1,1
52054,0,9.0,Male,2.0,1,Married,5,0,1.0,1.0,7.0,150.79,1,1
52055,1,0.0,Male,2.0,5,Single,1,1,0.0,1.0,2.0,123.21,1,2
52056,0,6.0,Male,2.0,3,Single,2,0,1.0,6.0,0.0,274.44,1,2
52057,1,0.0,Female,3.0,5,Single,7,1,1.0,1.0,0.0,124.04,0,2
52058,0,6.0,Female,2.0,1,Single,4,0,1.0,1.0,2.0,134.52,0,2
52059,0,9.0,Female,3.0,1,Married,4,0,1.0,1.0,2.0,122.7,0,1
52060,0,23.0,Male,3.0,1,Married,10,0,1.0,1.0,3.0,273.99,1,1
52061,0,6.0,Female,2.0,4,Married,2,1,1.0,1.0,2.0,154.88,0,1
52062,0,14.0,Male,3.0,3,Married,3,0,0.0,1.0,11.0,294.19,1,1
52063,0,0.0,Female,3.0,4,Married,10,0,2.0,2.0,2.0,128.11,0,1
52064,0,18.0,Male,2.0,5,Married,2,1,1.0,1.0,8.0,136.33,1,1
52065,0,20.0,Female,2.0,1,Single,2,1,1.0,1.0,7.0,141.63,0,2
52066,1,9.0,Female,2.0,3,Married,5,1,0.0,1.0,1.0,121.32,0,1
52067,0,23.0,Male,3.0,3,Married,4,1,1.0,2.0,5.0,239.73,1,1
52068,0,11.0,Male,3.0,3,Married,1,0,0.0,1.0,2.0,126.84,1,1
52069,0,19.0,Male,3.0,3,Married,7,0,1.0,1.0,7.0,208.45,1,1
52070,0,0.0,Female,2.0,3,Married,2,0,0.0,3.0,2.0,143.77,0,1
52071,1,0.0,Male,2.0,4,Married,2,1,1.0,1.0,2.0,137.43,1,1
52072,0,4.0,Female,3.0,5,Married,2,0,1.0,1.0,3.0,141.48,0,1
52073,0,0.0,Male,3.0,1,Single,2,0,0.0,1.0,0.0,110.51,1,2
52074,0,27.0,Female,2.0,3,Married,9,0,0.0,1.0,8.0,207.39,0,1
52075,0,8.0,Female,2.0,3,Married,2,1,0.0,10.0,1.0,203.88,0,1
52076,0,3.0,Female,3.0,5,Married,1,1,0.0,1.0,3.0,214.16,0,1
52077,1,0.0,Female,3.0,5,Single,2,1,1.0,1.0,0.0,126.0,0,2
52078,1,0.0,Female,2.0,4,Single,1,0,0.0,1.0,2.0,124.22,0,2
52079,0,0.0,Male,2.0,1,Married,2,0,1.0,1.0,3.0,154.72,1,1
52080,0,0.0,Male,3.0,5,Married,2,0,0.0,1.0,1.0,124.51,1,1
52081,0,21.0,Male,3.0,3,Single,3,0,0.0,2.0,2.0,142.4,1,2
52082,0,21.0,Male,3.0,3,Single,8,0,1.0,4.0,3.0,209.99,1,2
52083,0,14.0,Female,2.0,3,Single,7,0,2.0,2.0,1.0,150.03,0,2
52084,0,12.0,Female,3.0,1,Married,2,0,9.0,11.0,3.0,227.42,0,1
52085,0,0.0,Female,2.0,1,Married,1,0,2.0,2.0,2.0,142.27,0,1
52086,0,8.0,Male,2.0,1,Married,2,0,0.0,1.0,2.0,139.17,1,1
52087,0,0.0,Male,2.0,3,Married,7,0,1.0,1.0,0.0,283.03,1,1
52088,0,23.0,Male,3.0,1,Married,5,0,1.0,1.0,0.0,123.8,1,1
52089,0,30.0,Female,3.0,1,Single,4,1,4.0,2.0,3.0,237.26,0,2
52090,1,0.0,Female,3.0,4,Married,6,0,1.0,1.0,0.0,147.77,0,1
52091,0,28.0,Male,3.0,4,Married,4,1,2.0,6.0,7.0,163.85,1,1
52092,0,14.0,Female,2.0,3,Married,2,0,5.0,5.0,10.0,299.73,0,1
52093,0,11.0,Male,2.0,1,Single,9,1,1.0,1.0,0.0,168.61,1,2
52094,1,0.0,Male,3.0,5,Single,9,0,1.0,2.0,2.0,149.69,1,2
52095,1,15.0,Female,2.0,1,Married,2,0,3.0,6.0,9.0,298.45,0,1
52096,0,17.0,Female,2.0,1,Married,4,1,4.0,2.0,11.0,233.2,0,1
52097,0,23.0,Female,3.0,3,Married,1,0,0.0,1.0,13.0,163.47,0,1
52098,1,0.0,Female,3.0,5,Single,2,0,3.0,15.0,14.0,127.43,0,2
52099,0,12.0,Female,2.0,5,Single,2,1,1.0,2.0,8.0,208.8,0,2
52100,0,6.0,Female,2.0,1,Single,1,0,0.0,2.0,2.0,123.42,0,2
52101,0,18.0,Female,2.0,1,Married,4,0,1.0,1.0,1.0,276.5,0,1
52102,0,5.0,Female,3.0,3,Single,10,0,6.0,7.0,7.0,140.25,0,2
52103,0,7.0,Male,3.0,1,Married,1,0,0.0,1.0,9.0,197.25,1,1
52104,0,30.0,Male,3.0,1,Married,4,1,1.0,1.0,3.0,219.04,1,1
52105,0,9.0,Male,2.0,4,Single,2,0,0.0,1.0,4.0,121.77,1,2
52106,0,26.0,Female,2.0,4,Married,3,0,5.0,6.0,12.0,175.25,0,1
52107,1,0.0,Male,2.0,3,Married,8,0,0.0,1.0,0.0,148.34,1,1
52108,1,9.0,Male,2.0,5,Married,7,1,0.0,1.0,2.0,120.42,1,1
52109,0,9.0,Female,2.0,3,Married,2,1,0.0,1.0,0.0,122.2,0,1
52110,0,1.0,Male,3.0,4,Married,2,0,0.0,1.0,0.0,110.52,1,1
52111,0,11.0,Male,3.0,3,Married,4,0,2.0,2.0,2.0,128.21,1,1
52112,0,23.0,Male,3.0,3,Married,3,1,4.0,7.0,7.0,292.37,1,1
52113,0,10.0,Female,2.0,4,Single,4,0,1.0,1.0,1.0,141.07,0,2
52114,0,13.0,Male,3.0,5,Married,2,0,3.0,7.0,5.0,183.96,1,1
52115,0,9.0,Female,3.0,3,Married,2,0,0.0,1.0,3.0,120.07,0,1
52116,0,19.0,Male,2.0,1,Married,10,0,1.0,2.0,2.0,296.27,1,1
52117,0,27.0,Female,2.0,3,Married,7,0,6.0,7.0,0.0,206.86,0,1
52118,0,29.0,Female,3.0,3,Married,3,0,1.0,1.0,3.0,129.42,0,1
52119,0,9.0,Female,2.0,1,Single,1,0,5.0,7.0,8.0,188.58,0,2
52120,0,28.0,Male,2.0,5,Single,8,0,1.0,6.0,2.0,267.56,1,2
52121,0,16.0,Male,3.0,1,Married,6,0,1.0,1.0,0.0,207.98,1,1
52122,1,0.0,Female,2.0,1,Single,2,1,1.0,1.0,2.0,123.23,0,2
52123,1,9.0,Female,2.0,5,Single,2,0,0.0,1.0,0.0,114.16,0,2
52124,0,19.0,Female,3.0,5,Married,9,1,1.0,1.0,7.0,146.15,0,1
52125,1,14.0,Male,2.0,3,Married,10,1,0.0,2.0,7.0,124.61,1,1
52126,1,0.0,Male,3.0,5,Single,2,0,1.0,1.0,9.0,187.22,1,2
52127,0,0.0,Male,2.0,5,Married,2,0,1.0,1.0,3.0,139.55,1,1
52128,0,3.0,Male,2.0,5,Married,1,0,0.0,1.0,2.0,199.57,1,1
52129,0,14.0,Female,2.0,3,Married,2,0,0.0,1.0,8.0,133.76,0,1
52130,0,11.0,Female,3.0,3,Married,1,0,1.0,1.0,9.0,188.23,0,1
52131,0,13.0,Male,3.0,1,Married,5,0,3.0,11.0,1.0,203.22,1,1
52132,0,0.0,Male,2.0,3,Married,2,0,1.0,1.0,2.0,146.21,1,1
52133,0,28.0,Male,3.0,4,Married,4,0,0.0,1.0,3.0,209.76,1,1
52134,0,1.0,Female,2.0,3,Single,4,0,0.0,1.0,7.0,136.6,0,2
52135,1,7.0,Male,3.0,5,Married,10,0,2.0,3.0,6.0,204.82,1,1
52136,0,6.0,Male,2.0,1,Married,5,0,1.0,1.0,2.0,171.19,1,1
52137,1,0.0,Male,2.0,5,Single,1,1,2.0,4.0,7.0,195.82,1,2
52138,1,0.0,Female,2.0,3,Single,2,0,2.0,3.0,8.0,145.08,0,2
52139,0,9.0,Male,2.0,3,Married,2,0,0.0,2.0,2.0,122.07,1,1
52140,0,7.0,Male,2.0,1,Single,1,0,1.0,1.0,4.0,177.56,1,2
52141,0,10.0,Female,2.0,1,Married,3,1,1.0,1.0,0.0,166.94,0,1
52142,1,0.0,Male,2.0,1,Married,2,1,4.0,5.0,6.0,136.91,1,1
52143,1,0.0,Male,2.0,3,Married,2,0,1.0,1.0,0.0,123.77,1,1
52144,1,0.0,Male,2.0,4,Single,5,1,1.0,2.0,2.0,123.13,1,2
52145,0,15.0,Male,2.0,5,Married,1,0,1.0,13.0,7.0,276.65,1,1
52146,1,0.0,Male,2.0,4,Married,2,0,1.0,1.0,0.0,125.96,1,1
52147,1,13.0,Male,2.0,3,Single,4,1,1.0,1.0,0.0,147.28,1,2
52148,0,6.0,Female,1.0,4,Married,1,0,0.0,1.0,2.0,143.02,0,1
52149,0,7.0,Male,3.0,1,Married,4,0,0.0,1.0,0.0,129.79,1,1
52150,0,21.0,Male,2.0,1,Single,3,0,1.0,2.0,1.0,268.85,1,2
52151,0,18.0,Female,3.0,3,Married,2,0,4.0,4.0,12.0,155.93,0,1
52152,0,25.0,Male,2.0,4,Single,8,0,2.0,4.0,0.0,204.45,1,2
52153,0,11.0,Male,3.0,3,Married,1,1,1.0,2.0,7.0,187.4,1,1
52154,0,2.0,Female,3.0,1,Married,5,0,1.0,1.0,7.0,125.14,0,1
52155,0,1.0,Female,3.0,4,Married,1,0,0.0,1.0,7.0,176.55,0,1
52156,0,19.0,Male,2.0,3,Married,4,0,1.0,4.0,9.0,274.65,1,1
52157,0,11.0,Male,2.0,4,Single,8,0,1.0,1.0,0.0,173.51,1,2
52158,0,16.0,Female,2.0,5,Married,9,0,1.0,1.0,1.0,208.2,0,1
52159,1,2.0,Male,2.0,1,Married,8,0,10.0,11.0,3.0,221.69,1,1
52160,0,13.0,Male,2.0,3,Single,2,0,3.0,4.0,9.0,296.26,1,2
52161,0,9.0,Female,3.0,4,Single,2,1,1.0,2.0,2.0,120.7,0,2
52162,0,12.0,Male,3.0,4,Single,10,0,1.0,1.0,3.0,167.82,1,2
52163,0,9.0,Male,3.0,1,Single,3,0,0.0,1.0,9.0,177.79,1,2
52164,0,4.0,Male,3.0,1,Married,1,0,2.0,2.0,2.0,127.91,1,1
52165,0,1.0,Male,3.0,4,Married,1,0,0.0,1.0,4.0,132.01,1,1
52166,0,8.0,Male,2.0,1,Married,2,0,1.0,1.0,2.0,149.68,1,1
52167,0,22.0,Male,2.0,4,Married,7,0,1.0,2.0,3.0,231.2,1,1
52168,0,7.0,Male,3.0,3,Single,3,0,1.0,1.0,2.0,140.33,1,2
52169,0,2.0,Female,3.0,4,Married,1,0,0.0,1.0,1.0,132.91,0,1
52170,0,15.0,Male,2.0,1,Single,5,0,1.0,1.0,0.0,142.72,1,2
52171,0,2.0,Male,3.0,1,Married,2,1,1.0,1.0,2.0,150.56,1,1
52172,0,11.0,Male,3.0,3,Married,2,0,3.0,5.0,0.0,128.44,1,1
52173,0,1.0,Male,3.0,3,Married,2,1,1.0,1.0,2.0,127.03,1,1
52174,1,9.0,Male,3.0,3,Single,2,0,1.0,1.0,0.0,119.04,1,2
52175,1,0.0,Female,3.0,5,Single,4,1,0.0,1.0,3.0,182.24,0,2
52176,0,14.0,Male,2.0,1,Married,4,1,1.0,1.0,0.0,147.66,1,1
52177,1,0.0,Male,3.0,3,Married,2,0,1.0,2.0,2.0,126.1,1,1
52178,0,10.0,Female,2.0,1,Married,8,0,1.0,1.0,3.0,157.31,0,1
52179,0,0.0,Male,2.0,3,Married,2,0,1.0,2.0,2.0,125.39,1,1
52180,0,7.0,Female,3.0,3,Married,2,0,0.0,1.0,3.0,157.14,0,1
52181,0,8.0,Male,3.0,3,Single,2,0,0.0,1.0,4.0,143.23,1,2
52182,1,0.0,Female,2.0,5,Married,2,0,1.0,3.0,10.0,173.36,0,1
52183,0,13.0,Female,2.0,3,Single,10,0,1.0,2.0,13.0,234.99,0,2
52184,1,5.0,Male,2.0,5,Single,1,1,2.0,2.0,14.0,237.58,1,2
52185,0,15.0,Male,2.0,5,Single,8,0,1.0,1.0,5.0,151.55,1,2
52186,0,9.0,Male,2.0,3,Married,7,0,1.0,1.0,7.0,122.58,1,1
52187,0,0.0,Male,2.0,4,Single,9,0,0.0,1.0,2.0,135.97,1,2
52188,1,0.0,Female,3.0,1,Married,2,1,1.0,1.0,0.0,125.15,0,1
52189,0,0.0,Male,2.0,1,Married,2,0,1.0,1.0,7.0,144.2,1,1
52190,0,3.0,Male,3.0,3,Married,2,0,0.0,1.0,4.0,165.78,1,1
52191,0,13.0,Female,3.0,1,Married,4,1,0.0,1.0,0.0,144.22,0,1
52192,0,8.0,Male,2.0,4,Married,3,0,2.0,6.0,4.0,202.74,1,1
52193,0,7.0,Male,3.0,5,Single,1,0,0.0,4.0,9.0,153.43,1,2
52194,0,8.0,Male,2.0,1,Married,2,0,1.0,2.0,2.0,123.76,1,1
52195,1,6.0,Female,2.0,3,Single,9,0,0.0,1.0,3.0,153.46,0,2
52196,0,5.0,Female,3.0,5,Married,2,0,1.0,1.0,0.0,128.27,0,1
52197,0,29.0,Female,3.0,5,Married,5,0,4.0,4.0,2.0,299.43,0,1
52198,0,2.0,Female,3.0,1,Married,2,0,0.0,1.0,8.0,131.31,0,1
52199,0,0.0,Male,2.0,5,Single,2,0,0.0,1.0,0.0,125.52,1,2
52200,0,18.0,Female,2.0,3,Married,5,1,0.0,1.0,2.0,144.77,0,1
52201,0,10.0,Female,2.0,1,Married,2,0,0.0,3.0,11.0,164.74,0,1
52202,0,0.0,Male,3.0,3,Single,2,0,0.0,1.0,2.0,130.33,1,2
52203,1,7.0,Male,3.0,3,Single,2,1,1.0,1.0,2.0,129.36,1,2
52204,0,26.0,Female,2.0,3,Married,4,0,1.0,4.0,7.0,286.06,0,1
52205,0,9.0,Female,3.0,1,Married,1,1,1.0,1.0,3.0,121.68,0,1
52206,1,0.0,Male,3.0,1,Married,1,1,0.0,1.0,0.0,128.53,1,1
52207,0,19.0,Female,3.0,5,Married,9,0,1.0,15.0,9.0,270.48,0,1
52208,0,9.0,Male,3.0,3,Single,3,0,1.0,1.0,0.0,122.9,1,2
52209,0,6.0,Male,3.0,3,Married,2,0,1.0,1.0,4.0,136.0,1,1
52210,1,9.0,Male,3.0,5,Married,7,0,0.0,1.0,0.0,121.07,1,1
52211,0,3.0,Male,3.0,5,Married,9,0,1.0,1.0,3.0,141.15,1,1
52212,0,13.0,Male,3.0,4,Married,6,0,1.0,1.0,0.0,143.27,1,1
52213,0,23.0,Female,1.0,5,Married,3,0,1.0,2.0,2.0,278.56,0,1
52214,0,1.0,Male,3.0,5,Married,2,0,1.0,3.0,3.0,131.96,1,1
52215,0,19.0,Male,2.0,4,Married,6,0,1.0,1.0,3.0,290.81,1,1
52216,0,8.0,Male,3.0,5,Married,4,1,0.0,1.0,7.0,189.66,1,1
52217,1,9.0,Female,3.0,4,Married,2,0,1.0,1.0,0.0,122.1,0,1
52218,0,6.0,Female,2.0,3,Married,2,0,0.0,1.0,1.0,145.39,0,1
52219,0,9.0,Male,3.0,3,Married,2,0,1.0,1.0,7.0,127.41,1,1
52220,0,3.0,Male,2.0,3,Married,2,0,4.0,8.0,9.0,134.91,1,1
52221,0,17.0,Male,2.0,1,Single,2,0,6.0,13.0,17.0,145.41,1,2
52222,0,0.0,Male,3.0,1,Single,2,0,2.0,2.0,2.0,126.78,1,2
52223,0,19.0,Male,2.0,1,Married,3,0,0.0,1.0,4.0,173.79,1,1
52224,0,15.0,Male,3.0,5,Married,8,0,1.0,1.0,3.0,162.72,1,1
52225,0,30.0,Male,2.0,1,Married,1,1,0.0,1.0,9.0,152.2,1,1
52226,0,5.0,Female,3.0,4,Married,2,0,2.0,2.0,2.0,134.0,0,1
52227,0,5.0,Female,2.0,3,Single,5,1,1.0,1.0,7.0,149.98,0,2
52228,0,9.0,Female,3.0,5,Married,3,1,7.0,7.0,7.0,202.52,0,1
52229,0,6.0,Male,3.0,1,Married,1,0,0.0,4.0,10.0,127.81,1,1
52230,0,13.0,Female,2.0,4,Married,8,0,1.0,1.0,3.0,168.52,0,1
52231,0,0.0,Male,2.0,1,Single,1,0,1.0,1.0,1.0,149.5,1,2
52232,0,3.0,Male,3.0,4,Married,1,1,3.0,5.0,7.0,135.79,1,1
52233,0,15.0,Female,2.0,5,Married,4,1,0.0,2.0,0.0,231.91,0,1
52234,0,8.0,Female,3.0,1,Married,5,1,3.0,4.0,12.0,203.77,0,1
52235,0,9.0,Male,2.0,5,Married,2,1,5.0,6.0,8.0,122.35,1,1
52236,0,27.0,Female,2.0,3,Married,8,0,0.0,1.0,4.0,205.02,0,1
52237,0,9.0,Female,3.0,1,Married,2,0,1.0,7.0,7.0,120.11,0,1
52238,1,9.0,Female,3.0,4,Single,2,1,0.0,1.0,0.0,118.59,0,2
52239,0,2.0,Female,3.0,1,Married,2,0,1.0,1.0,2.0,137.6,0,1
52240,0,27.0,Male,2.0,1,Married,4,0,1.0,1.0,9.0,277.79,1,1
52241,0,4.0,Male,3.0,5,Married,2,1,1.0,1.0,1.0,168.33,1,1
52242,0,4.0,Female,3.0,5,Single,2,0,1.0,1.0,8.0,168.12,0,2
52243,0,30.0,Female,2.0,1,Single,6,0,0.0,1.0,5.0,151.71,0,2
52244,0,16.0,Male,3.0,1,Married,4,0,1.0,1.0,7.0,297.4,1,1
52245,0,22.0,Male,2.0,3,Married,3,0,1.0,1.0,0.0,287.11,1,1
52246,0,9.0,Male,2.0,4,Married,2,0,0.0,1.0,7.0,136.92,1,1
52247,0,21.0,Male,3.0,4,Single,6,0,0.0,1.0,0.0,125.59,1,2
52248,0,0.0,Male,3.0,3,Married,2,0,1.0,1.0,3.0,125.17,1,1
52249,0,2.0,Male,2.0,1,Married,2,1,1.0,1.0,0.0,166.23,1,1
52250,0,21.0,Male,3.0,1,Single,7,0,1.0,1.0,0.0,282.65,1,2
52251,0,2.0,Female,2.0,1,Married,4,0,1.0,1.0,7.0,261.24,0,1
52252,0,7.0,Female,2.0,3,Married,1,0,1.0,1.0,0.0,125.85,0,1
52253,0,17.0,Male,2.0,4,Married,8,0,1.0,3.0,10.0,282.13,1,1
52254,0,6.0,Male,2.0,3,Married,1,1,0.0,1.0,8.0,183.8,1,1
52255,0,0.0,Female,3.0,1,Single,2,1,0.0,1.0,1.0,129.94,0,2
52256,0,9.0,Male,2.0,3,Married,2,0,1.0,1.0,1.0,112.23,1,1
52257,1,0.0,Male,3.0,1,Single,2,1,1.0,1.0,0.0,111.18,1,2
52258,0,0.0,Male,3.0,1,Single,2,1,2.0,2.0,2.0,128.75,1,2
52259,1,8.0,Female,3.0,4,Single,3,1,1.0,1.0,11.0,288.24,0,2
52260,0,28.0,Male,2.0,4,Married,2,1,2.0,2.0,0.0,235.77,1,1
52261,1,0.0,Female,2.0,3,Single,2,0,1.0,2.0,2.0,126.25,0,2
52262,0,19.0,Female,2.0,4,Married,3,0,1.0,1.0,8.0,287.89,0,1
52263,0,7.0,Female,2.0,5,Single,1,1,1.0,1.0,2.0,145.38,0,2
52264,0,24.0,Male,2.0,4,Married,5,1,6.0,11.0,10.0,298.47,1,1
52265,0,30.0,Male,3.0,1,Single,7,0,3.0,5.0,4.0,205.12,1,2
52266,0,7.0,Female,2.0,4,Married,5,0,0.0,5.0,10.0,144.44,0,1
52267,0,9.0,Male,2.0,3,Single,1,1,1.0,1.0,2.0,121.54,1,2
52268,0,17.0,Male,3.0,5,Married,2,0,2.0,14.0,13.0,291.9,1,1
52269,0,7.0,Male,2.0,4,Married,5,0,0.0,1.0,8.0,144.9,1,1
52270,0,8.0,Male,3.0,3,Married,1,1,1.0,2.0,2.0,135.06,1,1
52271,0,15.0,Female,3.0,4,Married,7,1,0.0,1.0,0.0,123.72,0,1
52272,0,16.0,Female,2.0,1,Single,4,0,10.0,15.0,17.0,202.31,0,2
52273,0,9.0,Female,2.0,4,Single,10,1,4.0,5.0,12.0,154.1,0,2
52274,1,7.0,Female,3.0,1,Married,2,0,0.0,1.0,5.0,179.78,0,1
52275,0,1.0,Male,2.0,1,Married,2,1,0.0,2.0,2.0,138.67,1,1
52276,0,24.0,Female,3.0,3,Single,1,0,3.0,7.0,7.0,128.38,0,2
52277,0,3.0,Female,3.0,3,Single,8,1,0.0,1.0,7.0,146.95,0,2
52278,1,0.0,Female,2.0,3,Married,4,1,4.0,7.0,7.0,133.39,0,1
52279,0,9.0,Male,2.0,5,Single,3,0,1.0,1.0,2.0,120.8,1,2
52280,0,9.0,Female,2.0,4,Single,2,0,1.0,2.0,1.0,120.96,0,2
52281,0,5.0,Male,2.0,1,Married,2,0,0.0,1.0,8.0,162.09,1,1
52282,0,18.0,Female,2.0,4,Single,4,0,1.0,1.0,0.0,280.61,0,2
52283,0,12.0,Female,3.0,4,Married,7,1,1.0,15.0,2.0,271.23,0,1
52284,0,30.0,Male,2.0,3,Married,2,0,1.0,2.0,2.0,123.72,1,1
52285,1,0.0,Male,3.0,3,Married,2,0,0.0,1.0,1.0,148.83,1,1
52286,1,2.0,Male,3.0,5,Single,1,0,0.0,1.0,3.0,139.04,1,2
52287,0,3.0,Female,2.0,1,Married,1,0,5.0,6.0,7.0,146.27,0,1
52288,0,9.0,Female,3.0,3,Married,4,0,1.0,1.0,7.0,170.94,0,1
52289,0,19.0,Female,2.0,5,Single,7,0,2.0,5.0,7.0,134.23,0,2
52290,0,1.0,Female,2.0,1,Married,1,0,7.0,7.0,5.0,166.74,0,1
52291,0,23.0,Female,2.0,5,Married,5,1,1.0,1.0,2.0,268.8,0,1
52292,1,3.0,Male,2.0,4,Single,3,1,1.0,1.0,0.0,190.94,1,2
52293,1,15.0,Male,3.0,4,Single,10,1,7.0,7.0,7.0,184.46,1,2
52294,0,3.0,Female,3.0,5,Married,2,1,1.0,1.0,3.0,219.16,0,1
52295,0,12.0,Male,2.0,3,Single,1,0,1.0,1.0,7.0,145.34,1,2
52296,0,4.0,Female,2.0,3,Married,2,1,8.0,9.0,6.0,198.52,0,1
52297,0,14.0,Male,2.0,4,Single,2,0,3.0,11.0,9.0,161.51,1,2
52298,1,9.0,Female,2.0,4,Single,2,1,2.0,2.0,2.0,123.02,0,2
52299,1,7.0,Male,2.0,5,Married,5,0,1.0,1.0,2.0,123.62,1,1
52300,0,15.0,Male,2.0,3,Married,1,1,1.0,2.0,10.0,278.61,1,1
52301,0,28.0,Female,2.0,3,Married,5,0,1.0,9.0,11.0,291.87,0,1
52302,0,29.0,Male,3.0,4,Single,7,0,2.0,7.0,7.0,297.17,1,2
52303,0,13.0,Male,3.0,3,Married,10,0,1.0,1.0,0.0,135.44,1,1
52304,0,7.0,Male,2.0,1,Married,1,0,0.0,1.0,6.0,185.0,1,1
52305,0,13.0,Male,3.0,1,Single,2,0,3.0,8.0,8.0,146.61,1,2
52306,0,14.0,Female,3.0,5,Married,1,0,0.0,1.0,7.0,141.03,0,1
52307,0,8.0,Male,2.0,3,Single,2,1,1.0,1.0,1.0,142.49,1,2
52308,0,24.0,Male,2.0,4,Married,2,1,0.0,2.0,10.0,240.26,1,1
52309,0,11.0,Female,2.0,5,Married,4,0,0.0,1.0,7.0,168.93,0,1
52310,0,7.0,Female,3.0,5,Single,2,0,4.0,9.0,6.0,161.25,0,2
52311,0,0.0,Male,3.0,1,Married,4,0,0.0,1.0,2.0,136.69,1,1
52312,1,20.0,Female,2.0,5,Married,8,1,1.0,5.0,9.0,200.08,0,1
52313,0,13.0,Male,2.0,4,Married,4,0,1.0,1.0,3.0,123.87,1,1
52314,0,9.0,Female,2.0,5,Married,3,0,5.0,6.0,13.0,146.39,0,1
52315,0,21.0,Male,2.0,1,Single,2,0,1.0,1.0,8.0,178.98,1,2
52316,0,0.0,Female,3.0,1,Married,9,0,0.0,1.0,0.0,125.34,0,1
52317,0,24.0,Female,2.0,4,Single,4,0,0.0,1.0,3.0,231.42,0,2
52318,0,9.0,Female,3.0,1,Single,2,0,1.0,1.0,0.0,116.11,0,2
52319,0,8.0,Female,2.0,1,Married,1,0,0.0,1.0,0.0,153.63,0,1
52320,0,0.0,Male,2.0,1,Single,4,0,0.0,1.0,0.0,150.71,1,2
52321,1,18.0,Male,2.0,3,Single,7,1,1.0,2.0,8.0,236.95,1,2
52322,0,29.0,Male,3.0,4,Married,5,1,13.0,2.0,9.0,234.02,1,1
52323,0,9.0,Female,3.0,3,Married,2,0,1.0,1.0,0.0,120.29,0,1
52324,0,13.0,Female,2.0,3,Married,6,0,6.0,11.0,8.0,163.77,0,1
52325,0,7.0,Male,2.0,3,Married,5,0,5.0,7.0,7.0,154.29,1,1
52326,1,0.0,Female,3.0,1,Single,8,0,0.0,1.0,0.0,127.85,0,2
52327,1,0.0,Female,3.0,3,Married,1,1,0.0,3.0,2.0,146.14,0,1
52328,0,11.0,Male,2.0,3,Married,2,0,0.0,1.0,3.0,126.1,1,1
52329,0,7.0,Female,3.0,1,Single,2,0,4.0,4.0,11.0,166.87,0,2
52330,0,1.0,Male,2.0,5,Married,2,0,1.0,1.0,4.0,147.24,1,1
52331,1,0.0,Male,3.0,3,Married,2,1,5.0,6.0,7.0,161.79,1,1
52332,0,12.0,Male,2.0,1,Married,4,1,0.0,1.0,4.0,161.2,1,1
52333,0,24.0,Male,2.0,4,Married,3,0,3.0,3.0,2.0,205.96,1,1
52334,0,14.0,Female,3.0,1,Married,4,1,2.0,3.0,3.0,154.67,0,1
52335,0,10.0,Male,3.0,3,Married,8,1,1.0,1.0,3.0,129.96,1,1
52336,0,6.0,Male,3.0,1,Married,7,0,1.0,1.0,2.0,199.98,1,1
52337,0,5.0,Male,2.0,4,Married,1,1,1.0,1.0,2.0,140.78,1,1
52338,0,12.0,Male,3.0,3,Married,4,0,0.0,1.0,3.0,209.2,1,1
52339,0,0.0,Male,3.0,3,Married,3,0,1.0,1.0,2.0,162.32,1,1
52340,0,25.0,Female,2.0,3,Married,3,1,1.0,2.0,2.0,232.47,0,1
52341,0,16.0,Female,3.0,3,Single,2,1,0.0,1.0,8.0,140.81,0,2
52342,0,0.0,Female,3.0,1,Married,2,1,1.0,4.0,4.0,157.69,0,1
52343,1,0.0,Female,2.0,3,Single,2,1,4.0,7.0,7.0,123.94,0,2
52344,0,0.0,Male,2.0,1,Single,1,0,1.0,1.0,1.0,139.04,1,2
52345,0,15.0,Female,2.0,5,Married,1,0,1.0,1.0,9.0,267.99,0,1
52346,0,25.0,Female,3.0,5,Married,10,0,1.0,1.0,4.0,129.5,0,1
52347,0,10.0,Female,3.0,3,Single,5,0,1.0,1.0,2.0,136.29,0,2
52348,0,8.0,Male,2.0,1,Single,3,0,2.0,2.0,2.0,193.62,1,2
52349,0,0.0,Male,2.0,1,Married,5,0,0.0,1.0,2.0,132.29,1,1
52350,0,0.0,Male,3.0,5,Single,1,0,0.0,1.0,7.0,135.78,1,2
52351,0,2.0,Male,2.0,5,Single,2,0,0.0,1.0,9.0,179.88,1,2
52352,1,12.0,Male,3.0,5,Single,4,0,0.0,1.0,3.0,142.84,1,2
52353,1,0.0,Female,2.0,1,Single,1,1,4.0,7.0,7.0,175.53,0,2
52354,0,27.0,Female,2.0,1,Single,7,0,1.0,12.0,7.0,273.28,0,2
52355,0,30.0,Female,3.0,5,Married,4,1,1.0,1.0,5.0,297.01,0,1
52356,0,28.0,Male,2.0,1,Married,3,0,0.0,2.0,0.0,247.32,1,1
52357,0,9.0,Female,3.0,4,Single,4,1,0.0,1.0,1.0,192.78,0,2
52358,1,9.0,Female,2.0,3,Single,2,0,0.0,1.0,0.0,113.59,0,2
52359,0,3.0,Female,3.0,5,Married,8,0,1.0,1.0,2.0,147.79,0,1
52360,0,4.0,Female,3.0,4,Single,4,0,1.0,1.0,0.0,264.22,0,2
52361,0,7.0,Male,3.0,5,Married,6,0,1.0,1.0,3.0,129.96,1,1
52362,1,9.0,Female,2.0,4,Single,2,0,0.0,1.0,0.0,112.61,0,2
52363,0,9.0,Male,3.0,5,Married,1,0,1.0,1.0,4.0,120.99,1,1
52364,0,9.0,Male,2.0,1,Single,2,0,0.0,1.0,8.0,158.1,1,2
52365,0,9.0,Female,3.0,5,Married,5,0,1.0,1.0,2.0,156.47,0,1
52366,0,20.0,Male,3.0,1,Married,8,0,1.0,1.0,2.0,134.2,1,1
52367,1,0.0,Male,3.0,5,Married,4,0,2.0,2.0,2.0,144.0,1,1
52368,0,10.0,Male,2.0,3,Single,1,0,0.0,1.0,3.0,135.0,1,2
52369,0,9.0,Female,2.0,5,Married,3,0,0.0,1.0,0.0,120.66,0,1
52370,0,20.0,Female,2.0,3,Married,4,0,1.0,5.0,6.0,271.69,0,1
52371,0,0.0,Female,2.0,3,Married,2,1,1.0,1.0,3.0,141.62,0,1
52372,0,5.0,Male,3.0,1,Married,5,0,0.0,1.0,3.0,192.04,1,1
52373,0,7.0,Female,2.0,4,Married,6,0,1.0,1.0,2.0,132.94,0,1
52374,0,9.0,Male,2.0,3,Married,3,1,0.0,1.0,3.0,121.27,1,1
52375,0,13.0,Male,2.0,3,Married,4,0,0.0,1.0,7.0,139.75,1,1
52376,0,4.0,Male,2.0,1,Married,2,0,2.0,9.0,9.0,207.93,1,1
52377,1,9.0,Male,2.0,1,Married,5,0,4.0,4.0,3.0,200.96,1,1
52378,1,2.0,Female,2.0,5,Single,3,1,0.0,1.0,0.0,136.46,0,2
52379,1,0.0,Female,3.0,4,Single,2,0,1.0,4.0,7.0,174.46,0,2
52380,0,18.0,Male,3.0,5,Married,3,1,1.0,1.0,7.0,208.51,1,1
52381,0,9.0,Female,3.0,4,Single,10,0,1.0,1.0,2.0,121.09,0,2
52382,1,0.0,Male,3.0,1,Married,7,1,0.0,2.0,2.0,137.22,1,1
52383,0,18.0,Male,2.0,1,Married,5,1,1.0,1.0,2.0,193.8,1,1
52384,0,21.0,Male,3.0,5,Married,5,0,0.0,2.0,2.0,154.86,1,1
52385,1,0.0,Female,3.0,3,Married,2,0,2.0,2.0,2.0,127.42,0,1
52386,0,13.0,Male,2.0,4,Married,3,0,4.0,2.0,8.0,237.57,1,1
52387,0,1.0,Male,2.0,5,Single,1,0,0.0,1.0,3.0,184.63,1,2
52388,0,17.0,Male,2.0,3,Single,4,0,0.0,1.0,3.0,131.62,1,2
52389,0,26.0,Male,2.0,4,Single,5,0,1.0,8.0,8.0,265.98,1,2
52390,0,22.0,Male,3.0,3,Married,3,0,0.0,1.0,2.0,166.51,1,1
52391,0,13.0,Male,3.0,3,Married,3,0,1.0,1.0,2.0,123.45,1,1
52392,0,17.0,Male,2.0,4,Single,2,0,1.0,1.0,3.0,134.2,1,2
52393,0,6.0,Male,2.0,5,Married,1,0,1.0,1.0,3.0,143.73,1,1
52394,0,7.0,Male,2.0,5,Single,4,0,2.0,3.0,12.0,147.59,1,2
52395,0,3.0,Male,3.0,3,Married,9,0,1.0,2.0,2.0,153.01,1,1
52396,0,15.0,Female,3.0,1,Single,2,0,0.0,5.0,8.0,136.73,0,2
52397,0,17.0,Female,3.0,3,Married,8,0,0.0,1.0,0.0,147.68,0,1
52398,0,9.0,Male,3.0,3,Married,2,0,0.0,1.0,0.0,112.74,1,1
52399,0,30.0,Male,3.0,3,Married,1,0,1.0,2.0,8.0,149.0,1,1
52400,0,22.0,Male,2.0,4,Married,4,0,0.0,1.0,7.0,204.66,1,1
52401,0,7.0,Male,3.0,5,Married,8,0,1.0,6.0,9.0,270.07,1,1
52402,1,0.0,Male,3.0,3,Married,4,0,1.0,1.0,2.0,129.09,1,1
52403,1,0.0,Female,2.0,4,Single,6,0,1.0,1.0,0.0,157.65,0,2
52404,1,0.0,Female,2.0,4,Single,1,1,4.0,10.0,10.0,145.99,0,2
52405,0,8.0,Male,3.0,3,Married,2,0,0.0,1.0,0.0,124.04,1,1
52406,1,0.0,Male,2.0,5,Single,3,1,0.0,1.0,0.0,131.72,1,2
52407,0,9.0,Female,3.0,4,Married,2,0,0.0,1.0,0.0,120.33,0,1
52408,0,17.0,Male,2.0,3,Single,6,1,2.0,2.0,2.0,202.09,1,2
52409,0,2.0,Male,3.0,3,Married,2,0,1.0,1.0,4.0,186.2,1,1
52410,0,9.0,Male,2.0,3,Married,1,0,0.0,1.0,3.0,120.64,1,1
52411,0,28.0,Male,1.0,3,Married,1,1,1.0,1.0,2.0,140.35,1,1
52412,0,6.0,Female,2.0,4,Married,9,0,1.0,1.0,2.0,138.38,0,1
52413,0,20.0,Female,3.0,3,Married,4,1,1.0,1.0,2.0,145.91,0,1
52414,1,0.0,Male,2.0,5,Single,8,0,1.0,1.0,0.0,125.61,1,2
52415,0,9.0,Male,3.0,3,Married,2,0,0.0,1.0,0.0,115.63,1,1
52416,0,1.0,Male,2.0,5,Single,1,0,1.0,1.0,3.0,148.98,1,2
52417,0,22.0,Female,2.0,5,Married,5,0,0.0,1.0,2.0,147.89,0,1
52418,0,2.0,Female,3.0,4,Married,1,0,1.0,1.0,2.0,131.8,0,1
52419,0,1.0,Male,3.0,4,Married,2,0,0.0,1.0,7.0,165.49,1,1
52420,0,6.0,Male,3.0,3,Single,3,1,1.0,1.0,0.0,163.88,1,2
52421,0,5.0,Male,3.0,1,Single,3,0,0.0,1.0,3.0,212.44,1,2
52422,0,27.0,Female,2.0,1,Married,4,0,0.0,2.0,12.0,260.32,0,1
52423,1,0.0,Male,3.0,5,Single,7,0,1.0,1.0,7.0,123.62,1,2
52424,0,17.0,Male,2.0,5,Married,4,0,1.0,14.0,17.0,263.28,1,1
52425,0,12.0,Female,2.0,4,Single,5,0,2.0,2.0,2.0,183.76,0,2
52426,0,19.0,Female,2.0,4,Married,9,0,1.0,5.0,1.0,266.06,0,1
52427,0,8.0,Female,3.0,4,Single,2,0,3.0,3.0,3.0,186.06,0,2
52428,0,9.0,Male,3.0,3,Single,1,0,1.0,1.0,2.0,122.72,1,2
52429,1,9.0,Male,2.0,5,Single,4,0,1.0,1.0,0.0,120.18,1,2
52430,0,7.0,Male,3.0,3,Married,2,1,7.0,8.0,6.0,170.83,1,1
52431,1,0.0,Female,2.0,3,Single,2,0,2.0,7.0,7.0,140.84,0,2
52432,0,23.0,Male,2.0,1,Single,2,1,1.0,2.0,9.0,244.11,1,2
52433,0,9.0,Male,2.0,3,Married,1,1,3.0,5.0,7.0,123.08,1,1
52434,0,15.0,Male,3.0,4,Married,5,0,0.0,1.0,0.0,148.41,1,1
52435,0,10.0,Male,2.0,1,Married,2,0,2.0,3.0,7.0,142.85,1,1
52436,0,2.0,Female,2.0,5,Married,4,0,1.0,1.0,7.0,197.15,0,1
52437,0,6.0,Male,2.0,4,Single,2,0,1.0,1.0,2.0,143.2,1,2
52438,0,9.0,Male,3.0,1,Married,5,0,1.0,1.0,3.0,121.32,1,1
52439,0,15.0,Male,2.0,1,Married,3,1,4.0,13.0,9.0,201.24,1,1
52440,0,13.0,Male,2.0,5,Married,1,0,7.0,7.0,1.0,154.73,1,1
52441,0,6.0,Male,3.0,3,Married,2,1,4.0,5.0,7.0,152.07,1,1
52442,0,13.0,Male,2.0,1,Single,2,1,1.0,7.0,7.0,264.37,1,2
52443,0,9.0,Male,2.0,5,Married,1,0,0.0,1.0,0.0,122.96,1,1
52444,0,13.0,Male,3.0,1,Married,4,1,1.0,2.0,2.0,140.69,1,1
52445,0,18.0,Male,3.0,4,Married,2,0,3.0,7.0,7.0,174.41,1,1
52446,0,8.0,Female,3.0,3,Married,1,0,2.0,4.0,2.0,124.3,0,1
52447,0,5.0,Female,3.0,4,Married,4,0,1.0,2.0,5.0,158.78,0,1
52448,0,9.0,Male,3.0,1,Single,4,1,1.0,1.0,2.0,126.44,1,2
52449,0,21.0,Female,3.0,3,Married,9,0,7.0,7.0,7.0,164.39,0,1
52450,0,2.0,Male,3.0,3,Married,7,0,0.0,1.0,0.0,124.51,1,1
52451,0,6.0,Male,2.0,5,Married,3,0,2.0,2.0,2.0,163.92,1,1
52452,1,0.0,Male,3.0,5,Married,2,0,1.0,6.0,7.0,197.14,1,1
52453,0,11.0,Male,3.0,3,Married,4,0,0.0,1.0,2.0,160.77,1,1
52454,0,8.0,Male,3.0,5,Single,2,0,1.0,1.0,2.0,124.5,1,2
52455,0,7.0,Male,2.0,4,Married,4,0,1.0,1.0,3.0,192.5,1,1
52456,1,9.0,Female,3.0,5,Married,2,1,1.0,1.0,0.0,120.74,0,1
52457,1,16.0,Female,3.0,1,Married,1,0,0.0,1.0,9.0,201.69,0,1
52458,1,1.0,Male,2.0,4,Married,5,0,1.0,1.0,4.0,148.55,1,1
52459,0,5.0,Male,3.0,5,Married,5,0,0.0,1.0,2.0,140.87,1,1
52460,0,21.0,Female,3.0,5,Married,9,0,6.0,7.0,6.0,123.67,0,1
52461,0,7.0,Male,3.0,1,Single,2,0,0.0,1.0,0.0,129.72,1,2
52462,0,28.0,Male,2.0,1,Married,2,0,0.0,2.0,13.0,295.86,1,1
52463,0,7.0,Male,2.0,1,Married,10,0,0.0,2.0,1.0,154.84,1,1
52464,0,9.0,Female,2.0,1,Married,2,0,1.0,1.0,0.0,120.61,0,1
52465,0,11.0,Male,3.0,4,Married,1,0,3.0,7.0,7.0,199.24,1,1
52466,0,11.0,Female,2.0,4,Single,3,0,1.0,1.0,2.0,141.98,0,2
52467,0,9.0,Female,3.0,3,Single,7,0,1.0,1.0,0.0,168.15,0,2
52468,0,2.0,Male,2.0,5,Single,2,1,0.0,1.0,5.0,147.23,1,2
52469,0,8.0,Female,2.0,3,Single,4,1,0.0,1.0,4.0,161.42,0,2
52470,0,12.0,Male,2.0,3,Married,3,0,3.0,7.0,6.0,182.37,1,1
52471,0,2.0,Male,2.0,1,Married,2,0,1.0,1.0,3.0,188.53,1,1
52472,0,23.0,Male,2.0,3,Married,5,1,0.0,1.0,0.0,293.31,1,1
52473,0,9.0,Male,2.0,3,Married,3,0,0.0,2.0,2.0,120.73,1,1
52474,0,9.0,Male,3.0,5,Married,4,1,0.0,1.0,2.0,155.62,1,1
52475,0,15.0,Male,3.0,1,Single,9,0,1.0,1.0,1.0,296.13,1,2
52476,0,8.0,Male,2.0,3,Married,2,0,6.0,6.0,8.0,134.07,1,1
52477,0,7.0,Male,3.0,3,Married,2,0,1.0,7.0,7.0,150.63,1,1
52478,0,13.0,Female,2.0,5,Married,2,0,0.0,1.0,2.0,146.39,0,1
52479,0,16.0,Male,2.0,4,Married,6,0,1.0,1.0,2.0,148.76,1,1
52480,0,8.0,Male,3.0,1,Married,2,0,1.0,1.0,1.0,126.9,1,1
52481,0,19.0,Male,2.0,5,Single,2,0,1.0,1.0,12.0,275.67,1,2
52482,1,0.0,Male,2.0,4,Married,2,1,0.0,1.0,0.0,124.08,1,1
52483,0,0.0,Female,3.0,3,Married,2,1,1.0,1.0,3.0,128.14,0,1
52484,0,23.0,Male,2.0,3,Married,3,1,0.0,12.0,3.0,212.45,1,1
52485,0,5.0,Female,2.0,1,Married,4,0,1.0,1.0,2.0,133.12,0,1
52486,0,17.0,Female,2.0,1,Married,1,1,1.0,1.0,10.0,290.49,0,1
52487,0,9.0,Male,2.0,4,Married,2,0,1.0,1.0,1.0,121.41,1,1
52488,0,18.0,Female,2.0,5,Single,2,1,0.0,1.0,4.0,157.69,0,2
52489,0,18.0,Male,2.0,5,Married,2,0,3.0,4.0,5.0,143.85,1,1
52490,0,4.0,Male,2.0,5,Single,8,0,1.0,1.0,3.0,153.32,1,2
52491,0,9.0,Female,3.0,3,Married,10,1,0.0,1.0,1.0,146.63,0,1
52492,0,7.0,Male,2.0,1,Married,2,0,3.0,7.0,2.0,147.24,1,1
52493,0,22.0,Female,2.0,5,Married,2,0,1.0,1.0,4.0,132.11,0,1
52494,0,12.0,Male,3.0,5,Married,3,0,3.0,7.0,7.0,153.77,1,1
52495,0,0.0,Male,3.0,5,Married,2,0,0.0,1.0,7.0,140.66,1,1
52496,0,8.0,Male,2.0,5,Married,2,0,1.0,1.0,10.0,152.08,1,1
52497,0,1.0,Female,2.0,5,Married,1,0,1.0,1.0,0.0,148.77,0,1
52498,0,0.0,Male,3.0,1,Single,2,0,0.0,2.0,2.0,131.17,1,2
52499,1,9.0,Female,3.0,1,Single,2,1,1.0,1.0,0.0,115.69,0,2
52500,0,20.0,Female,3.0,3,Married,4,0,1.0,1.0,0.0,296.58,0,1
52501,0,12.0,Male,3.0,3,Married,1,0,0.0,1.0,7.0,130.69,1,1
52502,0,13.0,Female,3.0,3,Married,2,0,6.0,14.0,12.0,204.35,0,1
52503,0,8.0,Female,2.0,3,Married,2,0,0.0,2.0,9.0,141.48,0,1
52504,0,10.0,Male,2.0,3,Married,4,0,0.0,1.0,2.0,157.68,1,1
52505,0,12.0,Female,2.0,3,Single,1,0,3.0,3.0,8.0,150.42,0,2
52506,0,18.0,Female,2.0,1,Married,2,0,3.0,3.0,9.0,157.7,0,1
52507,0,11.0,Female,2.0,3,Married,4,1,0.0,1.0,2.0,177.56,0,1
52508,1,0.0,Male,2.0,5,Married,10,0,0.0,6.0,0.0,203.06,1,1
52509,0,10.0,Female,3.0,4,Married,2,0,4.0,7.0,7.0,139.36,0,1
52510,0,13.0,Female,2.0,1,Single,7,1,3.0,3.0,3.0,179.45,0,2
52511,0,17.0,Male,2.0,1,Married,5,1,1.0,1.0,2.0,157.43,1,1
52512,0,21.0,Male,2.0,1,Married,3,0,0.0,2.0,2.0,252.02,1,1
52513,1,0.0,Male,2.0,1,Married,7,1,0.0,2.0,2.0,154.4,1,1
52514,0,0.0,Female,2.0,1,Single,2,1,0.0,1.0,3.0,137.6,0,2
52515,0,0.0,Female,2.0,3,Married,8,0,0.0,1.0,2.0,135.17,0,1
52516,0,0.0,Male,2.0,1,Single,3,0,0.0,1.0,2.0,125.8,1,2
52517,1,9.0,Male,3.0,5,Single,4,1,0.0,1.0,3.0,121.66,1,2
52518,0,2.0,Male,2.0,3,Single,10,0,1.0,1.0,4.0,158.69,1,2
52519,0,9.0,Female,2.0,5,Married,5,0,1.0,1.0,2.0,180.08,0,1
52520,0,0.0,Male,3.0,3,Married,2,0,1.0,1.0,7.0,152.06,1,1
52521,0,12.0,Male,3.0,4,Married,5,0,1.0,1.0,0.0,152.95,1,1
52522,0,22.0,Female,3.0,4,Married,4,0,1.0,1.0,2.0,264.13,0,1
52523,0,23.0,Female,2.0,5,Married,6,0,0.0,2.0,11.0,232.69,0,1
52524,0,0.0,Female,3.0,3,Single,2,0,0.0,2.0,2.0,127.83,0,2
52525,0,7.0,Female,3.0,4,Married,2,0,1.0,7.0,9.0,154.33,0,1
52526,0,9.0,Male,3.0,4,Single,3,0,0.0,1.0,3.0,120.13,1,2
52527,0,22.0,Female,2.0,3,Married,3,1,2.0,2.0,12.0,239.66,0,1
52528,0,9.0,Female,2.0,3,Married,1,0,0.0,1.0,2.0,143.74,0,1
52529,0,9.0,Male,3.0,5,Married,7,0,0.0,1.0,4.0,168.42,1,1
52530,0,27.0,Female,3.0,3,Married,4,0,1.0,4.0,7.0,274.26,0,1
52531,0,16.0,Male,3.0,3,Married,2,0,1.0,6.0,11.0,276.03,1,1
52532,1,0.0,Male,2.0,1,Single,4,1,5.0,6.0,7.0,145.81,1,2
52533,0,11.0,Male,2.0,1,Married,8,0,1.0,2.0,9.0,147.35,1,1
52534,0,2.0,Male,2.0,4,Married,2,1,0.0,1.0,9.0,141.87,1,1
52535,0,6.0,Male,3.0,1,Married,2,0,1.0,1.0,4.0,155.05,1,1
52536,0,5.0,Male,2.0,4,Married,1,0,1.0,1.0,6.0,154.7,1,1
52537,0,4.0,Female,3.0,1,Married,2,0,0.0,1.0,2.0,154.76,0,1
52538,0,22.0,Female,3.0,5,Married,5,1,0.0,2.0,2.0,125.87,0,1
52539,0,11.0,Female,2.0,4,Single,2,0,0.0,3.0,3.0,124.4,0,2
52540,0,20.0,Female,2.0,4,Married,7,0,1.0,2.0,2.0,259.72,0,1
52541,0,22.0,Male,2.0,3,Single,5,0,1.0,2.0,0.0,253.79,1,2
52542,0,14.0,Male,3.0,3,Single,4,1,0.0,1.0,2.0,170.82,1,2
52543,0,0.0,Male,3.0,5,Single,2,0,0.0,1.0,2.0,127.28,1,2
52544,0,6.0,Female,2.0,1,Married,2,1,0.0,1.0,2.0,153.68,0,1
52545,0,9.0,Male,3.0,3,Married,7,0,1.0,1.0,2.0,153.47,1,1
52546,0,17.0,Female,2.0,1,Married,5,1,2.0,2.0,2.0,131.95,0,1
52547,1,0.0,Male,3.0,3,Single,2,1,1.0,1.0,2.0,139.89,1,2
52548,0,11.0,Female,2.0,3,Married,8,0,0.0,1.0,0.0,133.06,0,1
52549,0,26.0,Male,2.0,1,Married,4,0,0.0,1.0,2.0,170.05,1,1
52550,1,11.0,Female,3.0,3,Married,3,1,1.0,7.0,7.0,126.55,0,1
52551,1,9.0,Male,3.0,4,Single,2,0,0.0,1.0,0.0,113.93,1,2
52552,0,0.0,Male,3.0,1,Single,2,0,0.0,5.0,7.0,125.7,1,2
52553,0,28.0,Male,3.0,4,Married,6,0,1.0,1.0,2.0,135.37,1,1
52554,0,7.0,Male,2.0,1,Married,2,0,0.0,4.0,13.0,139.86,1,1
52555,0,30.0,Male,3.0,1,Married,4,0,1.0,1.0,0.0,208.83,1,1
52556,0,9.0,Male,3.0,4,Married,2,0,0.0,2.0,13.0,120.28,1,1
52557,0,10.0,Male,2.0,1,Married,2,0,1.0,1.0,3.0,195.25,1,1
52558,0,7.0,Female,3.0,1,Married,2,0,1.0,8.0,7.0,129.29,0,1
52559,1,9.0,Male,3.0,1,Married,2,1,1.0,1.0,2.0,122.75,1,1
52560,0,17.0,Female,3.0,1,Married,2,1,1.0,6.0,7.0,178.79,0,1
52561,0,8.0,Male,3.0,1,Single,1,1,1.0,1.0,4.0,149.3,1,2
52562,0,16.0,Male,3.0,1,Married,2,1,3.0,8.0,8.0,178.47,1,1
52563,0,0.0,Male,3.0,3,Married,2,0,0.0,1.0,4.0,144.01,1,1
52564,0,14.0,Male,2.0,3,Single,2,0,3.0,8.0,7.0,192.41,1,2
52565,0,2.0,Female,3.0,3,Married,10,0,0.0,1.0,2.0,129.74,0,1
52566,0,9.0,Female,2.0,1,Single,4,0,6.0,6.0,7.0,145.02,0,2
52567,0,18.0,Male,3.0,3,Married,4,0,4.0,14.0,4.0,207.48,1,1
52568,1,9.0,Male,2.0,3,Married,2,0,0.0,1.0,0.0,115.55,1,1
52569,1,10.0,Male,2.0,3,Married,8,0,6.0,14.0,3.0,229.36,1,1
52570,0,9.0,Male,3.0,3,Married,2,0,1.0,1.0,2.0,123.05,1,1
52571,0,18.0,Female,2.0,4,Single,2,0,1.0,8.0,6.0,267.04,0,2
52572,0,5.0,Male,2.0,3,Married,7,0,0.0,1.0,3.0,134.33,1,1
52573,0,4.0,Male,3.0,3,Married,2,0,1.0,1.0,3.0,134.77,1,1
52574,0,14.0,Male,2.0,4,Married,7,0,0.0,1.0,2.0,164.3,1,1
52575,0,13.0,Female,3.0,5,Married,3,1,1.0,1.0,0.0,165.16,0,1
52576,0,0.0,Male,3.0,5,Married,2,0,1.0,1.0,2.0,139.07,1,1
52577,0,19.0,Male,2.0,4,Single,7,0,1.0,1.0,9.0,155.62,1,2
52578,0,8.0,Male,2.0,3,Married,3,0,1.0,1.0,7.0,168.83,1,1
52579,0,3.0,Male,3.0,1,Married,2,0,0.0,1.0,8.0,128.62,1,1
52580,0,20.0,Male,2.0,4,Married,8,0,0.0,1.0,0.0,149.78,1,1
52581,0,19.0,Male,3.0,1,Married,5,1,0.0,1.0,3.0,203.68,1,1
52582,1,0.0,Male,3.0,5,Married,6,1,1.0,2.0,2.0,161.34,1,1
52583,1,0.0,Male,2.0,4,Single,7,0,0.0,1.0,0.0,167.35,1,2
52584,0,0.0,Female,2.0,4,Single,2,0,0.0,1.0,2.0,132.95,0,2
52585,0,4.0,Female,1.0,1,Single,3,0,0.0,1.0,4.0,152.38,0,2
52586,0,12.0,Male,3.0,1,Married,2,1,0.0,5.0,8.0,164.72,1,1
52587,0,5.0,Male,3.0,3,Married,4,0,0.0,1.0,2.0,196.1,1,1
52588,0,13.0,Male,2.0,4,Single,2,0,12.0,12.0,8.0,298.33,1,2
52589,0,18.0,Female,2.0,3,Married,5,0,1.0,1.0,3.0,197.56,0,1
52590,0,3.0,Female,3.0,5,Single,1,0,0.0,1.0,7.0,149.68,0,2
52591,0,9.0,Male,2.0,1,Married,1,0,0.0,2.0,1.0,121.45,1,1
52592,1,9.0,Female,3.0,1,Married,7,0,1.0,1.0,2.0,121.8,0,1
52593,0,4.0,Male,2.0,3,Married,2,0,1.0,1.0,2.0,183.46,1,1
52594,0,0.0,Female,3.0,1,Single,2,0,0.0,1.0,4.0,134.45,0,2
52595,1,0.0,Female,3.0,4,Single,2,0,2.0,2.0,2.0,127.6,0,2
52596,0,2.0,Male,3.0,3,Single,9,1,1.0,1.0,2.0,162.94,1,2
52597,0,3.0,Male,3.0,5,Married,3,0,1.0,1.0,7.0,171.4,1,1
52598,0,7.0,Male,3.0,1,Married,1,1,1.0,1.0,2.0,129.32,1,1
52599,0,6.0,Female,3.0,4,Single,9,0,1.0,1.0,7.0,151.47,0,2
52600,0,22.0,Female,3.0,1,Single,4,0,0.0,1.0,4.0,145.07,0,2
52601,1,0.0,Female,3.0,5,Single,3,1,1.0,1.0,0.0,185.64,0,2
52602,0,11.0,Female,3.0,4,Married,5,0,0.0,1.0,5.0,124.68,0,1
52603,1,0.0,Male,3.0,3,Married,3,0,0.0,1.0,0.0,181.61,1,1
52604,0,9.0,Female,3.0,5,Married,2,0,0.0,1.0,0.0,121.09,0,1
52605,0,3.0,Male,2.0,3,Married,4,0,1.0,1.0,7.0,152.94,1,1
52606,0,5.0,Male,3.0,4,Single,3,0,1.0,1.0,7.0,127.18,1,2
52607,0,11.0,Male,2.0,1,Married,4,1,0.0,1.0,0.0,158.11,1,1
52608,1,6.0,Male,2.0,3,Married,10,1,1.0,1.0,0.0,124.37,1,1
52609,0,15.0,Male,3.0,4,Married,9,0,1.0,1.0,4.0,127.66,1,1
52610,0,28.0,Male,2.0,5,Married,9,0,1.0,1.0,0.0,290.38,1,1
52611,0,6.0,Male,3.0,4,Married,6,0,0.0,1.0,7.0,130.55,1,1
52612,0,9.0,Male,3.0,5,Married,2,0,0.0,1.0,4.0,122.89,1,1
52613,0,7.0,Male,2.0,3,Married,2,1,1.0,1.0,7.0,140.01,1,1
52614,0,26.0,Female,2.0,3,Married,5,1,1.0,1.0,3.0,229.65,0,1
52615,0,16.0,Male,3.0,1,Single,1,0,1.0,1.0,8.0,135.39,1,2
52616,0,7.0,Female,2.0,1,Single,6,0,2.0,2.0,2.0,160.29,0,2
52617,1,0.0,Male,3.0,4,Single,2,0,0.0,1.0,0.0,126.79,1,2
52618,0,11.0,Female,2.0,3,Married,2,0,1.0,1.0,4.0,137.02,0,1
52619,1,0.0,Female,3.0,5,Married,2,1,0.0,1.0,0.0,123.98,0,1
52620,0,4.0,Female,3.0,1,Married,2,0,0.0,5.0,7.0,154.68,0,1
52621,0,24.0,Female,2.0,3,Married,3,0,2.0,2.0,3.0,231.16,0,1
52622,0,10.0,Male,2.0,4,Married,2,0,1.0,1.0,3.0,141.89,1,1
52623,0,19.0,Male,2.0,1,Married,8,1,2.0,2.0,2.0,293.28,1,1
52624,0,9.0,Male,2.0,5,Married,8,1,2.0,5.0,7.0,183.21,1,1
52625,1,7.0,Male,3.0,4,Married,2,1,2.0,2.0,3.0,123.42,1,1
52626,0,10.0,Male,2.0,4,Married,3,0,3.0,4.0,7.0,140.71,1,1
52627,1,0.0,Male,2.0,1,Single,2,1,3.0,7.0,7.0,158.13,1,2
52628,0,6.0,Male,3.0,5,Married,7,0,3.0,7.0,6.0,131.43,1,1
52629,0,9.0,Male,2.0,1,Married,2,0,0.0,1.0,3.0,120.44,1,1
52630,0,12.0,Male,3.0,3,Single,8,0,2.0,2.0,2.0,234.64,1,2
52631,0,19.0,Male,3.0,4,Single,9,0,1.0,2.0,2.0,179.91,1,2
52632,0,13.0,Female,3.0,5,Married,5,0,1.0,1.0,2.0,133.77,0,1
52633,0,15.0,Male,3.0,5,Married,6,0,1.0,1.0,0.0,155.38,1,1
52634,0,8.0,Male,2.0,1,Married,3,0,1.0,1.0,7.0,157.62,1,1
52635,0,11.0,Male,3.0,4,Married,6,0,2.0,3.0,8.0,125.92,1,1
52636,1,0.0,Male,3.0,5,Married,5,0,0.0,1.0,7.0,153.46,1,1
52637,1,0.0,Male,2.0,5,Single,2,0,0.0,1.0,8.0,142.13,1,2
52638,0,12.0,Male,2.0,1,Married,3,0,1.0,2.0,2.0,141.27,1,1
52639,0,16.0,Male,2.0,3,Single,5,0,1.0,1.0,2.0,124.38,1,2
52640,0,14.0,Male,2.0,4,Single,4,0,0.0,1.0,2.0,168.7,1,2
52641,0,14.0,Female,2.0,3,Married,1,1,5.0,13.0,5.0,204.47,0,1
52642,0,3.0,Female,3.0,3,Single,10,0,0.0,1.0,2.0,196.67,0,2
52643,1,9.0,Female,3.0,4,Married,1,1,0.0,1.0,4.0,121.48,0,1
52644,1,9.0,Female,3.0,4,Married,5,0,3.0,3.0,7.0,189.26,0,1
52645,0,13.0,Female,2.0,1,Married,5,0,0.0,1.0,3.0,165.13,0,1
52646,0,7.0,Male,3.0,3,Married,2,0,2.0,4.0,8.0,167.99,1,1
52647,0,30.0,Male,2.0,4,Married,5,0,1.0,14.0,14.0,262.91,1,1
52648,0,8.0,Male,3.0,3,Married,1,0,0.0,1.0,3.0,127.05,1,1
52649,0,20.0,Female,3.0,4,Married,9,1,5.0,14.0,10.0,203.33,0,1
52650,0,13.0,Female,2.0,5,Married,3,0,1.0,7.0,7.0,144.48,0,1
52651,0,27.0,Female,3.0,1,Married,5,0,1.0,1.0,7.0,168.54,0,1
52652,0,4.0,Female,3.0,5,Married,3,0,2.0,2.0,2.0,196.37,0,1
52653,0,1.0,Female,3.0,5,Married,2,0,1.0,1.0,2.0,135.91,0,1
52654,0,11.0,Female,3.0,1,Married,3,1,0.0,1.0,3.0,154.05,0,1
52655,0,0.0,Male,2.0,1,Single,2,0,1.0,1.0,2.0,146.84,1,2
52656,0,30.0,Male,2.0,3,Married,3,1,2.0,2.0,2.0,257.87,1,1
52657,0,9.0,Female,2.0,3,Single,2,0,1.0,1.0,0.0,115.14,0,2
52658,1,0.0,Male,3.0,5,Married,1,0,1.0,1.0,0.0,129.56,1,1
52659,1,0.0,Male,2.0,5,Married,5,1,2.0,2.0,0.0,123.35,1,1
52660,0,18.0,Female,3.0,3,Married,5,0,3.0,5.0,7.0,151.54,0,1
52661,0,9.0,Female,3.0,4,Married,5,1,1.0,1.0,0.0,169.62,0,1
52662,0,16.0,Male,3.0,1,Married,2,0,7.0,7.0,7.0,156.75,1,1
52663,0,0.0,Female,2.0,1,Single,1,1,1.0,1.0,2.0,123.79,0,2
52664,0,2.0,Male,2.0,1,Married,2,0,1.0,3.0,10.0,138.12,1,1
52665,0,5.0,Male,3.0,1,Single,9,0,0.0,1.0,0.0,146.48,1,2
52666,0,15.0,Male,3.0,3,Married,4,0,3.0,3.0,3.0,129.36,1,1
52667,0,9.0,Female,3.0,3,Single,5,0,0.0,2.0,0.0,121.05,0,2
52668,0,19.0,Male,2.0,1,Married,4,0,0.0,4.0,7.0,185.78,1,1
52669,0,1.0,Male,3.0,1,Married,2,0,1.0,2.0,2.0,127.06,1,1
52670,0,2.0,Male,3.0,3,Married,9,0,0.0,1.0,6.0,163.84,1,1
52671,0,15.0,Male,2.0,3,Single,5,0,1.0,1.0,0.0,139.68,1,2
52672,1,0.0,Male,2.0,4,Single,8,1,1.0,2.0,2.0,199.07,1,2
52673,0,19.0,Female,2.0,5,Married,3,0,2.0,2.0,8.0,232.25,0,1
52674,0,0.0,Female,2.0,3,Married,2,0,3.0,5.0,8.0,135.4,0,1
52675,0,2.0,Male,3.0,4,Married,2,0,1.0,1.0,0.0,128.04,1,1
52676,0,16.0,Female,2.0,3,Married,8,0,6.0,6.0,14.0,293.92,0,1
52677,0,21.0,Male,3.0,4,Married,5,0,3.0,12.0,9.0,296.65,1,1
52678,1,0.0,Male,3.0,1,Single,2,1,1.0,1.0,0.0,124.39,1,2
52679,1,9.0,Female,3.0,4,Married,6,0,1.0,1.0,7.0,173.14,0,1
52680,0,0.0,Female,3.0,5,Married,1,0,0.0,7.0,3.0,147.74,0,1
52681,0,12.0,Male,2.0,1,Married,9,0,0.0,2.0,2.0,139.02,1,1
52682,0,28.0,Male,3.0,1,Married,9,0,1.0,1.0,4.0,126.62,1,1
52683,0,1.0,Female,3.0,4,Married,2,0,1.0,1.0,0.0,128.56,0,1
52684,1,0.0,Male,2.0,1,Single,2,0,0.0,1.0,0.0,110.81,1,2
52685,1,0.0,Male,3.0,4,Single,2,1,1.0,1.0,0.0,124.72,1,2
52686,0,9.0,Female,3.0,3,Married,2,1,0.0,1.0,7.0,156.73,0,1
52687,0,4.0,Male,2.0,3,Married,2,0,0.0,1.0,2.0,141.97,1,1
52688,0,7.0,Male,3.0,1,Married,3,1,0.0,1.0,0.0,197.13,1,1
52689,0,9.0,Male,2.0,5,Single,4,0,0.0,1.0,2.0,120.62,1,2
52690,0,10.0,Male,3.0,5,Married,6,1,0.0,1.0,4.0,142.84,1,1
52691,0,8.0,Female,2.0,4,Married,1,1,0.0,1.0,2.0,147.88,0,1
52692,0,18.0,Female,3.0,1,Married,1,0,0.0,3.0,8.0,159.06,0,1
52693,0,9.0,Male,3.0,1,Single,2,0,1.0,1.0,8.0,138.86,1,2
52694,0,13.0,Male,3.0,5,Married,3,0,1.0,11.0,16.0,268.23,1,1
52695,0,0.0,Female,3.0,3,Married,2,1,0.0,1.0,0.0,129.33,0,1
52696,0,0.0,Female,2.0,3,Single,1,0,0.0,1.0,7.0,165.0,0,2
52697,0,21.0,Female,2.0,1,Married,4,0,1.0,4.0,7.0,271.74,0,1
52698,0,17.0,Male,3.0,5,Married,3,0,1.0,2.0,2.0,150.33,1,1
52699,1,9.0,Male,2.0,5,Married,2,1,0.0,3.0,0.0,123.07,1,1
52700,1,19.0,Male,3.0,1,Single,2,0,0.0,1.0,0.0,125.87,1,2
52701,0,9.0,Male,2.0,4,Married,3,0,1.0,1.0,3.0,155.07,1,1
52702,0,14.0,Female,2.0,4,Married,6,0,0.0,1.0,4.0,143.93,0,1
52703,0,15.0,Male,2.0,5,Married,10,0,5.0,2.0,7.0,233.48,1,1
52704,0,4.0,Female,2.0,1,Married,3,1,1.0,1.0,4.0,165.83,0,1
52705,0,7.0,Female,3.0,1,Married,4,1,0.0,1.0,1.0,181.03,0,1
52706,0,4.0,Female,3.0,3,Married,9,0,1.0,2.0,2.0,139.78,0,1
52707,0,0.0,Male,3.0,1,Married,1,0,2.0,7.0,7.0,125.44,1,1
52708,0,18.0,Male,2.0,3,Single,5,0,0.0,1.0,3.0,153.99,1,2
52709,0,6.0,Male,2.0,3,Single,2,0,0.0,1.0,9.0,154.87,1,2
52710,0,1.0,Male,2.0,1,Married,2,1,1.0,1.0,7.0,168.34,1,1
52711,1,0.0,Male,2.0,5,Single,2,0,0.0,1.0,0.0,110.91,1,2
52712,0,12.0,Female,2.0,3,Married,7,0,0.0,1.0,2.0,157.36,0,1
52713,0,9.0,Male,2.0,4,Married,2,0,0.0,1.0,2.0,122.26,1,1
52714,0,7.0,Male,2.0,1,Married,2,1,3.0,6.0,11.0,157.47,1,1
52715,1,0.0,Female,2.0,3,Single,4,1,0.0,2.0,2.0,198.54,0,2
52716,0,20.0,Male,3.0,4,Married,9,0,0.0,1.0,7.0,154.67,1,1
52717,0,29.0,Female,2.0,5,Married,5,0,0.0,1.0,0.0,153.8,0,1
52718,0,12.0,Male,2.0,5,Married,2,0,0.0,7.0,9.0,151.51,1,1
52719,0,9.0,Female,2.0,4,Married,2,1,1.0,1.0,7.0,121.33,0,1
52720,0,60.0,Female,3.0,1,Married,5,1,1.0,1.0,0.0,278.75,0,1
52721,1,0.0,Female,2.0,3,Single,4,1,0.0,1.0,3.0,124.32,0,2
52722,0,11.0,Male,3.0,1,Married,3,0,0.0,1.0,3.0,147.71,1,1
52723,0,22.0,Male,2.0,1,Married,4,0,1.0,4.0,3.0,291.61,1,1
52724,0,15.0,Male,3.0,1,Married,4,1,1.0,1.0,0.0,150.87,1,1
52725,1,0.0,Female,3.0,4,Married,2,0,1.0,1.0,0.0,128.63,0,1
52726,0,8.0,Male,3.0,5,Married,1,0,1.0,1.0,4.0,155.61,1,1
52727,0,9.0,Male,2.0,3,Single,2,0,0.0,1.0,4.0,121.44,1,2
52728,0,4.0,Male,3.0,5,Married,2,1,2.0,2.0,3.0,130.65,1,1
52729,0,9.0,Male,3.0,4,Married,2,0,1.0,1.0,2.0,128.1,1,1
52730,0,7.0,Male,2.0,1,Single,2,0,2.0,2.0,1.0,198.88,1,2
52731,0,7.0,Male,2.0,3,Married,2,0,0.0,1.0,1.0,186.28,1,1
52732,0,0.0,Male,3.0,5,Single,1,0,7.0,7.0,6.0,128.67,1,2
52733,0,2.0,Male,2.0,5,Married,1,0,0.0,1.0,2.0,153.73,1,1
52734,0,5.0,Female,2.0,1,Married,6,0,0.0,1.0,2.0,166.67,0,1
52735,0,4.0,Male,2.0,5,Married,2,0,6.0,8.0,7.0,150.03,1,1
52736,1,0.0,Male,2.0,1,Married,6,0,1.0,1.0,3.0,123.67,1,1
52737,0,11.0,Male,3.0,5,Single,5,0,1.0,1.0,0.0,128.58,1,2
52738,0,8.0,Female,2.0,1,Married,2,1,1.0,1.0,9.0,152.04,0,1
52739,0,0.0,Male,2.0,1,Single,2,0,1.0,1.0,7.0,141.05,1,2
52740,0,5.0,Male,2.0,1,Single,9,0,1.0,1.0,0.0,196.79,1,2
52741,1,0.0,Male,3.0,1,Married,2,1,0.0,1.0,8.0,156.17,1,1
52742,1,16.0,Male,3.0,5,Single,7,1,0.0,2.0,2.0,204.48,1,2
52743,0,27.0,Female,3.0,3,Married,4,0,1.0,2.0,3.0,128.97,0,1
52744,0,6.0,Male,2.0,3,Married,2,0,0.0,2.0,8.0,159.68,1,1
52745,0,16.0,Male,1.0,3,Married,2,0,1.0,1.0,9.0,175.1,1,1
52746,0,11.0,Male,3.0,4,Married,1,1,0.0,1.0,2.0,129.91,1,1
52747,0,28.0,Male,3.0,4,Married,5,1,1.0,1.0,4.0,296.36,1,1
52748,0,4.0,Female,2.0,1,Married,2,1,0.0,1.0,0.0,111.29,0,1
52749,0,12.0,Male,3.0,5,Single,1,0,4.0,2.0,10.0,233.41,1,2
52750,0,15.0,Male,2.0,3,Single,2,0,3.0,3.0,7.0,143.32,1,2
52751,0,4.0,Female,2.0,3,Married,5,0,3.0,4.0,3.0,210.31,0,1
52752,0,27.0,Female,3.0,5,Single,7,1,0.0,1.0,4.0,144.4,0,2
52753,0,0.0,Male,2.0,3,Single,2,0,1.0,1.0,2.0,146.17,1,2
52754,0,0.0,Male,3.0,1,Single,2,0,1.0,1.0,4.0,126.47,1,2
52755,0,13.0,Female,3.0,3,Married,2,0,7.0,9.0,4.0,163.23,0,1
52756,0,13.0,Female,3.0,4,Married,4,0,1.0,5.0,10.0,156.77,0,1
52757,0,9.0,Female,2.0,4,Married,5,0,0.0,1.0,2.0,121.87,0,1
52758,0,3.0,Male,3.0,4,Married,2,0,1.0,1.0,7.0,137.48,1,1
52759,0,0.0,Male,2.0,3,Married,7,1,0.0,1.0,2.0,139.77,1,1
52760,0,20.0,Male,2.0,3,Single,3,0,9.0,12.0,11.0,186.33,1,2
52761,0,9.0,Male,2.0,3,Married,2,0,0.0,1.0,0.0,120.08,1,1
52762,0,11.0,Male,2.0,4,Married,1,0,1.0,5.0,8.0,144.4,1,1
52763,0,4.0,Male,3.0,3,Married,1,0,0.0,1.0,2.0,130.67,1,1
52764,0,11.0,Male,3.0,3,Married,3,0,2.0,7.0,7.0,153.21,1,1
52765,0,15.0,Male,2.0,5,Married,7,1,1.0,1.0,2.0,154.1,1,1
52766,0,14.0,Male,3.0,1,Married,4,0,0.0,1.0,0.0,127.82,1,1
52767,0,20.0,Female,3.0,4,Married,1,0,0.0,5.0,3.0,219.57,0,1
52768,0,8.0,Male,2.0,3,Married,8,1,2.0,2.0,2.0,126.6,1,1
52769,0,0.0,Male,3.0,3,Single,1,0,1.0,1.0,2.0,133.75,1,2
52770,0,8.0,Male,2.0,3,Single,2,0,0.0,1.0,8.0,150.98,1,2
52771,0,6.0,Female,3.0,1,Married,1,1,6.0,8.0,1.0,148.78,0,1
52772,0,5.0,Female,3.0,4,Single,2,0,0.0,4.0,1.0,128.37,0,2
52773,0,13.0,Male,2.0,1,Married,9,0,1.0,1.0,0.0,124.06,1,1
52774,0,9.0,Male,3.0,4,Married,1,0,2.0,2.0,2.0,122.69,1,1
52775,0,12.0,Male,2.0,1,Single,8,0,0.0,1.0,7.0,141.08,1,2
52776,0,11.0,Female,3.0,3,Married,4,0,0.0,2.0,11.0,232.06,0,1
52777,0,5.0,Female,2.0,1,Married,2,0,0.0,5.0,7.0,204.22,0,1
52778,0,10.0,Female,2.0,1,Married,2,1,5.0,2.0,8.0,237.44,0,1
52779,0,0.0,Female,2.0,3,Married,1,1,0.0,1.0,4.0,149.07,0,1
52780,0,25.0,Male,2.0,1,Married,3,0,1.0,1.0,0.0,134.82,1,1
52781,0,17.0,Male,2.0,1,Single,7,1,1.0,1.0,2.0,124.36,1,2
52782,0,0.0,Male,2.0,5,Single,2,1,1.0,1.0,2.0,123.8,1,2
52783,0,12.0,Male,2.0,1,Single,3,0,1.0,1.0,3.0,294.31,1,2
52784,1,9.0,Male,2.0,5,Married,2,0,1.0,1.0,0.0,117.9,1,1
52785,0,9.0,Female,3.0,1,Married,1,0,0.0,3.0,4.0,176.44,0,1
52786,0,9.0,Female,3.0,4,Married,8,0,0.0,1.0,2.0,151.31,0,1
52787,0,29.0,Male,2.0,3,Married,2,0,0.0,1.0,9.0,163.06,1,1
52788,1,0.0,Male,2.0,1,Married,10,1,2.0,2.0,2.0,147.87,1,1
52789,0,15.0,Male,2.0,3,Married,6,0,1.0,4.0,14.0,288.8,1,1
52790,1,19.0,Male,3.0,3,Married,9,0,6.0,9.0,8.0,123.39,1,1
52791,0,14.0,Female,2.0,4,Married,1,0,1.0,2.0,10.0,235.7,0,1
52792,0,7.0,Female,3.0,3,Married,2,0,1.0,1.0,7.0,167.12,0,1
52793,0,9.0,Male,2.0,1,Married,2,0,5.0,11.0,11.0,154.06,1,1
52794,0,14.0,Male,2.0,4,Married,3,0,1.0,1.0,4.0,189.38,1,1
52795,0,5.0,Male,3.0,5,Single,2,0,0.0,1.0,2.0,124.39,1,2
52796,0,8.0,Female,2.0,1,Single,2,1,1.0,1.0,7.0,188.37,0,2
52797,0,11.0,Female,3.0,1,Married,2,0,0.0,1.0,9.0,153.43,0,1
52798,1,13.0,Male,3.0,3,Married,8,0,1.0,1.0,1.0,167.28,1,1
52799,0,9.0,Female,3.0,1,Married,5,0,1.0,1.0,0.0,166.52,0,1
52800,0,18.0,Female,2.0,3,Single,9,0,0.0,1.0,1.0,148.5,0,2
52801,0,13.0,Male,3.0,3,Single,3,0,0.0,2.0,2.0,128.09,1,2
52802,0,8.0,Male,3.0,3,Married,2,1,0.0,1.0,2.0,156.89,1,1
52803,0,9.0,Female,3.0,3,Married,3,0,0.0,1.0,2.0,120.01,0,1
52804,0,8.0,Female,3.0,1,Married,2,0,1.0,1.0,1.0,129.77,0,1
52805,0,2.0,Male,2.0,4,Married,5,1,0.0,1.0,3.0,140.25,1,1
52806,0,2.0,Female,3.0,5,Single,2,0,0.0,1.0,4.0,137.85,0,2
52807,1,13.0,Male,2.0,5,Married,5,1,2.0,2.0,0.0,208.54,1,1
52808,0,12.0,Female,2.0,1,Married,1,0,3.0,9.0,3.0,220.31,0,1
52809,0,4.0,Male,3.0,5,Single,1,0,1.0,1.0,7.0,199.36,1,2
52810,0,0.0,Female,3.0,3,Single,1,0,1.0,1.0,0.0,129.66,0,2
52811,0,9.0,Male,2.0,1,Married,5,0,0.0,1.0,3.0,125.71,1,1
52812,0,12.0,Male,2.0,5,Married,5,0,0.0,1.0,7.0,199.91,1,1
52813,0,0.0,Male,2.0,4,Married,2,1,0.0,1.0,3.0,161.42,1,1
52814,0,22.0,Male,3.0,4,Married,3,0,1.0,1.0,8.0,153.9,1,1
52815,0,7.0,Male,2.0,3,Married,3,0,1.0,1.0,2.0,144.04,1,1
52816,1,5.0,Female,4.0,2,Single,10,1,2.0,2.0,6.0,184.93,0,2
52817,1,1.0,Male,4.0,3,Single,8,1,1.0,2.0,1.0,145.9,1,2
52818,1,1.0,Male,3.0,3,Single,7,1,1.0,2.0,4.0,145.28,1,2
52819,1,1.0,Male,3.0,5,Single,9,0,1.0,2.0,4.0,159.07,1,2
52820,1,1.0,Male,3.0,5,Single,4,0,2.0,2.0,4.0,154.6,1,2
52821,1,1.0,Female,4.0,5,Single,3,1,5.0,7.0,8.0,164.19,0,2
52822,1,3.0,Male,3.0,2,Divorced,5,0,1.0,2.0,1.0,145.86,1,0
52823,1,1.0,Male,4.0,2,Divorced,4,1,3.0,3.0,1.0,147.93,1,0
52824,1,14.0,Male,3.0,3,Divorced,3,1,1.0,2.0,3.0,151.83,1,0
52825,1,1.0,Male,3.0,3,Single,3,0,2.0,2.0,2.0,147.93,1,2
52826,1,5.0,Female,3.0,3,Divorced,3,0,10.0,16.0,9.0,320.45,0,0
52827,1,12.0,Male,4.0,3,Single,11,1,1.0,2.0,1.0,178.81,1,2
52828,1,1.0,Male,3.0,3,Single,3,1,3.0,3.0,3.0,159.41,1,2
52829,1,1.0,Male,4.0,3,Divorced,2,1,1.0,2.0,1.0,158.88,1,0
52830,1,10.0,Male,4.0,2,Single,3,0,1.0,5.0,3.0,221.19,1,2
52831,1,1.0,Male,4.0,5,Married,6,1,2.0,2.0,3.0,145.73,1,1
52832,1,1.0,Female,4.0,2,Single,3,1,2.0,2.0,1.0,154.26,0,2
52833,1,1.0,Male,3.0,3,Single,3,1,2.0,2.0,4.0,182.44,1,2
52834,1,1.0,Male,4.0,3,Single,3,1,2.0,2.0,7.0,185.74,1,2
52835,1,20.0,Female,4.0,4,Divorced,11,1,2.0,5.0,4.0,174.63,0,0
52836,1,1.0,Male,4.0,3,Divorced,6,1,7.0,8.0,8.0,186.72,1,0
52837,1,21.0,Female,4.0,2,Divorced,3,0,12.0,16.0,3.0,228.12,0,0
52838,1,1.0,Male,3.0,3,Single,3,1,1.0,2.0,1.0,141.75,1,2
52839,1,1.0,Female,4.0,3,Divorced,5,1,2.0,3.0,3.0,170.59,0,0
52840,1,15.0,Male,3.0,2,Single,4,0,1.0,2.0,4.0,231.5,1,2
52841,1,1.0,Female,3.0,5,Single,9,0,2.0,2.0,5.0,167.0,0,2
52842,0,9.0,Male,4.0,4,Divorced,3,0,2.0,2.0,7.0,197.95,1,0
52843,0,27.0,Male,3.0,3,Divorced,4,1,1.0,5.0,6.0,148.06,1,0
52844,0,19.0,Male,3.0,4,Married,10,0,2.0,2.0,16.0,148.48,1,1
52845,0,6.0,Female,3.0,2,Single,3,0,3.0,4.0,3.0,214.98,0,2
52846,0,3.0,Male,3.0,3,Divorced,3,0,1.0,2.0,10.0,168.19,1,0
52847,0,1.0,Male,3.0,3,Divorced,4,0,2.0,2.0,1.0,186.32,1,0
52848,0,31.0,Female,4.0,4,Divorced,6,1,2.0,2.0,1.0,158.46,0,0
52849,0,14.0,Male,4.0,2,Divorced,9,0,3.0,2.0,12.0,233.55,1,0
52850,0,8.0,Female,4.0,3,Divorced,8,0,2.0,2.0,3.0,147.31,0,0
52851,0,1.0,Male,4.0,2,Divorced,3,0,1.0,3.0,3.0,148.23,1,0
52852,0,1.0,Male,3.0,4,Married,8,0,1.0,3.0,3.0,145.24,1,1
52853,0,2.0,Male,3.0,2,Divorced,3,0,1.0,2.0,3.0,152.13,1,0
52854,0,31.0,Male,3.0,2,Married,5,1,2.0,2.0,3.0,219.39,1,1
52855,0,1.0,Male,4.0,3,Married,3,1,1.0,2.0,2.0,150.66,1,1
52856,0,24.0,Female,3.0,4,Single,5,0,3.0,5.0,5.0,324.26,0,2
52857,0,15.0,Male,3.0,3,Married,6,0,2.0,2.0,9.0,149.51,1,1
52858,0,4.0,Female,3.0,2,Divorced,4,0,3.0,8.0,3.0,219.19,0,0
52859,0,12.0,Female,3.0,2,Single,6,0,2.0,2.0,3.0,211.86,0,2
52860,0,6.0,Male,3.0,3,Single,5,0,1.0,2.0,5.0,155.38,1,2
52861,0,1.0,Male,3.0,4,Divorced,2,1,2.0,2.0,2.0,155.58,1,0
52862,1,1.0,Female,4.0,5,Single,2,0,2.0,2.0,1.0,148.25,0,2
52863,0,10.0,Male,2.0,4,Single,6,0,5.0,8.0,3.0,145.88,1,2
52864,0,4.0,Male,4.0,5,Married,3,0,1.0,7.0,11.0,155.72,1,1
52865,0,19.0,Female,2.0,5,Married,6,1,1.0,2.0,4.0,175.06,0,1
52866,0,30.0,Female,4.0,5,Married,6,1,2.0,3.0,3.0,167.57,0,1
52867,0,7.0,Male,3.0,2,Single,2,0,1.0,2.0,3.0,150.0,1,2
52868,1,1.0,Male,3.0,2,Single,3,0,1.0,2.0,1.0,136.02,1,2
52869,0,20.0,Female,4.0,5,Married,3,0,5.0,16.0,3.0,229.53,0,1
52870,0,12.0,Female,4.0,2,Single,3,0,2.0,3.0,2.0,147.88,0,2
52871,0,5.0,Female,4.0,2,Divorced,10,1,2.0,2.0,3.0,164.29,0,0
52872,0,8.0,Female,4.0,4,Single,4,0,2.0,2.0,3.0,148.11,0,2
52873,1,5.0,Female,4.0,4,Single,3,1,1.0,2.0,3.0,156.4,0,2
52874,0,24.0,Male,3.0,3,Divorced,4,0,1.0,2.0,3.0,161.9,1,0
52875,0,27.0,Female,3.0,5,Married,3,0,2.0,2.0,4.0,169.5,0,1
52876,0,7.0,Female,4.0,4,Divorced,3,0,1.0,2.0,7.0,152.56,0,0
52877,0,14.0,Female,3.0,3,Divorced,3,0,1.0,10.0,10.0,315.33,0,0
52878,0,29.0,Male,4.0,4,Single,10,0,1.0,3.0,16.0,312.22,1,2
52879,0,8.0,Male,3.0,3,Divorced,3,0,1.0,2.0,3.0,220.47,1,0
52880,0,25.0,Female,4.0,4,Single,5,0,1.0,2.0,1.0,262.34,0,2
52881,0,26.0,Male,4.0,3,Divorced,2,0,2.0,12.0,10.0,324.99,1,0
52882,0,1.0,Female,3.0,4,Single,3,0,2.0,2.0,4.0,147.79,0,2
52883,1,1.0,Male,3.0,3,Divorced,5,1,2.0,2.0,2.0,184.16,1,0
52884,0,17.0,Male,3.0,2,Married,6,0,1.0,3.0,3.0,145.89,1,1
52885,0,19.0,Male,4.0,2,Divorced,11,0,10.0,12.0,9.0,292.92,1,0
52886,0,11.0,Male,4.0,5,Divorced,3,1,1.0,2.0,8.0,160.64,1,0
52887,0,9.0,Female,3.0,4,Single,7,0,2.0,2.0,3.0,169.25,0,2
52888,0,16.0,Female,3.0,3,Married,4,0,1.0,2.0,3.0,177.65,0,1
52889,0,12.0,Male,3.0,3,Divorced,11,0,1.0,2.0,1.0,190.53,1,0
52890,0,12.0,Male,3.0,2,Divorced,5,0,1.0,2.0,8.0,187.61,1,0
52891,0,1.0,Male,3.0,5,Divorced,7,0,1.0,3.0,1.0,167.98,1,0
52892,0,23.0,Male,4.0,2,Married,3,1,1.0,2.0,8.0,193.04,1,1
52893,0,8.0,Male,3.0,3,Married,3,1,3.0,3.0,1.0,163.15,1,1
52894,0,14.0,Male,3.0,2,Divorced,10,1,2.0,4.0,8.0,152.41,1,0
52895,1,2.0,Male,4.0,5,Divorced,9,1,1.0,2.0,1.0,191.73,1,0
52896,1,1.0,Female,3.0,2,Divorced,3,0,2.0,2.0,10.0,201.39,0,0
52897,0,1.0,Male,3.0,4,Married,3,1,1.0,3.0,3.0,148.28,1,1
52898,0,10.0,Female,4.0,2,Single,3,0,2.0,2.0,8.0,146.53,0,2
52899,0,14.0,Male,4.0,2,Divorced,11,0,2.0,2.0,3.0,173.76,1,0
52900,0,20.0,Male,4.0,5,Married,9,0,1.0,2.0,3.0,218.96,1,1
52901,1,1.0,Male,3.0,2,Divorced,3,0,8.0,10.0,3.0,229.0,1,0
52902,0,4.0,Male,3.0,3,Single,3,0,3.0,6.0,3.0,209.74,1,2
52903,0,1.0,Female,3.0,3,Single,3,0,2.0,2.0,3.0,224.81,0,2
52904,0,25.0,Male,3.0,4,Divorced,7,0,2.0,2.0,8.0,249.9,1,0
52905,1,1.0,Female,3.0,5,Single,7,1,2.0,2.0,5.0,151.57,0,2
52906,0,15.0,Female,4.0,2,Single,5,1,1.0,2.0,1.0,260.91,0,2
52907,1,1.0,Female,3.0,5,Single,7,0,1.0,2.0,2.0,191.96,0,2
52908,1,1.0,Male,3.0,3,Single,2,0,1.0,2.0,6.0,145.58,1,2
52909,0,19.0,Female,3.0,2,Single,8,0,13.0,13.0,3.0,213.65,0,2
52910,0,28.0,Female,3.0,5,Divorced,4,0,2.0,2.0,6.0,184.4,0,0
52911,0,10.0,Male,4.0,4,Single,10,0,1.0,4.0,8.0,184.14,1,2
52912,0,7.0,Female,3.0,4,Divorced,8,0,1.0,2.0,2.0,151.22,0,0
52913,0,11.0,Male,3.0,2,Married,3,1,1.0,2.0,8.0,246.85,1,1
52914,0,12.0,Male,4.0,3,Married,2,0,2.0,6.0,3.0,231.09,1,1
52915,0,5.0,Male,3.0,3,Divorced,2,0,2.0,2.0,5.0,168.45,1,0
52916,0,31.0,Male,4.0,2,Divorced,5,0,1.0,2.0,1.0,146.77,1,0
52917,0,11.0,Male,3.0,2,Married,6,0,2.0,6.0,9.0,25.0,1,1
52918,0,3.0,Female,3.0,2,Divorced,3,0,5.0,5.0,2.0,204.18,0,0
52919,0,9.0,Female,4.0,3,Single,3,0,2.0,2.0,3.0,212.89,0,2
52920,1,1.0,Male,3.0,2,Single,3,1,1.0,2.0,2.0,148.89,1,2
52921,0,26.0,Female,3.0,2,Single,9,0,1.0,3.0,3.0,157.12,0,2
52922,0,16.0,Male,3.0,2,Divorced,3,0,1.0,12.0,16.0,317.32,1,0
52923,0,31.0,Male,3.0,3,Divorced,10,0,3.0,3.0,3.0,147.67,1,0
52924,0,24.0,Female,4.0,2,Married,5,0,2.0,2.0,7.0,320.17,0,1
52925,1,1.0,Male,3.0,2,Divorced,7,1,1.0,2.0,5.0,149.36,1,0
52926,0,17.0,Female,4.0,2,Divorced,7,1,1.0,2.0,10.0,285.64,0,0
52927,1,1.0,Female,3.0,5,Divorced,9,0,2.0,2.0,8.0,152.07,0,0
52928,0,26.0,Male,4.0,3,Single,3,1,8.0,16.0,13.0,315.68,1,2
52929,0,6.0,Female,3.0,4,Divorced,4,0,2.0,2.0,3.0,164.31,0,0
52930,1,1.0,Male,4.0,3,Single,2,1,2.0,2.0,3.0,162.3,1,2
52931,0,13.0,Female,4.0,3,Married,9,0,1.0,2.0,3.0,147.32,0,1
52932,0,6.0,Male,4.0,2,Divorced,2,0,2.0,3.0,3.0,169.65,1,0
52933,0,15.0,Male,3.0,5,Married,4,0,2.0,2.0,1.0,155.72,1,1
52934,0,14.0,Male,4.0,2,Married,3,0,3.0,5.0,8.0,158.19,1,1
52935,0,19.0,Male,4.0,2,Divorced,2,0,2.0,2.0,8.0,317.02,1,0
52936,0,5.0,Male,4.0,3,Married,11,0,1.0,3.0,3.0,261.75,1,1
52937,0,7.0,Female,4.0,2,Divorced,3,0,1.0,2.0,3.0,154.11,0,0
52938,0,8.0,Male,3.0,5,Divorced,8,0,1.0,6.0,10.0,184.57,1,0
52939,0,11.0,Female,3.0,5,Divorced,4,0,2.0,2.0,3.0,164.2,0,0
52940,0,19.0,Male,4.0,3,Divorced,6,0,1.0,2.0,3.0,189.34,1,0
52941,1,1.0,Male,4.0,3,Married,8,0,2.0,2.0,3.0,225.48,1,1
52942,0,13.0,Female,4.0,3,Single,2,0,11.0,2.0,9.0,234.38,0,2
52943,0,3.0,Male,3.0,2,Single,3,0,1.0,2.0,6.0,148.4,1,2
52944,0,16.0,Female,3.0,5,Single,5,1,1.0,2.0,3.0,190.45,0,2
52945,0,3.0,Male,3.0,2,Married,4,0,2.0,2.0,3.0,194.31,1,1
52946,0,1.0,Female,4.0,3,Divorced,2,0,2.0,2.0,3.0,173.98,0,0
52947,0,16.0,Female,3.0,5,Married,2,1,5.0,8.0,9.0,150.93,0,1
52948,0,14.0,Male,3.0,3,Married,2,0,1.0,4.0,10.0,319.36,1,1
52949,0,25.0,Male,4.0,2,Divorced,3,0,2.0,2.0,1.0,152.23,1,0
52950,1,1.0,Male,4.0,4,Single,2,0,2.0,2.0,5.0,159.79,1,2
52951,0,6.0,Male,4.0,4,Divorced,3,0,1.0,2.0,4.0,152.94,1,0
52952,0,12.0,Male,3.0,2,Divorced,5,0,7.0,8.0,6.0,177.49,1,0
52953,0,6.0,Male,3.0,5,Single,6,0,1.0,2.0,5.0,146.76,1,2
52954,0,20.0,Female,4.0,4,Divorced,5,1,7.0,8.0,8.0,293.72,0,0
52955,1,1.0,Male,4.0,3,Single,4,0,2.0,2.0,1.0,159.85,1,2
52956,0,3.0,Male,4.0,4,Divorced,4,0,1.0,2.0,1.0,191.44,1,0
52957,0,5.0,Male,4.0,2,Divorced,2,0,2.0,8.0,9.0,180.82,1,0
52958,0,1.0,Male,3.0,5,Married,3,0,2.0,2.0,6.0,165.0,1,1
52959,0,19.0,Male,4.0,2,Divorced,2,1,1.0,2.0,11.0,259.96,1,0
52960,0,10.0,Male,3.0,2,Divorced,2,0,5.0,11.0,12.0,157.1,1,0
52961,0,29.0,Male,3.0,5,Single,2,1,5.0,5.0,14.0,315.45,1,2
52962,1,11.0,Male,3.0,4,Divorced,3,1,6.0,2.0,10.0,243.49,1,0
52963,0,2.0,Male,4.0,2,Divorced,3,0,2.0,2.0,5.0,145.7,1,0
52964,0,11.0,Male,4.0,2,Divorced,6,0,1.0,2.0,2.0,190.02,1,0
52965,0,1.0,Male,4.0,3,Single,3,0,2.0,2.0,1.0,157.3,1,2
52966,0,11.0,Female,1.0,2,Married,4,1,1.0,2.0,3.0,261.03,0,1
52967,0,3.0,Female,4.0,4,Married,9,0,6.0,2.0,3.0,244.96,0,1
52968,0,12.0,Female,3.0,5,Married,3,1,1.0,8.0,8.0,181.05,0,1
52969,0,1.0,Female,3.0,4,Married,3,0,1.0,2.0,5.0,188.97,0,1
52970,0,24.0,Male,4.0,4,Married,5,0,2.0,2.0,7.0,316.44,1,1
52971,0,27.0,Male,3.0,3,Divorced,5,1,1.0,2.0,4.0,300.84,1,0
52972,0,16.0,Male,3.0,3,Divorced,3,0,5.0,12.0,7.0,174.07,1,0
52973,0,3.0,Male,3.0,2,Single,3,0,1.0,2.0,10.0,170.54,1,2
52974,0,29.0,Male,3.0,2,Divorced,5,1,2.0,2.0,9.0,179.15,1,0
52975,0,1.0,Male,3.0,5,Divorced,3,1,3.0,4.0,4.0,172.41,1,0
52976,0,11.0,Female,3.0,2,Single,3,0,2.0,6.0,8.0,146.15,0,2
52977,1,8.0,Male,3.0,3,Married,5,1,1.0,2.0,1.0,156.61,1,1
52978,0,12.0,Male,3.0,2,Married,11,0,1.0,2.0,3.0,182.45,1,1
52979,1,1.0,Male,3.0,4,Married,4,1,2.0,2.0,3.0,148.73,1,1
52980,0,2.0,Female,4.0,2,Single,3,0,1.0,2.0,3.0,158.1,0,2
52981,0,23.0,Female,3.0,5,Single,11,1,1.0,2.0,3.0,311.65,0,2
52982,0,10.0,Male,2.0,4,Single,6,0,7.0,8.0,8.0,169.85,1,2
52983,0,5.0,Female,3.0,4,Married,3,0,1.0,3.0,3.0,152.89,0,1
52984,1,1.0,Male,3.0,2,Single,3,1,8.0,8.0,5.0,183.28,1,2
52985,0,11.0,Male,3.0,2,Divorced,3,1,1.0,2.0,3.0,148.26,1,0
52986,0,16.0,Female,4.0,4,Divorced,7,0,3.0,2.0,9.0,260.25,0,0
52987,1,1.0,Male,3.0,3,Single,3,0,1.0,2.0,1.0,139.2,1,2
52988,0,9.0,Male,4.0,4,Divorced,2,0,4.0,7.0,10.0,205.2,1,0
52989,0,10.0,Male,3.0,2,Divorced,6,0,1.0,2.0,1.0,161.88,1,0
52990,0,25.0,Male,3.0,4,Married,7,0,1.0,2.0,3.0,179.82,1,1
52991,0,15.0,Male,3.0,4,Single,3,0,1.0,2.0,5.0,285.15,1,2
52992,0,1.0,Female,4.0,3,Single,3,0,2.0,2.0,1.0,137.0,0,2
52993,0,2.0,Male,4.0,5,Single,2,0,1.0,2.0,8.0,181.61,1,2
52994,0,5.0,Male,4.0,2,Divorced,6,0,4.0,8.0,8.0,194.29,1,0
52995,0,13.0,Male,3.0,2,Married,2,0,4.0,4.0,3.0,221.13,1,1
52996,0,10.0,Female,3.0,4,Divorced,9,0,1.0,2.0,9.0,181.74,0,0
52997,0,6.0,Male,4.0,3,Divorced,3,0,2.0,5.0,9.0,179.84,1,0
52998,0,12.0,Female,3.0,4,Divorced,5,0,2.0,2.0,2.0,245.61,0,0
52999,0,31.0,Male,3.0,3,Married,4,1,2.0,2.0,3.0,181.6,1,1
53000,0,5.0,Male,3.0,2,Divorced,2,1,1.0,2.0,4.0,173.21,1,0
53001,0,5.0,Male,4.0,5,Divorced,5,0,1.0,2.0,1.0,189.1,1,0
53002,0,19.0,Male,4.0,5,Married,3,0,6.0,10.0,12.0,177.1,1,1
53003,0,5.0,Male,3.0,2,Married,2,1,2.0,3.0,3.0,151.95,1,1
53004,0,7.0,Female,4.0,4,Divorced,8,0,3.0,2.0,9.0,243.78,0,0
53005,0,13.0,Male,3.0,5,Divorced,3,1,12.0,12.0,11.0,295.68,1,0
53006,0,17.0,Female,3.0,2,Single,2,0,1.0,2.0,8.0,149.55,0,2
53007,0,23.0,Female,3.0,3,Single,9,1,1.0,2.0,8.0,264.64,0,2
53008,1,16.0,Male,3.0,4,Divorced,4,0,8.0,8.0,8.0,174.41,1,0
53009,0,1.0,Female,3.0,4,Single,3,1,1.0,2.0,3.0,149.78,0,2
53010,0,6.0,Female,4.0,4,Divorced,3,1,7.0,12.0,10.0,177.28,0,0
53011,0,1.0,Male,4.0,3,Single,3,1,2.0,2.0,5.0,169.78,1,2
53012,0,5.0,Male,4.0,2,Married,6,0,1.0,2.0,8.0,200.47,1,1
53013,0,6.0,Female,4.0,2,Single,9,0,2.0,2.0,8.0,175.55,0,2
53014,1,1.0,Male,3.0,2,Divorced,7,1,3.0,3.0,3.0,159.64,1,0
53015,0,4.0,Female,4.0,2,Divorced,3,0,1.0,2.0,10.0,182.75,0,0
53016,0,5.0,Female,3.0,3,Divorced,3,0,4.0,9.0,3.0,214.43,0,0
53017,0,13.0,Male,3.0,2,Divorced,3,0,10.0,14.0,4.0,317.72,1,0
53018,1,3.0,Female,3.0,3,Divorced,6,1,2.0,2.0,1.0,177.38,0,0
53019,0,7.0,Male,3.0,2,Single,5,0,2.0,2.0,2.0,171.82,1,2
53020,0,21.0,Male,3.0,3,Divorced,6,0,1.0,2.0,2.0,308.0,1,0
53021,0,17.0,Female,3.0,3,Married,3,0,1.0,2.0,1.0,177.57,0,1
53022,0,1.0,Male,4.0,4,Divorced,2,1,1.0,2.0,5.0,188.49,1,0
53023,0,28.0,Female,3.0,3,Single,5,0,2.0,2.0,4.0,173.69,0,2
53024,0,17.0,Female,3.0,5,Divorced,10,0,2.0,2.0,3.0,224.85,0,0
53025,0,19.0,Male,4.0,2,Divorced,11,0,8.0,10.0,9.0,161.97,1,0
53026,0,14.0,Male,3.0,2,Divorced,4,1,2.0,2.0,3.0,199.57,1,0
53027,1,1.0,Male,4.0,5,Divorced,3,1,2.0,2.0,8.0,146.19,1,0
53028,0,3.0,Male,2.0,2,Single,2,0,3.0,3.0,3.0,164.83,1,2
53029,0,4.0,Female,2.0,3,Married,3,0,1.0,2.0,3.0,186.18,0,1
53030,0,1.0,Female,3.0,4,Divorced,3,0,1.0,2.0,8.0,187.14,0,0
53031,0,11.0,Male,4.0,2,Married,9,0,1.0,2.0,5.0,188.47,1,1
53032,0,12.0,Male,4.0,2,Married,2,1,2.0,2.0,10.0,240.1,1,1
53033,0,5.0,Female,3.0,2,Single,3,1,3.0,5.0,11.0,196.43,0,2
53034,0,3.0,Female,3.0,4,Married,3,1,1.0,2.0,8.0,207.68,0,1
53035,0,9.0,Male,4.0,4,Single,2,0,1.0,2.0,14.0,205.95,1,2
53036,0,1.0,Male,3.0,2,Married,3,0,2.0,2.0,3.0,154.04,1,1
53037,0,15.0,Male,4.0,4,Single,8,1,2.0,2.0,3.0,185.32,1,2
53038,0,21.0,Male,3.0,3,Single,5,0,1.0,2.0,1.0,154.76,1,2
53039,0,16.0,Female,3.0,2,Single,4,0,1.0,2.0,1.0,284.92,0,2
53040,0,3.0,Male,4.0,3,Divorced,3,0,2.0,2.0,3.0,171.49,1,0
53041,0,16.0,Male,3.0,3,Married,2,1,2.0,2.0,1.0,151.96,1,1
53042,0,6.0,Female,4.0,4,Divorced,3,0,1.0,2.0,8.0,148.7,0,0
53043,0,22.0,Female,4.0,3,Divorced,5,0,1.0,2.0,1.0,250.04,0,0
53044,0,11.0,Male,3.0,5,Married,6,1,3.0,7.0,8.0,184.74,1,1
53045,0,4.0,Female,3.0,3,Divorced,9,1,2.0,3.0,3.0,172.36,0,0
53046,0,1.0,Male,3.0,3,Divorced,3,0,3.0,8.0,8.0,177.96,1,0
53047,0,16.0,Male,4.0,2,Single,5,0,1.0,2.0,1.0,192.81,1,2
53048,1,1.0,Female,3.0,4,Single,3,1,2.0,2.0,3.0,146.74,0,2
53049,0,10.0,Female,3.0,2,Single,6,0,2.0,2.0,1.0,191.53,0,2
53050,0,10.0,Male,3.0,2,Divorced,6,0,1.0,2.0,3.0,221.99,1,0
53051,0,31.0,Male,3.0,3,Divorced,4,0,2.0,2.0,3.0,192.55,1,0
53052,0,14.0,Female,3.0,3,Divorced,5,1,1.0,2.0,8.0,147.13,0,0
53053,0,1.0,Male,3.0,2,Single,3,0,1.0,3.0,3.0,151.1,1,2
53054,1,1.0,Female,3.0,3,Single,3,1,2.0,2.0,1.0,153.51,0,2
53055,0,11.0,Female,4.0,5,Divorced,8,0,2.0,2.0,4.0,159.52,0,0
53056,0,20.0,Female,2.0,3,Divorced,4,0,1.0,2.0,1.0,177.58,0,0
53057,1,5.0,Male,3.0,4,Single,3,0,8.0,8.0,3.0,218.55,1,2
53058,0,24.0,Male,4.0,2,Single,8,0,1.0,2.0,3.0,229.96,1,2
53059,1,4.0,Male,4.0,3,Divorced,4,1,2.0,2.0,1.0,188.8,1,0
53060,0,5.0,Male,3.0,4,Single,2,1,2.0,3.0,3.0,151.57,1,2
53061,1,1.0,Female,3.0,4,Single,3,0,1.0,2.0,1.0,152.16,0,2
53062,0,3.0,Male,3.0,2,Single,11,0,2.0,2.0,3.0,147.01,1,2
53063,0,9.0,Male,4.0,4,Single,11,0,2.0,2.0,1.0,190.4,1,2
53064,0,1.0,Male,3.0,4,Married,3,0,1.0,2.0,5.0,163.16,1,1
53065,0,2.0,Male,4.0,2,Single,3,0,2.0,2.0,8.0,177.53,1,2
53066,0,23.0,Male,3.0,3,Single,10,0,2.0,2.0,1.0,170.0,1,2
53067,0,25.0,Female,3.0,2,Divorced,6,0,1.0,2.0,8.0,174.36,0,0
53068,0,10.0,Female,4.0,3,Divorced,6,0,2.0,3.0,3.0,150.43,0,0
53069,1,1.0,Male,4.0,2,Single,10,1,2.0,2.0,5.0,178.04,1,2
53070,0,29.0,Female,4.0,2,Single,4,1,1.0,2.0,3.0,291.59,0,2
53071,0,1.0,Female,4.0,3,Married,3,1,1.0,2.0,4.0,167.6,0,1
53072,0,4.0,Male,4.0,4,Divorced,3,0,2.0,2.0,1.0,149.76,1,0
53073,1,1.0,Male,4.0,5,Single,2,0,1.0,2.0,5.0,156.02,1,2
53074,0,1.0,Female,3.0,4,Divorced,3,0,2.0,2.0,3.0,147.44,0,0
53075,0,10.0,Male,4.0,3,Divorced,3,0,10.0,10.0,1.0,200.96,1,0
53076,1,1.0,Male,3.0,2,Single,20,1,2.0,2.0,1.0,147.85,1,2
53077,0,11.0,Female,4.0,5,Married,3,0,4.0,13.0,18.0,155.34,0,1
53078,0,14.0,Female,3.0,4,Married,9,0,1.0,2.0,4.0,182.15,0,1
53079,0,16.0,Female,4.0,5,Married,5,0,2.0,2.0,3.0,150.76,0,1
53080,0,11.0,Male,3.0,4,Single,4,1,1.0,2.0,2.0,166.97,1,2
53081,0,17.0,Male,3.0,4,Married,3,0,1.0,4.0,10.0,268.36,1,1
53082,0,14.0,Female,4.0,3,Divorced,8,0,2.0,2.0,1.0,159.48,0,0
53083,0,28.0,Male,3.0,5,Divorced,6,0,2.0,2.0,3.0,319.06,1,0
53084,0,8.0,Female,4.0,3,Divorced,11,0,2.0,2.0,3.0,190.38,0,0
53085,0,5.0,Female,3.0,5,Divorced,3,0,4.0,4.0,13.0,168.06,0,0
53086,0,17.0,Male,4.0,2,Divorced,9,0,1.0,2.0,3.0,147.58,1,0
53087,0,17.0,Female,4.0,3,Married,6,1,1.0,2.0,3.0,170.22,0,1
53088,0,1.0,Female,3.0,2,Single,3,1,1.0,2.0,4.0,169.87,0,2
53089,0,11.0,Female,4.0,3,Divorced,5,1,4.0,11.0,8.0,169.49,0,0
53090,0,5.0,Male,4.0,5,Divorced,3,0,1.0,4.0,3.0,147.18,1,0
53091,0,13.0,Male,3.0,3,Married,3,1,1.0,2.0,7.0,316.97,1,1
53092,0,30.0,Female,3.0,5,Divorced,11,0,3.0,2.0,8.0,257.12,0,0
53093,0,4.0,Female,3.0,3,Single,2,0,4.0,5.0,5.0,190.77,0,2
53094,0,15.0,Male,3.0,5,Divorced,3,0,2.0,2.0,8.0,208.92,1,0
53095,0,2.0,Male,4.0,5,Married,3,0,1.0,2.0,9.0,170.58,1,1
53096,1,1.0,Male,4.0,5,Divorced,7,0,2.0,2.0,3.0,165.31,1,0
53097,0,26.0,Male,3.0,3,Divorced,4,1,1.0,2.0,5.0,204.69,1,0
53098,0,19.0,Male,4.0,2,Divorced,5,0,2.0,2.0,3.0,151.54,1,0
53099,0,26.0,Female,2.0,2,Divorced,4,0,1.0,2.0,5.0,290.55,0,0
53100,0,16.0,Female,4.0,3,Married,4,0,2.0,2.0,3.0,170.56,0,1
53101,0,4.0,Female,3.0,2,Single,4,0,1.0,2.0,3.0,185.91,0,2
53102,0,31.0,Female,3.0,5,Divorced,7,0,1.0,12.0,11.0,320.66,0,0
53103,0,20.0,Female,3.0,3,Married,4,0,1.0,2.0,9.0,173.1,0,1
53104,0,16.0,Female,3.0,2,Divorced,2,0,1.0,2.0,5.0,170.23,0,0
53105,1,1.0,Female,4.0,4,Single,3,1,2.0,2.0,5.0,157.02,0,2
53106,1,1.0,Female,3.0,3,Married,2,0,2.0,2.0,1.0,148.51,0,1
53107,0,12.0,Male,3.0,2,Divorced,3,1,2.0,2.0,1.0,142.02,1,0
53108,0,14.0,Female,4.0,3,Divorced,2,0,1.0,2.0,13.0,305.41,0,0
53109,0,1.0,Female,3.0,2,Married,3,0,2.0,2.0,3.0,153.86,0,1
53110,0,4.0,Male,3.0,2,Divorced,6,0,1.0,2.0,5.0,145.97,1,0
53111,0,3.0,Male,4.0,3,Divorced,3,0,2.0,2.0,8.0,244.35,1,0
53112,1,1.0,Female,4.0,4,Divorced,7,0,1.0,2.0,2.0,150.46,0,0
53113,1,1.0,Male,3.0,2,Single,3,0,2.0,2.0,1.0,150.64,1,2
53114,0,4.0,Female,4.0,5,Divorced,2,0,3.0,8.0,9.0,209.12,0,0
53115,0,31.0,Male,3.0,2,Married,5,0,1.0,2.0,1.0,266.18,1,1
53116,0,24.0,Male,3.0,3,Divorced,2,0,12.0,16.0,8.0,295.46,1,0
53117,0,4.0,Female,3.0,2,Single,2,0,6.0,7.0,8.0,150.64,0,2
53118,0,31.0,Female,4.0,5,Divorced,6,0,14.0,14.0,3.0,227.66,0,0
53119,0,21.0,Female,4.0,2,Married,7,0,1.0,2.0,5.0,175.7,0,1
53120,0,20.0,Male,3.0,3,Divorced,8,0,1.0,2.0,2.0,303.61,1,0
53121,0,9.0,Male,3.0,3,Single,2,0,3.0,5.0,4.0,167.3,1,2
53122,0,28.0,Female,3.0,3,Single,9,0,2.0,2.0,1.0,162.8,0,2
53123,0,8.0,Male,4.0,3,Married,5,0,6.0,6.0,8.0,152.68,1,1
53124,0,20.0,Female,4.0,2,Divorced,4,1,2.0,2.0,3.0,215.71,0,0
53125,0,5.0,Male,3.0,4,Married,3,0,2.0,2.0,9.0,231.48,1,1
53126,1,1.0,Male,3.0,3,Divorced,9,1,1.0,8.0,8.0,261.1,1,0
53127,1,1.0,Male,3.0,2,Married,9,0,1.0,2.0,4.0,159.08,1,1
53128,0,4.0,Male,3.0,4,Single,2,0,2.0,2.0,3.0,154.83,1,2
53129,0,9.0,Male,4.0,3,Divorced,6,1,1.0,2.0,1.0,201.32,1,0
53130,1,1.0,Male,4.0,3,Divorced,5,0,2.0,2.0,3.0,223.24,1,0
53131,1,1.0,Female,3.0,5,Married,11,1,2.0,2.0,3.0,224.5,0,1
53132,0,16.0,Male,4.0,3,Divorced,6,0,3.0,3.0,1.0,145.93,1,0
53133,0,10.0,Male,3.0,2,Single,3,0,2.0,10.0,3.0,224.8,1,2
53134,1,1.0,Male,3.0,3,Single,7,0,2.0,2.0,3.0,163.94,1,2
53135,0,22.0,Female,3.0,2,Divorced,4,0,5.0,7.0,8.0,165.51,0,0
53136,0,29.0,Female,3.0,4,Single,5,0,1.0,8.0,8.0,293.35,0,2
53137,0,15.0,Male,3.0,2,Single,9,0,1.0,2.0,11.0,187.3,1,2
53138,0,9.0,Male,3.0,3,Divorced,11,0,4.0,7.0,10.0,172.17,1,0
53139,0,14.0,Female,4.0,3,Single,9,0,5.0,2.0,14.0,257.37,0,2
53140,0,13.0,Female,3.0,3,Divorced,3,0,1.0,2.0,8.0,162.55,0,0
53141,0,5.0,Male,4.0,2,Single,6,1,2.0,2.0,6.0,190.82,1,2
53142,0,16.0,Male,3.0,5,Divorced,3,1,5.0,6.0,9.0,199.06,1,0
53143,0,19.0,Male,4.0,4,Divorced,2,0,4.0,4.0,8.0,173.05,1,0
53144,1,1.0,Female,3.0,3,Married,2,1,1.0,2.0,1.0,152.41,0,1
53145,0,3.0,Male,3.0,2,Married,6,0,1.0,2.0,3.0,167.62,1,1
53146,0,7.0,Female,4.0,3,Married,6,0,1.0,2.0,6.0,286.84,0,1
53147,0,1.0,Male,3.0,2,Married,11,0,2.0,2.0,2.0,240.57,1,1
53148,1,1.0,Male,4.0,4,Single,3,1,2.0,2.0,1.0,143.78,1,2
53149,0,14.0,Male,3.0,5,Married,5,0,2.0,2.0,2.0,234.32,1,1
53150,0,15.0,Female,4.0,3,Single,4,1,1.0,2.0,8.0,193.11,0,2
53151,0,1.0,Male,3.0,3,Married,7,0,2.0,2.0,1.0,168.06,1,1
53152,0,9.0,Female,4.0,3,Single,3,0,1.0,2.0,4.0,173.59,0,2
53153,0,8.0,Male,4.0,2,Single,3,0,6.0,6.0,8.0,178.37,1,2
53154,1,1.0,Male,4.0,2,Single,3,1,2.0,2.0,1.0,148.4,1,2
53155,0,11.0,Female,3.0,2,Single,6,0,2.0,2.0,3.0,199.91,0,2
53156,0,20.0,Female,3.0,3,Divorced,7,0,2.0,2.0,3.0,230.27,0,0
53157,0,15.0,Female,4.0,5,Divorced,9,0,1.0,12.0,9.0,290.95,0,0
53158,0,11.0,Male,4.0,4,Married,3,0,7.0,8.0,3.0,213.34,1,1
53159,0,26.0,Male,4.0,5,Married,5,1,3.0,7.0,10.0,180.77,1,1
53160,1,1.0,Male,3.0,3,Divorced,10,0,2.0,2.0,3.0,172.07,1,0
53161,0,1.0,Male,3.0,2,Divorced,2,0,1.0,3.0,2.0,149.0,1,0
53162,0,12.0,Female,4.0,3,Divorced,5,0,2.0,2.0,3.0,223.24,0,0
53163,0,11.0,Female,4.0,4,Divorced,8,0,4.0,5.0,4.0,189.47,0,0
53164,0,23.0,Male,3.0,3,Married,3,1,1.0,2.0,10.0,320.02,1,1
53165,0,1.0,Male,3.0,2,Divorced,3,1,1.0,2.0,5.0,152.25,1,0
53166,0,1.0,Male,4.0,4,Divorced,3,0,2.0,2.0,5.0,187.72,1,0
53167,0,1.0,Male,4.0,4,Divorced,3,0,2.0,2.0,1.0,146.27,1,0
53168,0,24.0,Male,3.0,4,Divorced,3,0,7.0,11.0,8.0,307.0,1,0
53169,0,1.0,Male,3.0,3,Divorced,3,0,2.0,2.0,7.0,145.96,1,0
53170,1,1.0,Female,3.0,3,Divorced,3,1,1.0,2.0,3.0,153.86,0,0
53171,1,1.0,Male,4.0,5,Divorced,3,0,2.0,2.0,1.0,145.33,1,0
53172,0,8.0,Male,3.0,2,Divorced,3,1,1.0,2.0,4.0,161.22,1,0
53173,1,1.0,Male,3.0,5,Married,4,0,1.0,2.0,3.0,167.33,1,1
53174,0,9.0,Male,3.0,2,Single,6,0,1.0,2.0,3.0,161.81,1,2
53175,0,5.0,Male,4.0,2,Married,6,0,4.0,6.0,8.0,179.6,1,1
53176,0,1.0,Female,4.0,3,Married,2,0,2.0,2.0,4.0,146.87,0,1
53177,0,11.0,Male,4.0,3,Divorced,6,1,1.0,2.0,3.0,221.02,1,0
53178,0,1.0,Female,3.0,4,Single,3,0,2.0,2.0,1.0,153.36,0,2
53179,0,16.0,Female,3.0,2,Divorced,3,0,3.0,3.0,3.0,165.89,0,0
53180,0,17.0,Male,3.0,2,Married,6,1,1.0,2.0,1.0,291.27,1,1
53181,0,12.0,Female,3.0,5,Single,5,0,2.0,2.0,1.0,151.19,0,2
53182,0,17.0,Male,4.0,3,Married,5,1,3.0,5.0,8.0,181.79,1,1
53183,0,22.0,Female,3.0,5,Divorced,9,0,1.0,2.0,3.0,279.02,0,0
53184,0,18.0,Female,3.0,3,Single,6,0,2.0,2.0,3.0,184.85,0,2
53185,0,8.0,Female,3.0,3,Married,3,1,2.0,2.0,7.0,150.79,0,1
53186,1,1.0,Male,3.0,5,Married,2,0,1.0,2.0,3.0,155.41,1,1
53187,0,1.0,Male,3.0,3,Single,3,0,2.0,2.0,3.0,159.47,1,2
53188,0,18.0,Male,3.0,2,Divorced,6,1,2.0,2.0,2.0,320.13,1,0
53189,0,1.0,Male,4.0,3,Divorced,2,0,3.0,3.0,3.0,152.73,1,0
53190,0,7.0,Male,3.0,3,Married,2,0,2.0,2.0,3.0,196.04,1,1
53191,0,6.0,Female,4.0,2,Divorced,3,1,2.0,2.0,6.0,188.22,0,0
53192,0,4.0,Female,4.0,3,Married,3,0,2.0,2.0,1.0,145.83,0,1
53193,0,27.0,Female,3.0,5,Single,9,0,7.0,9.0,11.0,208.81,0,2
53194,0,8.0,Male,3.0,2,Divorced,3,0,7.0,9.0,9.0,151.91,1,0
53195,1,9.0,Female,4.0,5,Divorced,4,0,1.0,2.0,1.0,167.86,0,0
53196,0,1.0,Female,4.0,2,Divorced,3,1,1.0,2.0,3.0,151.59,0,0
53197,0,11.0,Male,3.0,3,Divorced,3,0,7.0,8.0,3.0,219.34,1,0
53198,0,3.0,Female,4.0,3,Divorced,3,0,1.0,2.0,3.0,180.61,0,0
53199,0,9.0,Male,3.0,2,Single,3,0,12.0,12.0,9.0,191.46,1,2
53200,0,7.0,Male,2.0,2,Married,5,0,5.0,5.0,8.0,202.25,1,1
53201,0,28.0,Male,3.0,4,Divorced,4,0,4.0,2.0,2.0,232.25,1,0
53202,0,10.0,Male,3.0,4,Married,4,1,2.0,2.0,3.0,213.47,1,1
53203,0,1.0,Male,3.0,2,Single,2,0,1.0,2.0,2.0,145.45,1,2
53204,1,1.0,Male,3.0,3,Single,3,1,1.0,2.0,2.0,135.09,1,2
53205,1,1.0,Male,4.0,5,Single,3,1,10.0,10.0,8.0,158.48,1,2
53206,0,9.0,Male,3.0,3,Divorced,3,0,2.0,2.0,1.0,137.81,1,0
53207,0,1.0,Male,3.0,5,Divorced,4,0,1.0,2.0,3.0,153.19,1,0
53208,0,1.0,Male,3.0,4,Divorced,2,0,1.0,2.0,3.0,173.51,1,0
53209,0,12.0,Female,3.0,2,Single,2,0,2.0,2.0,6.0,165.28,0,2
53210,0,3.0,Male,4.0,2,Married,3,0,3.0,3.0,9.0,152.2,1,1
53211,0,22.0,Male,3.0,4,Divorced,5,0,3.0,3.0,3.0,206.2,1,0
53212,0,1.0,Female,4.0,2,Married,3,1,2.0,2.0,5.0,171.47,0,1
53213,0,11.0,Male,4.0,2,Single,5,0,2.0,2.0,1.0,171.8,1,2
53214,0,24.0,Male,4.0,3,Divorced,3,1,4.0,4.0,9.0,157.21,1,0
53215,0,8.0,Female,3.0,4,Single,3,0,5.0,8.0,3.0,211.21,0,2
53216,1,1.0,Female,4.0,3,Single,11,0,2.0,3.0,1.0,170.77,0,2
53217,0,13.0,Female,4.0,3,Single,3,0,3.0,12.0,11.0,170.53,0,2
53218,0,6.0,Male,3.0,2,Single,3,0,1.0,2.0,9.0,178.96,1,2
53219,1,14.0,Male,3.0,3,Divorced,5,1,2.0,2.0,4.0,192.96,1,0
53220,0,12.0,Female,3.0,2,Single,2,0,2.0,2.0,9.0,201.25,0,2
53221,0,1.0,Female,4.0,5,Divorced,3,0,2.0,2.0,8.0,199.12,0,0
53222,0,6.0,Female,3.0,2,Single,5,0,4.0,2.0,8.0,236.59,0,2
53223,0,21.0,Male,3.0,5,Single,4,0,1.0,2.0,8.0,174.6,1,2
53224,0,14.0,Male,3.0,5,Divorced,7,1,1.0,2.0,3.0,229.75,1,0
53225,0,27.0,Male,3.0,3,Divorced,5,0,1.0,2.0,4.0,273.14,1,0
53226,0,15.0,Male,4.0,2,Married,5,0,13.0,13.0,7.0,316.41,1,1
53227,0,31.0,Male,3.0,5,Single,10,0,2.0,3.0,3.0,179.05,1,2
53228,0,1.0,Male,3.0,5,Married,3,0,2.0,2.0,3.0,212.93,1,1
53229,0,15.0,Male,3.0,3,Divorced,3,0,3.0,3.0,11.0,316.89,1,0
53230,0,24.0,Male,3.0,4,Divorced,9,0,2.0,3.0,3.0,163.75,1,0
53231,1,1.0,Female,4.0,4,Single,9,1,2.0,4.0,8.0,147.16,0,2
53232,0,10.0,Female,4.0,5,Divorced,11,0,1.0,2.0,6.0,242.13,0,0
53233,0,12.0,Female,3.0,3,Single,6,1,1.0,2.0,1.0,203.61,0,2
53234,0,18.0,Male,3.0,3,Single,4,0,1.0,2.0,5.0,162.08,1,2
53235,0,21.0,Female,3.0,3,Married,11,1,1.0,12.0,14.0,262.7,0,1
53236,0,4.0,Male,3.0,2,Married,9,0,5.0,8.0,8.0,178.04,1,1
53237,0,3.0,Male,3.0,3,Single,3,0,1.0,2.0,1.0,151.42,1,2
53238,1,6.0,Male,3.0,3,Married,8,1,3.0,3.0,3.0,152.59,1,1
53239,0,17.0,Male,3.0,2,Divorced,5,0,1.0,3.0,3.0,193.04,1,0
53240,0,8.0,Female,4.0,3,Single,5,0,2.0,5.0,4.0,186.42,0,2
53241,0,1.0,Male,3.0,5,Divorced,3,0,1.0,2.0,3.0,150.0,1,0
53242,0,13.0,Female,3.0,4,Divorced,11,0,4.0,4.0,7.0,188.89,0,0
53243,0,30.0,Male,3.0,2,Divorced,9,0,1.0,2.0,2.0,236.03,1,0
53244,0,14.0,Female,3.0,2,Single,2,1,3.0,3.0,4.0,148.42,0,2
53245,0,1.0,Female,3.0,5,Single,10,0,2.0,2.0,8.0,193.11,0,2
53246,0,3.0,Male,3.0,4,Married,3,0,1.0,3.0,3.0,147.97,1,1
53247,0,27.0,Male,3.0,2,Single,4,0,2.0,3.0,3.0,149.5,1,2
53248,0,9.0,Female,4.0,5,Married,4,0,1.0,2.0,1.0,175.93,0,1
53249,0,6.0,Male,4.0,2,Divorced,3,0,3.0,5.0,8.0,178.09,1,0
53250,0,12.0,Male,4.0,3,Divorced,8,1,1.0,2.0,2.0,155.57,1,0
53251,0,8.0,Female,3.0,5,Married,5,0,2.0,2.0,1.0,176.21,0,1
53252,0,26.0,Male,3.0,5,Divorced,3,0,2.0,2.0,17.0,293.56,1,0
53253,1,1.0,Male,4.0,2,Single,3,1,6.0,8.0,9.0,151.86,1,2
53254,0,1.0,Female,3.0,2,Single,3,0,1.0,2.0,5.0,186.8,0,2
53255,0,19.0,Male,3.0,3,Single,2,0,1.0,4.0,2.0,191.32,1,2
53256,0,1.0,Male,4.0,3,Single,3,0,2.0,2.0,3.0,160.05,1,2
53257,1,11.0,Female,4.0,3,Single,6,1,2.0,2.0,4.0,188.97,0,2
53258,0,8.0,Male,3.0,2,Single,3,0,1.0,2.0,5.0,187.74,1,2
53259,1,19.0,Male,4.0,5,Divorced,7,1,2.0,2.0,5.0,323.59,1,0
53260,0,10.0,Male,4.0,5,Single,3,0,1.0,2.0,10.0,200.87,1,2
53261,0,26.0,Male,3.0,2,Divorced,2,0,2.0,2.0,3.0,167.58,1,0
53262,0,1.0,Female,4.0,2,Married,5,0,3.0,3.0,1.0,168.64,0,1
53263,0,3.0,Female,4.0,3,Divorced,6,0,2.0,2.0,2.0,168.35,0,0
53264,1,1.0,Male,3.0,5,Single,8,0,2.0,2.0,3.0,178.26,1,2
53265,0,8.0,Female,4.0,2,Single,4,0,1.0,2.0,4.0,157.8,0,2
53266,0,28.0,Female,4.0,5,Married,11,1,1.0,2.0,5.0,179.85,0,1
53267,0,3.0,Male,3.0,2,Divorced,2,0,1.0,2.0,2.0,168.42,1,0
53268,0,11.0,Female,3.0,5,Married,2,1,4.0,5.0,4.0,152.82,0,1
53269,0,12.0,Female,4.0,5,Single,8,1,5.0,5.0,13.0,184.8,0,2
53270,0,8.0,Female,3.0,5,Single,3,0,2.0,2.0,4.0,168.81,0,2
53271,0,9.0,Female,4.0,2,Divorced,3,0,1.0,2.0,3.0,150.72,0,0
53272,0,4.0,Male,3.0,3,Divorced,5,0,2.0,2.0,3.0,163.33,1,0
53273,0,14.0,Female,3.0,4,Divorced,3,0,1.0,4.0,8.0,167.44,0,0
53274,0,8.0,Female,4.0,5,Divorced,7,0,2.0,2.0,3.0,190.0,0,0
53275,0,16.0,Male,4.0,2,Married,3,0,1.0,15.0,10.0,309.3,1,1
53276,1,1.0,Male,4.0,5,Divorced,3,1,2.0,2.0,1.0,141.01,1,0
53277,0,1.0,Male,3.0,4,Married,3,0,2.0,2.0,1.0,151.94,1,1
53278,0,26.0,Female,3.0,3,Divorced,10,0,2.0,2.0,5.0,156.49,0,0
53279,0,24.0,Male,4.0,3,Divorced,7,0,1.0,2.0,4.0,301.39,1,0
53280,1,1.0,Female,3.0,5,Divorced,3,1,1.0,2.0,1.0,148.19,0,0
53281,0,7.0,Male,3.0,3,Divorced,2,0,1.0,2.0,8.0,241.91,1,0
53282,1,1.0,Female,4.0,5,Single,7,0,2.0,2.0,3.0,178.24,0,2
53283,0,21.0,Female,3.0,2,Divorced,3,1,4.0,4.0,1.0,292.52,0,0
53284,0,10.0,Female,3.0,4,Divorced,2,0,1.0,2.0,6.0,177.28,0,0
53285,0,3.0,Male,3.0,3,Divorced,3,0,2.0,2.0,8.0,152.0,1,0
53286,1,21.0,Male,3.0,4,Single,9,1,6.0,14.0,9.0,317.46,1,2
53287,0,9.0,Female,3.0,3,Single,5,0,1.0,3.0,3.0,150.06,0,2
53288,0,16.0,Female,3.0,2,Divorced,11,1,1.0,2.0,3.0,185.62,0,0
53289,1,1.0,Male,3.0,3,Single,8,0,1.0,3.0,2.0,168.82,1,2
53290,0,10.0,Male,3.0,4,Divorced,5,0,2.0,2.0,5.0,146.43,1,0
53291,0,6.0,Female,4.0,3,Divorced,3,0,2.0,7.0,9.0,186.62,0,0
53292,0,14.0,Male,3.0,3,Single,8,0,2.0,2.0,1.0,175.94,1,2
53293,0,4.0,Female,3.0,2,Single,7,1,2.0,2.0,1.0,193.77,0,2
53294,0,19.0,Female,4.0,3,Single,3,0,2.0,2.0,1.0,147.74,0,2
53295,0,16.0,Male,4.0,4,Divorced,3,0,3.0,8.0,9.0,169.34,1,0
53296,0,12.0,Male,3.0,5,Married,4,0,2.0,2.0,3.0,187.88,1,1
53297,0,8.0,Female,4.0,2,Single,3,0,2.0,2.0,4.0,150.53,0,2
53298,1,13.0,Female,3.0,2,Divorced,3,0,1.0,8.0,8.0,201.54,0,0
53299,1,19.0,Male,3.0,2,Single,6,0,1.0,8.0,4.0,176.6,1,2
53300,0,17.0,Male,4.0,5,Divorced,8,0,2.0,2.0,1.0,296.59,1,0
53301,0,1.0,Male,3.0,2,Married,3,1,1.0,2.0,9.0,253.08,1,1
53302,0,9.0,Male,3.0,3,Single,5,0,1.0,2.0,3.0,227.21,1,2
53303,0,2.0,Female,3.0,4,Divorced,3,1,8.0,8.0,6.0,172.79,0,0
53304,0,8.0,Male,3.0,2,Divorced,2,0,2.0,2.0,3.0,162.37,1,0
53305,1,1.0,Female,3.0,3,Divorced,3,1,1.0,2.0,8.0,148.66,0,0
53306,0,1.0,Male,3.0,2,Divorced,3,0,2.0,2.0,1.0,142.06,1,0
53307,0,25.0,Female,4.0,3,Divorced,4,0,1.0,5.0,18.0,288.07,0,0
53308,0,18.0,Male,3.0,4,Single,11,0,2.0,3.0,4.0,184.33,1,2
53309,0,1.0,Male,4.0,5,Single,9,0,2.0,2.0,2.0,159.24,1,2
53310,0,7.0,Male,3.0,5,Married,3,0,1.0,2.0,9.0,165.37,1,1
53311,0,9.0,Female,3.0,5,Single,3,0,2.0,2.0,2.0,150.59,0,2
53312,0,10.0,Male,3.0,2,Divorced,3,1,3.0,5.0,12.0,187.01,1,0
53313,0,6.0,Male,4.0,2,Married,4,0,1.0,2.0,4.0,169.03,1,1
53314,0,4.0,Male,4.0,2,Married,11,0,1.0,2.0,4.0,162.61,1,1
53315,0,27.0,Female,4.0,2,Divorced,9,1,1.0,2.0,5.0,234.34,0,0
53316,0,19.0,Male,4.0,5,Married,6,1,2.0,2.0,3.0,232.61,1,1
53317,0,6.0,Female,4.0,3,Divorced,7,0,2.0,2.0,4.0,176.75,0,0
53318,0,26.0,Female,3.0,2,Divorced,5,0,1.0,2.0,1.0,263.26,0,0
53319,0,11.0,Male,4.0,3,Married,6,0,2.0,2.0,1.0,188.34,1,1
53320,0,2.0,Male,4.0,2,Married,3,0,1.0,2.0,5.0,174.36,1,1
53321,0,1.0,Male,3.0,2,Divorced,8,0,3.0,3.0,3.0,172.75,1,0
53322,0,18.0,Male,4.0,2,Divorced,4,1,2.0,2.0,3.0,153.18,1,0
53323,0,16.0,Male,3.0,2,Single,7,1,1.0,3.0,3.0,150.15,1,2
53324,0,10.0,Male,4.0,5,Divorced,2,0,2.0,2.0,4.0,148.42,1,0
53325,0,1.0,Male,4.0,5,Divorced,3,1,2.0,2.0,4.0,166.94,1,0
53326,0,9.0,Female,4.0,3,Divorced,3,1,3.0,2.0,16.0,231.85,0,0
53327,1,1.0,Female,4.0,4,Married,3,1,1.0,8.0,9.0,145.22,0,1
53328,0,6.0,Male,4.0,2,Married,2,0,1.0,2.0,3.0,148.14,1,1
53329,0,1.0,Male,3.0,5,Divorced,3,0,2.0,2.0,4.0,167.56,1,0
53330,0,23.0,Female,3.0,5,Divorced,4,0,2.0,2.0,3.0,160.8,0,0
53331,0,1.0,Male,3.0,2,Divorced,2,0,1.0,4.0,5.0,156.62,1,0
53332,0,6.0,Male,3.0,4,Divorced,3,0,3.0,6.0,4.0,190.24,1,0
53333,0,12.0,Male,4.0,4,Divorced,2,0,1.0,2.0,3.0,153.99,1,0
53334,0,16.0,Female,4.0,2,Divorced,4,1,1.0,2.0,4.0,177.31,0,0
53335,0,5.0,Male,3.0,2,Divorced,5,1,2.0,2.0,3.0,148.56,1,0
53336,1,1.0,Female,3.0,3,Married,8,1,1.0,2.0,3.0,153.0,0,1
53337,0,27.0,Male,4.0,2,Divorced,7,0,1.0,2.0,3.0,243.36,1,0
53338,0,9.0,Male,4.0,4,Divorced,5,0,4.0,2.0,9.0,234.03,1,0
53339,0,11.0,Female,3.0,2,Divorced,7,0,2.0,2.0,1.0,154.73,0,0
53340,0,27.0,Female,4.0,2,Single,8,0,1.0,4.0,9.0,267.75,0,2
53341,0,17.0,Female,3.0,2,Divorced,6,0,2.0,3.0,3.0,180.62,0,0
53342,0,21.0,Female,3.0,2,Divorced,2,1,6.0,8.0,8.0,170.37,0,0
53343,0,11.0,Male,3.0,4,Single,3,1,1.0,2.0,10.0,201.42,1,2
53344,0,24.0,Male,4.0,5,Married,3,0,14.0,15.0,8.0,304.24,1,1
53345,0,13.0,Female,3.0,2,Divorced,10,0,1.0,2.0,5.0,177.04,0,0
53346,0,7.0,Male,3.0,4,Married,5,1,1.0,2.0,4.0,147.77,1,1
53347,1,1.0,Male,3.0,2,Single,3,1,2.0,2.0,2.0,152.95,1,2
53348,0,3.0,Female,4.0,2,Married,8,0,2.0,2.0,4.0,150.32,0,1
53349,0,18.0,Male,4.0,5,Divorced,3,1,3.0,8.0,2.0,150.59,1,0
53350,0,2.0,Male,4.0,2,Single,3,0,2.0,2.0,3.0,174.08,1,2
53351,1,21.0,Male,3.0,2,Married,11,1,1.0,2.0,1.0,148.8,1,1
53352,0,17.0,Female,3.0,4,Married,6,0,2.0,2.0,1.0,172.65,0,1
53353,1,1.0,Female,3.0,3,Single,3,0,1.0,2.0,3.0,145.44,0,2
53354,1,1.0,Female,4.0,2,Single,3,0,2.0,2.0,1.0,151.93,0,2
53355,0,10.0,Male,4.0,2,Divorced,2,1,5.0,5.0,12.0,190.86,1,0
53356,0,21.0,Female,4.0,2,Single,3,1,2.0,2.0,3.0,157.94,0,2
53357,1,1.0,Female,3.0,3,Divorced,2,1,2.0,2.0,3.0,166.71,0,0
53358,1,5.0,Female,3.0,2,Married,6,1,1.0,2.0,1.0,152.78,0,1
53359,0,2.0,Female,4.0,3,Married,7,0,3.0,3.0,3.0,148.77,0,1
53360,1,3.0,Male,4.0,5,Divorced,9,1,2.0,3.0,3.0,149.04,1,0
53361,0,1.0,Female,4.0,3,Single,3,0,2.0,2.0,1.0,148.18,0,2
53362,0,8.0,Male,3.0,4,Married,3,0,2.0,2.0,1.0,145.08,1,1
53363,0,16.0,Female,4.0,3,Single,9,0,1.0,2.0,4.0,187.44,0,2
53364,0,7.0,Male,4.0,5,Single,5,1,1.0,2.0,3.0,152.99,1,2
53365,0,31.0,Female,3.0,4,Married,4,1,2.0,2.0,3.0,230.52,0,1
53366,0,5.0,Male,3.0,3,Divorced,5,0,4.0,6.0,3.0,148.29,1,0
53367,0,9.0,Female,3.0,2,Divorced,3,1,1.0,2.0,8.0,165.14,0,0
53368,0,23.0,Female,3.0,4,Divorced,6,0,1.0,2.0,8.0,199.03,0,0
53369,0,22.0,Male,3.0,3,Divorced,6,0,1.0,2.0,1.0,147.59,1,0
53370,0,5.0,Female,3.0,3,Divorced,3,0,2.0,2.0,1.0,194.32,0,0
53371,0,10.0,Male,4.0,2,Single,4,0,1.0,2.0,2.0,171.78,1,2
53372,0,12.0,Female,4.0,5,Divorced,3,0,4.0,6.0,12.0,260.82,0,0
53373,0,6.0,Female,4.0,4,Divorced,8,0,2.0,2.0,3.0,148.32,0,0
53374,1,1.0,Male,3.0,4,Divorced,3,1,1.0,2.0,1.0,149.13,1,0
53375,0,14.0,Male,4.0,4,Married,4,0,2.0,2.0,3.0,222.05,1,1
53376,0,1.0,Male,3.0,5,Single,3,0,2.0,2.0,8.0,167.94,1,2
53377,0,15.0,Male,3.0,5,Single,4,1,2.0,3.0,18.0,172.21,1,2
53378,0,10.0,Male,4.0,3,Single,6,0,3.0,4.0,10.0,150.19,1,2
53379,1,1.0,Male,3.0,4,Single,3,1,1.0,2.0,1.0,146.21,1,2
53380,1,1.0,Male,3.0,5,Single,3,0,2.0,2.0,1.0,154.73,1,2
53381,0,5.0,Female,3.0,2,Divorced,2,1,1.0,9.0,6.0,183.55,0,0
53382,0,14.0,Male,3.0,4,Married,10,1,1.0,2.0,1.0,161.17,1,1
53383,0,6.0,Female,4.0,5,Divorced,3,0,7.0,7.0,4.0,192.25,0,0
53384,1,1.0,Male,3.0,2,Divorced,3,1,4.0,4.0,3.0,228.25,1,0
53385,0,7.0,Female,3.0,2,Single,2,0,1.0,2.0,5.0,194.49,0,2
53386,1,1.0,Male,3.0,3,Divorced,7,0,2.0,12.0,3.0,231.09,1,0
53387,0,19.0,Male,3.0,4,Divorced,3,0,2.0,2.0,9.0,169.47,1,0
53388,0,3.0,Female,3.0,2,Divorced,3,0,1.0,2.0,3.0,146.57,0,0
53389,0,9.0,Female,3.0,3,Divorced,3,0,2.0,2.0,1.0,171.01,0,0
53390,0,26.0,Male,4.0,2,Divorced,4,0,8.0,8.0,9.0,295.99,1,0
53391,1,21.0,Male,3.0,3,Single,6,0,2.0,2.0,1.0,149.79,1,2
53392,0,27.0,Male,3.0,3,Married,8,0,1.0,16.0,3.0,273.52,1,1
53393,0,4.0,Male,4.0,3,Married,7,0,5.0,8.0,8.0,197.64,1,1
53394,0,12.0,Female,3.0,2,Single,3,1,1.0,2.0,4.0,181.66,0,2
53395,0,9.0,Male,4.0,2,Married,8,0,1.0,2.0,9.0,203.23,1,1
53396,0,13.0,Male,3.0,3,Single,2,0,2.0,2.0,8.0,203.8,1,2
53397,1,4.0,Female,4.0,4,Single,6,1,2.0,2.0,1.0,256.94,0,2
53398,0,21.0,Male,4.0,3,Married,3,1,1.0,3.0,8.0,175.67,1,1
53399,0,10.0,Male,3.0,2,Married,6,0,2.0,2.0,8.0,175.79,1,1
53400,1,1.0,Male,3.0,5,Single,2,1,2.0,2.0,3.0,148.21,1,2
53401,0,7.0,Male,3.0,3,Single,3,0,6.0,7.0,1.0,299.44,1,2
53402,1,1.0,Female,4.0,5,Single,8,1,2.0,2.0,1.0,149.04,0,2
53403,0,7.0,Female,3.0,2,Single,5,0,2.0,2.0,3.0,159.52,0,2
53404,0,19.0,Female,4.0,2,Married,5,0,1.0,2.0,3.0,147.7,0,1
53405,0,24.0,Male,4.0,2,Married,11,0,1.0,2.0,4.0,298.99,1,1
53406,0,7.0,Female,3.0,4,Divorced,3,1,1.0,2.0,3.0,179.88,0,0
53407,0,15.0,Male,4.0,3,Married,4,0,2.0,2.0,12.0,319.19,1,1
53408,0,1.0,Female,3.0,4,Divorced,11,0,3.0,3.0,3.0,153.11,0,0
53409,0,19.0,Male,3.0,5,Divorced,3,1,2.0,2.0,9.0,161.33,1,0
53410,0,21.0,Female,3.0,2,Single,3,1,2.0,2.0,8.0,166.63,0,2
53411,1,1.0,Female,3.0,3,Divorced,6,1,1.0,2.0,2.0,146.32,0,0
53412,0,24.0,Male,4.0,3,Divorced,5,1,1.0,2.0,6.0,264.73,1,0
53413,0,12.0,Male,4.0,3,Divorced,2,0,1.0,2.0,3.0,151.84,1,0
53414,0,20.0,Male,4.0,3,Married,8,0,1.0,2.0,8.0,233.45,1,1
53415,0,1.0,Female,3.0,3,Married,3,0,3.0,4.0,3.0,168.77,0,1
53416,1,1.0,Male,3.0,4,Married,3,1,2.0,2.0,3.0,162.43,1,1
53417,0,5.0,Female,4.0,5,Divorced,3,0,2.0,2.0,4.0,166.48,0,0
53418,0,1.0,Male,4.0,2,Single,3,0,2.0,2.0,1.0,135.51,1,2
53419,0,28.0,Female,3.0,3,Divorced,10,0,2.0,2.0,9.0,232.39,0,0
53420,0,9.0,Female,3.0,3,Married,3,1,3.0,11.0,3.0,228.88,0,1
53421,0,4.0,Female,4.0,5,Divorced,2,1,1.0,2.0,8.0,239.16,0,0
53422,1,1.0,Female,4.0,5,Single,3,1,1.0,2.0,1.0,151.0,0,2
53423,1,1.0,Female,3.0,4,Single,2,0,1.0,2.0,3.0,149.22,0,2
53424,0,1.0,Male,3.0,2,Divorced,3,0,2.0,2.0,4.0,179.72,1,0
53425,0,1.0,Male,4.0,5,Divorced,3,0,2.0,2.0,2.0,149.51,1,0
53426,0,22.0,Male,4.0,3,Single,4,0,1.0,3.0,3.0,167.4,1,2
53427,0,22.0,Male,4.0,3,Single,9,0,2.0,2.0,9.0,234.99,1,2
53428,0,15.0,Female,3.0,3,Single,8,0,2.0,3.0,2.0,175.03,0,2
53429,0,13.0,Female,4.0,2,Divorced,3,0,1.0,2.0,9.0,252.42,0,0
53430,0,1.0,Female,3.0,2,Divorced,2,0,1.0,3.0,3.0,167.27,0,0
53431,0,9.0,Male,3.0,2,Married,3,0,2.0,2.0,3.0,164.17,1,1
53432,0,16.0,Male,3.0,3,Divorced,8,0,1.0,2.0,1.0,308.03,1,0
53433,0,24.0,Male,4.0,2,Divorced,6,0,2.0,2.0,1.0,148.8,1,0
53434,0,31.0,Female,4.0,2,Single,5,1,1.0,5.0,4.0,262.26,0,2
53435,1,1.0,Female,4.0,4,Divorced,7,0,2.0,2.0,1.0,172.77,0,0
53436,0,29.0,Male,4.0,4,Divorced,5,1,7.0,7.0,8.0,188.85,1,0
53437,0,15.0,Female,3.0,3,Married,3,0,2.0,6.0,11.0,324.73,0,1
53438,0,12.0,Male,3.0,2,Single,10,1,2.0,2.0,1.0,193.61,1,2
53439,1,1.0,Male,4.0,5,Single,10,0,1.0,3.0,3.0,174.69,1,2
53440,1,16.0,Female,3.0,2,Divorced,3,0,6.0,7.0,10.0,323.45,0,0
53441,0,18.0,Female,3.0,2,Divorced,5,1,2.0,2.0,12.0,258.2,0,0
53442,0,24.0,Female,4.0,3,Divorced,2,0,2.0,2.0,14.0,188.47,0,0
53443,1,1.0,Female,3.0,5,Single,3,0,16.0,16.0,15.0,152.43,0,2
53444,0,13.0,Female,3.0,5,Single,3,1,2.0,2.0,9.0,233.8,0,2
53445,0,7.0,Female,3.0,2,Single,2,0,3.0,3.0,3.0,148.42,0,2
53446,0,19.0,Female,3.0,2,Divorced,5,0,2.0,2.0,2.0,301.5,0,0
53447,0,6.0,Female,4.0,3,Single,11,0,6.0,8.0,8.0,165.25,0,2
53448,0,8.0,Male,4.0,2,Married,2,0,2.0,2.0,3.0,222.25,1,1
53449,0,31.0,Male,4.0,2,Divorced,5,1,1.0,2.0,5.0,244.04,1,0
53450,0,19.0,Male,3.0,4,Single,3,0,1.0,2.0,5.0,146.77,1,2
53451,0,27.0,Female,3.0,4,Divorced,4,0,1.0,7.0,13.0,200.25,0,0
53452,1,1.0,Male,3.0,3,Married,9,0,1.0,2.0,1.0,173.34,1,1
53453,1,1.0,Male,3.0,5,Divorced,8,1,2.0,2.0,3.0,145.42,1,0
53454,0,8.0,Female,3.0,3,Divorced,3,1,1.0,2.0,1.0,147.2,0,0
53455,0,2.0,Male,4.0,4,Divorced,3,0,2.0,2.0,1.0,135.52,1,0
53456,0,12.0,Male,3.0,3,Divorced,5,0,3.0,3.0,3.0,153.21,1,0
53457,0,24.0,Male,4.0,3,Divorced,4,1,8.0,8.0,8.0,317.37,1,0
53458,0,11.0,Female,3.0,4,Single,5,0,2.0,2.0,2.0,166.07,0,2
53459,0,14.0,Male,4.0,5,Divorced,3,0,6.0,8.0,6.0,208.96,1,0
53460,0,1.0,Female,4.0,3,Married,3,0,2.0,2.0,4.0,145.07,0,1
53461,0,20.0,Male,3.0,2,Married,11,0,2.0,3.0,3.0,321.27,1,1
53462,0,28.0,Female,3.0,3,Divorced,8,0,7.0,2.0,1.0,231.86,0,0
53463,0,30.0,Female,4.0,3,Divorced,4,0,1.0,2.0,4.0,154.42,0,0
53464,0,10.0,Female,3.0,2,Single,2,0,6.0,8.0,3.0,213.58,0,2
53465,0,29.0,Male,3.0,5,Single,9,0,4.0,7.0,3.0,292.56,1,2
53466,0,17.0,Male,4.0,2,Married,7,0,2.0,2.0,1.0,259.0,1,1
53467,1,1.0,Female,3.0,2,Single,3,1,1.0,2.0,3.0,148.23,0,2
53468,1,1.0,Female,3.0,5,Single,3,0,2.0,2.0,1.0,139.16,0,2
53469,0,20.0,Female,4.0,5,Married,10,1,2.0,2.0,8.0,171.15,0,1
53470,1,15.0,Male,3.0,3,Divorced,11,1,2.0,3.0,8.0,149.61,1,0
53471,1,1.0,Male,4.0,5,Single,3,0,1.0,2.0,3.0,212.22,1,2
53472,0,1.0,Male,3.0,5,Divorced,3,0,1.0,2.0,4.0,164.55,1,0
53473,0,4.0,Male,3.0,5,Divorced,2,0,2.0,2.0,3.0,224.57,1,0
53474,0,15.0,Female,3.0,3,Divorced,3,0,2.0,2.0,9.0,158.76,0,0
53475,0,12.0,Female,4.0,3,Divorced,2,0,1.0,2.0,3.0,213.23,0,0
53476,0,14.0,Male,4.0,2,Divorced,6,0,5.0,12.0,3.0,228.22,1,0
53477,0,1.0,Male,3.0,3,Divorced,3,0,2.0,2.0,3.0,171.21,1,0
53478,0,29.0,Male,4.0,4,Divorced,5,0,2.0,2.0,3.0,234.76,1,0
53479,0,2.0,Female,3.0,3,Single,5,0,2.0,2.0,8.0,161.6,0,2
53480,1,8.0,Male,4.0,5,Divorced,11,0,3.0,4.0,3.0,229.82,1,0
53481,0,7.0,Male,3.0,2,Married,6,0,1.0,2.0,3.0,196.19,1,1
53482,1,1.0,Male,3.0,5,Single,2,1,4.0,5.0,3.0,220.82,1,2
53483,1,1.0,Female,3.0,3,Single,3,0,4.0,4.0,9.0,170.08,0,2
53484,0,2.0,Male,3.0,3,Married,3,0,3.0,3.0,3.0,147.07,1,1
53485,0,8.0,Male,3.0,2,Single,2,0,2.0,2.0,5.0,202.56,1,2
53486,0,11.0,Female,3.0,2,Married,4,1,1.0,2.0,1.0,191.94,0,1
53487,1,1.0,Male,3.0,2,Divorced,3,1,6.0,6.0,7.0,161.91,1,0
53488,1,1.0,Male,3.0,3,Married,3,0,2.0,2.0,1.0,148.77,1,1
53489,1,1.0,Male,3.0,4,Single,6,1,1.0,3.0,3.0,148.13,1,2
53490,0,16.0,Male,3.0,5,Divorced,2,0,6.0,14.0,8.0,301.65,1,0
53491,1,1.0,Male,3.0,4,Married,3,0,1.0,2.0,1.0,150.96,1,1
53492,1,14.0,Male,3.0,3,Single,5,1,1.0,2.0,1.0,172.28,1,2
53493,0,7.0,Female,2.0,4,Divorced,2,0,2.0,2.0,3.0,168.02,0,0
53494,0,8.0,Male,3.0,2,Divorced,5,0,2.0,2.0,1.0,154.79,1,0
53495,0,22.0,Male,3.0,2,Single,4,0,1.0,3.0,2.0,293.85,1,2
53496,0,19.0,Female,4.0,3,Divorced,3,0,1.0,5.0,13.0,180.93,0,0
53497,0,26.0,Male,3.0,4,Single,9,0,4.0,5.0,3.0,229.45,1,2
53498,0,12.0,Male,4.0,3,Married,2,1,3.0,3.0,3.0,212.4,1,1
53499,0,3.0,Female,4.0,2,Married,6,0,1.0,2.0,8.0,150.14,0,1
53500,0,2.0,Female,4.0,4,Married,2,0,1.0,2.0,8.0,201.55,0,1
53501,0,20.0,Male,3.0,3,Divorced,5,0,2.0,5.0,10.0,299.65,1,0
53502,0,12.0,Male,3.0,4,Single,9,0,2.0,2.0,1.0,198.51,1,2
53503,0,17.0,Female,3.0,5,Divorced,10,0,1.0,2.0,2.0,233.2,0,0
53504,1,3.0,Male,3.0,2,Married,9,0,8.0,2.0,6.0,246.69,1,1
53505,0,14.0,Male,3.0,3,Single,3,0,5.0,5.0,10.0,321.26,1,2
53506,0,1.0,Female,4.0,4,Single,3,1,1.0,3.0,3.0,145.7,0,2
53507,0,13.0,Male,4.0,4,Single,22,0,2.0,2.0,4.0,192.82,1,2
53508,0,10.0,Male,4.0,2,Single,4,0,2.0,2.0,10.0,202.79,1,2
53509,0,5.0,Male,4.0,2,Divorced,2,0,2.0,3.0,3.0,152.91,1,0
53510,0,2.0,Male,4.0,4,Divorced,2,0,1.0,2.0,5.0,157.01,1,0
53511,0,9.0,Male,3.0,2,Married,3,0,1.0,2.0,3.0,174.68,1,1
53512,0,23.0,Male,3.0,4,Divorced,8,0,2.0,2.0,4.0,256.2,1,0
53513,0,8.0,Male,4.0,3,Single,4,0,2.0,2.0,3.0,165.33,1,2
53514,0,3.0,Female,4.0,4,Married,2,0,2.0,2.0,2.0,157.91,0,1
53515,0,16.0,Male,3.0,2,Single,6,0,2.0,2.0,1.0,167.72,1,2
53516,0,3.0,Male,4.0,2,Divorced,3,1,1.0,2.0,3.0,175.56,1,0
53517,0,12.0,Male,3.0,3,Divorced,3,0,2.0,6.0,1.0,153.44,1,0
53518,0,5.0,Male,3.0,3,Married,3,1,2.0,2.0,3.0,152.03,1,1
53519,1,1.0,Male,4.0,3,Single,3,0,1.0,2.0,1.0,144.04,1,2
53520,1,1.0,Female,4.0,5,Single,2,1,1.0,2.0,4.0,207.24,0,2
53521,0,15.0,Male,3.0,2,Divorced,5,1,2.0,2.0,1.0,172.66,1,0
53522,1,1.0,Male,4.0,3,Divorced,3,0,3.0,3.0,3.0,151.1,1,0
53523,0,11.0,Female,3.0,2,Married,9,0,1.0,2.0,4.0,182.31,0,1
53524,0,1.0,Male,3.0,3,Divorced,3,0,3.0,3.0,3.0,150.39,1,0
53525,0,8.0,Female,4.0,3,Divorced,3,0,2.0,2.0,4.0,182.14,0,0
53526,0,9.0,Male,4.0,3,Single,3,0,1.0,2.0,5.0,168.23,1,2
53527,1,1.0,Female,3.0,5,Divorced,3,0,1.0,4.0,11.0,198.36,0,0
53528,0,14.0,Female,3.0,3,Single,11,0,1.0,2.0,14.0,259.99,0,2
53529,1,6.0,Male,3.0,5,Single,2,1,1.0,14.0,15.0,262.58,1,2
53530,0,16.0,Male,3.0,5,Single,9,0,2.0,2.0,6.0,176.55,1,2
53531,0,9.0,Male,3.0,3,Divorced,8,0,2.0,2.0,8.0,147.58,1,0
53532,0,1.0,Male,3.0,4,Single,10,0,2.0,2.0,3.0,160.97,1,2
53533,1,1.0,Female,4.0,2,Divorced,3,1,2.0,2.0,1.0,150.15,0,0
53534,0,1.0,Male,3.0,2,Divorced,3,0,2.0,2.0,8.0,169.2,1,0
53535,0,4.0,Male,4.0,3,Divorced,3,0,2.0,2.0,5.0,190.78,1,0
53536,0,14.0,Female,4.0,2,Divorced,5,1,2.0,2.0,1.0,169.22,0,0
53537,0,9.0,Male,3.0,4,Married,4,0,7.0,7.0,3.0,227.74,1,1
53538,0,8.0,Male,4.0,5,Single,2,0,2.0,5.0,10.0,178.43,1,2
53539,0,9.0,Male,3.0,2,Divorced,3,0,3.0,3.0,3.0,148.76,1,0
53540,1,7.0,Female,3.0,3,Single,10,0,2.0,2.0,4.0,178.46,0,2
53541,0,6.0,Female,4.0,5,Married,3,0,1.0,2.0,1.0,153.27,0,1
53542,0,30.0,Female,4.0,5,Married,6,0,1.0,5.0,3.0,324.43,0,1
53543,0,3.0,Female,3.0,2,Divorced,3,0,1.0,2.0,9.0,156.31,0,0
53544,0,1.0,Male,3.0,5,Single,3,0,1.0,2.0,1.0,150.52,1,2
53545,0,19.0,Female,3.0,3,Divorced,6,1,2.0,2.0,3.0,169.77,0,0
53546,0,11.0,Female,3.0,2,Divorced,3,0,4.0,4.0,12.0,189.74,0,0
53547,0,1.0,Male,3.0,3,Single,3,0,1.0,2.0,3.0,155.33,1,2
53548,1,8.0,Male,4.0,3,Single,3,1,2.0,2.0,3.0,154.36,1,2
53549,0,27.0,Female,3.0,3,Married,5,0,5.0,5.0,8.0,311.06,0,1
53550,0,3.0,Female,4.0,2,Divorced,2,1,2.0,2.0,4.0,146.68,0,0
53551,1,1.0,Male,3.0,2,Divorced,2,1,1.0,2.0,1.0,153.53,1,0
53552,0,20.0,Female,4.0,5,Divorced,10,0,13.0,16.0,10.0,295.48,0,0
53553,0,18.0,Male,4.0,3,Single,4,0,2.0,2.0,1.0,147.9,1,2
53554,0,7.0,Male,3.0,3,Divorced,3,0,1.0,2.0,5.0,161.0,1,0
53555,1,5.0,Male,4.0,5,Married,8,0,2.0,2.0,1.0,146.07,1,1
53556,0,4.0,Male,4.0,5,Married,10,0,2.0,2.0,4.0,166.15,1,1
53557,0,14.0,Male,4.0,4,Divorced,7,0,2.0,2.0,1.0,168.27,1,0
53558,0,24.0,Female,2.0,5,Divorced,4,0,3.0,3.0,3.0,303.56,0,0
53559,0,2.0,Male,4.0,5,Divorced,3,0,2.0,4.0,4.0,156.96,1,0
53560,0,20.0,Male,3.0,4,Divorced,7,0,2.0,2.0,4.0,315.81,1,0
53561,0,9.0,Male,4.0,5,Divorced,5,1,2.0,2.0,3.0,214.66,1,0
53562,1,1.0,Female,4.0,4,Divorced,3,0,1.0,2.0,1.0,147.1,0,0
53563,0,7.0,Female,3.0,3,Divorced,3,0,1.0,2.0,2.0,170.39,0,0
53564,0,10.0,Male,3.0,3,Married,3,0,1.0,2.0,8.0,152.41,1,1
53565,0,4.0,Male,3.0,3,Married,3,0,9.0,9.0,10.0,159.91,1,1
53566,0,18.0,Male,3.0,2,Single,3,0,2.0,2.0,18.0,170.41,1,2
53567,0,1.0,Male,3.0,2,Single,3,0,1.0,3.0,3.0,151.78,1,2
53568,0,20.0,Male,3.0,2,Married,4,0,2.0,2.0,5.0,198.79,1,1
53569,0,16.0,Male,4.0,5,Divorced,9,0,1.0,2.0,4.0,187.72,1,0
53570,0,31.0,Male,3.0,2,Married,2,1,1.0,2.0,10.0,177.2,1,1
53571,0,6.0,Female,4.0,4,Divorced,3,0,1.0,3.0,3.0,152.43,0,0
53572,0,6.0,Female,3.0,3,Single,6,1,2.0,2.0,8.0,174.98,0,2
53573,0,10.0,Female,4.0,5,Married,4,1,6.0,8.0,3.0,227.52,0,1
53574,0,7.0,Male,3.0,2,Divorced,2,0,2.0,5.0,11.0,152.81,1,0
53575,0,14.0,Female,3.0,4,Married,9,0,2.0,2.0,4.0,193.52,0,1
53576,0,1.0,Male,3.0,2,Single,2,0,1.0,2.0,2.0,174.5,1,2
53577,0,4.0,Male,4.0,4,Divorced,2,1,2.0,6.0,8.0,160.79,1,0
53578,0,16.0,Female,3.0,5,Divorced,5,1,1.0,2.0,1.0,256.91,0,0
53579,0,9.0,Female,4.0,2,Divorced,6,1,3.0,5.0,3.0,228.77,0,0
53580,0,1.0,Male,3.0,5,Divorced,3,1,3.0,7.0,9.0,147.35,1,0
53581,0,28.0,Female,3.0,3,Married,9,0,2.0,2.0,3.0,230.02,0,1
53582,0,18.0,Female,4.0,2,Divorced,3,0,7.0,8.0,8.0,145.11,0,0
53583,1,1.0,Female,4.0,4,Single,3,1,2.0,2.0,1.0,143.59,0,2
53584,0,3.0,Female,4.0,2,Married,3,0,1.0,2.0,3.0,162.6,0,1
53585,0,28.0,Male,3.0,2,Divorced,5,0,2.0,2.0,10.0,302.79,1,0
53586,0,5.0,Male,4.0,5,Divorced,3,1,1.0,2.0,2.0,193.33,1,0
53587,0,5.0,Female,4.0,5,Single,3,0,1.0,2.0,9.0,193.12,0,2
53588,0,31.0,Female,3.0,2,Single,7,0,1.0,2.0,6.0,176.71,0,2
53589,0,17.0,Male,4.0,2,Divorced,5,0,2.0,2.0,8.0,322.4,1,0
53590,0,23.0,Male,3.0,3,Divorced,4,0,1.0,2.0,1.0,312.11,1,0
53591,0,10.0,Male,3.0,4,Divorced,3,0,2.0,2.0,8.0,161.92,1,0
53592,0,22.0,Male,4.0,4,Single,7,0,1.0,2.0,1.0,150.59,1,2
53593,0,1.0,Male,4.0,3,Married,3,0,2.0,2.0,4.0,150.17,1,1
53594,0,3.0,Male,3.0,2,Married,3,1,1.0,2.0,1.0,191.23,1,1
53595,0,22.0,Male,4.0,2,Single,8,0,2.0,2.0,1.0,307.65,1,2
53596,0,3.0,Female,3.0,2,Married,5,0,1.0,2.0,8.0,286.24,0,1
53597,0,8.0,Female,3.0,3,Divorced,2,0,2.0,2.0,1.0,150.85,0,0
53598,0,18.0,Male,3.0,4,Divorced,9,0,2.0,4.0,11.0,307.13,1,0
53599,0,7.0,Male,3.0,3,Married,2,1,2.0,2.0,9.0,208.8,1,1
53600,0,1.0,Female,3.0,2,Single,3,1,2.0,2.0,2.0,154.94,0,2
53601,0,1.0,Male,3.0,3,Divorced,3,0,1.0,2.0,2.0,137.23,1,0
53602,1,1.0,Male,4.0,2,Single,3,1,2.0,2.0,1.0,136.18,1,2
53603,0,1.0,Male,3.0,2,Single,3,1,1.0,3.0,3.0,153.75,1,2
53604,1,9.0,Female,4.0,4,Single,4,1,1.0,2.0,12.0,313.24,0,2
53605,0,29.0,Male,3.0,4,Married,3,1,4.0,16.0,1.0,260.77,1,1
53606,1,1.0,Female,3.0,3,Single,3,0,3.0,3.0,3.0,151.25,0,2
53607,0,20.0,Female,3.0,4,Divorced,4,0,2.0,2.0,9.0,312.89,0,0
53608,0,8.0,Female,3.0,5,Single,2,1,2.0,2.0,3.0,170.38,0,2
53609,0,25.0,Male,3.0,4,Married,6,1,3.0,12.0,11.0,323.47,1,1
53610,0,31.0,Male,4.0,2,Single,8,0,2.0,6.0,3.0,230.12,1,2
53611,0,8.0,Female,3.0,4,Married,6,0,4.0,6.0,11.0,169.44,0,1
53612,0,2.0,Male,3.0,3,Single,2,1,1.0,2.0,3.0,146.54,1,2
53613,0,18.0,Male,4.0,5,Married,3,0,2.0,15.0,14.0,316.9,1,1
53614,0,8.0,Male,3.0,4,Divorced,6,0,1.0,2.0,9.0,169.9,1,0
53615,0,9.0,Male,4.0,3,Divorced,2,1,2.0,3.0,3.0,160.06,1,0
53616,0,16.0,Female,4.0,4,Divorced,8,1,1.0,2.0,1.0,148.72,0,0
53617,0,17.0,Female,3.0,2,Single,5,0,11.0,16.0,3.0,227.31,0,2
53618,0,10.0,Female,3.0,4,Single,11,1,5.0,6.0,13.0,179.1,0,2
53619,1,8.0,Female,4.0,2,Divorced,3,0,1.0,2.0,6.0,204.78,0,0
53620,0,2.0,Male,3.0,2,Divorced,3,1,3.0,3.0,3.0,163.67,1,0
53621,0,25.0,Female,3.0,3,Single,2,0,8.0,8.0,8.0,153.38,0,2
53622,0,4.0,Female,4.0,3,Single,9,1,2.0,2.0,8.0,171.95,0,2
53623,1,1.0,Female,3.0,3,Married,5,1,2.0,8.0,8.0,158.39,0,1
53624,0,2.0,Male,3.0,5,Single,4,0,1.0,2.0,3.0,145.8,1,2
53625,0,1.0,Female,3.0,4,Single,3,0,2.0,3.0,2.0,145.96,0,2
53626,0,6.0,Male,3.0,2,Divorced,3,0,1.0,2.0,9.0,187.09,1,0
53627,0,19.0,Female,3.0,4,Single,5,0,2.0,2.0,1.0,305.61,0,2
53628,0,13.0,Female,4.0,4,Married,8,1,14.0,16.0,3.0,296.23,0,1
53629,0,31.0,Male,3.0,3,Married,3,0,3.0,3.0,3.0,148.72,1,1
53630,1,1.0,Male,4.0,3,Divorced,3,0,2.0,2.0,2.0,173.83,1,0
53631,1,3.0,Male,4.0,5,Single,2,0,1.0,2.0,4.0,164.04,1,2
53632,0,4.0,Female,3.0,2,Divorced,2,0,6.0,7.0,8.0,171.27,0,0
53633,0,10.0,Female,4.0,3,Divorced,5,0,1.0,2.0,8.0,195.94,0,0
53634,0,20.0,Female,3.0,5,Single,8,0,4.0,6.0,8.0,159.23,0,2
53635,0,2.0,Female,3.0,2,Divorced,2,0,8.0,8.0,6.0,191.74,0,0
53636,0,24.0,Female,3.0,5,Divorced,6,1,1.0,2.0,3.0,293.8,0,0
53637,1,4.0,Male,3.0,4,Single,4,1,1.0,2.0,3.0,215.94,1,2
53638,1,16.0,Male,4.0,4,Single,11,1,6.0,8.0,3.0,209.46,1,2
53639,0,4.0,Female,4.0,5,Divorced,3,1,1.0,2.0,9.0,244.16,0,0
53640,0,13.0,Male,3.0,3,Single,2,0,1.0,2.0,8.0,170.34,1,2
53641,0,5.0,Female,3.0,3,Married,3,1,4.0,10.0,3.0,223.52,0,1
53642,0,15.0,Male,3.0,4,Single,3,0,4.0,12.0,10.0,186.51,1,2
53643,1,1.0,Female,3.0,4,Single,3,1,2.0,3.0,3.0,148.02,0,2
53644,1,8.0,Male,3.0,5,Divorced,6,0,2.0,2.0,3.0,148.62,1,0
53645,0,16.0,Male,3.0,3,Divorced,2,1,1.0,3.0,11.0,303.61,1,0
53646,0,29.0,Female,3.0,3,Divorced,6,0,6.0,10.0,12.0,316.87,0,0
53647,0,30.0,Male,3.0,4,Single,8,0,2.0,8.0,8.0,322.17,1,2
53648,0,14.0,Male,4.0,3,Married,11,0,2.0,2.0,1.0,160.44,1,1
53649,0,8.0,Male,3.0,2,Married,2,0,2.0,2.0,3.0,210.0,1,1
53650,0,14.0,Male,4.0,2,Single,3,0,4.0,9.0,9.0,171.61,1,2
53651,0,15.0,Female,4.0,5,Married,2,0,1.0,2.0,8.0,166.03,0,1
53652,0,9.0,Male,3.0,3,Single,3,1,2.0,2.0,2.0,167.49,1,2
53653,0,25.0,Male,3.0,4,Married,3,1,1.0,2.0,11.0,265.26,1,1
53654,0,12.0,Female,3.0,5,Married,5,0,1.0,2.0,8.0,193.93,0,1
53655,0,8.0,Female,4.0,5,Single,3,0,2.0,10.0,7.0,186.25,0,2
53656,0,1.0,Male,4.0,2,Divorced,5,0,2.0,2.0,3.0,161.69,1,0
53657,1,21.0,Female,3.0,5,Divorced,9,1,5.0,6.0,3.0,225.08,0,0
53658,0,14.0,Male,3.0,4,Divorced,5,0,2.0,2.0,4.0,148.87,1,0
53659,0,10.0,Female,3.0,5,Divorced,4,0,6.0,7.0,14.0,171.39,0,0
53660,0,22.0,Male,3.0,2,Single,3,0,2.0,2.0,9.0,203.98,1,2
53661,0,1.0,Female,4.0,2,Divorced,10,0,2.0,2.0,1.0,150.34,0,0
53662,0,25.0,Female,3.0,4,Single,5,0,1.0,2.0,4.0,256.42,0,2
53663,0,1.0,Female,4.0,2,Single,3,0,2.0,2.0,1.0,141.11,0,2
53664,0,9.0,Female,3.0,2,Divorced,2,0,2.0,2.0,1.0,178.63,0,0
53665,0,1.0,Male,3.0,2,Single,5,0,2.0,2.0,1.0,175.71,1,2
53666,1,19.0,Male,3.0,3,Single,8,1,1.0,4.0,9.0,261.95,1,2
53667,0,30.0,Male,4.0,4,Divorced,6,1,12.0,2.0,10.0,259.02,1,0
53668,0,8.0,Female,4.0,3,Married,3,0,2.0,2.0,1.0,145.29,0,1
53669,0,14.0,Female,3.0,3,Married,7,0,6.0,12.0,9.0,188.77,0,1
53670,0,8.0,Male,3.0,3,Divorced,6,0,1.0,8.0,8.0,179.29,1,0
53671,1,1.0,Female,3.0,2,Single,9,0,1.0,2.0,1.0,152.85,0,2
53672,1,1.0,Female,4.0,3,Divorced,2,1,4.0,4.0,3.0,171.14,0,0
53673,0,12.0,Male,3.0,3,Married,3,0,1.0,2.0,4.0,151.1,1,1
53674,0,8.0,Female,4.0,2,Single,3,0,2.0,5.0,12.0,191.87,0,2
53675,0,2.0,Male,3.0,5,Divorced,3,0,2.0,2.0,5.0,172.24,1,0
53676,1,1.0,Male,4.0,3,Divorced,3,1,4.0,7.0,8.0,186.79,1,0
53677,0,13.0,Male,3.0,2,Divorced,5,1,1.0,2.0,5.0,186.2,1,0
53678,0,25.0,Male,3.0,4,Divorced,4,0,1.0,4.0,3.0,230.96,1,0
53679,0,15.0,Female,4.0,2,Married,5,1,1.0,4.0,4.0,179.67,0,1
53680,0,11.0,Male,3.0,3,Divorced,9,1,2.0,2.0,4.0,154.96,1,0
53681,0,7.0,Male,4.0,2,Divorced,8,0,2.0,2.0,3.0,224.98,1,0
53682,0,6.0,Male,3.0,4,Divorced,2,1,1.0,2.0,3.0,165.78,1,0
53683,0,13.0,Male,4.0,3,Divorced,5,0,1.0,2.0,6.0,234.2,1,0
53684,0,1.0,Male,4.0,3,Divorced,4,0,1.0,2.0,3.0,187.32,1,0
53685,0,26.0,Female,3.0,3,Divorced,4,1,1.0,2.0,3.0,257.47,0,0
53686,0,17.0,Female,4.0,3,Single,3,1,2.0,2.0,9.0,165.81,0,2
53687,0,1.0,Female,4.0,2,Divorced,3,1,3.0,5.0,5.0,182.69,0,0
53688,1,1.0,Female,3.0,3,Single,3,1,4.0,8.0,8.0,148.94,0,2
53689,0,1.0,Male,3.0,2,Single,2,0,1.0,2.0,2.0,164.04,1,2
53690,0,16.0,Female,3.0,5,Divorced,2,0,1.0,2.0,10.0,292.99,0,0
53691,0,26.0,Female,3.0,5,Divorced,11,0,2.0,2.0,5.0,154.5,0,0
53692,0,11.0,Female,4.0,3,Single,6,0,1.0,2.0,3.0,161.29,0,2
53693,0,9.0,Male,3.0,2,Single,4,0,1.0,3.0,3.0,218.62,1,2
53694,0,1.0,Male,3.0,2,Divorced,6,0,2.0,2.0,3.0,157.29,1,0
53695,0,1.0,Male,4.0,5,Single,2,0,2.0,2.0,8.0,160.78,1,2
53696,0,3.0,Male,3.0,5,Single,3,0,1.0,2.0,10.0,204.88,1,2
53697,1,1.0,Male,4.0,5,Single,5,0,1.0,2.0,4.0,167.84,1,2
53698,1,1.0,Female,3.0,2,Single,2,1,3.0,8.0,8.0,200.53,0,2
53699,0,28.0,Female,3.0,2,Single,8,0,6.0,13.0,8.0,298.28,0,2
53700,0,31.0,Female,4.0,5,Divorced,5,1,2.0,2.0,6.0,322.01,0,0
53701,0,29.0,Male,3.0,2,Married,4,0,1.0,2.0,1.0,272.32,1,1
53702,0,10.0,Female,3.0,4,Single,5,1,1.0,2.0,3.0,217.78,0,2
53703,1,1.0,Female,3.0,3,Single,3,0,2.0,2.0,1.0,138.59,0,2
53704,0,4.0,Female,4.0,5,Married,9,0,2.0,2.0,3.0,172.79,0,1
53705,0,5.0,Female,4.0,4,Single,5,0,1.0,2.0,1.0,289.22,0,2
53706,0,8.0,Male,4.0,5,Married,7,0,2.0,2.0,4.0,154.96,1,1
53707,1,1.0,Female,3.0,4,Single,3,0,1.0,2.0,1.0,137.61,0,2
53708,0,1.0,Male,4.0,5,Divorced,2,0,2.0,2.0,5.0,145.99,1,0
53709,0,10.0,Male,3.0,2,Single,3,0,2.0,2.0,9.0,183.1,1,2
53710,0,10.0,Female,4.0,5,Divorced,6,0,2.0,2.0,3.0,181.47,0,0
53711,0,21.0,Male,4.0,2,Divorced,9,0,2.0,2.0,3.0,159.2,1,0
53712,1,1.0,Male,4.0,5,Divorced,5,0,2.0,3.0,3.0,169.0,1,0
53713,0,11.0,Male,3.0,3,Single,2,0,2.0,2.0,4.0,160.0,1,2
53714,0,30.0,Female,3.0,5,Divorced,4,0,2.0,2.0,1.0,145.66,0,0
53715,0,21.0,Female,3.0,3,Divorced,5,0,4.0,6.0,7.0,296.69,0,0
53716,0,1.0,Female,3.0,3,Divorced,3,1,2.0,2.0,4.0,166.62,0,0
53717,0,6.0,Male,4.0,2,Divorced,6,0,2.0,2.0,3.0,217.04,1,0
53718,0,8.0,Female,3.0,4,Divorced,7,0,2.0,2.0,3.0,157.94,0,0
53719,0,15.0,Male,3.0,3,Divorced,4,1,2.0,2.0,4.0,146.27,1,0
53720,0,14.0,Male,3.0,3,Married,5,0,2.0,2.0,8.0,164.75,1,1
53721,0,5.0,Male,3.0,2,Married,3,0,3.0,2.0,10.0,232.93,1,1
53722,1,10.0,Male,3.0,1,Married,6,0,1.0,5.0,3.0,225.96,1,1
53723,1,3.0,Female,3.0,5,Single,4,1,1.0,2.0,1.0,161.46,0,2
53724,1,1.0,Female,4.0,4,Single,3,0,4.0,5.0,8.0,199.46,0,2
53725,0,19.0,Male,4.0,5,Married,4,1,1.0,2.0,8.0,233.51,1,1
53726,0,5.0,Female,4.0,4,Single,11,0,1.0,2.0,3.0,146.09,0,2
53727,1,1.0,Male,4.0,1,Divorced,8,1,3.0,3.0,3.0,162.22,1,0
53728,0,19.0,Male,3.0,1,Divorced,6,1,2.0,2.0,3.0,218.8,1,0
53729,0,22.0,Male,4.0,5,Married,6,0,2.0,3.0,3.0,179.86,1,1
53730,1,1.0,Female,3.0,3,Divorced,3,0,2.0,3.0,3.0,152.42,0,0
53731,0,14.0,Male,3.0,4,Married,4,0,1.0,5.0,9.0,262.57,1,1
53732,0,2.0,Male,3.0,5,Single,2,0,2.0,2.0,3.0,209.63,1,2
53733,0,18.0,Male,3.0,3,Single,5,0,1.0,2.0,4.0,156.62,1,2
53734,0,27.0,Male,3.0,4,Single,6,0,1.0,9.0,9.0,290.98,1,2
53735,0,23.0,Male,4.0,3,Divorced,4,0,1.0,2.0,3.0,191.51,1,0
53736,0,14.0,Male,4.0,3,Married,4,0,1.0,2.0,3.0,148.45,1,1
53737,0,18.0,Male,3.0,4,Single,3,0,2.0,2.0,4.0,159.2,1,2
53738,0,7.0,Male,3.0,5,Divorced,2,0,1.0,2.0,4.0,168.73,1,0
53739,0,8.0,Male,3.0,5,Single,5,0,3.0,4.0,13.0,172.59,1,2
53740,0,4.0,Male,4.0,3,Divorced,10,0,1.0,3.0,3.0,178.01,1,0
53741,0,16.0,Female,4.0,1,Single,3,0,5.0,6.0,9.0,161.73,0,2
53742,0,18.0,Female,4.0,3,Divorced,9,0,2.0,2.0,1.0,172.68,0,0
53743,0,4.0,Male,4.0,3,Married,3,0,1.0,2.0,1.0,137.74,1,1
53744,0,51.0,Male,4.0,3,Divorced,2,0,2.0,3.0,9.0,174.0,1,0
53745,0,23.0,Male,3.0,4,Married,5,0,1.0,2.0,3.0,229.66,1,1
53746,0,8.0,Male,4.0,5,Married,9,0,3.0,7.0,10.0,295.07,1,1
53747,1,1.0,Male,4.0,3,Divorced,5,0,2.0,2.0,3.0,154.09,1,0
53748,1,1.0,Female,3.0,4,Single,7,0,1.0,2.0,1.0,182.65,0,2
53749,1,1.0,Female,3.0,4,Single,2,1,3.0,11.0,11.0,170.99,0,2
53750,0,9.0,Male,4.0,3,Divorced,3,0,2.0,2.0,1.0,149.04,1,0
53751,1,1.0,Male,3.0,5,Single,4,1,1.0,2.0,1.0,156.72,1,2
53752,0,1.0,Female,4.0,4,Divorced,3,0,1.0,2.0,1.0,145.33,0,0
53753,0,18.0,Male,3.0,3,Single,7,1,1.0,3.0,3.0,227.09,1,2
53754,0,3.0,Male,4.0,3,Married,3,0,2.0,2.0,3.0,211.2,1,1
53755,0,4.0,Male,3.0,3,Married,2,0,1.0,2.0,4.0,145.64,1,1
53756,0,29.0,Male,2.0,3,Divorced,2,1,1.0,2.0,3.0,165.35,1,0
53757,0,7.0,Female,3.0,4,Divorced,10,0,1.0,2.0,3.0,163.38,0,0
53758,0,21.0,Female,4.0,3,Divorced,5,1,2.0,2.0,3.0,170.91,0,0
53759,1,1.0,Male,3.0,5,Single,9,0,1.0,2.0,1.0,150.61,1,2
53760,0,2.0,Male,4.0,3,Married,3,0,1.0,2.0,1.0,140.63,1,1
53761,0,2.0,Male,3.0,5,Single,2,0,2.0,2.0,4.0,173.98,1,2
53762,0,23.0,Female,3.0,5,Divorced,6,0,2.0,2.0,3.0,172.89,0,0
53763,0,3.0,Female,4.0,4,Divorced,2,0,1.0,2.0,3.0,156.8,0,0
53764,0,2.0,Male,4.0,4,Divorced,3,0,2.0,2.0,8.0,190.49,1,0
53765,0,7.0,Male,4.0,3,Single,4,1,1.0,2.0,1.0,188.88,1,2
53766,0,6.0,Male,1.0,1,Single,4,0,1.0,2.0,1.0,237.44,1,2
53767,0,28.0,Female,3.0,1,Married,5,0,1.0,2.0,13.0,285.32,0,1
53768,1,1.0,Male,4.0,5,Single,8,0,1.0,2.0,8.0,148.62,1,2
53769,0,18.0,Male,3.0,5,Divorced,5,0,1.0,15.0,18.0,288.28,1,0
53770,0,13.0,Female,3.0,4,Single,6,0,1.0,3.0,3.0,208.76,0,2
53771,0,20.0,Female,3.0,4,Divorced,10,0,1.0,6.0,2.0,291.06,0,0
53772,0,9.0,Female,4.0,4,Single,3,0,2.0,4.0,3.0,211.06,0,2
53773,0,1.0,Male,4.0,3,Single,2,0,2.0,2.0,3.0,147.72,1,2
53774,1,4.0,Male,3.0,5,Single,5,0,2.0,2.0,1.0,145.18,1,2
53775,0,8.0,Male,4.0,3,Divorced,3,1,8.0,9.0,7.0,195.83,1,0
53776,1,1.0,Female,3.0,3,Single,3,0,7.0,8.0,8.0,165.84,0,2
53777,0,24.0,Male,3.0,1,Single,3,1,1.0,14.0,10.0,269.11,1,2
53778,0,8.0,Male,3.0,3,Married,2,1,1.0,6.0,8.0,148.08,1,1
53779,0,16.0,Male,4.0,4,Married,6,0,2.0,2.0,1.0,173.41,1,1
53780,0,11.0,Male,3.0,1,Married,3,0,1.0,4.0,8.0,167.85,1,1
53781,0,3.0,Female,3.0,5,Married,5,0,1.0,2.0,3.0,222.15,0,1
53782,0,7.0,Male,3.0,4,Single,3,0,1.0,2.0,3.0,168.2,1,2
53783,0,19.0,Male,4.0,1,Married,6,0,2.0,2.0,4.0,146.32,1,1
53784,0,16.0,Male,3.0,1,Married,4,1,13.0,14.0,3.0,226.24,1,1
53785,0,14.0,Male,3.0,5,Married,2,0,3.0,8.0,2.0,179.73,1,1
53786,0,7.0,Male,4.0,3,Married,3,1,2.0,6.0,8.0,177.07,1,1
53787,0,14.0,Male,3.0,1,Single,3,1,1.0,8.0,8.0,289.37,1,2
53788,0,1.0,Male,3.0,5,Married,2,0,1.0,2.0,1.0,147.96,1,1
53789,0,14.0,Male,4.0,1,Married,5,1,3.0,3.0,3.0,165.69,1,1
53790,0,19.0,Male,4.0,4,Married,3,0,7.0,8.0,8.0,199.41,1,1
53791,0,9.0,Female,4.0,3,Married,2,0,3.0,5.0,3.0,149.3,0,1
53792,0,6.0,Female,4.0,4,Married,5,0,2.0,3.0,6.0,183.78,0,1
53793,0,10.0,Male,4.0,1,Single,5,1,1.0,2.0,3.0,151.44,1,2
53794,0,22.0,Female,4.0,3,Married,10,0,2.0,8.0,8.0,189.39,0,1
53795,0,3.0,Male,4.0,3,Married,8,0,2.0,2.0,1.0,149.51,1,1
53796,0,7.0,Male,3.0,5,Married,4,0,3.0,3.0,3.0,188.92,1,1
53797,1,1.0,Male,4.0,5,Married,3,0,4.0,7.0,3.0,222.14,1,1
53798,0,12.0,Male,4.0,3,Married,5,0,1.0,2.0,3.0,185.77,1,1
53799,0,9.0,Male,4.0,5,Single,3,0,1.0,2.0,3.0,149.5,1,2
53800,0,4.0,Male,3.0,4,Married,5,0,1.0,2.0,3.0,217.5,1,1
53801,1,1.0,Female,4.0,5,Married,3,1,2.0,2.0,1.0,145.74,0,1
53802,1,17.0,Female,4.0,1,Married,2,0,2.0,2.0,3.0,226.69,0,1
53803,1,2.0,Male,3.0,4,Married,6,0,1.0,2.0,5.0,173.55,1,1
53804,0,6.0,Male,4.0,5,Married,6,0,2.0,2.0,3.0,165.87,1,1
53805,0,22.0,Female,4.0,5,Married,10,0,8.0,8.0,7.0,148.67,0,1
53806,0,8.0,Male,3.0,1,Single,3,0,1.0,2.0,1.0,154.72,1,2
53807,0,29.0,Male,3.0,1,Married,3,0,3.0,3.0,14.0,320.86,1,1
53808,0,8.0,Male,3.0,1,Married,11,0,2.0,3.0,2.0,179.84,1,1
53809,0,1.0,Female,3.0,1,Married,3,0,2.0,2.0,1.0,145.61,0,1
53810,0,12.0,Male,4.0,4,Married,2,0,6.0,8.0,3.0,224.24,1,1
53811,0,12.0,Female,3.0,4,Single,4,0,1.0,2.0,3.0,166.98,0,2
53812,0,10.0,Female,4.0,3,Single,8,0,2.0,2.0,1.0,193.15,0,2
53813,0,3.0,Male,3.0,5,Single,3,1,1.0,2.0,6.0,172.23,1,2
53814,0,9.0,Female,3.0,3,Single,5,1,2.0,2.0,5.0,186.42,0,2
53815,0,13.0,Male,3.0,3,Married,4,0,5.0,8.0,7.0,207.37,1,1
53816,0,3.0,Male,3.0,1,Married,3,0,1.0,2.0,3.0,213.53,1,1
53817,0,24.0,Male,3.0,3,Married,6,1,1.0,2.0,1.0,318.31,1,1
53818,0,1.0,Male,3.0,3,Married,4,0,3.0,3.0,3.0,145.73,1,1
53819,0,10.0,Male,4.0,5,Married,5,1,2.0,2.0,3.0,180.62,1,1
53820,0,16.0,Male,4.0,1,Single,10,0,2.0,2.0,2.0,321.13,1,2
53821,0,9.0,Male,3.0,3,Married,3,0,6.0,7.0,9.0,159.07,1,1
53822,0,8.0,Male,4.0,3,Married,3,0,3.0,8.0,8.0,175.63,1,1
53823,0,14.0,Female,3.0,5,Married,3,0,1.0,2.0,3.0,171.39,0,1
53824,0,17.0,Male,3.0,4,Married,7,0,2.0,2.0,3.0,173.76,1,1
53825,0,9.0,Male,4.0,1,Married,3,0,2.0,2.0,2.0,151.9,1,1
53826,0,20.0,Male,3.0,5,Single,3,0,2.0,2.0,13.0,300.67,1,2
53827,1,1.0,Male,3.0,4,Married,3,1,1.0,2.0,1.0,149.08,1,1
53828,0,1.0,Female,3.0,3,Married,3,1,1.0,2.0,4.0,153.14,0,1
53829,0,24.0,Male,3.0,3,Married,4,1,4.0,2.0,14.0,237.45,1,1
53830,0,6.0,Female,3.0,1,Married,5,0,2.0,2.0,3.0,158.12,0,1
53831,0,18.0,Female,3.0,1,Married,2,1,2.0,2.0,11.0,315.49,0,1
53832,0,4.0,Male,3.0,4,Married,3,0,1.0,2.0,2.0,146.41,1,1
53833,0,19.0,Female,3.0,5,Single,3,1,2.0,2.0,5.0,182.69,0,2
53834,0,19.0,Male,3.0,5,Married,3,0,1.0,5.0,6.0,168.85,1,1
53835,0,5.0,Male,3.0,5,Single,9,0,1.0,2.0,4.0,178.32,1,2
53836,0,10.0,Female,4.0,3,Married,11,1,1.0,2.0,2.0,171.63,0,1
53837,0,8.0,Male,3.0,1,Married,3,0,6.0,8.0,3.0,172.24,1,1
53838,0,23.0,Female,3.0,5,Married,3,0,1.0,2.0,5.0,157.11,0,1
53839,0,13.0,Male,4.0,5,Married,4,0,5.0,8.0,8.0,178.77,1,1
53840,0,1.0,Male,4.0,5,Married,3,0,1.0,2.0,8.0,165.66,1,1
53841,0,9.0,Male,3.0,5,Married,3,0,1.0,2.0,11.0,177.08,1,1
53842,0,2.0,Female,3.0,5,Married,2,0,2.0,2.0,1.0,25.0,0,1
53843,0,1.0,Male,4.0,1,Single,3,0,2.0,3.0,3.0,156.17,1,2
53844,1,1.0,Female,4.0,1,Single,3,1,1.0,2.0,1.0,140.69,0,2
53845,0,21.0,Female,4.0,3,Married,5,0,2.0,2.0,1.0,321.58,0,1
53846,0,13.0,Male,4.0,3,Married,2,0,1.0,2.0,8.0,155.69,1,1
53847,0,14.0,Female,4.0,3,Married,3,0,2.0,15.0,3.0,229.35,0,1
53848,0,9.0,Female,3.0,3,Married,3,0,3.0,3.0,10.0,166.48,0,1
53849,0,11.0,Male,3.0,3,Married,5,0,1.0,2.0,3.0,182.68,1,1
53850,0,13.0,Female,3.0,3,Single,2,0,4.0,4.0,9.0,175.42,0,2
53851,0,19.0,Female,3.0,1,Married,3,0,3.0,4.0,10.0,182.7,0,1
53852,0,12.0,Female,3.0,3,Married,5,1,2.0,2.0,3.0,202.56,0,1
53853,1,1.0,Male,3.0,5,Married,11,0,5.0,7.0,3.0,228.06,1,1
53854,0,11.0,Female,4.0,4,Married,3,0,2.0,8.0,8.0,164.36,0,1
53855,0,14.0,Female,3.0,1,Single,8,1,2.0,4.0,4.0,204.45,0,2
53856,0,18.0,Male,3.0,1,Married,6,1,2.0,2.0,3.0,182.43,1,1
53857,0,22.0,Male,3.0,1,Married,4,0,1.0,3.0,3.0,277.02,1,1
53858,1,1.0,Male,3.0,1,Married,8,1,2.0,3.0,3.0,179.4,1,1
53859,0,1.0,Female,3.0,1,Single,3,1,2.0,2.0,4.0,162.6,0,2
53860,0,1.0,Female,3.0,3,Married,9,0,1.0,2.0,3.0,160.17,0,1
53861,0,1.0,Male,3.0,1,Single,4,0,1.0,2.0,3.0,150.8,1,2
53862,1,4.0,Male,4.0,5,Single,5,1,1.0,2.0,4.0,146.66,1,2
53863,0,3.0,Male,3.0,3,Single,11,0,2.0,2.0,5.0,183.69,1,2
53864,0,10.0,Female,3.0,5,Married,6,0,2.0,2.0,3.0,205.08,0,1
53865,0,1.0,Male,4.0,3,Married,3,0,1.0,2.0,8.0,177.06,1,1
53866,0,13.0,Male,4.0,4,Married,6,0,2.0,2.0,1.0,177.95,1,1
53867,0,23.0,Female,4.0,4,Married,5,0,1.0,2.0,3.0,289.13,0,1
53868,0,24.0,Female,3.0,5,Married,7,0,2.0,2.0,12.0,257.69,0,1
53869,0,1.0,Female,3.0,3,Single,3,0,1.0,3.0,3.0,152.83,0,2
53870,0,8.0,Female,4.0,4,Married,3,0,8.0,8.0,10.0,179.33,0,1
53871,0,10.0,Male,4.0,4,Single,4,0,1.0,2.0,4.0,145.13,1,2
53872,0,23.0,Female,3.0,3,Married,4,1,1.0,3.0,13.0,264.66,0,1
53873,0,10.0,Female,3.0,3,Married,2,0,2.0,2.0,3.0,168.74,0,1
53874,0,10.0,Male,4.0,5,Married,8,0,2.0,2.0,5.0,193.42,1,1
53875,0,28.0,Female,4.0,3,Married,5,0,3.0,5.0,8.0,299.26,0,1
53876,0,17.0,Male,4.0,3,Married,3,0,5.0,7.0,12.0,301.03,1,1
53877,1,1.0,Male,3.0,1,Single,5,1,4.0,7.0,8.0,170.81,1,2
53878,0,12.0,Male,3.0,1,Married,9,0,3.0,3.0,10.0,172.35,1,1
53879,0,3.0,Male,3.0,4,Married,3,1,1.0,2.0,10.0,166.87,1,1
53880,0,7.0,Male,4.0,1,Married,3,0,2.0,2.0,5.0,180.05,1,1
53881,0,6.0,Male,3.0,4,Married,2,0,1.0,2.0,7.0,179.7,1,1
53882,0,5.0,Female,4.0,1,Married,3,0,1.0,2.0,3.0,179.76,0,1
53883,0,23.0,Female,4.0,5,Married,6,1,2.0,3.0,3.0,150.87,0,1
53884,0,12.0,Female,3.0,4,Single,3,0,2.0,4.0,4.0,149.4,0,2
53885,0,21.0,Female,3.0,4,Married,8,0,1.0,2.0,3.0,284.72,0,1
53886,0,23.0,Male,3.0,3,Single,6,0,1.0,2.0,1.0,278.79,1,2
53887,0,15.0,Male,4.0,3,Single,5,1,1.0,2.0,3.0,195.82,1,2
53888,0,1.0,Male,3.0,5,Single,3,0,1.0,2.0,3.0,152.28,1,2
53889,0,7.0,Female,3.0,1,Married,3,1,1.0,2.0,3.0,178.68,0,1
53890,0,10.0,Male,4.0,3,Married,8,0,2.0,2.0,3.0,178.47,1,1
53891,0,18.0,Female,3.0,1,Married,6,1,3.0,3.0,3.0,156.95,0,1
53892,1,1.0,Male,4.0,3,Single,3,1,2.0,2.0,3.0,164.89,1,2
53893,0,12.0,Female,3.0,3,Married,9,0,1.0,2.0,1.0,158.06,0,1
53894,0,27.0,Male,3.0,1,Married,5,0,1.0,2.0,3.0,195.05,1,1
53895,1,12.0,Female,4.0,3,Married,4,1,5.0,8.0,8.0,151.55,0,1
53896,1,1.0,Male,4.0,4,Single,3,0,2.0,2.0,1.0,138.93,1,2
53897,0,1.0,Male,4.0,1,Single,3,0,6.0,6.0,8.0,150.7,1,2
53898,0,29.0,Male,4.0,4,Married,7,0,2.0,2.0,3.0,160.37,1,1
53899,0,8.0,Male,3.0,1,Married,3,0,5.0,5.0,14.0,164.86,1,1
53900,0,31.0,Male,4.0,1,Married,5,0,1.0,2.0,1.0,233.83,1,1
53901,0,7.0,Male,4.0,4,Married,3,0,3.0,3.0,14.0,145.28,1,1
53902,0,11.0,Male,3.0,1,Married,3,0,1.0,2.0,3.0,220.25,1,1
53903,0,8.0,Female,3.0,1,Married,3,0,4.0,9.0,8.0,154.29,0,1
53904,1,1.0,Male,3.0,1,Married,3,1,2.0,2.0,3.0,147.75,1,1
53905,0,18.0,Female,4.0,1,Married,3,1,7.0,7.0,8.0,203.79,0,1
53906,0,9.0,Male,4.0,1,Single,2,1,2.0,2.0,5.0,174.3,1,2
53907,0,17.0,Male,4.0,1,Married,3,1,1.0,9.0,9.0,203.47,1,1
53908,0,1.0,Male,4.0,3,Married,3,0,1.0,2.0,5.0,169.01,1,1
53909,0,15.0,Male,3.0,3,Single,3,0,7.0,9.0,3.0,217.41,1,2
53910,0,3.0,Female,3.0,3,Married,11,0,2.0,2.0,3.0,154.74,0,1
53911,0,10.0,Female,3.0,1,Single,5,0,4.0,7.0,8.0,170.02,0,2
53912,0,19.0,Male,4.0,3,Married,5,0,4.0,2.0,5.0,232.48,1,1
53913,1,1.0,Male,3.0,3,Married,3,0,1.0,2.0,1.0,140.55,1,1
53914,1,11.0,Male,3.0,3,Married,9,0,2.0,2.0,11.0,254.36,1,1
53915,0,1.0,Male,4.0,3,Married,3,0,1.0,2.0,3.0,148.05,1,1
53916,0,19.0,Female,3.0,4,Single,3,0,4.0,9.0,7.0,292.04,0,2
53917,0,6.0,Male,3.0,3,Married,8,0,1.0,2.0,4.0,159.33,1,1
53918,0,5.0,Male,4.0,3,Married,3,0,1.0,2.0,4.0,159.77,1,1
53919,0,15.0,Male,3.0,4,Married,8,0,1.0,2.0,3.0,189.3,1,1
53920,0,14.0,Female,4.0,5,Married,4,1,1.0,2.0,1.0,190.16,0,1
53921,0,1.0,Male,4.0,5,Married,3,0,2.0,2.0,3.0,164.07,1,1
53922,0,20.0,Male,3.0,4,Single,8,0,2.0,2.0,10.0,180.62,1,2
53923,0,9.0,Male,3.0,3,Married,4,0,1.0,2.0,8.0,193.83,1,1
53924,0,4.0,Male,3.0,1,Married,3,0,1.0,2.0,9.0,153.62,1,1
53925,0,21.0,Male,3.0,4,Married,9,0,1.0,2.0,1.0,174.78,1,1
53926,0,20.0,Male,4.0,1,Married,6,1,1.0,2.0,3.0,228.68,1,1
53927,1,1.0,Male,4.0,5,Married,7,1,3.0,3.0,3.0,186.34,1,1
53928,1,1.0,Male,3.0,4,Single,8,0,1.0,2.0,1.0,192.35,1,2
53929,0,1.0,Female,3.0,4,Single,3,0,2.0,2.0,3.0,157.95,0,2
53930,0,5.0,Female,2.0,1,Single,4,0,2.0,2.0,5.0,177.38,0,2
53931,0,13.0,Male,4.0,1,Married,3,1,4.0,6.0,9.0,189.72,1,1
53932,0,6.0,Male,4.0,3,Married,5,0,2.0,2.0,3.0,221.1,1,1
53933,0,14.0,Male,3.0,4,Single,3,0,2.0,13.0,9.0,323.33,1,2
53934,0,19.0,Female,3.0,3,Married,6,0,2.0,2.0,3.0,222.56,0,1
53935,0,4.0,Female,4.0,5,Single,2,0,1.0,2.0,8.0,174.68,0,2
53936,0,1.0,Male,3.0,1,Married,2,0,2.0,3.0,2.0,146.45,1,1
53937,1,1.0,Female,4.0,1,Married,8,0,2.0,2.0,3.0,146.8,0,1
53938,0,5.0,Male,3.0,3,Married,3,0,1.0,2.0,3.0,208.46,1,1
53939,0,1.0,Female,4.0,1,Single,3,0,2.0,2.0,5.0,159.45,0,2
53940,1,1.0,Female,3.0,4,Single,3,0,2.0,3.0,3.0,152.6,0,2
53941,0,3.0,Male,4.0,3,Single,10,1,1.0,2.0,3.0,187.94,1,2
53942,0,4.0,Male,4.0,5,Married,4,0,1.0,2.0,8.0,196.4,1,1
53943,0,8.0,Male,4.0,1,Married,2,1,1.0,2.0,3.0,154.32,1,1
53944,0,7.0,Female,4.0,4,Single,10,0,1.0,2.0,8.0,176.47,0,2
53945,0,23.0,Female,4.0,1,Single,5,0,1.0,2.0,5.0,170.07,0,2
53946,1,1.0,Female,4.0,5,Single,4,1,1.0,2.0,3.0,210.64,0,2
53947,0,12.0,Female,4.0,4,Married,6,0,1.0,2.0,6.0,149.68,0,1
53948,1,1.0,Male,4.0,3,Married,4,0,2.0,2.0,1.0,206.61,1,1
53949,0,3.0,Female,4.0,5,Married,3,0,1.0,2.0,1.0,146.09,0,1
53950,0,1.0,Male,3.0,3,Married,5,0,2.0,2.0,8.0,177.94,1,1
53951,0,6.0,Male,4.0,4,Single,4,0,2.0,2.0,8.0,152.18,1,2
53952,0,12.0,Male,3.0,1,Married,5,1,1.0,2.0,1.0,183.11,1,1
53953,1,7.0,Male,3.0,3,Married,11,1,2.0,2.0,1.0,149.37,1,1
53954,0,16.0,Male,3.0,4,Married,10,0,2.0,2.0,5.0,152.66,1,1
53955,0,29.0,Male,3.0,5,Married,10,0,1.0,2.0,1.0,315.38,1,1
53956,0,7.0,Male,3.0,4,Married,7,0,1.0,2.0,8.0,155.55,1,1
53957,0,15.0,Male,4.0,5,Married,3,0,2.0,2.0,5.0,147.89,1,1
53958,0,8.0,Male,3.0,3,Married,3,1,2.0,2.0,8.0,165.01,1,1
53959,0,27.0,Female,3.0,3,Married,6,1,1.0,2.0,3.0,254.65,0,1
53960,0,17.0,Male,4.0,1,Single,2,0,1.0,2.0,9.0,160.39,1,2
53961,0,8.0,Female,3.0,1,Single,7,0,2.0,3.0,3.0,185.29,0,2
53962,1,1.0,Male,3.0,4,Single,3,0,2.0,2.0,1.0,151.79,1,2
53963,0,12.0,Female,3.0,3,Married,3,0,1.0,2.0,5.0,162.02,0,1
53964,1,1.0,Female,4.0,5,Married,3,1,1.0,2.0,1.0,148.98,0,1
53965,0,5.0,Female,4.0,1,Married,3,0,3.0,6.0,8.0,179.68,0,1
53966,0,25.0,Female,3.0,3,Married,4,0,3.0,2.0,3.0,256.16,0,1
53967,0,11.0,Male,3.0,4,Married,3,0,1.0,2.0,4.0,166.89,1,1
53968,0,20.0,Male,3.0,1,Married,9,1,2.0,3.0,3.0,318.28,1,1
53969,0,10.0,Male,3.0,5,Married,9,1,2.0,6.0,8.0,208.21,1,1
53970,1,8.0,Male,3.0,4,Married,3,1,2.0,3.0,4.0,148.42,1,1
53971,0,11.0,Male,3.0,4,Married,4,0,5.0,5.0,8.0,165.71,1,1
53972,1,1.0,Male,3.0,1,Single,3,1,1.0,8.0,8.0,183.13,1,2
53973,0,7.0,Male,3.0,5,Married,8,0,7.0,8.0,7.0,156.43,1,1
53974,0,2.0,Male,3.0,1,Married,3,0,1.0,2.0,4.0,145.44,1,1
53975,0,13.0,Male,4.0,3,Single,9,0,3.0,2.0,3.0,259.64,1,2
53976,0,20.0,Male,4.0,4,Single,10,0,3.0,3.0,3.0,204.91,1,2
53977,0,14.0,Female,3.0,5,Married,6,0,2.0,2.0,3.0,158.77,0,1
53978,0,16.0,Male,4.0,5,Married,7,0,2.0,2.0,1.0,180.38,1,1
53979,0,9.0,Male,3.0,1,Married,4,0,1.0,2.0,8.0,182.62,1,1
53980,0,12.0,Male,4.0,4,Married,7,0,4.0,4.0,9.0,150.92,1,1
53981,1,1.0,Male,4.0,5,Married,6,0,1.0,2.0,8.0,178.46,1,1
53982,1,1.0,Male,3.0,5,Single,3,0,1.0,2.0,9.0,167.13,1,2
53983,0,13.0,Male,3.0,1,Married,4,0,2.0,3.0,3.0,166.27,1,1
53984,0,17.0,Male,3.0,3,Single,6,0,1.0,2.0,3.0,149.38,1,2
53985,0,15.0,Male,3.0,4,Single,5,0,2.0,2.0,3.0,193.7,1,2
53986,0,15.0,Female,3.0,3,Married,2,1,1.0,14.0,3.0,229.47,0,1
53987,0,4.0,Female,4.0,3,Single,11,0,1.0,2.0,3.0,221.67,0,2
53988,1,1.0,Female,4.0,4,Married,2,1,1.0,2.0,5.0,146.48,0,1
53989,1,10.0,Female,4.0,4,Married,6,0,2.0,4.0,3.0,214.26,0,1
53990,0,14.0,Female,3.0,1,Married,6,0,1.0,2.0,4.0,190.13,0,1
53991,0,8.0,Male,4.0,3,Married,3,0,1.0,5.0,9.0,192.99,1,1
53992,0,31.0,Male,3.0,4,Married,6,0,11.0,15.0,15.0,25.0,1,1
53993,0,9.0,Male,4.0,3,Married,2,0,2.0,2.0,4.0,152.05,1,1
53994,0,21.0,Female,4.0,4,Married,10,1,3.0,15.0,3.0,228.33,0,1
53995,0,14.0,Female,3.0,5,Married,4,0,8.0,8.0,8.0,169.48,0,1
53996,0,28.0,Female,4.0,1,Married,6,0,2.0,2.0,8.0,193.54,0,1
53997,0,5.0,Female,4.0,5,Married,4,0,3.0,3.0,3.0,221.37,0,1
53998,0,2.0,Female,4.0,5,Married,3,0,2.0,2.0,3.0,160.91,0,1
53999,0,12.0,Female,4.0,1,Married,4,1,1.0,2.0,4.0,179.05,0,1
54000,0,1.0,Male,3.0,1,Single,3,0,1.0,2.0,3.0,171.84,1,2
54001,0,31.0,Male,3.0,3,Married,4,1,1.0,3.0,3.0,282.87,1,1
54002,0,1.0,Female,3.0,3,Single,3,0,2.0,2.0,1.0,140.14,0,2
54003,1,1.0,Male,3.0,5,Married,2,0,2.0,2.0,1.0,154.56,1,1
54004,1,1.0,Male,3.0,5,Married,6,1,2.0,3.0,1.0,148.35,1,1
54005,0,19.0,Female,4.0,3,Married,6,0,4.0,6.0,8.0,176.54,0,1
54006,0,10.0,Female,4.0,4,Married,6,1,1.0,2.0,1.0,194.62,0,1
54007,0,17.0,Male,4.0,1,Married,3,0,6.0,8.0,8.0,181.75,1,1
54008,0,1.0,Female,3.0,1,Single,2,1,2.0,2.0,3.0,148.79,0,2
54009,0,3.0,Male,3.0,1,Married,3,0,2.0,4.0,11.0,163.12,1,1
54010,0,6.0,Male,4.0,1,Single,10,0,2.0,2.0,1.0,171.48,1,2
54011,0,16.0,Male,3.0,3,Married,5,0,2.0,4.0,4.0,154.36,1,1
54012,0,21.0,Female,4.0,3,Single,6,0,2.0,3.0,1.0,146.05,0,2
54013,0,20.0,Male,3.0,1,Married,5,0,2.0,5.0,3.0,210.78,1,1
54014,0,2.0,Male,3.0,1,Married,3,0,1.0,3.0,3.0,152.06,1,1
54015,0,3.0,Male,4.0,3,Married,10,0,2.0,2.0,7.0,188.84,1,1
54016,0,16.0,Male,3.0,3,Single,6,0,2.0,2.0,1.0,164.68,1,2
54017,1,1.0,Male,3.0,4,Single,9,1,3.0,3.0,3.0,224.07,1,2
54018,0,20.0,Female,3.0,5,Married,4,0,2.0,2.0,9.0,257.25,0,1
54019,0,1.0,Female,3.0,3,Married,3,0,5.0,6.0,9.0,160.4,0,1
54020,0,3.0,Male,3.0,4,Married,3,0,2.0,2.0,1.0,153.04,1,1
54021,0,17.0,Female,3.0,3,Married,9,0,4.0,7.0,15.0,318.92,0,1
54022,0,22.0,Male,4.0,4,Married,6,0,4.0,13.0,10.0,321.65,1,1
54023,1,1.0,Male,4.0,1,Single,3,1,2.0,2.0,1.0,149.39,1,2
54024,1,10.0,Female,4.0,4,Married,7,0,1.0,2.0,8.0,198.14,0,1
54025,0,1.0,Female,4.0,5,Married,2,0,8.0,8.0,4.0,172.74,0,1
54026,0,13.0,Male,3.0,1,Married,10,0,2.0,3.0,3.0,164.02,1,1
54027,0,29.0,Male,4.0,1,Married,10,0,1.0,2.0,5.0,151.62,1,1
54028,0,2.0,Female,4.0,4,Married,3,0,2.0,2.0,1.0,153.56,0,1
54029,1,1.0,Male,3.0,1,Single,3,0,1.0,2.0,1.0,135.81,1,2
54030,1,1.0,Male,4.0,4,Single,3,1,2.0,2.0,1.0,149.72,1,2
54031,0,10.0,Female,4.0,3,Married,3,1,2.0,2.0,8.0,181.73,0,1
54032,0,5.0,Male,3.0,3,Married,3,0,1.0,2.0,3.0,166.97,1,1
54033,0,8.0,Male,4.0,1,Married,4,1,1.0,2.0,3.0,222.13,1,1
54034,0,3.0,Male,3.0,5,Single,5,0,1.0,2.0,3.0,145.62,1,2
54035,0,11.0,Male,4.0,5,Married,7,1,1.0,2.0,5.0,167.84,1,1
54036,0,9.0,Female,3.0,4,Married,2,1,2.0,2.0,3.0,172.88,0,1
54037,0,19.0,Female,4.0,1,Married,2,0,1.0,4.0,9.0,184.06,0,1
54038,0,10.0,Male,4.0,1,Single,3,0,2.0,2.0,9.0,163.86,1,2
54039,0,14.0,Male,4.0,5,Married,4,0,10.0,12.0,17.0,293.23,1,1
54040,0,1.0,Female,3.0,3,Married,3,1,1.0,2.0,1.0,154.33,0,1
54041,0,1.0,Female,3.0,3,Single,2,0,1.0,2.0,8.0,190.0,0,2
54042,0,22.0,Female,3.0,1,Married,5,0,1.0,5.0,8.0,296.74,0,1
54043,0,18.0,Male,4.0,5,Married,4,0,3.0,3.0,3.0,175.33,1,1
54044,1,1.0,Male,3.0,5,Married,3,1,4.0,4.0,1.0,148.07,1,1
54045,1,20.0,Male,4.0,1,Single,3,0,1.0,2.0,1.0,150.87,1,2
54046,0,10.0,Male,3.0,4,Married,4,0,2.0,2.0,4.0,180.07,1,1
54047,0,15.0,Female,3.0,4,Married,7,0,2.0,2.0,5.0,168.93,0,1
54048,0,16.0,Male,3.0,5,Married,11,0,4.0,2.0,8.0,258.48,1,1
54049,0,5.0,Female,3.0,1,Married,4,1,1.0,2.0,5.0,190.83,0,1
54050,0,8.0,Female,4.0,1,Married,5,1,1.0,2.0,2.0,206.03,0,1
54051,0,5.0,Female,4.0,3,Married,10,0,3.0,3.0,3.0,164.78,0,1
54052,0,1.0,Male,4.0,1,Married,2,0,3.0,8.0,8.0,150.44,1,1
54053,0,19.0,Male,3.0,3,Single,6,0,2.0,2.0,4.0,178.99,1,2
54054,0,7.0,Male,3.0,3,Single,3,0,1.0,2.0,10.0,179.87,1,2
54055,0,2.0,Male,3.0,1,Married,3,1,1.0,2.0,8.0,193.34,1,1
54056,1,1.0,Male,3.0,5,Single,3,0,2.0,2.0,1.0,135.91,1,2
54057,0,13.0,Female,3.0,3,Married,8,0,1.0,2.0,3.0,182.36,0,1
54058,0,1.0,Male,3.0,4,Married,3,0,2.0,2.0,3.0,147.26,1,1
54059,0,8.0,Male,3.0,1,Married,3,1,4.0,7.0,12.0,182.47,1,1
54060,1,1.0,Female,3.0,3,Single,5,1,3.0,3.0,3.0,223.54,0,2
54061,0,21.0,Male,4.0,4,Married,10,0,1.0,2.0,8.0,179.67,1,1
54062,0,30.0,Female,3.0,5,Married,6,0,1.0,2.0,1.0,178.8,0,1
54063,0,13.0,Male,3.0,5,Married,3,0,5.0,8.0,10.0,176.51,1,1
54064,0,12.0,Female,3.0,4,Married,3,1,2.0,2.0,8.0,146.33,0,1
54065,0,31.0,Female,4.0,1,Married,6,1,2.0,2.0,1.0,303.75,0,1
54066,1,1.0,Female,3.0,3,Single,5,1,1.0,2.0,4.0,149.32,0,2
54067,0,12.0,Male,4.0,1,Married,4,0,2.0,2.0,4.0,172.71,1,1
54068,0,23.0,Male,3.0,1,Married,5,0,3.0,5.0,4.0,316.61,1,1
54069,0,16.0,Male,4.0,1,Married,5,1,1.0,2.0,1.0,175.87,1,1
54070,1,1.0,Female,3.0,4,Married,3,0,2.0,2.0,1.0,153.63,0,1
54071,0,9.0,Male,4.0,5,Married,2,0,1.0,2.0,5.0,25.0,1,1
54072,0,2.0,Male,3.0,3,Single,3,0,1.0,2.0,5.0,146.44,1,2
54073,0,5.0,Male,3.0,5,Married,3,1,1.0,3.0,4.0,155.65,1,1
54074,0,10.0,Male,4.0,4,Married,3,0,2.0,2.0,3.0,153.1,1,1
54075,0,8.0,Male,3.0,1,Single,3,0,2.0,3.0,3.0,223.88,1,2
54076,0,8.0,Male,3.0,3,Married,3,0,2.0,2.0,3.0,211.28,1,1
54077,0,1.0,Male,4.0,5,Single,2,0,4.0,8.0,7.0,153.67,1,2
54078,0,3.0,Male,3.0,5,Married,2,0,2.0,2.0,3.0,178.73,1,1
54079,0,6.0,Female,3.0,1,Married,7,0,1.0,2.0,3.0,191.67,0,1
54080,0,5.0,Male,3.0,5,Married,3,0,2.0,9.0,8.0,175.03,1,1
54081,1,1.0,Male,3.0,1,Married,7,0,1.0,2.0,4.0,148.67,1,1
54082,0,12.0,Male,3.0,5,Single,6,0,1.0,2.0,1.0,153.58,1,2
54083,0,9.0,Female,3.0,1,Married,3,1,2.0,2.0,10.0,177.04,0,1
54084,0,1.0,Male,3.0,1,Single,3,0,1.0,2.0,8.0,166.05,1,2
54085,0,6.0,Male,3.0,1,Single,10,0,1.0,2.0,3.0,221.79,1,2
54086,1,1.0,Male,4.0,1,Married,3,1,1.0,2.0,9.0,181.17,1,1
54087,1,17.0,Male,4.0,5,Single,8,1,3.0,3.0,3.0,229.48,1,2
54088,0,28.0,Female,4.0,3,Married,5,0,1.0,3.0,4.0,153.97,0,1
54089,0,7.0,Male,3.0,3,Married,3,0,3.0,3.0,9.0,184.68,1,1
54090,0,17.0,Male,2.0,3,Married,3,0,2.0,2.0,10.0,200.1,1,1
54091,0,12.0,Male,3.0,4,Married,2,1,2.0,2.0,3.0,154.91,1,1
54092,0,29.0,Male,4.0,4,Married,6,1,2.0,2.0,5.0,321.36,1,1
54093,0,5.0,Female,3.0,1,Married,3,1,2.0,2.0,1.0,136.29,0,1
54094,0,13.0,Male,4.0,5,Single,2,0,5.0,2.0,11.0,258.41,1,2
54095,0,16.0,Male,3.0,3,Single,3,0,3.0,4.0,8.0,168.32,1,2
54096,0,5.0,Female,3.0,3,Married,6,0,4.0,2.0,9.0,235.31,0,1
54097,0,28.0,Female,4.0,5,Single,8,1,1.0,2.0,5.0,169.4,0,2
54098,0,1.0,Male,3.0,3,Single,3,0,2.0,2.0,3.0,171.17,1,2
54099,0,1.0,Male,4.0,1,Single,3,0,2.0,2.0,5.0,151.47,1,2
54100,0,14.0,Female,4.0,3,Married,3,0,3.0,10.0,5.0,188.23,0,1
54101,0,14.0,Female,4.0,4,Married,5,0,2.0,6.0,11.0,181.77,0,1
54102,0,1.0,Female,3.0,4,Married,6,0,1.0,2.0,3.0,146.87,0,1
54103,0,4.0,Male,4.0,4,Married,3,0,1.0,2.0,8.0,162.48,1,1
54104,0,1.0,Male,3.0,3,Married,8,1,1.0,2.0,3.0,164.77,1,1
54105,0,21.0,Male,3.0,3,Single,4,0,2.0,13.0,3.0,211.33,1,2
54106,0,7.0,Male,3.0,3,Married,3,0,1.0,2.0,1.0,145.08,1,1
54107,0,12.0,Male,3.0,4,Married,2,0,5.0,6.0,9.0,169.4,1,1
54108,0,5.0,Male,3.0,3,Married,2,0,2.0,2.0,3.0,155.67,1,1
54109,0,12.0,Male,4.0,3,Married,4,0,3.0,8.0,8.0,178.21,1,1
54110,0,16.0,Male,3.0,5,Married,8,1,1.0,2.0,3.0,179.1,1,1
54111,0,15.0,Male,4.0,1,Married,5,0,1.0,2.0,1.0,152.82,1,1
54112,0,21.0,Female,4.0,4,Married,2,0,1.0,2.0,13.0,244.57,0,1
54113,0,9.0,Male,3.0,3,Married,9,1,1.0,3.0,3.0,151.6,1,1
54114,0,1.0,Male,4.0,3,Single,2,0,1.0,2.0,3.0,158.75,1,2
54115,0,9.0,Male,3.0,3,Single,3,0,1.0,2.0,9.0,175.98,1,2
54116,0,7.0,Female,4.0,1,Married,2,1,6.0,9.0,2.0,37.0,0,1
54117,0,6.0,Female,3.0,4,Single,3,0,4.0,5.0,2.0,153.37,0,2
54118,0,14.0,Male,3.0,1,Married,10,0,1.0,2.0,1.0,149.06,1,1
54119,0,6.0,Male,4.0,4,Married,2,0,1.0,3.0,3.0,147.69,1,1
54120,0,13.0,Male,3.0,1,Single,9,0,2.0,2.0,8.0,166.08,1,2
54121,0,12.0,Female,3.0,3,Married,5,0,2.0,2.0,12.0,257.06,0,1
54122,0,6.0,Female,3.0,1,Married,3,0,4.0,6.0,3.0,229.22,0,1
54123,0,11.0,Female,3.0,1,Married,3,1,1.0,7.0,9.0,262.44,0,1
54124,0,1.0,Female,3.0,3,Married,2,1,2.0,2.0,5.0,174.07,0,1
54125,0,26.0,Male,3.0,1,Married,4,0,2.0,2.0,1.0,159.82,1,1
54126,0,18.0,Male,3.0,1,Single,8,1,1.0,2.0,3.0,149.36,1,2
54127,0,1.0,Male,3.0,5,Single,3,1,2.0,2.0,3.0,148.8,1,2
54128,0,13.0,Male,3.0,1,Single,4,0,1.0,2.0,4.0,319.31,1,2
54129,1,1.0,Male,3.0,5,Married,3,0,2.0,2.0,1.0,142.9,1,1
54130,0,10.0,Female,4.0,1,Married,2,0,4.0,4.0,5.0,201.44,0,1
54131,0,10.0,Female,4.0,4,Married,9,0,2.0,2.0,3.0,176.31,0,1
54132,0,30.0,Male,3.0,3,Married,3,0,1.0,2.0,10.0,188.06,1,1
54133,1,1.0,Male,3.0,1,Married,11,1,3.0,3.0,3.0,172.87,1,1
54134,0,16.0,Male,3.0,3,Married,7,0,2.0,5.0,15.0,313.8,1,1
54135,1,20.0,Male,4.0,3,Married,10,0,7.0,10.0,9.0,148.39,1,1
54136,0,15.0,Female,3.0,4,Married,2,0,2.0,2.0,11.0,260.7,0,1
54137,0,8.0,Female,4.0,3,Married,3,0,2.0,2.0,8.0,192.12,0,1
54138,0,10.0,Male,3.0,1,Married,3,0,5.0,12.0,12.0,179.06,1,1
54139,0,15.0,Male,3.0,4,Married,4,0,1.0,2.0,3.0,214.38,1,1
54140,0,6.0,Male,4.0,5,Single,3,0,2.0,2.0,3.0,149.39,1,2
54141,0,9.0,Female,3.0,1,Single,3,1,2.0,2.0,3.0,213.37,0,2
54142,0,12.0,Female,4.0,1,Married,3,0,1.0,2.0,10.0,178.43,0,1
54143,1,14.0,Male,4.0,3,Married,9,0,2.0,2.0,2.0,192.28,1,1
54144,0,10.0,Female,4.0,1,Married,6,0,2.0,2.0,1.0,191.52,0,1
54145,0,19.0,Female,3.0,3,Single,10,0,2.0,2.0,2.0,173.5,0,2
54146,0,14.0,Male,3.0,3,Single,4,0,1.0,3.0,3.0,153.09,1,2
54147,0,9.0,Male,4.0,3,Married,3,1,2.0,2.0,3.0,181.89,1,1
54148,0,14.0,Female,4.0,3,Married,4,0,2.0,2.0,3.0,145.01,0,1
54149,0,9.0,Female,4.0,1,Married,3,0,1.0,2.0,2.0,154.77,0,1
54150,0,3.0,Male,3.0,4,Married,6,1,2.0,2.0,4.0,165.25,1,1
54151,0,3.0,Female,4.0,5,Single,3,0,1.0,2.0,5.0,162.85,0,2
54152,1,14.0,Male,3.0,5,Married,6,1,1.0,2.0,1.0,233.54,1,1
54153,0,13.0,Female,3.0,1,Married,2,0,2.0,2.0,7.0,245.31,0,1
54154,0,5.0,Male,4.0,5,Single,2,0,1.0,2.0,3.0,224.36,1,2
54155,0,1.0,Female,2.0,3,Single,2,0,1.0,2.0,1.0,154.66,0,2
54156,0,10.0,Male,3.0,1,Married,6,0,1.0,2.0,4.0,150.71,1,1
54157,0,13.0,Male,3.0,5,Married,6,0,2.0,2.0,3.0,224.91,1,1
54158,0,1.0,Male,3.0,4,Married,3,1,2.0,2.0,4.0,186.42,1,1
54159,0,23.0,Male,4.0,4,Married,4,0,2.0,2.0,9.0,178.9,1,1
54160,0,8.0,Male,3.0,3,Married,4,0,1.0,2.0,3.0,169.04,1,1
54161,1,5.0,Female,4.0,1,Single,10,1,1.0,2.0,6.0,184.93,0,2
54162,0,23.0,Male,4.0,4,Married,3,0,1.0,2.0,8.0,176.3,1,1
54163,1,1.0,Male,4.0,3,Single,8,1,1.0,2.0,1.0,145.9,1,2
54164,0,7.0,Female,3.0,3,Married,3,1,3.0,4.0,1.0,154.09,0,1
54165,0,1.0,Male,3.0,4,Married,11,0,2.0,3.0,3.0,159.68,1,1
54166,0,6.0,Male,4.0,1,Single,2,0,2.0,4.0,7.0,155.68,1,2
54167,0,31.0,Female,3.0,5,Married,6,1,1.0,2.0,1.0,151.7,0,1
54168,0,4.0,Male,4.0,3,Married,3,0,2.0,2.0,1.0,151.93,1,1
54169,0,12.0,Male,3.0,3,Single,2,0,2.0,2.0,3.0,220.26,1,2
54170,0,10.0,Male,4.0,3,Married,8,0,1.0,8.0,8.0,177.37,1,1
54171,0,9.0,Male,3.0,4,Married,2,0,2.0,2.0,4.0,149.26,1,1
54172,0,3.0,Female,3.0,3,Single,2,1,2.0,2.0,9.0,166.93,0,2
54173,0,5.0,Male,3.0,3,Married,3,0,4.0,5.0,4.0,154.11,1,1
54174,0,8.0,Male,4.0,1,Married,2,0,1.0,2.0,3.0,151.61,1,1
54175,1,1.0,Male,3.0,3,Single,7,1,1.0,2.0,4.0,145.28,1,2
54176,0,3.0,Female,3.0,5,Married,3,0,7.0,9.0,3.0,224.8,0,1
54177,0,6.0,Male,4.0,4,Married,2,1,2.0,2.0,6.0,157.98,1,1
54178,0,1.0,Male,4.0,1,Married,3,1,1.0,2.0,1.0,154.35,1,1
54179,0,27.0,Female,4.0,1,Married,4,0,1.0,4.0,8.0,279.27,0,1
54180,0,12.0,Male,3.0,1,Single,7,1,1.0,2.0,3.0,164.44,1,2
54181,0,1.0,Female,4.0,3,Married,2,0,1.0,2.0,4.0,165.11,0,1
54182,1,1.0,Male,3.0,5,Single,9,0,1.0,2.0,4.0,159.07,1,2
54183,0,8.0,Female,3.0,4,Single,2,0,1.0,2.0,12.0,244.94,0,2
54184,0,1.0,Male,4.0,1,Single,3,0,2.0,2.0,1.0,137.32,1,2
54185,1,1.0,Male,3.0,5,Single,4,0,1.0,2.0,4.0,154.6,1,2
54186,0,27.0,Female,3.0,3,Married,6,0,2.0,5.0,9.0,315.94,0,1
54187,1,1.0,Female,4.0,5,Single,3,1,1.0,7.0,8.0,164.19,0,2
54188,0,16.0,Male,3.0,4,Married,2,0,3.0,5.0,3.0,193.25,1,1
54189,0,18.0,Female,3.0,1,Married,5,0,1.0,6.0,3.0,227.48,0,1
54190,0,20.0,Female,3.0,5,Single,5,0,3.0,3.0,2.0,314.47,0,2
54191,0,7.0,Male,4.0,1,Single,6,0,1.0,2.0,1.0,149.96,1,2
54192,0,18.0,Male,3.0,1,Married,4,1,1.0,2.0,4.0,189.65,1,1
54193,0,4.0,Male,3.0,3,Single,3,0,1.0,2.0,9.0,147.06,1,2
54194,1,3.0,Male,3.0,1,Married,5,0,1.0,2.0,1.0,145.86,1,1
54195,1,1.0,Male,4.0,1,Married,4,1,1.0,3.0,1.0,147.93,1,1
54196,0,17.0,Female,4.0,3,Married,3,0,2.0,2.0,5.0,151.45,0,1
54197,1,14.0,Male,3.0,3,Married,3,1,2.0,2.0,3.0,151.83,1,1
54198,0,9.0,Female,4.0,1,Married,3,0,3.0,3.0,3.0,145.14,0,1
54199,0,10.0,Female,3.0,5,Married,11,1,2.0,2.0,1.0,159.19,0,1
54200,0,7.0,Female,3.0,5,Married,4,0,1.0,2.0,4.0,178.76,0,1
54201,0,9.0,Male,4.0,1,Married,3,0,2.0,2.0,1.0,144.51,1,1
54202,0,1.0,Female,3.0,5,Married,3,0,2.0,2.0,1.0,148.41,0,1
54203,1,1.0,Male,3.0,3,Single,3,0,1.0,2.0,2.0,147.93,1,2
54204,0,1.0,Male,3.0,3,Single,3,0,2.0,2.0,3.0,212.26,1,2
54205,0,4.0,Female,3.0,1,Single,3,0,2.0,4.0,8.0,165.11,0,2
54206,1,5.0,Female,3.0,3,Married,3,0,2.0,16.0,9.0,320.45,0,1
54207,0,8.0,Male,4.0,3,Single,2,0,1.0,9.0,8.0,170.68,1,2
54208,0,11.0,Male,4.0,4,Married,6,0,1.0,2.0,1.0,155.22,1,1
54209,0,20.0,Male,4.0,1,Single,6,1,2.0,2.0,9.0,182.72,1,2
54210,0,9.0,Male,3.0,1,Married,3,0,2.0,2.0,2.0,147.69,1,1
54211,1,12.0,Male,4.0,3,Single,11,1,1.0,2.0,1.0,178.81,1,2
54212,1,1.0,Male,3.0,3,Single,3,1,1.0,3.0,3.0,159.41,1,2
54213,0,18.0,Female,4.0,5,Married,7,1,2.0,2.0,4.0,179.54,0,1
54214,0,9.0,Male,4.0,5,Married,4,1,2.0,3.0,3.0,223.84,1,1
54215,0,1.0,Female,3.0,1,Married,9,1,1.0,2.0,1.0,166.57,0,1
54216,0,7.0,Female,4.0,1,Single,3,1,4.0,2.0,13.0,259.58,0,2
54217,0,9.0,Male,4.0,5,Married,3,0,1.0,2.0,3.0,215.69,1,1
54218,0,9.0,Female,2.0,5,Married,5,1,1.0,3.0,3.0,165.14,0,1
54219,0,5.0,Male,3.0,1,Married,5,0,1.0,2.0,8.0,184.15,1,1
54220,0,11.0,Male,3.0,3,Married,3,0,1.0,2.0,8.0,184.93,1,1
54221,0,6.0,Male,3.0,1,Married,3,1,6.0,8.0,9.0,186.62,1,1
54222,0,12.0,Female,3.0,1,Single,3,0,7.0,10.0,10.0,149.06,0,2
54223,0,24.0,Female,3.0,3,Married,7,1,5.0,14.0,9.0,312.4,0,1
54224,0,31.0,Female,5.0,5,Single,9,0,7.0,8.0,10.0,201.37,0,2
54225,0,10.0,Female,3.0,3,Married,3,0,8.0,13.0,3.0,225.96,0,1
54226,0,29.0,Female,3.0,3,Married,4,1,1.0,2.0,3.0,272.56,0,1
54227,0,10.0,Male,4.0,4,Single,3,0,2.0,2.0,4.0,189.99,1,2
54228,0,19.0,Male,3.0,5,Married,4,0,1.0,2.0,3.0,222.24,1,1
54229,0,9.0,Male,4.0,5,Married,6,0,1.0,2.0,3.0,146.94,1,1
54230,1,1.0,Male,4.0,3,Married,2,1,2.0,2.0,1.0,158.88,1,1
54231,0,31.0,Female,3.0,3,Single,9,0,2.0,2.0,4.0,179.73,0,2
54232,0,3.0,Male,4.0,4,Married,2,0,2.0,2.0,5.0,152.03,1,1
54233,0,5.0,Male,3.0,4,Single,3,0,2.0,2.0,1.0,150.01,1,2
54234,0,6.0,Male,4.0,4,Married,3,0,2.0,2.0,10.0,187.2,1,1
54235,0,10.0,Female,3.0,1,Married,5,0,1.0,2.0,1.0,155.38,0,1
54236,0,5.0,Female,4.0,1,Single,3,0,2.0,2.0,9.0,169.24,0,2
54237,0,9.0,Male,3.0,5,Single,2,0,2.0,3.0,9.0,168.12,1,2
54238,0,19.0,Male,3.0,5,Married,6,1,2.0,2.0,1.0,257.45,1,1
54239,0,11.0,Male,2.0,3,Single,6,0,1.0,2.0,3.0,261.64,1,2
54240,0,20.0,Male,4.0,4,Married,3,1,2.0,2.0,3.0,175.21,1,1
54241,0,4.0,Male,3.0,1,Married,3,1,2.0,4.0,1.0,176.26,1,1
54242,0,9.0,Male,2.0,3,Single,3,0,2.0,2.0,5.0,153.59,1,2
54243,0,29.0,Male,4.0,1,Married,5,0,1.0,2.0,3.0,227.39,1,1
54244,0,12.0,Female,4.0,1,Married,9,1,1.0,2.0,10.0,178.29,0,1
54245,0,8.0,Male,4.0,4,Married,3,0,2.0,2.0,4.0,168.25,1,1
54246,0,30.0,Male,3.0,1,Single,6,0,1.0,2.0,3.0,197.6,1,2
54247,0,1.0,Male,4.0,5,Married,5,0,2.0,2.0,1.0,148.22,1,1
54248,0,25.0,Male,4.0,1,Married,5,0,2.0,2.0,4.0,145.75,1,1
54249,0,4.0,Male,5.0,1,Married,3,0,4.0,11.0,9.0,166.52,1,1
54250,1,10.0,Male,4.0,1,Single,3,0,4.0,5.0,3.0,221.19,1,2
54251,0,14.0,Male,4.0,4,Married,3,0,6.0,2.0,12.0,260.03,1,1
54252,0,25.0,Male,4.0,1,Single,2,1,1.0,2.0,1.0,179.41,1,2
54253,0,4.0,Female,4.0,4,Married,3,1,3.0,3.0,8.0,177.09,0,1
54254,0,20.0,Male,3.0,5,Married,4,1,5.0,2.0,6.0,231.73,1,1
54255,0,6.0,Male,3.0,3,Single,3,0,6.0,6.0,8.0,175.1,1,2
54256,0,28.0,Female,3.0,3,Married,11,0,1.0,2.0,4.0,260.49,0,1
54257,0,1.0,Female,3.0,3,Married,2,0,1.0,2.0,3.0,174.99,0,1
54258,0,2.0,Male,3.0,3,Married,3,0,1.0,2.0,5.0,167.21,1,1
54259,0,31.0,Male,3.0,3,Single,2,0,1.0,2.0,9.0,263.72,1,2
54260,0,18.0,Male,4.0,4,Married,6,0,1.0,2.0,3.0,145.42,1,1
54261,1,1.0,Male,4.0,5,Married,6,1,1.0,2.0,3.0,145.73,1,1
54262,0,6.0,Male,4.0,5,Single,3,0,1.0,2.0,1.0,154.56,1,2
54263,1,1.0,Female,4.0,1,Single,3,1,1.0,2.0,1.0,154.26,0,2
54264,0,8.0,Female,3.0,3,Single,3,0,1.0,3.0,11.0,173.09,0,2
54265,0,11.0,Male,4.0,1,Married,7,0,2.0,2.0,1.0,176.63,1,1
54266,0,31.0,Female,3.0,1,Married,11,0,1.0,3.0,3.0,313.44,0,1
54267,0,24.0,Female,4.0,4,Married,5,1,1.0,2.0,8.0,306.72,0,1
54268,1,1.0,Male,3.0,3,Single,3,1,1.0,2.0,4.0,182.44,1,2
54269,0,1.0,Male,4.0,1,Married,3,0,1.0,3.0,2.0,153.89,1,1
54270,0,1.0,Female,3.0,1,Single,3,0,2.0,2.0,1.0,153.71,0,2
54271,0,25.0,Female,2.0,5,Single,5,0,5.0,13.0,9.0,199.84,0,2
54272,1,1.0,Male,4.0,3,Single,3,1,2.0,2.0,7.0,185.74,1,2
54273,0,28.0,Female,2.0,1,Single,4,1,3.0,5.0,5.0,298.28,0,2
54274,0,1.0,Male,3.0,3,Married,2,0,1.0,2.0,3.0,152.74,1,1
54275,0,8.0,Female,3.0,4,Married,8,0,2.0,2.0,1.0,170.05,0,1
54276,0,11.0,Male,3.0,1,Single,4,0,1.0,2.0,4.0,199.28,1,2
54277,0,8.0,Female,3.0,5,Single,4,0,3.0,2.0,9.0,241.31,0,2
54278,0,10.0,Female,4.0,1,Married,2,0,1.0,3.0,3.0,222.38,0,1
54279,0,10.0,Female,3.0,1,Married,7,0,1.0,2.0,1.0,153.35,0,1
54280,0,17.0,Male,4.0,1,Married,3,1,2.0,5.0,13.0,294.59,1,1
54281,0,4.0,Male,4.0,3,Married,3,0,1.0,2.0,10.0,151.13,1,1
54282,0,7.0,Male,4.0,4,Married,2,0,1.0,2.0,8.0,186.46,1,1
54283,1,20.0,Female,4.0,4,Married,11,1,4.0,5.0,4.0,174.63,0,1
54284,0,25.0,Male,3.0,3,Single,9,0,9.0,16.0,16.0,320.37,1,2
54285,1,1.0,Male,4.0,3,Married,6,1,1.0,8.0,8.0,186.72,1,1
54286,0,1.0,Female,3.0,4,Married,3,0,3.0,5.0,4.0,148.68,0,1
54287,1,21.0,Female,4.0,1,Married,3,0,8.0,16.0,3.0,228.12,0,1
54288,1,1.0,Male,3.0,3,Single,3,1,2.0,2.0,1.0,141.75,1,2
54289,0,1.0,Male,4.0,1,Married,2,0,3.0,3.0,2.0,150.23,1,1
54290,0,23.0,Female,4.0,5,Married,3,0,6.0,6.0,12.0,190.67,0,1
54291,0,17.0,Female,4.0,3,Single,6,0,1.0,2.0,3.0,172.39,0,2
54292,0,24.0,Female,4.0,1,Single,6,0,2.0,3.0,3.0,217.08,0,2
54293,1,1.0,Female,4.0,3,Married,5,1,1.0,3.0,3.0,170.59,0,1
54294,0,15.0,Male,4.0,3,Married,5,1,1.0,2.0,8.0,206.89,1,1
54295,0,1.0,Female,4.0,3,Married,3,0,3.0,6.0,8.0,154.42,0,1
54296,0,10.0,Male,3.0,4,Married,8,0,1.0,2.0,2.0,174.41,1,1
54297,1,15.0,Male,3.0,1,Single,4,0,2.0,2.0,4.0,231.5,1,2
54298,0,13.0,Female,3.0,3,Married,6,0,6.0,6.0,10.0,184.02,0,1
54299,0,1.0,Male,3.0,3,Married,4,0,2.0,3.0,3.0,211.39,1,1
54300,0,4.0,Male,3.0,1,Married,2,1,5.0,5.0,8.0,188.47,1,1
54301,1,1.0,Female,3.0,5,Single,9,0,2.0,2.0,5.0,167.0,0,2
54302,0,19.0,Male,3.0,1,Single,7,0,2.0,2.0,4.0,159.52,1,2
54303,0,12.0,Female,3.0,3,Single,5,1,3.0,3.0,3.0,168.17,0,2
54304,0,4.0,Female,4.0,3,Single,3,0,2.0,2.0,5.0,151.32,0,2
54305,0,6.0,Male,3.0,1,Married,2,0,1.0,2.0,8.0,171.68,1,1
54306,0,4.0,Female,3.0,5,Married,7,0,1.0,3.0,31.0,157.04,0,1
54307,0,4.0,Male,3.0,1,Single,2,0,1.0,2.0,3.0,152.2,1,2
54308,0,15.0,Male,4.0,5,Married,6,0,3.0,8.0,8.0,296.81,1,1
54309,0,15.0,Male,4.0,5,Married,4,0,1.0,2.0,5.0,147.38,1,1
54310,0,1.0,Female,4.0,4,Single,3,0,2.0,2.0,1.0,139.83,0,2
54311,0,14.0,Female,3.0,4,Married,3,0,1.0,3.0,14.0,181.05,0,1
54312,0,9.0,Male,4.0,4,Married,3,0,1.0,2.0,7.0,197.95,1,1
54313,0,27.0,Male,3.0,3,Married,4,1,1.0,5.0,6.0,148.06,1,1
54314,0,19.0,Male,3.0,4,Married,10,0,2.0,2.0,16.0,148.48,1,1
54315,0,6.0,Female,3.0,1,Single,3,0,3.0,4.0,3.0,214.98,0,2
54316,0,3.0,Male,3.0,3,Married,3,0,1.0,2.0,10.0,168.19,1,1
54317,0,25.0,Male,3.0,3,Married,4,0,2.0,2.0,1.0,186.32,1,1
54318,0,31.0,Female,4.0,4,Married,6,1,2.0,2.0,1.0,158.46,0,1
54319,0,14.0,Male,4.0,1,Married,9,0,2.0,2.0,12.0,233.55,1,1
54320,0,8.0,Female,4.0,3,Married,8,0,1.0,2.0,3.0,147.31,0,1
54321,0,1.0,Male,4.0,1,Married,3,0,3.0,3.0,3.0,148.23,1,1
54322,0,1.0,Male,3.0,4,Married,8,0,3.0,3.0,3.0,145.24,1,1
54323,0,2.0,Male,3.0,1,Married,3,0,1.0,2.0,3.0,152.13,1,1
54324,0,31.0,Male,3.0,1,Married,5,1,2.0,2.0,3.0,219.39,1,1
54325,0,1.0,Male,4.0,3,Married,3,1,1.0,2.0,2.0,150.66,1,1
54326,0,24.0,Female,3.0,4,Single,5,0,1.0,5.0,5.0,324.26,0,2
54327,0,15.0,Male,3.0,3,Married,6,0,2.0,2.0,9.0,149.51,1,1
54328,0,4.0,Female,3.0,1,Married,4,0,2.0,8.0,3.0,219.19,0,1
54329,0,12.0,Female,3.0,1,Single,6,0,1.0,2.0,3.0,211.86,0,2
54330,0,6.0,Male,3.0,3,Single,5,0,1.0,2.0,5.0,155.38,1,2
54331,0,1.0,Male,3.0,4,Married,2,1,1.0,2.0,2.0,155.58,1,1
54332,1,1.0,Female,4.0,5,Single,2,0,2.0,2.0,1.0,148.25,0,2
54333,0,10.0,Male,2.0,4,Single,6,0,3.0,8.0,3.0,145.88,1,2
54334,0,4.0,Male,4.0,5,Married,3,0,6.0,7.0,11.0,155.72,1,1
54335,0,19.0,Female,2.0,5,Married,6,1,1.0,2.0,4.0,175.06,0,1
54336,0,30.0,Female,4.0,5,Married,6,1,3.0,3.0,3.0,167.57,0,1
54337,0,7.0,Male,3.0,1,Single,2,0,2.0,2.0,3.0,150.0,1,2
54338,1,1.0,Male,3.0,1,Single,3,0,2.0,2.0,1.0,136.02,1,2
54339,0,20.0,Female,4.0,5,Married,3,0,9.0,16.0,3.0,229.53,0,1
54340,0,12.0,Female,4.0,1,Single,3,0,2.0,3.0,2.0,147.88,0,2
54341,0,5.0,Female,4.0,1,Married,10,1,2.0,2.0,3.0,164.29,0,1
54342,0,8.0,Female,4.0,4,Single,4,0,1.0,2.0,3.0,148.11,0,2
54343,1,5.0,Female,4.0,4,Single,3,1,1.0,2.0,3.0,156.4,0,2
54344,0,24.0,Male,3.0,3,Married,4,0,2.0,2.0,3.0,161.9,1,1
54345,0,27.0,Female,3.0,5,Married,3,0,2.0,2.0,4.0,169.5,0,1
54346,0,7.0,Female,4.0,4,Married,3,0,2.0,2.0,7.0,152.56,0,1
54347,0,14.0,Female,3.0,3,Married,3,0,2.0,10.0,10.0,315.33,0,1
54348,0,29.0,Male,4.0,4,Single,10,0,3.0,3.0,16.0,312.22,1,2
54349,0,8.0,Male,3.0,3,Married,3,0,1.0,2.0,3.0,220.47,1,1
54350,0,25.0,Female,4.0,4,Single,5,0,1.0,2.0,1.0,262.34,0,2
54351,0,26.0,Male,4.0,3,Married,2,0,8.0,12.0,10.0,324.99,1,1
54352,0,1.0,Female,5.0,4,Single,3,0,1.0,2.0,4.0,147.79,0,2
54353,1,1.0,Male,3.0,3,Married,5,1,2.0,2.0,2.0,184.16,1,1
54354,0,17.0,Male,3.0,1,Married,6,0,2.0,3.0,3.0,145.89,1,1
54355,0,19.0,Male,4.0,1,Married,11,0,2.0,12.0,9.0,292.92,1,1
54356,0,11.0,Male,4.0,5,Married,3,1,2.0,2.0,8.0,160.64,1,1
54357,0,9.0,Female,3.0,4,Single,7,0,1.0,2.0,3.0,169.25,0,2
54358,0,16.0,Female,3.0,3,Married,4,0,1.0,2.0,3.0,177.65,0,1
54359,0,12.0,Male,3.0,3,Married,11,0,2.0,2.0,1.0,190.53,1,1
54360,0,12.0,Male,3.0,1,Married,5,0,1.0,2.0,8.0,187.61,1,1
54361,0,1.0,Male,3.0,5,Married,7,0,3.0,3.0,1.0,167.98,1,1
54362,0,23.0,Male,4.0,1,Married,3,1,1.0,2.0,8.0,193.04,1,1
54363,0,8.0,Male,3.0,3,Married,3,1,3.0,3.0,1.0,163.15,1,1
54364,0,14.0,Male,2.0,1,Married,10,1,4.0,4.0,8.0,152.41,1,1
54365,1,2.0,Male,4.0,5,Married,9,1,2.0,2.0,1.0,191.73,1,1
54366,1,1.0,Female,3.0,1,Married,3,0,1.0,2.0,10.0,201.39,0,1
54367,0,1.0,Male,3.0,4,Married,3,1,3.0,3.0,3.0,148.28,1,1
54368,0,10.0,Female,4.0,1,Single,3,0,1.0,2.0,8.0,146.53,0,2
54369,0,14.0,Male,4.0,1,Married,11,0,1.0,2.0,3.0,173.76,1,1
54370,0,20.0,Male,4.0,5,Married,9,0,1.0,2.0,3.0,218.96,1,1
54371,1,1.0,Male,3.0,1,Married,3,0,7.0,10.0,3.0,229.0,1,1
54372,0,4.0,Male,3.0,3,Single,3,0,5.0,6.0,3.0,209.74,1,2
54373,0,1.0,Female,3.0,3,Single,3,0,2.0,2.0,3.0,224.81,0,2
54374,0,25.0,Male,3.0,4,Married,7,0,3.0,2.0,8.0,249.9,1,1
54375,1,1.0,Female,3.0,5,Single,7,1,1.0,2.0,5.0,151.57,0,2
54376,0,15.0,Female,4.0,1,Single,5,1,1.0,2.0,1.0,260.91,0,2
54377,1,1.0,Female,3.0,5,Single,7,0,2.0,2.0,2.0,191.96,0,2
54378,1,1.0,Male,3.0,3,Single,2,0,1.0,2.0,6.0,145.58,1,2
54379,0,19.0,Female,3.0,1,Single,8,0,6.0,13.0,3.0,213.65,0,2
54380,0,28.0,Female,3.0,5,Married,4,0,2.0,2.0,6.0,184.4,0,1
54381,0,10.0,Male,4.0,4,Single,10,0,3.0,4.0,8.0,184.14,1,2
54382,0,7.0,Female,3.0,4,Married,8,0,1.0,2.0,2.0,151.22,0,1
54383,0,11.0,Male,3.0,1,Married,3,1,2.0,2.0,8.0,246.85,1,1
54384,0,12.0,Male,4.0,3,Married,2,0,2.0,6.0,3.0,231.09,1,1
54385,0,5.0,Male,3.0,3,Married,2,0,1.0,2.0,5.0,168.45,1,1
54386,0,31.0,Male,4.0,1,Married,5,0,1.0,2.0,1.0,146.77,1,1
54387,0,11.0,Male,3.0,1,Married,6,0,4.0,6.0,9.0,152.93,1,1
54388,0,3.0,Female,3.0,1,Married,3,0,5.0,5.0,2.0,204.18,0,1
54389,0,9.0,Female,4.0,3,Single,3,0,2.0,2.0,3.0,212.89,0,2
54390,1,1.0,Male,3.0,1,Single,3,1,1.0,2.0,2.0,148.89,1,2
54391,0,26.0,Female,3.0,1,Single,9,0,3.0,3.0,3.0,157.12,0,2
54392,0,16.0,Male,3.0,1,Married,3,0,1.0,12.0,16.0,317.32,1,1
54393,0,31.0,Male,3.0,3,Married,10,0,1.0,3.0,3.0,147.67,1,1
54394,0,24.0,Female,4.0,1,Married,5,0,2.0,2.0,7.0,320.17,0,1
54395,1,1.0,Male,3.0,1,Married,7,1,2.0,2.0,5.0,149.36,1,1
54396,0,17.0,Female,4.0,1,Married,7,1,1.0,2.0,10.0,285.64,0,1
54397,1,1.0,Female,3.0,5,Married,9,0,2.0,2.0,8.0,152.07,0,1
54398,0,26.0,Male,4.0,3,Single,3,1,2.0,16.0,13.0,315.68,1,2
54399,0,6.0,Female,3.0,4,Married,4,0,2.0,2.0,3.0,164.31,0,1
54400,1,1.0,Male,4.0,3,Single,2,1,1.0,2.0,3.0,162.3,1,2
54401,0,13.0,Female,4.0,3,Married,9,0,2.0,2.0,3.0,147.32,0,1
54402,0,6.0,Male,4.0,1,Married,2,0,3.0,3.0,3.0,169.65,1,1
54403,0,15.0,Male,3.0,5,Married,4,0,1.0,2.0,1.0,155.72,1,1
54404,0,14.0,Male,4.0,1,Married,3,0,3.0,5.0,8.0,158.19,1,1
54405,0,19.0,Male,4.0,1,Married,2,0,2.0,2.0,8.0,317.02,1,1
54406,0,5.0,Male,4.0,3,Married,11,0,1.0,3.0,3.0,261.75,1,1
54407,0,7.0,Female,4.0,1,Married,3,0,1.0,2.0,3.0,154.11,0,1
54408,0,8.0,Male,3.0,5,Married,8,0,1.0,6.0,10.0,184.57,1,1
54409,0,11.0,Female,3.0,5,Married,4,0,1.0,2.0,3.0,164.2,0,1
54410,0,19.0,Male,4.0,3,Married,6,0,2.0,2.0,3.0,189.34,1,1
54411,1,1.0,Male,4.0,3,Married,8,0,1.0,2.0,3.0,225.48,1,1
54412,0,13.0,Female,4.0,3,Single,2,0,7.0,2.0,9.0,234.38,0,2
54413,0,3.0,Male,3.0,1,Single,3,0,2.0,2.0,6.0,148.4,1,2
54414,0,16.0,Female,3.0,5,Single,5,1,2.0,2.0,3.0,190.45,0,2
54415,0,3.0,Male,3.0,1,Married,4,0,2.0,2.0,3.0,194.31,1,1
54416,0,1.0,Female,4.0,3,Married,2,0,2.0,2.0,3.0,173.98,0,1
54417,0,16.0,Female,3.0,5,Married,2,1,8.0,8.0,9.0,150.93,0,1
54418,0,14.0,Male,3.0,3,Married,2,0,4.0,4.0,10.0,319.36,1,1
54419,0,25.0,Male,4.0,1,Married,3,0,2.0,2.0,1.0,152.23,1,1
54420,1,1.0,Male,4.0,4,Single,2,0,1.0,2.0,5.0,159.79,1,2
54421,0,6.0,Male,4.0,4,Married,3,0,1.0,2.0,4.0,152.94,1,1
54422,0,12.0,Male,3.0,1,Married,5,0,2.0,8.0,6.0,177.49,1,1
54423,0,6.0,Male,3.0,5,Single,6,0,1.0,2.0,5.0,146.76,1,2
54424,0,20.0,Female,4.0,4,Married,5,1,7.0,8.0,8.0,293.72,0,1
54425,1,1.0,Male,4.0,3,Single,4,0,1.0,2.0,1.0,159.85,1,2
54426,0,3.0,Male,4.0,4,Married,4,0,2.0,2.0,1.0,191.44,1,1
54427,0,5.0,Male,4.0,1,Married,2,0,1.0,8.0,9.0,180.82,1,1
54428,0,1.0,Male,3.0,5,Married,3,0,2.0,2.0,6.0,165.0,1,1
54429,0,19.0,Male,4.0,1,Married,2,1,3.0,2.0,11.0,259.96,1,1
54430,0,10.0,Male,3.0,1,Married,2,0,2.0,11.0,12.0,157.1,1,1
54431,0,29.0,Male,3.0,5,Single,2,1,4.0,5.0,14.0,315.45,1,2
54432,1,11.0,Male,3.0,4,Married,3,1,5.0,2.0,10.0,243.49,1,1
54433,0,2.0,Male,4.0,1,Married,3,0,2.0,2.0,5.0,145.7,1,1
54434,0,11.0,Male,4.0,1,Married,6,0,2.0,2.0,2.0,190.02,1,1
54435,0,1.0,Male,4.0,3,Single,3,0,2.0,2.0,1.0,157.3,1,2
54436,0,11.0,Female,4.0,1,Married,4,1,1.0,2.0,3.0,261.03,0,1
54437,0,9.0,Female,4.0,4,Married,9,0,6.0,2.0,3.0,244.96,0,1
54438,0,12.0,Female,3.0,5,Married,3,1,5.0,8.0,8.0,181.05,0,1
54439,0,1.0,Female,3.0,4,Married,3,0,2.0,2.0,5.0,188.97,0,1
54440,0,24.0,Male,4.0,4,Married,5,0,1.0,2.0,7.0,316.44,1,1
54441,0,27.0,Male,3.0,3,Married,5,1,2.0,2.0,4.0,300.84,1,1
54442,0,16.0,Male,2.0,3,Married,3,0,7.0,12.0,7.0,174.07,1,1
54443,0,3.0,Male,3.0,1,Single,3,0,1.0,2.0,10.0,170.54,1,2
54444,0,29.0,Male,3.0,1,Married,5,1,1.0,2.0,9.0,179.15,1,1
54445,0,1.0,Male,3.0,5,Married,3,1,2.0,4.0,4.0,172.41,1,1
54446,0,11.0,Female,3.0,1,Single,3,0,2.0,6.0,8.0,146.15,0,2
54447,1,8.0,Male,3.0,3,Married,5,1,1.0,2.0,1.0,156.61,1,1
54448,0,12.0,Male,3.0,1,Married,11,0,1.0,2.0,3.0,182.45,1,1
54449,1,1.0,Male,3.0,4,Married,4,1,2.0,2.0,3.0,148.73,1,1
54450,0,2.0,Female,4.0,1,Single,3,0,2.0,2.0,3.0,158.1,0,2
54451,0,23.0,Female,3.0,5,Single,11,1,1.0,2.0,3.0,311.65,0,2
54452,0,10.0,Male,2.0,4,Single,6,0,3.0,8.0,8.0,169.85,1,2
54453,0,5.0,Female,3.0,4,Married,3,0,1.0,3.0,3.0,152.89,0,1
54454,1,1.0,Male,3.0,1,Single,3,1,5.0,8.0,5.0,183.28,1,2
54455,0,11.0,Male,3.0,1,Married,3,1,1.0,2.0,3.0,148.26,1,1
54456,0,16.0,Female,4.0,4,Married,7,0,4.0,2.0,9.0,260.25,0,1
54457,1,1.0,Male,3.0,3,Single,3,0,2.0,2.0,1.0,139.2,1,2
54458,0,9.0,Male,4.0,4,Married,2,0,4.0,7.0,10.0,205.2,1,1
54459,0,10.0,Male,3.0,1,Married,6,0,2.0,2.0,1.0,161.88,1,1
54460,0,25.0,Male,3.0,4,Married,7,0,1.0,2.0,3.0,179.82,1,1
54461,0,15.0,Male,3.0,4,Single,3,0,1.0,2.0,5.0,285.15,1,2
54462,0,1.0,Female,4.0,3,Single,3,0,1.0,2.0,1.0,137.0,0,2
54463,0,2.0,Male,4.0,5,Single,2,0,1.0,2.0,8.0,181.61,1,2
54464,0,5.0,Male,4.0,1,Married,6,0,4.0,8.0,8.0,194.29,1,1
54465,0,13.0,Male,3.0,1,Married,2,0,2.0,4.0,3.0,221.13,1,1
54466,0,10.0,Female,3.0,4,Married,9,0,2.0,2.0,9.0,181.74,0,1
54467,0,6.0,Male,4.0,3,Married,3,0,4.0,5.0,9.0,179.84,1,1
54468,0,12.0,Female,3.0,4,Married,5,0,1.0,2.0,2.0,245.61,0,1
54469,0,31.0,Male,3.0,3,Married,4,1,2.0,2.0,3.0,181.6,1,1
54470,0,5.0,Male,3.0,1,Married,2,1,2.0,2.0,4.0,173.21,1,1
54471,0,5.0,Male,4.0,5,Married,5,0,1.0,2.0,1.0,189.1,1,1
54472,0,19.0,Male,4.0,5,Married,3,0,3.0,10.0,12.0,177.1,1,1
54473,0,5.0,Male,3.0,1,Married,2,1,3.0,3.0,3.0,151.95,1,1
54474,0,7.0,Female,4.0,4,Married,8,0,8.0,2.0,9.0,243.78,0,1
54475,0,1.0,Male,4.0,5,Married,3,1,2.0,12.0,11.0,295.68,1,1
54476,0,17.0,Female,3.0,1,Single,2,0,1.0,2.0,8.0,149.55,0,2
54477,0,23.0,Female,3.0,3,Single,9,1,1.0,2.0,8.0,264.64,0,2
54478,1,16.0,Male,3.0,4,Married,4,0,8.0,8.0,8.0,174.41,1,1
54479,0,1.0,Female,3.0,4,Single,3,1,1.0,2.0,3.0,149.78,0,2
54480,0,6.0,Female,4.0,4,Married,3,1,12.0,12.0,10.0,177.28,0,1
54481,0,1.0,Male,4.0,3,Single,3,1,1.0,2.0,5.0,169.78,1,2
54482,0,5.0,Male,4.0,1,Married,6,0,1.0,2.0,8.0,200.47,1,1
54483,0,6.0,Female,4.0,1,Single,9,0,1.0,2.0,8.0,175.55,0,2
54484,1,1.0,Male,3.0,1,Married,7,1,2.0,3.0,3.0,159.64,1,1
54485,0,4.0,Female,4.0,1,Married,3,0,2.0,2.0,10.0,182.75,0,1
54486,0,5.0,Female,3.0,3,Married,3,0,8.0,9.0,3.0,214.43,0,1
54487,0,13.0,Male,3.0,1,Married,3,0,7.0,14.0,4.0,317.72,1,1
54488,1,3.0,Female,3.0,3,Married,6,1,2.0,2.0,1.0,177.38,0,1
54489,0,7.0,Male,3.0,1,Single,5,0,2.0,2.0,2.0,171.82,1,2
54490,0,21.0,Male,3.0,3,Married,6,0,2.0,2.0,2.0,308.0,1,1
54491,0,17.0,Female,3.0,3,Married,3,0,2.0,2.0,1.0,177.57,0,1
54492,0,1.0,Male,4.0,4,Married,2,1,1.0,2.0,5.0,188.49,1,1
54493,0,28.0,Female,3.0,3,Single,5,0,1.0,2.0,4.0,173.69,0,2
54494,0,17.0,Female,3.0,5,Married,10,0,2.0,2.0,3.0,224.85,0,1
54495,0,19.0,Male,4.0,1,Married,11,0,9.0,10.0,9.0,161.97,1,1
54496,0,14.0,Male,3.0,1,Married,4,1,2.0,2.0,3.0,199.57,1,1
54497,1,1.0,Male,4.0,5,Married,3,1,1.0,2.0,8.0,146.19,1,1
54498,0,3.0,Male,2.0,1,Single,2,0,2.0,3.0,3.0,164.83,1,2
54499,0,4.0,Female,2.0,3,Married,3,0,2.0,2.0,3.0,186.18,0,1
54500,0,1.0,Female,3.0,4,Married,3,0,1.0,2.0,8.0,187.14,0,1
54501,0,11.0,Male,4.0,1,Married,9,0,2.0,2.0,5.0,188.47,1,1
54502,0,12.0,Male,4.0,1,Married,2,1,3.0,2.0,10.0,240.1,1,1
54503,0,5.0,Female,3.0,1,Single,3,1,5.0,5.0,11.0,196.43,0,2
54504,0,3.0,Female,3.0,4,Married,3,1,2.0,2.0,8.0,207.68,0,1
54505,0,9.0,Male,4.0,4,Single,2,0,2.0,2.0,14.0,205.95,1,2
54506,0,1.0,Male,3.0,1,Married,3,0,1.0,2.0,3.0,154.04,1,1
54507,0,15.0,Male,4.0,4,Single,8,1,2.0,2.0,3.0,185.32,1,2
54508,0,21.0,Male,4.0,3,Single,5,0,1.0,2.0,1.0,154.76,1,2
54509,0,16.0,Female,3.0,1,Single,4,0,1.0,2.0,1.0,284.92,0,2
54510,0,3.0,Male,4.0,3,Married,3,0,2.0,2.0,3.0,171.49,1,1
54511,0,16.0,Male,3.0,3,Married,2,1,2.0,2.0,1.0,151.96,1,1
54512,0,6.0,Female,4.0,4,Married,3,0,1.0,2.0,8.0,148.7,0,1
54513,0,22.0,Female,4.0,3,Married,5,0,1.0,2.0,1.0,250.04,0,1
54514,0,11.0,Male,3.0,5,Married,6,1,7.0,7.0,8.0,184.74,1,1
54515,0,4.0,Female,3.0,3,Married,9,1,3.0,3.0,3.0,172.36,0,1
54516,0,1.0,Male,3.0,3,Married,3,0,1.0,8.0,8.0,177.96,1,1
54517,0,16.0,Male,4.0,1,Single,5,0,2.0,2.0,1.0,192.81,1,2
54518,1,1.0,Female,4.0,4,Single,3,1,2.0,2.0,3.0,146.74,0,2
54519,0,10.0,Female,3.0,1,Single,6,0,2.0,2.0,1.0,191.53,0,2
54520,0,10.0,Male,3.0,1,Married,6,0,1.0,2.0,3.0,221.99,1,1
54521,0,31.0,Male,3.0,3,Married,4,0,1.0,2.0,3.0,192.55,1,1
54522,0,14.0,Female,3.0,3,Married,5,1,1.0,2.0,8.0,147.13,0,1
54523,0,1.0,Male,3.0,1,Single,3,0,3.0,3.0,3.0,151.1,1,2
54524,1,1.0,Female,3.0,3,Single,3,1,1.0,2.0,1.0,153.51,0,2
54525,0,11.0,Female,4.0,5,Married,8,0,2.0,2.0,4.0,159.52,0,1
54526,0,20.0,Female,2.0,3,Married,4,0,2.0,2.0,1.0,177.58,0,1
54527,1,5.0,Male,3.0,4,Single,3,0,5.0,8.0,3.0,218.55,1,2
54528,0,24.0,Male,4.0,1,Single,8,0,2.0,2.0,3.0,229.96,1,2
54529,1,4.0,Male,4.0,3,Married,4,1,2.0,2.0,1.0,188.8,1,1
54530,0,5.0,Male,3.0,4,Single,2,1,3.0,3.0,3.0,151.57,1,2
54531,1,1.0,Female,3.0,4,Single,3,0,1.0,2.0,1.0,152.16,0,2
54532,0,3.0,Male,3.0,1,Single,11,0,1.0,2.0,3.0,147.01,1,2
54533,0,9.0,Male,4.0,4,Single,11,0,1.0,2.0,1.0,190.4,1,2
54534,0,1.0,Male,3.0,4,Married,3,0,1.0,2.0,5.0,163.16,1,1
54535,0,2.0,Male,4.0,1,Single,3,0,2.0,2.0,8.0,177.53,1,2
54536,0,23.0,Male,3.0,3,Single,10,0,2.0,2.0,1.0,234.65,1,2
54537,0,25.0,Female,3.0,1,Married,6,0,2.0,2.0,8.0,174.36,0,1
54538,0,10.0,Female,4.0,3,Married,6,0,3.0,3.0,3.0,150.43,0,1
54539,1,1.0,Male,4.0,1,Single,10,1,1.0,2.0,5.0,178.04,1,2
54540,0,29.0,Female,4.0,1,Single,4,1,1.0,2.0,3.0,291.59,0,2
54541,0,1.0,Female,4.0,3,Married,3,1,1.0,2.0,4.0,167.6,0,1
54542,0,4.0,Male,4.0,4,Married,3,0,2.0,2.0,1.0,149.76,1,1
54543,1,1.0,Male,4.0,5,Single,2,0,1.0,2.0,5.0,156.02,1,2
54544,0,1.0,Female,3.0,4,Married,3,0,2.0,2.0,3.0,147.44,0,1
54545,0,10.0,Male,4.0,3,Married,3,0,9.0,10.0,1.0,200.96,1,1
54546,1,1.0,Male,3.0,1,Single,11,1,2.0,2.0,1.0,147.85,1,2
54547,0,11.0,Female,4.0,5,Married,3,0,11.0,13.0,18.0,155.34,0,1
54548,0,14.0,Female,3.0,4,Married,9,0,1.0,2.0,4.0,182.15,0,1
54549,0,16.0,Female,4.0,5,Married,5,0,1.0,2.0,3.0,150.76,0,1
54550,0,11.0,Male,3.0,4,Single,4,1,1.0,2.0,2.0,166.97,1,2
54551,0,17.0,Male,3.0,4,Married,3,0,1.0,4.0,10.0,268.36,1,1
54552,0,14.0,Female,4.0,3,Married,8,0,2.0,2.0,1.0,159.48,0,1
54553,0,28.0,Male,3.0,5,Married,6,0,2.0,2.0,3.0,319.06,1,1
54554,0,8.0,Female,4.0,3,Married,11,0,1.0,2.0,3.0,190.38,0,1
54555,0,5.0,Female,3.0,5,Married,3,0,4.0,4.0,13.0,168.06,0,1
54556,0,17.0,Male,4.0,1,Married,9,0,2.0,2.0,3.0,147.58,1,1
54557,0,17.0,Female,4.0,3,Married,6,1,2.0,2.0,3.0,170.22,0,1
54558,0,1.0,Female,4.0,1,Single,3,1,1.0,2.0,4.0,169.87,0,2
54559,0,11.0,Female,4.0,3,Married,5,1,5.0,11.0,8.0,169.49,0,1
54560,0,5.0,Male,4.0,5,Married,3,0,4.0,4.0,3.0,147.18,1,1
54561,0,13.0,Male,3.0,3,Married,3,1,1.0,2.0,7.0,316.97,1,1
54562,0,30.0,Female,3.0,5,Married,11,0,7.0,2.0,8.0,257.12,0,1
54563,0,4.0,Female,3.0,3,Single,2,0,4.0,5.0,5.0,190.77,0,2
54564,0,15.0,Male,3.0,5,Married,3,0,2.0,2.0,8.0,208.92,1,1
54565,0,2.0,Male,4.0,5,Married,3,0,1.0,2.0,9.0,170.58,1,1
54566,1,1.0,Male,4.0,5,Married,7,0,2.0,2.0,3.0,165.31,1,1
54567,0,26.0,Male,3.0,3,Married,4,1,2.0,2.0,5.0,204.69,1,1
54568,0,19.0,Male,4.0,1,Married,5,0,1.0,2.0,3.0,151.54,1,1
54569,0,26.0,Female,2.0,1,Married,4,0,1.0,2.0,5.0,290.55,0,1
54570,0,16.0,Female,4.0,3,Married,4,0,2.0,2.0,3.0,170.56,0,1
54571,0,4.0,Female,3.0,1,Single,4,0,2.0,2.0,3.0,185.91,0,2
54572,0,31.0,Female,3.0,5,Married,7,0,2.0,12.0,11.0,320.66,0,1
54573,0,20.0,Female,3.0,3,Married,4,0,2.0,2.0,9.0,173.1,0,1
54574,0,16.0,Female,3.0,1,Married,2,0,1.0,2.0,5.0,170.23,0,1
54575,1,1.0,Female,4.0,4,Single,3,1,1.0,2.0,5.0,157.02,0,2
54576,1,1.0,Female,3.0,3,Married,2,0,1.0,2.0,1.0,148.51,0,1
54577,0,12.0,Male,3.0,1,Married,3,1,2.0,2.0,1.0,142.02,1,1
54578,0,14.0,Female,4.0,3,Married,2,0,2.0,2.0,13.0,305.41,0,1
54579,0,1.0,Female,3.0,1,Married,3,0,1.0,2.0,3.0,153.86,0,1
54580,0,4.0,Male,3.0,1,Married,6,0,2.0,2.0,5.0,145.97,1,1
54581,0,3.0,Male,4.0,3,Married,3,0,1.0,2.0,8.0,244.35,1,1
54582,1,1.0,Female,4.0,4,Married,7,0,2.0,2.0,2.0,150.46,0,1
54583,1,1.0,Male,3.0,1,Single,3,0,1.0,2.0,1.0,150.64,1,2
54584,0,4.0,Female,4.0,5,Married,2,0,4.0,8.0,9.0,209.12,0,1
54585,0,31.0,Male,3.0,1,Married,5,0,1.0,2.0,1.0,266.18,1,1
54586,0,24.0,Male,3.0,3,Married,2,0,16.0,16.0,8.0,295.46,1,1
54587,0,4.0,Female,3.0,1,Single,2,0,2.0,7.0,8.0,150.64,0,2
54588,0,31.0,Female,4.0,5,Married,6,0,4.0,14.0,3.0,227.66,0,1
54589,0,21.0,Female,4.0,1,Married,7,0,1.0,2.0,5.0,175.7,0,1
54590,0,20.0,Male,3.0,3,Married,8,0,2.0,2.0,2.0,303.61,1,1
54591,0,9.0,Male,3.0,3,Single,2,0,2.0,5.0,4.0,167.3,1,2
54592,0,28.0,Female,3.0,3,Single,9,0,1.0,2.0,1.0,162.8,0,2
54593,0,8.0,Male,4.0,3,Married,5,0,4.0,6.0,8.0,152.68,1,1
54594,0,6.0,Female,4.0,1,Married,4,1,1.0,2.0,3.0,215.71,0,1
54595,0,5.0,Male,3.0,4,Married,3,0,1.0,2.0,9.0,231.48,1,1
54596,1,1.0,Male,3.0,3,Married,9,1,1.0,8.0,8.0,261.1,1,1
54597,1,1.0,Male,3.0,1,Married,9,0,1.0,2.0,4.0,159.08,1,1
54598,0,4.0,Male,3.0,4,Single,2,0,1.0,2.0,3.0,154.83,1,2
54599,0,9.0,Male,4.0,3,Married,6,1,1.0,2.0,1.0,201.32,1,1
54600,1,1.0,Male,4.0,3,Married,5,0,2.0,2.0,3.0,223.24,1,1
54601,1,1.0,Female,3.0,5,Married,11,1,2.0,2.0,3.0,224.5,0,1
54602,0,16.0,Male,4.0,3,Married,6,0,1.0,3.0,1.0,145.93,1,1
54603,0,10.0,Male,3.0,1,Single,3,0,9.0,10.0,3.0,224.8,1,2
54604,1,1.0,Male,4.0,3,Single,7,0,1.0,2.0,3.0,163.94,1,2
54605,0,22.0,Female,3.0,1,Married,4,0,7.0,7.0,8.0,165.51,0,1
54606,0,29.0,Female,3.0,4,Single,5,0,2.0,8.0,9.0,293.35,0,2
54607,0,15.0,Male,3.0,1,Single,9,0,1.0,2.0,11.0,187.3,1,2
54608,0,9.0,Male,3.0,3,Married,11,0,1.0,7.0,10.0,172.17,1,1
54609,0,14.0,Female,4.0,3,Single,9,0,5.0,2.0,14.0,257.37,0,2
54610,0,13.0,Female,3.0,3,Married,3,0,2.0,2.0,8.0,162.55,0,1
54611,0,5.0,Male,4.0,1,Single,6,1,2.0,2.0,6.0,190.82,1,2
54612,0,16.0,Male,3.0,5,Married,3,1,6.0,6.0,9.0,199.06,1,1
54613,0,19.0,Male,4.0,4,Married,2,0,4.0,4.0,8.0,173.05,1,1
54614,1,1.0,Female,3.0,3,Married,2,1,1.0,2.0,1.0,152.41,0,1
54615,0,3.0,Male,3.0,1,Married,6,0,2.0,2.0,3.0,167.62,1,1
54616,0,7.0,Female,4.0,3,Married,6,0,1.0,2.0,6.0,286.84,0,1
54617,0,5.0,Male,3.0,1,Married,11,0,2.0,2.0,2.0,240.57,1,1
54618,1,1.0,Male,4.0,4,Single,3,1,2.0,2.0,1.0,143.78,1,2
54619,0,14.0,Male,3.0,5,Married,5,0,1.0,2.0,2.0,234.32,1,1
54620,0,15.0,Female,4.0,3,Single,4,1,1.0,2.0,8.0,193.11,0,2
54621,0,1.0,Male,3.0,3,Married,7,0,1.0,2.0,1.0,168.06,1,1
54622,0,9.0,Female,4.0,3,Single,3,0,2.0,2.0,4.0,173.59,0,2
54623,0,8.0,Male,4.0,1,Single,3,0,1.0,6.0,8.0,178.37,1,2
54624,1,1.0,Male,4.0,1,Single,3,1,1.0,2.0,1.0,148.4,1,2
54625,0,11.0,Female,3.0,1,Single,6,0,2.0,2.0,3.0,199.91,0,2
54626,0,20.0,Female,3.0,3,Married,7,0,1.0,2.0,3.0,230.27,0,1
54627,0,15.0,Female,4.0,5,Married,9,0,1.0,12.0,9.0,290.95,0,1
54628,0,11.0,Male,4.0,4,Married,3,0,2.0,8.0,3.0,213.34,1,1
54629,0,26.0,Male,4.0,5,Married,5,1,3.0,7.0,10.0,180.77,1,1
54630,1,1.0,Male,3.0,3,Married,10,0,2.0,2.0,3.0,172.07,1,1
54631,0,1.0,Male,3.0,1,Married,2,0,2.0,3.0,2.0,149.0,1,1
54632,0,12.0,Female,4.0,3,Married,5,0,1.0,2.0,3.0,223.24,0,1
54633,0,11.0,Female,4.0,4,Married,8,0,5.0,5.0,4.0,189.47,0,1
54634,0,23.0,Male,3.0,3,Married,3,1,2.0,2.0,10.0,320.02,1,1
54635,0,1.0,Male,3.0,1,Married,3,1,1.0,2.0,5.0,152.25,1,1
54636,0,1.0,Male,4.0,4,Married,3,0,1.0,2.0,5.0,187.72,1,1
54637,0,1.0,Male,4.0,4,Married,3,0,2.0,2.0,1.0,146.27,1,1
54638,0,24.0,Male,4.0,4,Married,3,0,2.0,11.0,8.0,307.0,1,1
54639,0,1.0,Male,3.0,3,Married,3,0,2.0,2.0,7.0,145.96,1,1
54640,1,1.0,Female,3.0,3,Married,3,1,1.0,2.0,3.0,153.86,0,1
54641,1,1.0,Male,4.0,5,Married,3,0,2.0,2.0,1.0,145.33,1,1
54642,0,8.0,Male,3.0,1,Married,3,1,2.0,2.0,4.0,161.22,1,1
54643,1,1.0,Male,3.0,5,Married,4,0,1.0,2.0,3.0,167.33,1,1
54644,0,9.0,Male,3.0,1,Single,6,0,2.0,2.0,3.0,161.81,1,2
54645,0,5.0,Male,4.0,1,Married,6,0,6.0,6.0,8.0,179.6,1,1
54646,0,1.0,Female,4.0,3,Married,2,0,1.0,2.0,4.0,146.87,0,1
54647,0,11.0,Male,4.0,3,Married,6,1,1.0,2.0,3.0,221.02,1,1
54648,0,1.0,Female,3.0,4,Single,3,0,1.0,2.0,1.0,153.36,0,2
54649,0,16.0,Female,3.0,1,Married,3,0,1.0,3.0,3.0,165.89,0,1
54650,0,17.0,Male,3.0,1,Married,6,1,1.0,2.0,1.0,291.27,1,1
54651,0,12.0,Female,3.0,5,Single,5,0,1.0,2.0,1.0,151.19,0,2
54652,0,17.0,Male,4.0,3,Married,5,1,2.0,5.0,8.0,181.79,1,1
54653,0,22.0,Female,3.0,5,Married,9,0,1.0,2.0,3.0,279.02,0,1
54654,0,18.0,Female,3.0,3,Single,6,0,2.0,2.0,3.0,184.85,0,2
54655,0,8.0,Female,3.0,3,Married,3,1,2.0,2.0,7.0,150.79,0,1
54656,1,1.0,Male,3.0,5,Married,2,0,2.0,2.0,3.0,155.41,1,1
54657,0,1.0,Male,3.0,3,Single,3,0,1.0,2.0,3.0,159.47,1,2
54658,0,18.0,Male,3.0,1,Married,6,1,1.0,2.0,2.0,320.13,1,1
54659,0,1.0,Male,4.0,3,Married,2,0,2.0,3.0,3.0,152.73,1,1
54660,0,7.0,Male,3.0,3,Married,2,0,1.0,2.0,3.0,196.04,1,1
54661,0,6.0,Female,4.0,1,Married,3,1,2.0,2.0,6.0,188.22,0,1
54662,0,4.0,Female,4.0,3,Married,3,0,2.0,2.0,1.0,145.83,0,1
54663,0,27.0,Female,3.0,5,Single,9,0,5.0,9.0,11.0,208.81,0,2
54664,0,8.0,Male,3.0,1,Married,3,0,2.0,9.0,9.0,151.91,1,1
54665,1,9.0,Female,4.0,5,Married,4,0,1.0,2.0,1.0,167.86,0,1
54666,0,1.0,Female,4.0,1,Married,3,1,1.0,2.0,3.0,81.0,0,1
54667,0,11.0,Male,3.0,3,Married,3,0,8.0,8.0,3.0,219.34,1,1
54668,0,3.0,Female,4.0,3,Married,3,0,1.0,2.0,3.0,180.61,0,1
54669,0,9.0,Male,3.0,1,Single,3,0,1.0,12.0,9.0,191.46,1,2
54670,0,7.0,Male,2.0,1,Married,5,0,4.0,5.0,8.0,202.25,1,1
54671,0,28.0,Male,3.0,4,Married,4,0,3.0,2.0,2.0,232.25,1,1
54672,0,10.0,Male,3.0,4,Married,4,1,1.0,2.0,3.0,213.47,1,1
54673,0,1.0,Male,3.0,1,Single,2,0,2.0,2.0,2.0,145.45,1,2
54674,1,1.0,Male,3.0,3,Single,3,1,2.0,2.0,2.0,135.09,1,2
54675,1,1.0,Male,4.0,5,Single,3,1,6.0,10.0,8.0,158.48,1,2
54676,0,9.0,Male,3.0,3,Married,3,0,2.0,2.0,1.0,137.81,1,1
54677,0,1.0,Male,3.0,5,Married,4,0,1.0,2.0,3.0,153.19,1,1
54678,0,1.0,Male,3.0,4,Married,2,0,2.0,2.0,3.0,173.51,1,1
54679,0,12.0,Female,3.0,1,Single,2,0,2.0,2.0,6.0,165.28,0,2
54680,0,3.0,Male,4.0,1,Married,3,0,1.0,3.0,9.0,152.2,1,1
54681,0,22.0,Male,3.0,4,Married,5,0,1.0,3.0,3.0,206.2,1,1
54682,0,1.0,Female,4.0,1,Married,3,1,2.0,2.0,5.0,171.47,0,1
54683,0,11.0,Male,4.0,1,Single,5,0,2.0,2.0,1.0,171.8,1,2
54684,0,24.0,Male,4.0,3,Married,3,1,1.0,4.0,9.0,157.21,1,1
54685,0,8.0,Female,3.0,4,Single,3,0,5.0,8.0,3.0,211.21,0,2
54686,1,1.0,Female,4.0,3,Single,11,0,2.0,3.0,1.0,170.77,0,2
54687,0,13.0,Female,4.0,3,Single,3,0,2.0,12.0,11.0,170.53,0,2
54688,0,6.0,Male,3.0,1,Single,3,0,2.0,2.0,9.0,178.96,1,2
54689,1,14.0,Male,3.0,3,Married,5,1,1.0,2.0,4.0,192.96,1,1
54690,0,12.0,Female,3.0,1,Single,2,0,1.0,2.0,9.0,201.25,0,2
54691,0,1.0,Female,4.0,5,Married,3,0,1.0,2.0,8.0,199.12,0,1
54692,0,6.0,Female,3.0,1,Single,5,0,7.0,2.0,8.0,236.59,0,2
54693,0,21.0,Male,3.0,5,Single,4,0,2.0,2.0,8.0,174.6,1,2
54694,0,14.0,Male,3.0,5,Married,7,1,1.0,2.0,3.0,229.75,1,1
54695,0,27.0,Male,3.0,3,Married,5,0,1.0,2.0,4.0,273.14,1,1
54696,0,15.0,Male,4.0,1,Married,5,0,4.0,13.0,7.0,316.41,1,1
54697,0,31.0,Male,3.0,5,Single,10,0,3.0,3.0,3.0,179.05,1,2
54698,0,1.0,Male,3.0,5,Married,3,0,1.0,2.0,3.0,212.93,1,1
54699,0,15.0,Male,3.0,3,Married,3,0,2.0,3.0,11.0,316.89,1,1
54700,0,24.0,Male,3.0,4,Married,9,0,1.0,3.0,3.0,163.75,1,1
54701,1,1.0,Female,4.0,4,Single,9,1,2.0,4.0,8.0,147.16,0,2
54702,0,10.0,Female,4.0,5,Married,11,0,1.0,2.0,6.0,242.13,0,1
54703,0,12.0,Female,3.0,3,Single,6,1,1.0,2.0,1.0,203.61,0,2
54704,0,18.0,Male,3.0,3,Single,4,0,1.0,2.0,5.0,162.08,1,2
54705,0,21.0,Female,3.0,3,Married,11,1,1.0,12.0,14.0,262.7,0,1
54706,0,4.0,Male,4.0,1,Married,9,0,3.0,8.0,8.0,178.04,1,1
54707,0,3.0,Male,4.0,3,Single,3,0,2.0,2.0,1.0,151.42,1,2
54708,1,6.0,Male,3.0,3,Married,8,1,1.0,3.0,3.0,152.59,1,1
54709,0,17.0,Male,3.0,1,Married,5,0,2.0,3.0,3.0,193.04,1,1
54710,0,8.0,Female,4.0,3,Single,5,0,1.0,5.0,4.0,186.42,0,2
54711,0,1.0,Male,3.0,5,Married,3,0,2.0,2.0,3.0,150.0,1,1
54712,0,13.0,Female,3.0,4,Married,11,0,1.0,4.0,7.0,188.89,0,1
54713,0,30.0,Male,3.0,1,Married,9,0,1.0,2.0,2.0,236.03,1,1
54714,0,14.0,Female,3.0,1,Single,2,1,1.0,3.0,4.0,148.42,0,2
54715,0,1.0,Female,3.0,5,Single,10,0,2.0,2.0,8.0,193.11,0,2
54716,0,3.0,Male,3.0,4,Married,3,0,3.0,3.0,3.0,147.97,1,1
54717,0,27.0,Male,3.0,1,Single,4,0,3.0,3.0,3.0,149.5,1,2
54718,0,9.0,Female,4.0,5,Married,4,0,2.0,2.0,1.0,175.93,0,1
54719,0,6.0,Male,4.0,1,Married,3,0,2.0,5.0,8.0,178.09,1,1
54720,0,12.0,Male,4.0,3,Married,8,1,1.0,2.0,2.0,155.57,1,1
54721,0,8.0,Female,3.0,5,Married,5,0,2.0,2.0,1.0,176.21,0,1
54722,0,26.0,Male,3.0,5,Married,3,0,2.0,2.0,17.0,293.56,1,1
54723,1,1.0,Male,4.0,1,Single,3,1,7.0,8.0,9.0,151.86,1,2
54724,0,1.0,Female,3.0,1,Single,3,0,1.0,2.0,5.0,186.8,0,2
54725,0,19.0,Male,3.0,3,Single,2,0,2.0,4.0,2.0,191.32,1,2
54726,0,1.0,Male,4.0,3,Single,3,0,1.0,2.0,3.0,160.05,1,2
54727,1,11.0,Female,4.0,3,Single,6,1,1.0,2.0,4.0,188.97,0,2
54728,0,8.0,Male,3.0,1,Single,3,0,1.0,2.0,5.0,187.74,1,2
54729,1,19.0,Male,4.0,5,Married,7,1,2.0,2.0,5.0,323.59,1,1
54730,0,10.0,Male,4.0,5,Single,3,0,1.0,2.0,10.0,200.87,1,2
54731,0,26.0,Male,3.0,1,Married,2,0,2.0,2.0,3.0,167.58,1,1
54732,0,1.0,Female,4.0,1,Married,5,0,3.0,3.0,1.0,168.64,0,1
54733,0,3.0,Female,4.0,3,Married,6,0,1.0,2.0,2.0,168.35,0,1
54734,1,1.0,Male,3.0,5,Single,8,0,1.0,2.0,3.0,178.26,1,2
54735,0,8.0,Female,4.0,1,Single,4,0,2.0,2.0,4.0,157.8,0,2
54736,0,28.0,Female,4.0,5,Married,11,1,1.0,2.0,5.0,179.85,0,1
54737,0,1.0,Male,3.0,1,Married,2,0,2.0,2.0,2.0,168.42,1,1
54738,0,11.0,Female,3.0,5,Married,2,1,5.0,5.0,4.0,152.82,0,1
54739,0,12.0,Female,4.0,5,Single,8,1,1.0,5.0,13.0,184.8,0,2
54740,0,8.0,Female,3.0,5,Single,3,0,2.0,2.0,4.0,168.81,0,2
54741,0,9.0,Female,4.0,1,Married,3,0,2.0,2.0,3.0,150.72,0,1
54742,0,4.0,Male,3.0,3,Married,5,0,2.0,2.0,3.0,163.33,1,1
54743,0,14.0,Female,3.0,4,Married,3,0,1.0,4.0,8.0,167.44,0,1
54744,0,8.0,Female,4.0,5,Married,7,0,2.0,2.0,3.0,190.0,0,1
54745,0,16.0,Male,4.0,1,Married,3,0,6.0,15.0,10.0,309.3,1,1
54746,1,1.0,Male,4.0,5,Married,3,1,1.0,2.0,1.0,141.01,1,1
54747,0,1.0,Male,3.0,4,Married,3,0,1.0,2.0,1.0,151.94,1,1
54748,0,26.0,Female,3.0,3,Married,10,0,2.0,2.0,5.0,156.49,0,1
54749,0,24.0,Male,4.0,3,Married,7,0,1.0,2.0,4.0,301.39,1,1
54750,1,1.0,Female,3.0,5,Married,3,1,1.0,2.0,1.0,148.19,0,1
54751,0,7.0,Male,3.0,3,Married,2,0,2.0,2.0,8.0,241.91,1,1
54752,1,1.0,Female,4.0,5,Single,7,0,2.0,2.0,3.0,178.24,0,2
54753,0,21.0,Female,3.0,1,Married,3,1,4.0,4.0,1.0,292.52,0,1
54754,0,10.0,Female,3.0,4,Married,2,0,2.0,2.0,6.0,177.28,0,1
54755,0,3.0,Male,3.0,3,Married,3,0,2.0,2.0,8.0,152.0,1,1
54756,1,21.0,Male,3.0,4,Single,9,1,8.0,14.0,9.0,317.46,1,2
54757,0,9.0,Female,3.0,3,Single,5,0,3.0,3.0,3.0,150.06,0,2
54758,0,16.0,Female,3.0,1,Married,11,1,1.0,2.0,3.0,185.62,0,1
54759,1,1.0,Male,3.0,3,Single,8,0,3.0,3.0,2.0,168.82,1,2
54760,0,10.0,Male,3.0,4,Married,6,0,2.0,2.0,5.0,146.43,1,1
54761,0,6.0,Female,4.0,3,Married,3,0,6.0,7.0,9.0,186.62,0,1
54762,0,14.0,Male,3.0,3,Single,8,0,1.0,2.0,1.0,175.94,1,2
54763,0,4.0,Female,3.0,1,Single,7,1,2.0,2.0,1.0,193.77,0,2
54764,0,19.0,Female,4.0,3,Single,3,0,2.0,2.0,1.0,147.74,0,2
54765,0,16.0,Male,4.0,4,Married,3,0,6.0,8.0,9.0,169.34,1,1
54766,0,12.0,Male,1.0,5,Married,4,0,2.0,2.0,3.0,187.88,1,1
54767,0,8.0,Female,4.0,1,Single,3,0,2.0,2.0,4.0,150.53,0,2
54768,1,13.0,Female,3.0,1,Married,3,0,1.0,8.0,8.0,201.54,0,1
54769,1,19.0,Male,3.0,1,Single,6,0,2.0,8.0,4.0,176.6,1,2
54770,0,17.0,Male,4.0,5,Married,8,0,2.0,2.0,1.0,296.59,1,1
54771,0,1.0,Male,3.0,1,Married,3,1,2.0,2.0,9.0,253.08,1,1
54772,0,9.0,Male,3.0,3,Single,5,0,1.0,2.0,3.0,227.21,1,2
54773,0,2.0,Female,3.0,4,Married,3,1,7.0,8.0,6.0,172.79,0,1
54774,0,8.0,Male,3.0,1,Married,2,0,2.0,2.0,3.0,162.37,1,1
54775,1,1.0,Female,3.0,3,Married,3,1,1.0,2.0,8.0,148.66,0,1
54776,0,1.0,Male,3.0,1,Married,3,0,1.0,2.0,1.0,142.06,1,1
54777,0,25.0,Female,4.0,3,Married,4,0,1.0,5.0,18.0,288.07,0,1
54778,0,18.0,Male,3.0,4,Single,11,0,2.0,3.0,4.0,184.33,1,2
54779,0,1.0,Male,4.0,5,Single,9,0,1.0,2.0,2.0,159.24,1,2
54780,0,7.0,Male,3.0,5,Married,3,0,1.0,2.0,9.0,165.37,1,1
54781,0,9.0,Female,3.0,5,Single,3,0,1.0,2.0,2.0,150.59,0,2
54782,0,10.0,Male,3.0,1,Married,3,1,4.0,5.0,12.0,187.01,1,1
54783,0,6.0,Male,4.0,1,Married,4,0,1.0,2.0,4.0,169.03,1,1
54784,0,4.0,Male,4.0,1,Married,11,0,1.0,2.0,4.0,162.61,1,1
54785,0,27.0,Female,4.0,1,Married,9,1,1.0,2.0,5.0,234.34,0,1
54786,0,19.0,Male,4.0,5,Married,6,1,1.0,2.0,3.0,232.61,1,1
54787,0,6.0,Female,4.0,3,Married,7,0,2.0,2.0,4.0,176.75,0,1
54788,0,26.0,Female,3.0,1,Married,5,0,1.0,2.0,1.0,263.26,0,1
54789,0,11.0,Male,4.0,3,Married,6,0,2.0,2.0,1.0,188.34,1,1
54790,0,2.0,Male,4.0,1,Married,3,0,2.0,2.0,5.0,174.36,1,1
54791,0,1.0,Male,3.0,1,Married,8,0,3.0,3.0,3.0,172.75,1,1
54792,0,18.0,Male,4.0,1,Married,4,1,2.0,2.0,3.0,153.18,1,1
54793,0,16.0,Male,3.0,1,Single,7,1,2.0,3.0,3.0,150.15,1,2
54794,0,10.0,Male,4.0,5,Married,2,0,1.0,2.0,4.0,148.42,1,1
54795,0,1.0,Male,4.0,5,Married,3,1,1.0,2.0,4.0,166.94,1,1
54796,0,9.0,Female,4.0,3,Married,3,1,4.0,2.0,16.0,231.85,0,1
54797,1,1.0,Female,4.0,4,Married,3,1,7.0,8.0,9.0,145.22,0,1
54798,0,6.0,Male,4.0,1,Married,2,0,2.0,2.0,3.0,148.14,1,1
54799,0,1.0,Male,3.0,5,Married,3,0,2.0,2.0,4.0,167.56,1,1
54800,0,23.0,Female,3.0,5,Married,4,0,1.0,2.0,3.0,160.8,0,1
54801,0,1.0,Male,3.0,1,Married,2,0,1.0,4.0,5.0,156.62,1,1
54802,0,6.0,Male,3.0,4,Married,3,0,3.0,6.0,4.0,190.24,1,1
54803,0,12.0,Male,4.0,4,Married,2,0,1.0,2.0,3.0,153.99,1,1
54804,0,16.0,Female,4.0,1,Married,4,1,2.0,2.0,4.0,177.31,0,1
54805,0,5.0,Male,3.0,1,Married,5,1,1.0,2.0,3.0,148.56,1,1
54806,1,1.0,Female,3.0,3,Married,8,1,2.0,2.0,3.0,153.0,0,1
54807,0,27.0,Male,4.0,1,Married,7,0,3.0,2.0,3.0,243.36,1,1
54808,0,9.0,Male,4.0,4,Married,5,0,3.0,2.0,9.0,234.03,1,1
54809,0,11.0,Female,3.0,1,Married,7,0,2.0,2.0,1.0,154.73,0,1
54810,0,27.0,Female,4.0,1,Single,8,0,1.0,4.0,9.0,267.75,0,2
54811,0,17.0,Female,3.0,1,Married,6,0,2.0,3.0,3.0,180.62,0,1
54812,0,21.0,Female,3.0,1,Married,2,1,4.0,8.0,8.0,170.37,0,1
54813,0,11.0,Male,3.0,4,Single,3,1,1.0,2.0,10.0,201.42,1,2
54814,0,24.0,Male,4.0,5,Married,3,0,14.0,15.0,8.0,304.24,1,1
54815,0,13.0,Female,3.0,1,Married,10,0,2.0,2.0,5.0,177.04,0,1
54816,0,7.0,Male,3.0,4,Married,5,1,1.0,2.0,4.0,147.77,1,1
54817,1,1.0,Male,3.0,1,Single,3,1,1.0,2.0,2.0,152.95,1,2
54818,0,3.0,Female,4.0,1,Married,8,0,2.0,2.0,4.0,150.32,0,1
54819,0,18.0,Male,4.0,5,Married,3,1,6.0,8.0,2.0,150.59,1,1
54820,0,2.0,Male,4.0,1,Single,3,0,1.0,2.0,3.0,174.08,1,2
54821,1,21.0,Male,3.0,1,Married,11,1,2.0,2.0,1.0,148.8,1,1
54822,0,17.0,Female,3.0,4,Married,6,0,2.0,2.0,1.0,172.65,0,1
54823,1,1.0,Female,3.0,3,Single,3,0,2.0,2.0,3.0,145.44,0,2
54824,1,1.0,Female,4.0,1,Single,3,0,2.0,2.0,1.0,151.93,0,2
54825,0,10.0,Male,4.0,1,Married,2,1,3.0,5.0,12.0,190.86,1,1
54826,0,21.0,Female,4.0,1,Single,3,1,1.0,2.0,3.0,157.94,0,2
54827,1,1.0,Female,3.0,3,Married,2,1,2.0,2.0,3.0,166.71,0,1
54828,1,5.0,Female,3.0,1,Married,6,1,1.0,2.0,1.0,152.78,0,1
54829,0,2.0,Female,4.0,3,Married,7,0,1.0,3.0,3.0,148.77,0,1
54830,1,3.0,Male,4.0,5,Married,9,1,2.0,3.0,3.0,149.04,1,1
54831,0,1.0,Female,4.0,3,Single,3,0,1.0,2.0,1.0,148.18,0,2
54832,0,8.0,Male,3.0,4,Married,3,0,2.0,2.0,1.0,145.08,1,1
54833,0,16.0,Female,4.0,3,Single,9,0,2.0,2.0,4.0,187.44,0,2
54834,0,7.0,Male,4.0,5,Single,5,1,2.0,2.0,3.0,152.99,1,2
54835,0,31.0,Female,3.0,4,Married,4,1,2.0,2.0,3.0,230.52,0,1
54836,0,5.0,Male,3.0,3,Married,5,0,3.0,6.0,3.0,148.29,1,1
54837,0,9.0,Female,3.0,1,Married,3,1,1.0,2.0,8.0,165.14,0,1
54838,0,23.0,Female,3.0,4,Married,6,0,1.0,2.0,8.0,199.03,0,1
54839,0,22.0,Male,3.0,3,Married,6,0,2.0,2.0,1.0,147.59,1,1
54840,0,5.0,Female,3.0,3,Married,3,0,2.0,2.0,1.0,194.32,0,1
54841,0,10.0,Male,4.0,1,Single,4,0,2.0,2.0,2.0,171.78,1,2
54842,0,12.0,Female,4.0,5,Married,3,0,5.0,6.0,12.0,260.82,0,1
54843,0,6.0,Female,4.0,4,Married,8,0,1.0,2.0,3.0,148.32,0,1
54844,1,1.0,Male,3.0,4,Married,3,1,1.0,2.0,1.0,149.13,1,1
54845,0,14.0,Male,4.0,4,Married,4,0,1.0,2.0,3.0,222.05,1,1
54846,0,1.0,Male,3.0,5,Single,3,0,1.0,2.0,8.0,167.94,1,2
54847,0,15.0,Male,3.0,5,Single,4,1,2.0,3.0,18.0,172.21,1,2
54848,0,10.0,Male,4.0,3,Single,6,0,2.0,4.0,10.0,150.19,1,2
54849,1,1.0,Male,3.0,4,Single,3,1,2.0,2.0,1.0,146.21,1,2
54850,1,1.0,Male,3.0,5,Single,3,0,2.0,2.0,1.0,154.73,1,2
54851,0,5.0,Female,3.0,1,Married,2,1,7.0,9.0,6.0,183.55,0,1
54852,0,14.0,Male,3.0,4,Married,10,1,1.0,2.0,1.0,161.17,1,1
54853,0,6.0,Female,4.0,5,Married,3,0,2.0,7.0,4.0,192.25,0,1
54854,1,1.0,Male,3.0,1,Married,3,1,4.0,4.0,3.0,228.25,1,1
54855,0,7.0,Female,3.0,1,Single,2,0,2.0,2.0,5.0,194.49,0,2
54856,1,1.0,Male,3.0,3,Married,7,0,6.0,12.0,3.0,231.09,1,1
54857,0,19.0,Male,3.0,4,Married,3,0,2.0,2.0,9.0,169.47,1,1
54858,0,3.0,Female,3.0,1,Married,3,0,1.0,2.0,3.0,146.57,0,1
54859,0,9.0,Female,3.0,3,Married,3,0,2.0,2.0,1.0,171.01,0,1
54860,0,26.0,Male,4.0,1,Married,4,0,4.0,8.0,9.0,295.99,1,1
54861,1,21.0,Male,3.0,3,Single,6,0,1.0,2.0,1.0,149.79,1,2
54862,0,27.0,Male,3.0,3,Married,8,0,1.0,16.0,3.0,273.52,1,1
54863,0,4.0,Male,4.0,3,Married,7,0,3.0,8.0,8.0,197.64,1,1
54864,0,12.0,Female,3.0,1,Single,3,1,2.0,2.0,4.0,181.66,0,2
54865,0,9.0,Male,4.0,1,Married,8,0,1.0,2.0,9.0,203.23,1,1
54866,0,13.0,Male,3.0,3,Single,2,0,1.0,2.0,8.0,203.8,1,2
54867,1,4.0,Female,4.0,4,Single,6,1,2.0,2.0,1.0,256.94,0,2
54868,0,21.0,Male,4.0,3,Married,3,1,2.0,3.0,8.0,175.67,1,1
54869,0,10.0,Male,3.0,1,Married,6,0,2.0,2.0,8.0,175.79,1,1
54870,1,1.0,Male,3.0,5,Single,2,1,1.0,2.0,3.0,148.21,1,2
54871,0,7.0,Male,3.0,3,Single,3,0,6.0,7.0,1.0,299.44,1,2
54872,1,1.0,Female,4.0,5,Single,8,1,2.0,2.0,1.0,149.04,0,2
54873,0,7.0,Female,3.0,1,Single,5,0,2.0,2.0,3.0,159.52,0,2
54874,0,19.0,Female,4.0,1,Married,5,0,2.0,2.0,3.0,147.7,0,1
54875,0,24.0,Male,4.0,1,Married,11,0,1.0,2.0,4.0,298.99,1,1
54876,0,7.0,Female,3.0,4,Married,3,1,2.0,2.0,3.0,179.88,0,1
54877,0,15.0,Male,4.0,3,Married,4,0,1.0,2.0,12.0,319.19,1,1
54878,0,1.0,Female,3.0,4,Married,11,0,3.0,3.0,3.0,153.11,0,1
54879,0,19.0,Male,3.0,5,Married,3,1,2.0,2.0,9.0,161.33,1,1
54880,0,21.0,Female,3.0,1,Single,3,1,2.0,2.0,8.0,166.63,0,2
54881,1,1.0,Female,3.0,3,Married,6,1,1.0,2.0,2.0,146.32,0,1
54882,0,24.0,Male,4.0,3,Married,5,1,1.0,2.0,6.0,264.73,1,1
54883,0,12.0,Male,4.0,3,Married,2,0,1.0,2.0,3.0,151.84,1,1
54884,0,20.0,Male,4.0,3,Married,8,0,2.0,2.0,8.0,233.45,1,1
54885,0,1.0,Female,3.0,3,Married,3,0,1.0,4.0,3.0,168.77,0,1
54886,1,1.0,Male,3.0,4,Married,3,1,2.0,2.0,3.0,162.43,1,1
54887,0,5.0,Female,4.0,5,Married,3,0,2.0,2.0,4.0,166.48,0,1
54888,0,1.0,Male,4.0,1,Single,3,0,1.0,2.0,1.0,135.51,1,2
54889,0,28.0,Female,3.0,3,Married,10,0,1.0,2.0,9.0,232.39,0,1
54890,0,9.0,Female,3.0,3,Married,3,1,1.0,11.0,3.0,228.88,0,1
54891,0,4.0,Female,4.0,5,Married,2,1,1.0,2.0,8.0,239.16,0,1
54892,1,1.0,Female,4.0,5,Single,3,1,2.0,2.0,1.0,151.0,0,2
54893,1,1.0,Female,3.0,4,Single,2,0,1.0,2.0,3.0,149.22,0,2
54894,0,1.0,Male,3.0,1,Married,3,0,2.0,2.0,4.0,179.72,1,1
54895,0,1.0,Male,4.0,5,Married,3,0,1.0,2.0,2.0,149.51,1,1
54896,0,22.0,Male,4.0,3,Single,4,0,1.0,3.0,3.0,167.4,1,2
54897,0,22.0,Male,4.0,3,Single,9,0,2.0,2.0,9.0,234.99,1,2
54898,0,15.0,Female,3.0,3,Single,8,0,3.0,3.0,2.0,175.03,0,2
54899,0,13.0,Female,4.0,1,Married,3,0,10.0,2.0,9.0,252.42,0,1
54900,0,1.0,Female,3.0,1,Married,2,0,3.0,3.0,3.0,167.27,0,1
54901,0,9.0,Male,3.0,1,Married,3,0,1.0,2.0,3.0,164.17,1,1
54902,0,1.0,Male,3.0,3,Married,8,0,1.0,2.0,1.0,308.03,1,1
54903,0,24.0,Male,4.0,1,Married,6,0,2.0,2.0,1.0,148.8,1,1
54904,0,31.0,Female,4.0,1,Single,5,1,1.0,5.0,4.0,262.26,0,2
54905,1,1.0,Female,4.0,4,Married,7,0,2.0,2.0,1.0,172.77,0,1
54906,0,29.0,Male,4.0,4,Married,5,1,3.0,7.0,8.0,188.85,1,1
54907,0,15.0,Female,3.0,3,Married,3,0,6.0,6.0,11.0,324.73,0,1
54908,0,12.0,Male,3.0,1,Single,10,1,2.0,2.0,1.0,193.61,1,2
54909,1,1.0,Male,4.0,5,Single,10,0,2.0,3.0,3.0,174.69,1,2
54910,1,16.0,Female,3.0,1,Married,3,0,4.0,7.0,10.0,323.45,0,1
54911,0,18.0,Female,3.0,1,Married,5,1,5.0,2.0,12.0,258.2,0,1
54912,0,24.0,Female,4.0,3,Married,2,0,1.0,2.0,14.0,188.47,0,1
54913,1,1.0,Female,3.0,5,Single,3,0,4.0,16.0,15.0,152.43,0,2
54914,0,13.0,Female,3.0,5,Single,3,1,2.0,2.0,9.0,233.8,0,2
54915,0,7.0,Female,3.0,1,Single,2,0,1.0,3.0,3.0,148.42,0,2
54916,0,19.0,Female,3.0,1,Married,5,0,1.0,2.0,2.0,301.5,0,1
54917,0,6.0,Female,4.0,3,Single,11,0,7.0,8.0,8.0,165.25,0,2
54918,0,8.0,Male,4.0,1,Married,2,0,1.0,2.0,3.0,222.25,1,1
54919,0,31.0,Male,4.0,1,Married,5,1,2.0,2.0,5.0,244.04,1,1
54920,0,19.0,Male,3.0,4,Single,3,0,1.0,2.0,5.0,146.77,1,2
54921,0,27.0,Female,3.0,4,Married,4,0,6.0,7.0,13.0,200.25,0,1
54922,1,1.0,Male,3.0,3,Married,9,0,1.0,2.0,1.0,173.34,1,1
54923,1,1.0,Male,3.0,5,Married,8,1,1.0,2.0,3.0,145.42,1,1
54924,0,8.0,Female,3.0,3,Married,3,1,1.0,2.0,1.0,147.2,0,1
54925,0,2.0,Male,4.0,4,Married,3,0,1.0,2.0,1.0,135.52,1,1
54926,0,12.0,Male,3.0,3,Married,5,0,3.0,3.0,3.0,153.21,1,1
54927,0,24.0,Male,4.0,3,Married,4,1,5.0,8.0,8.0,317.37,1,1
54928,0,11.0,Female,3.0,4,Single,5,0,2.0,2.0,2.0,166.07,0,2
54929,0,14.0,Male,4.0,5,Married,3,0,4.0,8.0,6.0,208.96,1,1
54930,0,1.0,Female,4.0,3,Married,3,0,1.0,2.0,4.0,145.07,0,1
54931,0,20.0,Male,3.0,1,Married,11,0,2.0,3.0,3.0,321.27,1,1
54932,0,28.0,Female,3.0,3,Married,8,0,7.0,2.0,1.0,231.86,0,1
54933,0,30.0,Female,4.0,3,Married,4,0,2.0,2.0,4.0,154.42,0,1
54934,0,10.0,Female,3.0,1,Single,2,0,6.0,8.0,3.0,213.58,0,2
54935,0,29.0,Male,3.0,5,Single,9,0,3.0,7.0,3.0,292.56,1,2
54936,0,17.0,Male,4.0,1,Married,7,0,2.0,2.0,1.0,232.98,1,1
54937,1,1.0,Female,3.0,1,Single,3,1,2.0,2.0,3.0,148.23,0,2
54938,1,1.0,Female,3.0,5,Single,3,0,1.0,2.0,1.0,139.16,0,2
54939,0,20.0,Female,4.0,5,Married,10,1,2.0,2.0,8.0,171.15,0,1
54940,1,15.0,Male,3.0,3,Married,11,1,1.0,3.0,8.0,149.61,1,1
54941,1,1.0,Male,4.0,5,Single,3,0,2.0,2.0,3.0,212.22,1,2
54942,0,1.0,Male,3.0,5,Married,3,0,2.0,2.0,4.0,164.55,1,1
54943,0,4.0,Male,3.0,5,Married,2,0,1.0,2.0,3.0,224.57,1,1
54944,0,15.0,Female,3.0,3,Married,3,0,1.0,2.0,9.0,158.76,0,1
54945,0,12.0,Female,4.0,3,Married,2,0,2.0,2.0,3.0,213.23,0,1
54946,0,14.0,Male,4.0,1,Married,6,0,4.0,12.0,3.0,228.22,1,1
54947,0,1.0,Male,3.0,3,Married,3,0,2.0,2.0,3.0,171.21,1,1
54948,0,29.0,Male,4.0,4,Married,5,0,1.0,2.0,3.0,234.76,1,1
54949,0,2.0,Female,3.0,3,Single,5,0,1.0,2.0,8.0,161.6,0,2
54950,1,8.0,Male,4.0,5,Married,11,0,3.0,4.0,3.0,229.82,1,1
54951,0,7.0,Male,3.0,1,Married,6,0,2.0,2.0,3.0,196.19,1,1
54952,1,1.0,Male,3.0,5,Single,2,1,3.0,5.0,3.0,220.82,1,2
54953,1,1.0,Female,3.0,3,Single,3,0,3.0,4.0,9.0,170.08,0,2
54954,0,2.0,Male,3.0,3,Married,3,0,1.0,3.0,3.0,147.07,1,1
54955,0,8.0,Male,3.0,1,Single,2,0,2.0,2.0,5.0,202.56,1,2
54956,0,11.0,Female,3.0,1,Married,4,1,2.0,2.0,1.0,191.94,0,1
54957,1,1.0,Male,3.0,1,Married,3,1,5.0,6.0,7.0,161.91,1,1
54958,1,1.0,Male,3.0,3,Married,3,0,2.0,2.0,1.0,148.77,1,1
54959,1,1.0,Male,3.0,4,Single,6,1,2.0,3.0,3.0,148.13,1,2
54960,0,16.0,Male,3.0,5,Married,2,0,6.0,14.0,8.0,301.65,1,1
54961,1,1.0,Male,3.0,4,Married,3,0,2.0,2.0,1.0,150.96,1,1
54962,1,14.0,Male,3.0,3,Single,5,1,2.0,2.0,1.0,172.28,1,2
54963,0,7.0,Female,2.0,4,Married,2,0,1.0,2.0,3.0,168.02,0,1
54964,0,8.0,Male,3.0,1,Married,5,0,1.0,2.0,1.0,154.79,1,1
54965,0,22.0,Male,3.0,1,Single,4,0,1.0,3.0,2.0,293.85,1,2
54966,0,19.0,Female,4.0,3,Married,3,0,5.0,5.0,13.0,180.93,0,1
54967,0,26.0,Male,3.0,4,Single,9,0,3.0,5.0,3.0,229.45,1,2
54968,0,12.0,Male,4.0,3,Married,2,1,2.0,3.0,3.0,212.4,1,1
54969,0,3.0,Female,4.0,1,Married,6,0,2.0,2.0,8.0,150.14,0,1
54970,0,2.0,Female,4.0,4,Married,2,0,1.0,2.0,8.0,201.55,0,1
54971,0,20.0,Male,3.0,3,Married,5,0,5.0,5.0,10.0,299.65,1,1
54972,0,12.0,Male,3.0,4,Single,9,0,2.0,2.0,1.0,198.51,1,2
54973,0,17.0,Female,3.0,5,Married,10,0,2.0,2.0,2.0,233.2,0,1
54974,1,3.0,Male,3.0,1,Married,9,0,11.0,2.0,6.0,246.69,1,1
54975,0,14.0,Male,3.0,3,Single,3,0,4.0,5.0,10.0,321.26,1,2
54976,0,1.0,Female,4.0,4,Single,3,1,2.0,3.0,3.0,145.7,0,2
54977,0,13.0,Male,4.0,4,Single,11,0,2.0,2.0,4.0,192.82,1,2
54978,0,10.0,Male,4.0,1,Single,4,0,1.0,2.0,10.0,202.79,1,2
54979,0,5.0,Male,4.0,1,Married,2,0,3.0,3.0,3.0,152.91,1,1
54980,0,2.0,Male,4.0,4,Married,2,0,1.0,2.0,5.0,157.01,1,1
54981,0,9.0,Male,3.0,1,Married,3,0,2.0,2.0,3.0,174.68,1,1
54982,0,23.0,Male,3.0,4,Married,8,0,2.0,2.0,4.0,256.2,1,1
54983,0,8.0,Male,4.0,3,Single,4,0,2.0,2.0,3.0,165.33,1,2
54984,0,3.0,Female,4.0,4,Married,2,0,1.0,2.0,2.0,157.91,0,1
54985,0,16.0,Male,3.0,1,Single,6,0,2.0,2.0,1.0,167.72,1,2
54986,0,3.0,Male,4.0,1,Married,3,1,2.0,2.0,3.0,175.56,1,1
54987,0,12.0,Male,3.0,3,Married,3,0,4.0,6.0,1.0,153.44,1,1
54988,0,2.0,Male,3.0,3,Married,3,1,2.0,2.0,3.0,152.03,1,1
54989,1,1.0,Male,4.0,3,Single,3,0,2.0,2.0,1.0,144.04,1,2
54990,1,1.0,Female,4.0,5,Single,5,1,1.0,2.0,4.0,207.24,0,2
54991,0,15.0,Male,3.0,1,Married,5,1,2.0,2.0,1.0,172.66,1,1
54992,1,1.0,Male,4.0,3,Married,3,0,2.0,3.0,3.0,151.1,1,1
54993,0,11.0,Female,3.0,1,Married,9,0,2.0,2.0,4.0,182.31,0,1
54994,0,1.0,Male,3.0,3,Married,3,0,2.0,3.0,3.0,150.39,1,1
54995,0,8.0,Female,4.0,3,Married,3,0,1.0,2.0,4.0,182.14,0,1
54996,0,9.0,Male,4.0,3,Single,3,0,1.0,2.0,5.0,168.23,1,2
54997,1,1.0,Female,3.0,5,Married,3,0,2.0,4.0,11.0,198.36,0,1
54998,0,14.0,Female,3.0,3,Single,11,0,2.0,2.0,14.0,259.99,0,2
54999,1,6.0,Male,3.0,5,Single,2,1,1.0,14.0,15.0,262.58,1,2
55000,0,16.0,Male,3.0,5,Single,9,0,2.0,2.0,6.0,176.55,1,2
55001,0,9.0,Male,3.0,3,Married,8,0,2.0,2.0,8.0,147.58,1,1
55002,0,1.0,Male,3.0,4,Single,10,0,1.0,2.0,3.0,160.97,1,2
55003,1,1.0,Female,4.0,1,Married,3,1,2.0,2.0,1.0,150.15,0,1
55004,0,1.0,Male,3.0,1,Married,3,0,2.0,2.0,8.0,169.2,1,1
55005,0,4.0,Male,4.0,3,Married,3,0,1.0,2.0,5.0,190.78,1,1
55006,0,14.0,Female,4.0,1,Married,5,1,1.0,2.0,1.0,169.22,0,1
55007,0,9.0,Male,3.0,4,Married,4,0,3.0,7.0,3.0,227.74,1,1
55008,0,8.0,Male,4.0,5,Single,2,0,1.0,5.0,10.0,178.43,1,2
55009,0,9.0,Male,3.0,1,Married,3,0,2.0,3.0,3.0,148.76,1,1
55010,1,7.0,Female,3.0,3,Single,10,0,1.0,2.0,4.0,178.46,0,2
55011,0,6.0,Female,4.0,5,Married,3,0,2.0,2.0,1.0,153.27,0,1
55012,0,30.0,Female,4.0,5,Married,6,0,5.0,5.0,3.0,324.43,0,1
55013,0,3.0,Female,3.0,1,Married,3,0,1.0,2.0,9.0,156.31,0,1
55014,0,1.0,Male,3.0,5,Single,3,0,1.0,2.0,1.0,150.52,1,2
55015,0,19.0,Female,3.0,3,Married,6,1,1.0,2.0,3.0,169.77,0,1
55016,0,11.0,Female,3.0,1,Married,3,0,1.0,4.0,12.0,189.74,0,1
55017,0,1.0,Male,3.0,3,Single,3,0,1.0,2.0,3.0,155.33,1,2
55018,1,8.0,Male,4.0,3,Single,3,1,2.0,2.0,3.0,154.36,1,2
55019,0,27.0,Female,3.0,3,Married,5,0,4.0,5.0,8.0,311.06,0,1
55020,0,3.0,Female,4.0,1,Married,2,1,2.0,2.0,4.0,146.68,0,1
55021,1,1.0,Male,3.0,1,Married,2,1,1.0,2.0,1.0,153.53,1,1
55022,0,20.0,Female,4.0,5,Married,10,0,7.0,16.0,10.0,295.48,0,1
55023,0,18.0,Male,4.0,3,Single,4,0,2.0,2.0,1.0,147.9,1,2
55024,0,7.0,Male,4.0,3,Married,3,0,2.0,2.0,5.0,161.0,1,1
55025,1,5.0,Male,4.0,5,Married,8,0,1.0,2.0,1.0,146.07,1,1
55026,0,4.0,Male,4.0,5,Married,10,0,2.0,2.0,4.0,166.15,1,1
55027,0,14.0,Male,4.0,4,Married,7,0,2.0,2.0,1.0,168.27,1,1
55028,0,24.0,Female,2.0,5,Married,4,0,1.0,3.0,3.0,303.56,0,1
55029,0,2.0,Male,4.0,5,Married,3,0,2.0,4.0,4.0,156.96,1,1
55030,0,20.0,Male,3.0,4,Married,7,0,2.0,2.0,4.0,315.81,1,1
55031,0,9.0,Male,4.0,5,Married,5,1,1.0,2.0,3.0,214.66,1,1
55032,1,1.0,Female,4.0,4,Married,3,0,2.0,2.0,1.0,147.1,0,1
55033,0,7.0,Female,3.0,3,Married,3,0,1.0,2.0,2.0,170.39,0,1
55034,0,10.0,Male,3.0,3,Married,3,0,2.0,2.0,8.0,152.41,1,1
55035,0,4.0,Male,3.0,3,Married,3,0,5.0,9.0,10.0,159.91,1,1
55036,0,18.0,Male,3.0,1,Single,3,0,7.0,14.0,18.0,170.41,1,2
55037,0,1.0,Male,3.0,1,Single,3,0,3.0,3.0,3.0,151.78,1,2
55038,0,20.0,Male,3.0,1,Married,4,0,1.0,2.0,5.0,198.79,1,1
55039,0,16.0,Male,4.0,5,Married,9,0,2.0,2.0,4.0,187.72,1,1
55040,0,31.0,Male,3.0,1,Married,2,1,1.0,2.0,10.0,177.2,1,1
55041,0,6.0,Female,4.0,4,Married,3,0,3.0,3.0,3.0,159.0,0,1
55042,0,6.0,Female,3.0,3,Single,6,1,2.0,2.0,8.0,174.98,0,2
55043,0,10.0,Female,4.0,5,Married,4,1,8.0,8.0,3.0,227.52,0,1
55044,0,7.0,Male,3.0,1,Married,2,0,1.0,5.0,11.0,152.81,1,1
55045,0,14.0,Female,3.0,4,Married,9,0,2.0,2.0,4.0,193.52,0,1
55046,0,1.0,Male,3.0,1,Single,2,0,2.0,2.0,2.0,174.5,1,2
55047,0,4.0,Male,4.0,4,Married,2,1,4.0,6.0,8.0,160.79,1,1
55048,0,16.0,Female,3.0,5,Married,5,1,1.0,2.0,1.0,256.91,0,1
55049,0,9.0,Female,4.0,1,Married,6,1,4.0,5.0,3.0,228.77,0,1
55050,0,1.0,Male,3.0,5,Married,3,1,6.0,7.0,9.0,147.35,1,1
55051,0,28.0,Female,3.0,3,Married,9,0,1.0,2.0,3.0,230.02,0,1
55052,0,18.0,Female,4.0,1,Married,3,0,2.0,8.0,8.0,145.11,0,1
55053,1,1.0,Female,4.0,4,Single,3,1,1.0,2.0,1.0,143.59,0,2
55054,0,3.0,Female,4.0,1,Married,3,0,2.0,2.0,3.0,162.6,0,1
55055,0,28.0,Male,3.0,1,Married,5,0,1.0,2.0,10.0,302.79,1,1
55056,0,5.0,Male,4.0,5,Married,3,1,2.0,2.0,2.0,193.33,1,1
55057,0,5.0,Female,4.0,5,Single,3,0,2.0,2.0,9.0,193.12,0,2
55058,0,31.0,Female,3.0,1,Single,7,0,1.0,2.0,6.0,176.71,0,2
55059,0,17.0,Male,4.0,1,Married,5,0,2.0,2.0,8.0,322.4,1,1
55060,0,23.0,Male,3.0,3,Married,4,0,1.0,2.0,1.0,312.11,1,1
55061,0,10.0,Male,3.0,4,Married,3,0,1.0,2.0,8.0,161.92,1,1
55062,0,22.0,Male,4.0,4,Single,7,0,1.0,2.0,1.0,150.59,1,2
55063,0,1.0,Male,4.0,3,Married,3,0,2.0,2.0,4.0,150.17,1,1
55064,0,3.0,Male,3.0,1,Married,3,1,2.0,2.0,1.0,191.23,1,1
55065,0,22.0,Male,4.0,1,Single,8,0,2.0,2.0,1.0,307.65,1,2
55066,0,3.0,Female,3.0,1,Married,5,0,1.0,2.0,8.0,286.24,0,1
55067,0,8.0,Female,3.0,3,Married,2,0,2.0,2.0,1.0,150.85,0,1
55068,0,18.0,Male,3.0,4,Married,9,0,2.0,4.0,11.0,307.13,1,1
55069,0,7.0,Male,3.0,3,Married,2,1,1.0,2.0,9.0,208.8,1,1
55070,0,1.0,Female,3.0,1,Single,3,1,1.0,2.0,2.0,154.94,0,2
55071,0,1.0,Male,3.0,3,Married,3,0,2.0,2.0,2.0,137.23,1,1
55072,1,1.0,Male,4.0,1,Single,3,1,2.0,2.0,1.0,136.18,1,2
55073,0,1.0,Male,3.0,1,Single,3,1,3.0,3.0,3.0,153.75,1,2
55074,1,9.0,Female,4.0,4,Single,4,1,2.0,2.0,12.0,313.24,0,2
55075,0,29.0,Male,3.0,4,Married,3,1,3.0,16.0,1.0,260.77,1,1
55076,1,1.0,Female,3.0,3,Single,3,0,2.0,3.0,3.0,151.25,0,2
55077,0,20.0,Female,3.0,4,Married,4,0,2.0,2.0,9.0,312.89,0,1
55078,0,8.0,Female,3.0,5,Single,2,1,2.0,2.0,3.0,170.38,0,2
55079,0,25.0,Male,3.0,4,Married,6,1,7.0,12.0,11.0,323.47,1,1
55080,0,31.0,Male,4.0,1,Single,8,0,4.0,6.0,3.0,230.12,1,2
55081,0,8.0,Female,3.0,4,Married,6,0,1.0,6.0,11.0,169.44,0,1
55082,0,2.0,Male,3.0,3,Single,2,1,2.0,2.0,3.0,146.54,1,2
55083,0,18.0,Male,4.0,5,Married,3,0,3.0,15.0,14.0,316.9,1,1
55084,0,8.0,Male,3.0,4,Married,6,0,1.0,2.0,9.0,169.9,1,1
55085,0,9.0,Male,4.0,3,Married,2,1,2.0,3.0,3.0,160.06,1,1
55086,0,16.0,Female,4.0,4,Married,8,1,1.0,2.0,1.0,148.72,0,1
55087,0,17.0,Female,3.0,1,Single,5,0,11.0,16.0,3.0,227.31,0,2
55088,0,10.0,Female,3.0,4,Single,11,1,5.0,6.0,13.0,179.1,0,2
55089,1,8.0,Female,4.0,1,Married,3,0,1.0,2.0,6.0,204.78,0,1
55090,0,2.0,Male,3.0,1,Married,3,1,1.0,3.0,3.0,163.67,1,1
55091,0,25.0,Female,3.0,3,Single,2,0,4.0,8.0,8.0,153.38,0,2
55092,0,4.0,Female,4.0,3,Single,9,1,1.0,2.0,8.0,171.95,0,2
55093,1,1.0,Female,3.0,3,Married,5,1,5.0,8.0,8.0,158.39,0,1
55094,0,2.0,Male,3.0,5,Single,4,0,2.0,2.0,3.0,145.8,1,2
55095,0,1.0,Female,3.0,4,Single,3,0,2.0,3.0,2.0,145.96,0,2
55096,0,6.0,Male,3.0,1,Married,3,0,1.0,2.0,9.0,187.09,1,1
55097,0,19.0,Female,3.0,4,Single,5,0,1.0,2.0,1.0,305.61,0,2
55098,0,13.0,Female,4.0,4,Married,8,1,11.0,16.0,3.0,296.23,0,1
55099,0,31.0,Male,3.0,3,Married,3,0,2.0,3.0,3.0,148.72,1,1
55100,1,1.0,Male,4.0,3,Married,3,0,1.0,2.0,2.0,173.83,1,1
55101,1,3.0,Male,4.0,5,Single,2,0,1.0,2.0,4.0,164.04,1,2
55102,0,4.0,Female,3.0,1,Married,2,0,6.0,7.0,8.0,171.27,0,1
55103,0,10.0,Female,4.0,3,Married,5,0,2.0,2.0,8.0,195.94,0,1
55104,0,20.0,Female,3.0,5,Single,8,0,3.0,6.0,8.0,159.23,0,2
55105,0,2.0,Female,3.0,1,Married,2,0,8.0,8.0,6.0,191.74,0,1
55106,0,24.0,Female,3.0,5,Married,6,1,1.0,2.0,3.0,293.8,0,1
55107,1,4.0,Male,3.0,4,Single,4,1,2.0,2.0,3.0,215.94,1,2
55108,1,16.0,Male,4.0,4,Single,11,1,8.0,8.0,3.0,209.46,1,2
55109,0,4.0,Female,4.0,5,Married,3,1,2.0,2.0,9.0,244.16,0,1
55110,0,13.0,Male,3.0,3,Single,2,0,2.0,2.0,8.0,170.34,1,2
55111,0,5.0,Female,3.0,3,Married,3,1,9.0,10.0,3.0,223.52,0,1
55112,0,15.0,Male,3.0,4,Single,3,0,4.0,12.0,10.0,186.51,1,2
55113,1,1.0,Female,3.0,4,Single,3,1,3.0,3.0,3.0,148.02,0,2
55114,1,8.0,Male,3.0,5,Married,6,0,2.0,2.0,3.0,148.62,1,1
55115,0,16.0,Male,3.0,3,Married,2,1,1.0,3.0,11.0,303.61,1,1
55116,0,29.0,Female,3.0,3,Married,6,0,5.0,10.0,12.0,316.87,0,1
55117,0,30.0,Male,4.0,4,Single,8,0,3.0,8.0,8.0,322.17,1,2
55118,0,14.0,Male,4.0,3,Married,11,0,2.0,2.0,1.0,160.44,1,1
55119,0,8.0,Male,3.0,1,Married,2,0,1.0,2.0,3.0,210.0,1,1
55120,0,14.0,Male,4.0,1,Single,3,0,4.0,9.0,9.0,171.61,1,2
55121,0,15.0,Female,4.0,5,Married,2,0,1.0,2.0,8.0,166.03,0,1
55122,0,9.0,Male,3.0,3,Single,3,1,2.0,2.0,2.0,167.49,1,2
55123,0,25.0,Male,3.0,4,Married,3,1,1.0,2.0,11.0,265.26,1,1
55124,0,12.0,Female,3.0,5,Married,5,0,1.0,2.0,8.0,193.93,0,1
55125,0,8.0,Female,4.0,5,Single,3,0,5.0,10.0,7.0,186.25,0,2
55126,0,1.0,Male,4.0,1,Married,5,0,1.0,2.0,3.0,161.69,1,1
55127,1,21.0,Female,3.0,5,Married,9,1,2.0,6.0,3.0,225.08,0,1
55128,0,14.0,Male,3.0,4,Married,5,0,2.0,2.0,4.0,148.87,1,1
55129,0,10.0,Female,3.0,5,Married,4,0,6.0,7.0,14.0,171.39,0,1
55130,0,22.0,Male,3.0,1,Single,3,0,2.0,2.0,9.0,203.98,1,2
55131,0,1.0,Female,4.0,1,Married,10,0,1.0,2.0,1.0,150.34,0,1
55132,0,25.0,Female,3.0,4,Single,5,0,1.0,2.0,4.0,256.42,0,2
55133,0,1.0,Female,4.0,1,Single,3,0,2.0,2.0,1.0,141.11,0,2
55134,0,9.0,Female,3.0,1,Married,2,0,1.0,2.0,1.0,178.63,0,1
55135,0,1.0,Male,3.0,1,Single,5,0,1.0,2.0,1.0,175.71,1,2
55136,1,19.0,Male,3.0,3,Single,8,1,1.0,4.0,9.0,261.95,1,2
55137,0,30.0,Male,4.0,4,Married,6,1,14.0,2.0,10.0,259.02,1,1
55138,0,8.0,Female,4.0,3,Married,3,0,2.0,2.0,1.0,145.29,0,1
55139,0,14.0,Female,3.0,3,Married,7,0,7.0,12.0,9.0,188.77,0,1
55140,0,8.0,Male,3.0,3,Married,6,0,6.0,8.0,8.0,179.29,1,1
55141,1,1.0,Female,3.0,1,Single,9,0,1.0,2.0,1.0,152.85,0,2
55142,1,1.0,Female,4.0,3,Married,2,1,1.0,4.0,3.0,171.14,0,1
55143,0,12.0,Male,3.0,3,Married,3,0,1.0,2.0,4.0,151.1,1,1
55144,0,8.0,Female,4.0,1,Single,3,0,5.0,5.0,12.0,191.87,0,2
55145,0,2.0,Male,3.0,5,Married,3,0,2.0,2.0,5.0,172.24,1,1
55146,1,1.0,Male,4.0,3,Married,3,1,6.0,7.0,8.0,186.79,1,1
55147,0,13.0,Male,3.0,1,Married,5,1,1.0,2.0,5.0,186.2,1,1
55148,0,25.0,Male,3.0,4,Married,4,0,4.0,4.0,3.0,230.96,1,1
55149,0,15.0,Female,4.0,1,Married,5,1,3.0,4.0,4.0,179.67,0,1
55150,0,11.0,Male,3.0,3,Married,9,1,2.0,2.0,4.0,154.96,1,1
55151,0,7.0,Male,4.0,1,Married,8,0,2.0,2.0,3.0,224.98,1,1
55152,0,6.0,Male,3.0,4,Married,2,1,2.0,2.0,3.0,165.78,1,1
55153,0,13.0,Male,4.0,3,Married,5,0,1.0,2.0,6.0,234.2,1,1
55154,0,1.0,Male,4.0,3,Married,4,0,2.0,2.0,3.0,187.32,1,1
55155,0,26.0,Female,3.0,3,Married,4,1,2.0,2.0,3.0,257.47,0,1
55156,0,17.0,Female,4.0,3,Single,3,1,1.0,2.0,9.0,165.81,0,2
55157,0,1.0,Female,4.0,1,Married,3,1,2.0,5.0,5.0,182.69,0,1
55158,1,1.0,Female,3.0,3,Single,3,1,5.0,8.0,8.0,148.94,0,2
55159,0,1.0,Male,3.0,1,Single,2,0,2.0,2.0,2.0,164.04,1,2
55160,0,16.0,Female,3.0,5,Married,2,0,1.0,2.0,10.0,292.99,0,1
55161,0,26.0,Female,3.0,5,Married,11,0,2.0,2.0,5.0,154.5,0,1
55162,0,11.0,Female,4.0,3,Single,6,0,2.0,2.0,3.0,161.29,0,2
55163,0,9.0,Male,3.0,1,Single,4,0,3.0,3.0,3.0,218.62,1,2
55164,0,1.0,Male,3.0,1,Married,6,0,1.0,2.0,3.0,157.29,1,1
55165,0,1.0,Male,4.0,5,Single,2,0,1.0,2.0,8.0,160.78,1,2
55166,0,3.0,Male,3.0,5,Single,3,0,1.0,2.0,10.0,204.88,1,2
55167,1,13.0,Male,4.0,5,Single,5,0,1.0,2.0,4.0,167.84,1,2
55168,1,1.0,Female,3.0,1,Single,2,1,5.0,8.0,8.0,200.53,0,2
55169,0,28.0,Female,3.0,1,Single,8,0,7.0,13.0,8.0,298.28,0,2
55170,0,31.0,Female,4.0,5,Married,5,1,2.0,2.0,6.0,322.01,0,1
55171,0,29.0,Male,3.0,1,Married,4,0,1.0,2.0,1.0,272.32,1,1
55172,0,10.0,Female,4.0,4,Single,5,1,1.0,2.0,3.0,217.78,0,2
55173,1,1.0,Female,3.0,3,Single,3,0,1.0,2.0,1.0,138.59,0,2
55174,0,4.0,Female,4.0,5,Married,9,0,2.0,2.0,3.0,172.79,0,1
55175,0,5.0,Female,4.0,4,Single,5,0,1.0,2.0,1.0,289.22,0,2
55176,0,8.0,Male,4.0,5,Married,7,0,2.0,2.0,4.0,154.96,1,1
55177,1,1.0,Female,3.0,4,Single,3,0,1.0,2.0,1.0,137.61,0,2
55178,0,1.0,Male,4.0,5,Married,2,0,2.0,2.0,5.0,145.99,1,1
55179,0,10.0,Male,3.0,1,Single,3,0,1.0,2.0,9.0,183.1,1,2
55180,0,10.0,Female,4.0,5,Married,6,0,2.0,2.0,3.0,181.47,0,1
55181,0,21.0,Male,4.0,1,Married,9,0,2.0,2.0,3.0,159.2,1,1
55182,1,1.0,Male,4.0,5,Married,5,0,3.0,3.0,3.0,169.0,1,1
55183,0,11.0,Male,3.0,3,Single,2,0,1.0,2.0,4.0,160.0,1,2
55184,0,30.0,Female,3.0,5,Married,4,0,1.0,2.0,1.0,145.66,0,1
55185,0,21.0,Female,3.0,3,Married,5,0,3.0,6.0,7.0,296.69,0,1
55186,0,1.0,Female,3.0,3,Married,3,1,2.0,2.0,4.0,166.62,0,1
55187,0,6.0,Male,4.0,1,Married,6,0,1.0,2.0,3.0,217.04,1,1
55188,0,8.0,Female,3.0,4,Married,7,0,2.0,2.0,3.0,157.94,0,1
55189,0,15.0,Male,3.0,3,Married,4,1,1.0,2.0,4.0,146.27,1,1
55190,0,14.0,Male,3.0,3,Married,5,0,1.0,2.0,8.0,164.75,1,1
55191,0,5.0,Male,3.0,1,Married,3,0,3.0,2.0,10.0,232.93,1,1
55192,1,10.0,Male,3.0,1,Married,6,0,5.0,5.0,3.0,225.96,1,1
55193,1,3.0,Female,3.0,5,Single,4,1,1.0,2.0,1.0,161.46,0,2
55194,1,1.0,Female,4.0,4,Single,3,0,2.0,5.0,8.0,199.46,0,2
55195,0,19.0,Male,4.0,5,Married,4,1,2.0,2.0,8.0,233.51,1,1
55196,0,5.0,Female,4.0,4,Single,11,0,2.0,2.0,3.0,146.09,0,2
55197,1,1.0,Male,4.0,1,Married,8,1,1.0,3.0,3.0,162.22,1,1
55198,0,19.0,Male,3.0,1,Married,6,1,2.0,2.0,3.0,218.8,1,1
55199,0,22.0,Male,4.0,5,Married,6,0,1.0,3.0,3.0,179.86,1,1
55200,1,1.0,Female,3.0,3,Married,3,0,3.0,3.0,3.0,152.42,0,1
55201,0,14.0,Male,3.0,4,Married,4,0,1.0,5.0,9.0,262.57,1,1
55202,0,2.0,Male,3.0,5,Single,2,0,1.0,2.0,3.0,209.63,1,2
55203,0,18.0,Male,3.0,3,Single,5,0,1.0,2.0,4.0,156.62,1,2
55204,0,27.0,Male,3.0,4,Single,6,0,1.0,9.0,9.0,290.98,1,2
55205,0,23.0,Male,4.0,3,Married,4,0,1.0,2.0,3.0,191.51,1,1
55206,0,14.0,Male,4.0,3,Married,4,0,2.0,2.0,3.0,148.45,1,1
55207,0,18.0,Male,3.0,4,Single,3,0,2.0,2.0,4.0,159.2,1,2
55208,0,7.0,Male,3.0,5,Married,2,0,2.0,2.0,4.0,168.73,1,1
55209,0,8.0,Male,3.0,5,Single,5,0,3.0,4.0,13.0,172.59,1,2
55210,0,4.0,Male,4.0,3,Married,10,0,2.0,3.0,3.0,178.01,1,1
55211,0,16.0,Female,4.0,1,Single,3,0,1.0,6.0,9.0,161.73,0,2
55212,0,18.0,Female,4.0,3,Married,9,0,1.0,2.0,1.0,172.68,0,1
55213,0,4.0,Male,4.0,3,Married,3,0,1.0,2.0,1.0,137.74,1,1
55214,0,31.0,Male,4.0,3,Married,2,0,2.0,3.0,9.0,174.0,1,1
55215,0,23.0,Male,3.0,4,Married,5,0,1.0,2.0,3.0,229.66,1,1
55216,0,8.0,Male,4.0,5,Married,9,0,3.0,7.0,10.0,295.07,1,1
55217,1,1.0,Male,4.0,3,Married,5,0,2.0,2.0,3.0,154.09,1,1
55218,1,1.0,Female,3.0,4,Single,7,0,2.0,2.0,1.0,182.65,0,2
55219,1,1.0,Female,3.0,4,Single,2,1,5.0,11.0,11.0,170.99,0,2
55220,0,9.0,Male,4.0,3,Married,3,0,1.0,2.0,1.0,149.04,1,1
55221,1,1.0,Male,3.0,5,Single,4,1,1.0,2.0,1.0,156.72,1,2
55222,0,1.0,Female,4.0,4,Married,3,0,1.0,2.0,1.0,145.33,0,1
55223,0,18.0,Male,3.0,3,Single,7,1,3.0,3.0,3.0,227.09,1,2
55224,0,3.0,Male,4.0,3,Married,3,0,2.0,2.0,3.0,211.2,1,1
55225,0,4.0,Male,3.0,3,Married,2,0,1.0,2.0,4.0,145.64,1,1
55226,0,29.0,Male,2.0,3,Married,2,1,2.0,2.0,3.0,165.35,1,1
55227,0,7.0,Female,3.0,4,Married,10,0,2.0,2.0,3.0,163.38,0,1
55228,0,21.0,Female,4.0,3,Married,5,1,2.0,2.0,3.0,170.91,0,1
55229,1,1.0,Male,3.0,5,Single,9,0,2.0,2.0,1.0,150.61,1,2
55230,0,2.0,Male,4.0,3,Married,3,0,1.0,2.0,1.0,140.63,1,1
55231,0,2.0,Male,3.0,5,Single,2,0,2.0,2.0,4.0,173.98,1,2
55232,0,23.0,Female,3.0,5,Married,6,0,1.0,2.0,3.0,172.89,0,1
55233,0,3.0,Female,4.0,4,Married,2,0,2.0,2.0,3.0,156.8,0,1
55234,0,2.0,Male,4.0,4,Married,3,0,1.0,2.0,8.0,190.49,1,1
55235,0,7.0,Male,4.0,3,Single,4,1,2.0,2.0,1.0,188.88,1,2
55236,0,6.0,Male,4.0,1,Single,4,0,1.0,2.0,1.0,237.44,1,2
55237,0,28.0,Female,3.0,1,Married,5,0,1.0,2.0,13.0,285.32,0,1
55238,1,1.0,Male,4.0,5,Single,8,0,2.0,2.0,8.0,148.62,1,2
55239,0,18.0,Male,3.0,5,Married,5,0,1.0,15.0,18.0,288.28,1,1
55240,0,13.0,Female,3.0,4,Single,6,0,3.0,3.0,3.0,208.76,0,2
55241,0,20.0,Female,3.0,4,Married,10,0,1.0,6.0,2.0,291.06,0,1
55242,0,9.0,Female,4.0,4,Single,3,0,4.0,4.0,3.0,211.06,0,2
55243,0,1.0,Male,4.0,3,Single,2,0,2.0,2.0,3.0,147.72,1,2
55244,1,4.0,Male,3.0,5,Single,5,0,2.0,2.0,1.0,145.18,1,2
55245,0,8.0,Male,4.0,3,Married,3,1,8.0,9.0,7.0,195.83,1,1
55246,1,1.0,Female,3.0,3,Single,3,0,3.0,8.0,8.0,165.84,0,2
55247,0,24.0,Male,3.0,1,Single,3,1,1.0,14.0,10.0,269.11,1,2
55248,0,8.0,Male,3.0,3,Married,2,1,4.0,6.0,8.0,148.08,1,1
55249,0,16.0,Male,4.0,4,Married,6,0,1.0,2.0,1.0,173.41,1,1
55250,0,11.0,Male,3.0,1,Married,3,0,3.0,4.0,8.0,167.85,1,1
55251,0,3.0,Female,3.0,5,Married,5,0,2.0,2.0,3.0,222.15,0,1
55252,0,7.0,Male,3.0,4,Single,3,0,2.0,2.0,3.0,168.2,1,2
55253,0,19.0,Male,4.0,1,Married,6,0,2.0,2.0,4.0,146.32,1,1
55254,0,16.0,Male,3.0,1,Married,4,1,5.0,14.0,3.0,226.24,1,1
55255,0,14.0,Male,3.0,5,Married,2,0,8.0,8.0,2.0,179.73,1,1
55256,0,7.0,Male,4.0,3,Married,3,1,5.0,6.0,8.0,177.07,1,1
55257,0,14.0,Male,3.0,1,Single,3,1,1.0,8.0,8.0,289.37,1,2
55258,0,1.0,Male,3.0,5,Married,2,0,1.0,2.0,1.0,147.96,1,1
55259,0,14.0,Male,4.0,1,Married,5,1,2.0,3.0,3.0,165.69,1,1
55260,0,19.0,Male,4.0,4,Married,3,0,4.0,8.0,8.0,199.41,1,1
55261,0,9.0,Female,4.0,3,Married,2,0,3.0,5.0,3.0,149.3,0,1
55262,0,6.0,Female,4.0,4,Married,5,0,2.0,3.0,6.0,183.78,0,1
55263,0,10.0,Male,4.0,1,Single,5,1,2.0,2.0,3.0,151.44,1,2
55264,0,22.0,Female,4.0,3,Married,10,0,8.0,8.0,8.0,189.39,0,1
55265,0,3.0,Male,4.0,3,Married,8,0,1.0,2.0,1.0,149.51,1,1
55266,0,7.0,Male,3.0,5,Married,4,0,3.0,3.0,3.0,188.92,1,1
55267,1,1.0,Male,4.0,5,Married,3,0,2.0,7.0,3.0,222.14,1,1
55268,0,12.0,Male,4.0,3,Married,5,0,1.0,2.0,3.0,185.77,1,1
55269,0,9.0,Male,4.0,5,Single,3,0,2.0,2.0,3.0,149.5,1,2
55270,0,8.0,Male,3.0,4,Married,5,0,2.0,2.0,3.0,217.5,1,1
55271,1,1.0,Female,4.0,5,Married,3,1,2.0,2.0,1.0,145.74,0,1
55272,1,17.0,Female,4.0,1,Married,2,0,1.0,2.0,3.0,226.69,0,1
55273,1,2.0,Male,3.0,4,Married,6,0,2.0,2.0,5.0,173.55,1,1
55274,0,6.0,Male,4.0,5,Married,6,0,1.0,2.0,3.0,165.87,1,1
55275,0,22.0,Female,4.0,5,Married,10,0,7.0,8.0,7.0,148.67,0,1
55276,0,8.0,Male,3.0,1,Single,3,0,1.0,2.0,1.0,154.72,1,2
55277,0,29.0,Male,3.0,1,Married,3,0,1.0,3.0,14.0,320.86,1,1
55278,0,8.0,Male,3.0,1,Married,11,0,1.0,3.0,2.0,179.84,1,1
55279,0,1.0,Female,3.0,1,Married,3,0,2.0,2.0,1.0,145.61,0,1
55280,0,12.0,Male,4.0,4,Married,2,0,4.0,8.0,3.0,224.24,1,1
55281,0,12.0,Female,3.0,4,Single,4,0,2.0,2.0,3.0,166.98,0,2
55282,0,10.0,Female,4.0,3,Single,8,0,2.0,2.0,1.0,193.15,0,2
55283,0,3.0,Male,3.0,5,Single,3,1,1.0,2.0,6.0,172.23,1,2
55284,0,9.0,Female,3.0,3,Single,5,1,1.0,2.0,5.0,186.42,0,2
55285,0,13.0,Male,3.0,3,Married,4,0,4.0,8.0,7.0,207.37,1,1
55286,0,3.0,Male,3.0,1,Married,3,0,2.0,2.0,3.0,213.53,1,1
55287,0,24.0,Male,3.0,3,Married,6,1,1.0,2.0,1.0,318.31,1,1
55288,0,1.0,Male,3.0,3,Married,4,0,1.0,3.0,3.0,145.73,1,1
55289,0,10.0,Male,4.0,5,Married,5,1,1.0,2.0,3.0,180.62,1,1
55290,0,16.0,Male,4.0,1,Single,10,0,2.0,2.0,2.0,321.13,1,2
55291,0,9.0,Male,3.0,3,Married,3,0,7.0,7.0,9.0,159.07,1,1
55292,0,8.0,Male,4.0,3,Married,3,0,2.0,8.0,8.0,175.63,1,1
55293,0,14.0,Female,3.0,5,Married,3,0,1.0,2.0,3.0,171.39,0,1
55294,0,17.0,Male,3.0,4,Married,7,0,2.0,2.0,3.0,173.76,1,1
55295,0,9.0,Male,4.0,1,Married,3,0,2.0,2.0,2.0,151.9,1,1
55296,0,20.0,Male,3.0,5,Single,3,0,1.0,2.0,13.0,300.67,1,2
55297,1,1.0,Male,3.0,4,Married,3,1,1.0,2.0,1.0,149.08,1,1
55298,0,1.0,Female,3.0,3,Married,3,1,2.0,2.0,4.0,153.14,0,1
55299,0,24.0,Male,3.0,3,Married,4,1,1.0,2.0,14.0,237.45,1,1
55300,0,6.0,Female,3.0,1,Married,5,0,2.0,2.0,3.0,158.12,0,1
55301,0,18.0,Female,3.0,1,Married,2,1,1.0,2.0,11.0,315.49,0,1
55302,0,4.0,Male,3.0,4,Married,3,0,2.0,2.0,2.0,146.41,1,1
55303,0,19.0,Female,3.0,5,Single,3,1,1.0,2.0,5.0,182.69,0,2
55304,0,19.0,Male,3.0,5,Married,3,0,4.0,5.0,6.0,168.85,1,1
55305,0,5.0,Male,3.0,5,Single,9,0,2.0,2.0,4.0,178.32,1,2
55306,0,10.0,Female,4.0,3,Married,11,1,1.0,2.0,2.0,171.63,0,1
55307,0,8.0,Male,3.0,1,Married,3,0,4.0,8.0,3.0,172.24,1,1
55308,0,23.0,Female,3.0,5,Married,3,0,2.0,2.0,5.0,157.11,0,1
55309,0,13.0,Male,4.0,5,Married,4,0,4.0,8.0,8.0,178.77,1,1
55310,0,1.0,Male,4.0,5,Married,3,0,1.0,2.0,8.0,165.66,1,1
55311,0,9.0,Male,3.0,5,Married,3,0,2.0,2.0,11.0,177.08,1,1
55312,0,2.0,Female,3.0,5,Married,2,0,2.0,2.0,1.0,173.77,0,1
55313,0,1.0,Male,4.0,1,Single,3,0,1.0,3.0,3.0,156.17,1,2
55314,1,1.0,Female,4.0,1,Single,3,1,2.0,2.0,1.0,140.69,0,2
55315,0,21.0,Female,4.0,3,Married,5,0,2.0,2.0,1.0,321.58,0,1
55316,0,13.0,Male,4.0,3,Married,2,0,1.0,2.0,8.0,155.69,1,1
55317,0,14.0,Female,4.0,3,Married,3,0,7.0,15.0,3.0,229.35,0,1
55318,0,9.0,Female,3.0,3,Married,3,0,1.0,3.0,10.0,166.48,0,1
55319,0,11.0,Male,3.0,3,Married,5,0,1.0,2.0,3.0,182.68,1,1
55320,0,13.0,Female,3.0,3,Single,2,0,4.0,4.0,9.0,175.42,0,2
55321,0,19.0,Female,3.0,1,Married,3,0,4.0,4.0,10.0,182.7,0,1
55322,0,12.0,Female,3.0,3,Married,5,1,1.0,2.0,3.0,202.56,0,1
55323,1,1.0,Male,3.0,5,Married,11,0,1.0,7.0,3.0,228.06,1,1
55324,0,11.0,Female,4.0,4,Married,3,0,5.0,8.0,8.0,164.36,0,1
55325,0,14.0,Female,3.0,1,Single,8,1,4.0,4.0,4.0,204.45,0,2
55326,0,18.0,Male,3.0,1,Married,6,1,2.0,2.0,3.0,182.43,1,1
55327,0,22.0,Male,3.0,1,Married,4,0,1.0,3.0,3.0,277.02,1,1
55328,1,1.0,Male,3.0,1,Married,8,1,1.0,3.0,3.0,179.4,1,1
55329,0,1.0,Female,3.0,1,Single,3,1,1.0,2.0,4.0,162.6,0,2
55330,0,1.0,Female,3.0,3,Married,9,0,1.0,2.0,3.0,160.17,0,1
55331,0,1.0,Male,3.0,1,Single,4,0,1.0,2.0,3.0,150.8,1,2
55332,1,4.0,Male,4.0,5,Single,5,1,1.0,2.0,4.0,146.66,1,2
55333,0,3.0,Male,3.0,3,Single,11,0,2.0,2.0,5.0,183.69,1,2
55334,0,10.0,Female,3.0,5,Married,6,0,2.0,2.0,3.0,205.08,0,1
55335,0,1.0,Male,4.0,3,Married,3,0,2.0,2.0,8.0,177.06,1,1
55336,0,13.0,Male,4.0,4,Married,6,0,2.0,2.0,1.0,177.95,1,1
55337,0,23.0,Female,4.0,4,Married,5,0,1.0,2.0,3.0,289.13,0,1
55338,0,24.0,Female,3.0,5,Married,7,0,1.0,2.0,12.0,257.69,0,1
55339,0,1.0,Female,3.0,3,Single,3,0,1.0,3.0,3.0,152.83,0,2
55340,0,8.0,Female,4.0,4,Married,3,0,2.0,8.0,10.0,179.33,0,1
55341,0,10.0,Male,4.0,4,Single,4,0,1.0,2.0,4.0,145.13,1,2
55342,0,23.0,Female,3.0,3,Married,4,1,1.0,3.0,13.0,264.66,0,1
55343,0,10.0,Female,3.0,3,Married,2,0,1.0,2.0,3.0,168.74,0,1
55344,0,10.0,Male,4.0,5,Married,8,0,1.0,2.0,5.0,193.42,1,1
55345,0,28.0,Female,4.0,3,Married,5,0,4.0,5.0,8.0,299.26,0,1
55346,0,17.0,Male,4.0,3,Married,3,0,3.0,7.0,12.0,301.03,1,1
55347,1,1.0,Male,3.0,1,Single,5,1,6.0,7.0,8.0,170.81,1,2
55348,0,12.0,Male,3.0,1,Married,9,0,2.0,3.0,10.0,172.35,1,1
55349,0,3.0,Male,3.0,4,Married,3,1,1.0,2.0,10.0,166.87,1,1
55350,0,7.0,Male,4.0,1,Married,3,0,2.0,2.0,5.0,180.05,1,1
55351,0,6.0,Male,3.0,4,Married,2,0,2.0,2.0,7.0,179.7,1,1
55352,0,5.0,Female,4.0,1,Married,3,0,1.0,2.0,3.0,179.76,0,1
55353,0,23.0,Female,4.0,5,Married,6,1,1.0,3.0,3.0,150.87,0,1
55354,0,12.0,Female,3.0,4,Single,3,0,1.0,4.0,4.0,149.4,0,2
55355,0,21.0,Female,3.0,4,Married,8,0,1.0,2.0,3.0,284.72,0,1
55356,0,23.0,Male,3.0,3,Single,6,0,1.0,2.0,1.0,278.79,1,2
55357,0,15.0,Male,4.0,3,Single,5,1,1.0,2.0,3.0,195.82,1,2
55358,0,1.0,Male,3.0,5,Single,3,0,1.0,2.0,3.0,152.28,1,2
55359,0,7.0,Female,3.0,1,Married,3,1,1.0,2.0,3.0,178.68,0,1
55360,0,10.0,Male,4.0,3,Married,8,0,2.0,2.0,3.0,178.47,1,1
55361,0,18.0,Female,3.0,1,Married,6,1,3.0,3.0,3.0,156.95,0,1
55362,1,1.0,Male,4.0,3,Single,3,1,2.0,2.0,3.0,164.89,1,2
55363,0,12.0,Female,3.0,3,Married,9,0,1.0,2.0,1.0,158.06,0,1
55364,0,27.0,Male,3.0,1,Married,5,0,1.0,2.0,3.0,195.05,1,1
55365,1,12.0,Female,4.0,3,Married,4,1,2.0,8.0,8.0,151.55,0,1
55366,1,1.0,Male,4.0,4,Single,3,0,1.0,2.0,1.0,138.93,1,2
55367,0,1.0,Male,4.0,1,Single,3,0,1.0,6.0,8.0,150.7,1,2
55368,0,29.0,Male,4.0,4,Married,7,0,2.0,2.0,3.0,160.37,1,1
55369,0,8.0,Male,3.0,1,Married,3,0,1.0,5.0,14.0,164.86,1,1
55370,0,31.0,Male,4.0,1,Married,5,0,2.0,2.0,1.0,233.83,1,1
55371,0,7.0,Male,4.0,4,Married,3,0,1.0,3.0,14.0,145.28,1,1
55372,0,11.0,Male,3.0,1,Married,3,0,2.0,2.0,3.0,220.25,1,1
55373,0,8.0,Female,3.0,1,Married,3,0,2.0,9.0,8.0,154.29,0,1
55374,1,1.0,Male,4.0,1,Married,3,1,2.0,2.0,3.0,147.75,1,1
55375,0,18.0,Female,4.0,1,Married,3,1,2.0,7.0,8.0,203.79,0,1
55376,0,9.0,Male,4.0,1,Single,2,1,2.0,2.0,5.0,174.3,1,2
55377,0,17.0,Male,4.0,1,Married,3,1,4.0,9.0,9.0,203.47,1,1
55378,0,1.0,Male,4.0,3,Married,3,0,1.0,2.0,5.0,169.01,1,1
55379,0,15.0,Male,3.0,3,Single,3,0,4.0,9.0,3.0,217.41,1,2
55380,0,3.0,Female,3.0,3,Married,11,0,1.0,2.0,3.0,154.74,0,1
55381,0,10.0,Female,3.0,1,Single,5,0,7.0,7.0,8.0,170.02,0,2
55382,0,19.0,Male,4.0,3,Married,5,0,5.0,2.0,5.0,232.48,1,1
55383,1,1.0,Male,3.0,3,Married,3,0,1.0,2.0,1.0,140.55,1,1
55384,1,11.0,Male,3.0,3,Married,9,0,7.0,2.0,11.0,254.36,1,1
55385,0,1.0,Male,4.0,3,Married,3,0,2.0,2.0,3.0,148.05,1,1
55386,0,19.0,Female,3.0,4,Single,3,0,7.0,9.0,7.0,292.04,0,2
55387,0,6.0,Male,3.0,3,Married,8,0,1.0,2.0,4.0,159.33,1,1
55388,0,5.0,Male,4.0,3,Married,3,0,2.0,2.0,4.0,159.77,1,1
55389,0,15.0,Male,3.0,4,Married,8,0,1.0,2.0,3.0,189.3,1,1
55390,0,14.0,Female,4.0,5,Married,4,1,2.0,2.0,1.0,190.16,0,1
55391,0,1.0,Male,4.0,5,Married,3,0,2.0,2.0,3.0,164.07,1,1
55392,0,20.0,Male,3.0,4,Single,8,0,2.0,2.0,10.0,180.62,1,2
55393,0,9.0,Male,3.0,3,Married,4,0,2.0,2.0,8.0,193.83,1,1
55394,0,4.0,Male,3.0,1,Married,3,0,1.0,2.0,9.0,153.62,1,1
55395,0,21.0,Male,3.0,4,Married,9,0,1.0,2.0,1.0,174.78,1,1
55396,0,20.0,Male,4.0,1,Married,6,1,1.0,2.0,3.0,228.68,1,1
55397,1,1.0,Male,4.0,5,Married,7,1,2.0,3.0,3.0,186.34,1,1
55398,1,1.0,Male,3.0,4,Single,8,0,1.0,2.0,1.0,192.35,1,2
55399,0,1.0,Female,3.0,4,Single,3,0,1.0,2.0,3.0,157.95,0,2
55400,0,5.0,Female,2.0,1,Single,4,0,1.0,2.0,5.0,177.38,0,2
55401,0,13.0,Male,4.0,1,Married,3,1,1.0,6.0,9.0,189.72,1,1
55402,0,6.0,Male,4.0,3,Married,5,0,1.0,2.0,3.0,221.1,1,1
55403,0,14.0,Male,3.0,4,Single,3,0,13.0,13.0,9.0,323.33,1,2
55404,0,19.0,Female,3.0,3,Married,6,0,2.0,2.0,3.0,222.56,0,1
55405,0,4.0,Female,4.0,5,Single,2,0,1.0,2.0,8.0,174.68,0,2
55406,0,1.0,Male,3.0,1,Married,2,0,1.0,3.0,2.0,146.45,1,1
55407,1,1.0,Female,4.0,1,Married,8,0,2.0,2.0,3.0,146.8,0,1
55408,0,5.0,Male,3.0,3,Married,3,0,2.0,2.0,3.0,208.46,1,1
55409,0,1.0,Female,4.0,1,Single,3,0,1.0,2.0,5.0,159.45,0,2
55410,1,1.0,Female,3.0,4,Single,3,0,3.0,3.0,3.0,152.6,0,2
55411,0,3.0,Male,4.0,3,Single,10,1,2.0,2.0,3.0,187.94,1,2
55412,0,4.0,Male,4.0,5,Married,4,0,2.0,2.0,8.0,196.4,1,1
55413,0,8.0,Male,4.0,1,Married,2,1,2.0,2.0,3.0,154.32,1,1
55414,0,7.0,Female,4.0,4,Single,10,0,2.0,2.0,8.0,176.47,0,2
55415,0,23.0,Female,4.0,1,Single,5,0,1.0,2.0,5.0,170.07,0,2
55416,1,1.0,Female,4.0,5,Single,4,1,2.0,2.0,3.0,210.64,0,2
55417,0,12.0,Female,4.0,4,Married,6,0,1.0,2.0,6.0,149.68,0,1
55418,1,1.0,Male,4.0,3,Married,4,0,1.0,2.0,1.0,206.61,1,1
55419,0,3.0,Female,4.0,5,Married,3,0,1.0,2.0,1.0,146.09,0,1
55420,0,4.0,Male,3.0,3,Married,5,0,2.0,2.0,8.0,177.94,1,1
55421,0,6.0,Male,4.0,4,Single,4,0,2.0,2.0,8.0,152.18,1,2
55422,0,12.0,Male,3.0,1,Married,5,1,1.0,2.0,1.0,183.11,1,1
55423,1,7.0,Male,3.0,3,Married,11,1,2.0,2.0,1.0,149.37,1,1
55424,0,16.0,Male,3.0,4,Married,10,0,2.0,2.0,5.0,152.66,1,1
55425,0,29.0,Male,3.0,5,Married,10,0,2.0,2.0,1.0,315.38,1,1
55426,0,7.0,Male,3.0,4,Married,7,0,1.0,2.0,8.0,155.55,1,1
55427,0,15.0,Male,4.0,5,Married,3,0,1.0,2.0,5.0,147.89,1,1
55428,0,8.0,Male,3.0,3,Married,3,1,2.0,2.0,8.0,165.01,1,1
55429,0,27.0,Female,3.0,3,Married,6,1,2.0,2.0,3.0,254.65,0,1
55430,0,17.0,Male,4.0,1,Single,2,0,2.0,2.0,9.0,160.39,1,2
55431,0,8.0,Female,3.0,1,Single,7,0,3.0,3.0,3.0,185.29,0,2
55432,1,1.0,Male,3.0,4,Single,3,0,1.0,2.0,1.0,151.79,1,2
55433,0,12.0,Female,3.0,3,Married,3,0,2.0,2.0,5.0,162.02,0,1
55434,1,1.0,Female,4.0,5,Married,3,1,1.0,2.0,1.0,148.98,0,1
55435,0,5.0,Female,4.0,1,Married,3,0,1.0,6.0,8.0,179.68,0,1
55436,0,25.0,Female,3.0,3,Married,4,0,3.0,2.0,3.0,256.16,0,1
55437,0,11.0,Male,3.0,4,Married,3,0,2.0,2.0,4.0,166.89,1,1
55438,0,20.0,Male,3.0,1,Married,9,1,3.0,3.0,3.0,318.28,1,1
55439,0,10.0,Male,3.0,5,Married,9,1,3.0,6.0,8.0,208.21,1,1
55440,1,8.0,Male,4.0,4,Married,3,1,3.0,3.0,4.0,148.42,1,1
55441,0,11.0,Male,3.0,4,Married,4,0,4.0,5.0,8.0,165.71,1,1
55442,1,1.0,Male,3.0,1,Single,3,1,4.0,8.0,8.0,183.13,1,2
55443,0,7.0,Male,3.0,5,Married,8,0,4.0,8.0,7.0,156.43,1,1
55444,0,2.0,Male,3.0,1,Married,3,0,1.0,2.0,4.0,145.44,1,1
55445,0,13.0,Male,4.0,3,Single,9,0,3.0,2.0,3.0,259.64,1,2
55446,0,20.0,Male,4.0,4,Single,10,0,2.0,3.0,3.0,204.91,1,2
55447,0,14.0,Female,4.0,5,Married,6,0,2.0,2.0,3.0,158.77,0,1
55448,0,16.0,Male,4.0,5,Married,7,0,2.0,2.0,1.0,180.38,1,1
55449,0,9.0,Male,3.0,1,Married,4,0,2.0,2.0,8.0,182.62,1,1
55450,0,12.0,Male,4.0,4,Married,7,0,3.0,4.0,9.0,150.92,1,1
55451,1,1.0,Male,4.0,5,Married,6,0,1.0,2.0,8.0,178.46,1,1
55452,1,1.0,Male,3.0,5,Single,3,0,1.0,2.0,9.0,167.13,1,2
55453,0,13.0,Male,3.0,1,Married,4,0,2.0,3.0,3.0,166.27,1,1
55454,0,17.0,Male,3.0,3,Single,6,0,2.0,2.0,3.0,149.38,1,2
55455,0,15.0,Male,3.0,4,Single,5,0,1.0,2.0,3.0,193.7,1,2
55456,0,15.0,Female,3.0,3,Married,2,1,6.0,14.0,3.0,229.47,0,1
55457,0,4.0,Female,4.0,3,Single,11,0,1.0,2.0,3.0,221.67,0,2
55458,1,1.0,Female,4.0,4,Married,2,1,1.0,2.0,5.0,146.48,0,1
55459,1,10.0,Female,4.0,4,Married,6,0,4.0,4.0,3.0,214.26,0,1
55460,0,14.0,Female,3.0,1,Married,6,0,1.0,2.0,4.0,190.13,0,1
55461,0,8.0,Male,4.0,3,Married,3,0,3.0,5.0,9.0,192.99,1,1
55462,0,31.0,Male,3.0,4,Married,6,0,1.0,15.0,15.0,287.91,1,1
55463,0,9.0,Male,4.0,3,Married,2,0,1.0,2.0,4.0,152.05,1,1
55464,0,21.0,Female,4.0,4,Married,10,1,6.0,15.0,3.0,228.33,0,1
55465,0,14.0,Female,3.0,5,Married,4,0,2.0,8.0,8.0,169.48,0,1
55466,0,28.0,Female,4.0,1,Married,6,0,2.0,2.0,8.0,193.54,0,1
55467,0,5.0,Female,4.0,5,Married,4,0,3.0,3.0,3.0,221.37,0,1
55468,0,2.0,Female,4.0,5,Married,3,0,2.0,2.0,3.0,160.91,0,1
55469,0,12.0,Female,4.0,1,Married,4,1,1.0,2.0,4.0,179.05,0,1
55470,0,1.0,Male,3.0,1,Single,3,0,2.0,2.0,3.0,171.84,1,2
55471,0,31.0,Male,3.0,3,Married,4,1,1.0,3.0,3.0,282.87,1,1
55472,0,1.0,Female,3.0,3,Single,3,0,2.0,2.0,1.0,140.14,0,2
55473,1,1.0,Male,3.0,5,Married,2,0,2.0,2.0,1.0,154.56,1,1
55474,1,1.0,Male,3.0,5,Married,6,1,3.0,3.0,1.0,148.35,1,1
55475,0,19.0,Female,4.0,3,Married,6,0,4.0,6.0,8.0,176.54,0,1
55476,0,10.0,Female,4.0,4,Married,6,1,2.0,2.0,1.0,194.62,0,1
55477,0,17.0,Male,4.0,1,Married,3,0,8.0,8.0,8.0,181.75,1,1
55478,0,1.0,Female,3.0,1,Single,2,1,2.0,2.0,3.0,148.79,0,2
55479,0,3.0,Male,3.0,1,Married,3,0,2.0,4.0,11.0,163.12,1,1
55480,0,6.0,Male,4.0,1,Single,10,0,1.0,2.0,1.0,171.48,1,2
55481,0,16.0,Male,3.0,3,Married,5,0,4.0,4.0,4.0,154.36,1,1
55482,0,21.0,Female,4.0,3,Single,6,0,1.0,3.0,1.0,146.05,0,2
55483,0,20.0,Male,3.0,1,Married,5,0,1.0,5.0,3.0,210.78,1,1
55484,0,2.0,Male,3.0,1,Married,3,0,2.0,3.0,3.0,152.06,1,1
55485,0,3.0,Male,4.0,3,Married,10,0,1.0,2.0,7.0,188.84,1,1
55486,0,16.0,Male,3.0,3,Single,6,0,2.0,2.0,1.0,164.68,1,2
55487,1,1.0,Male,3.0,4,Single,9,1,2.0,3.0,3.0,224.07,1,2
55488,0,20.0,Female,3.0,5,Married,4,0,3.0,2.0,9.0,257.25,0,1
55489,0,1.0,Female,3.0,3,Married,3,0,4.0,6.0,9.0,160.4,0,1
55490,0,3.0,Male,3.0,4,Married,3,0,2.0,2.0,1.0,153.04,1,1
55491,0,17.0,Female,3.0,3,Married,9,0,7.0,7.0,15.0,318.92,0,1
55492,0,22.0,Male,4.0,4,Married,6,0,4.0,13.0,10.0,321.65,1,1
55493,1,1.0,Male,4.0,1,Single,3,1,2.0,2.0,1.0,149.39,1,2
55494,1,10.0,Female,4.0,4,Married,7,0,2.0,2.0,8.0,198.14,0,1
55495,0,1.0,Female,4.0,5,Married,2,0,1.0,8.0,4.0,172.74,0,1
55496,0,13.0,Male,3.0,1,Married,10,0,1.0,3.0,3.0,164.02,1,1
55497,0,29.0,Male,4.0,1,Married,10,0,2.0,2.0,5.0,151.62,1,1
55498,0,2.0,Female,4.0,4,Married,3,0,2.0,2.0,1.0,153.56,0,1
55499,1,1.0,Male,3.0,1,Single,3,0,1.0,2.0,1.0,135.81,1,2
55500,1,1.0,Male,4.0,4,Single,3,1,2.0,2.0,1.0,149.72,1,2
55501,0,10.0,Female,4.0,3,Married,3,1,1.0,2.0,8.0,181.73,0,1
55502,0,5.0,Male,3.0,3,Married,3,0,1.0,2.0,3.0,166.97,1,1
55503,0,8.0,Male,4.0,1,Married,4,1,1.0,2.0,3.0,222.13,1,1
55504,0,3.0,Male,3.0,5,Single,5,0,1.0,2.0,3.0,145.62,1,2
55505,0,11.0,Male,4.0,5,Married,7,1,1.0,2.0,5.0,167.84,1,1
55506,0,9.0,Female,3.0,4,Married,2,1,1.0,2.0,3.0,172.88,0,1
55507,0,19.0,Female,4.0,1,Married,2,0,1.0,4.0,9.0,184.06,0,1
55508,0,10.0,Male,4.0,1,Single,3,0,2.0,2.0,9.0,163.86,1,2
55509,0,14.0,Male,4.0,5,Married,4,0,3.0,12.0,17.0,293.23,1,1
55510,0,1.0,Female,3.0,3,Married,3,1,1.0,2.0,1.0,154.33,0,1
55511,0,1.0,Female,3.0,3,Single,2,0,1.0,2.0,8.0,190.0,0,2
55512,0,22.0,Female,3.0,1,Married,5,0,2.0,5.0,8.0,296.74,0,1
55513,0,18.0,Male,4.0,5,Married,4,0,2.0,3.0,3.0,175.33,1,1
55514,1,1.0,Male,3.0,5,Married,3,1,1.0,4.0,1.0,148.07,1,1
55515,1,20.0,Male,4.0,1,Single,3,0,1.0,2.0,1.0,150.87,1,2
55516,0,10.0,Male,3.0,4,Married,4,0,2.0,2.0,4.0,180.07,1,1
55517,0,15.0,Female,3.0,4,Married,7,0,1.0,2.0,5.0,168.93,0,1
55518,0,16.0,Male,3.0,5,Married,11,0,6.0,2.0,8.0,258.48,1,1
55519,0,5.0,Female,3.0,1,Married,4,1,2.0,2.0,5.0,190.83,0,1
55520,0,8.0,Female,4.0,1,Married,5,1,1.0,2.0,2.0,206.03,0,1
55521,0,5.0,Female,4.0,3,Married,10,0,2.0,3.0,3.0,164.78,0,1
55522,0,1.0,Male,4.0,1,Married,2,0,3.0,8.0,8.0,150.44,1,1
55523,0,19.0,Male,3.0,3,Single,6,0,1.0,2.0,4.0,178.99,1,2
55524,0,7.0,Male,3.0,3,Single,3,0,1.0,2.0,10.0,179.87,1,2
55525,0,2.0,Male,3.0,1,Married,3,1,2.0,2.0,8.0,193.34,1,1
55526,1,1.0,Male,3.0,5,Single,3,0,1.0,2.0,1.0,135.91,1,2
55527,0,13.0,Female,3.0,3,Married,8,0,1.0,2.0,3.0,182.36,0,1
55528,0,1.0,Male,3.0,4,Married,3,0,1.0,2.0,3.0,147.26,1,1
55529,0,8.0,Male,3.0,1,Married,3,1,4.0,7.0,12.0,182.47,1,1
55530,1,1.0,Female,3.0,3,Single,5,1,1.0,3.0,3.0,223.54,0,2
55531,0,21.0,Male,4.0,4,Married,10,0,1.0,2.0,8.0,179.67,1,1
55532,0,30.0,Female,3.0,5,Married,6,0,1.0,2.0,1.0,178.8,0,1
55533,0,13.0,Male,3.0,5,Married,3,0,1.0,8.0,10.0,176.51,1,1
55534,0,12.0,Female,3.0,4,Married,3,1,2.0,2.0,8.0,146.33,0,1
55535,0,61.0,Female,4.0,1,Married,6,1,1.0,2.0,1.0,303.75,0,1
55536,1,1.0,Female,3.0,3,Single,5,1,1.0,2.0,4.0,149.32,0,2
55537,0,12.0,Male,4.0,1,Married,4,0,1.0,2.0,4.0,172.71,1,1
55538,0,23.0,Male,3.0,1,Married,5,0,5.0,5.0,4.0,316.61,1,1
55539,0,16.0,Male,4.0,1,Married,5,1,2.0,2.0,1.0,175.87,1,1
55540,1,1.0,Female,3.0,4,Married,3,0,2.0,2.0,1.0,153.63,0,1
55541,0,9.0,Male,4.0,5,Married,2,0,2.0,2.0,5.0,180.61,1,1
55542,0,2.0,Male,3.0,3,Single,3,0,1.0,2.0,5.0,146.44,1,2
55543,0,5.0,Male,3.0,5,Married,3,1,3.0,3.0,4.0,155.65,1,1
55544,0,10.0,Male,4.0,4,Married,3,0,2.0,2.0,3.0,153.1,1,1
55545,0,8.0,Male,3.0,1,Single,3,0,3.0,3.0,3.0,223.88,1,2
55546,0,8.0,Male,3.0,3,Married,3,0,1.0,2.0,3.0,211.28,1,1
55547,0,1.0,Male,4.0,5,Single,2,0,8.0,8.0,7.0,153.67,1,2
55548,0,3.0,Male,3.0,5,Married,2,0,1.0,2.0,3.0,178.73,1,1
55549,0,6.0,Female,3.0,1,Married,7,0,1.0,2.0,3.0,191.67,0,1
55550,0,5.0,Male,3.0,5,Married,3,0,7.0,9.0,8.0,175.03,1,1
55551,1,1.0,Male,3.0,1,Married,7,0,2.0,2.0,4.0,148.67,1,1
55552,0,12.0,Male,3.0,5,Single,6,0,2.0,2.0,1.0,153.58,1,2
55553,0,9.0,Female,3.0,1,Married,3,1,2.0,2.0,10.0,177.04,0,1
55554,0,1.0,Male,3.0,1,Single,3,0,2.0,2.0,8.0,166.05,1,2
55555,0,6.0,Male,3.0,1,Single,10,0,2.0,2.0,3.0,221.79,1,2
55556,1,1.0,Male,4.0,1,Married,3,1,1.0,2.0,9.0,181.17,1,1
55557,1,17.0,Male,4.0,5,Single,8,1,1.0,3.0,3.0,229.48,1,2
55558,0,28.0,Female,4.0,3,Married,5,0,2.0,3.0,4.0,153.97,0,1
55559,0,7.0,Male,3.0,3,Married,3,0,1.0,3.0,9.0,184.68,1,1
55560,0,17.0,Male,2.0,3,Married,3,0,2.0,2.0,10.0,200.1,1,1
55561,0,12.0,Male,3.0,4,Married,2,1,1.0,2.0,3.0,154.91,1,1
55562,0,29.0,Male,4.0,4,Married,6,1,2.0,2.0,5.0,321.36,1,1
55563,0,5.0,Female,3.0,1,Married,3,1,1.0,2.0,1.0,136.29,0,1
55564,0,13.0,Male,4.0,5,Single,2,0,5.0,2.0,11.0,258.41,1,2
55565,0,16.0,Male,3.0,3,Single,3,0,4.0,4.0,8.0,168.32,1,2
55566,0,5.0,Female,3.0,3,Married,6,0,4.0,2.0,9.0,235.31,0,1
55567,0,28.0,Female,4.0,5,Single,8,1,1.0,2.0,5.0,169.4,0,2
55568,0,1.0,Male,3.0,3,Single,3,0,2.0,2.0,3.0,171.17,1,2
55569,0,1.0,Male,4.0,1,Single,3,0,2.0,2.0,5.0,151.47,1,2
55570,0,14.0,Female,4.0,3,Married,3,0,8.0,10.0,5.0,188.23,0,1
55571,0,14.0,Female,4.0,4,Married,5,0,2.0,6.0,11.0,181.77,0,1
55572,0,1.0,Female,3.0,4,Married,6,0,1.0,2.0,3.0,146.87,0,1
55573,0,4.0,Male,4.0,4,Married,3,0,2.0,2.0,8.0,162.48,1,1
55574,0,1.0,Male,3.0,3,Married,8,1,1.0,2.0,3.0,164.77,1,1
55575,0,21.0,Male,3.0,3,Single,4,0,10.0,13.0,3.0,211.33,1,2
55576,0,7.0,Male,3.0,3,Married,3,0,1.0,2.0,1.0,145.08,1,1
55577,0,12.0,Male,3.0,4,Married,2,0,2.0,6.0,9.0,169.4,1,1
55578,0,5.0,Male,3.0,3,Married,2,0,1.0,2.0,3.0,155.67,1,1
55579,0,12.0,Male,4.0,3,Married,4,0,3.0,8.0,8.0,178.21,1,1
55580,0,16.0,Male,3.0,5,Married,8,1,2.0,2.0,3.0,179.1,1,1
55581,0,15.0,Male,4.0,1,Married,5,0,1.0,2.0,1.0,152.82,1,1
55582,0,21.0,Female,4.0,4,Married,2,0,1.0,2.0,13.0,244.57,0,1
55583,0,9.0,Male,3.0,3,Married,9,1,3.0,3.0,3.0,151.6,1,1
55584,0,1.0,Male,4.0,3,Single,2,0,2.0,2.0,3.0,158.75,1,2
55585,0,9.0,Male,3.0,3,Single,3,0,1.0,2.0,9.0,175.98,1,2
55586,0,7.0,Female,4.0,1,Married,2,1,7.0,9.0,2.0,173.78,0,1
55587,0,6.0,Female,3.0,4,Single,3,0,1.0,5.0,2.0,153.37,0,2
55588,0,14.0,Male,3.0,1,Married,10,0,2.0,2.0,1.0,149.06,1,1
55589,0,6.0,Male,4.0,4,Married,2,0,3.0,3.0,3.0,147.69,1,1
55590,0,13.0,Male,3.0,1,Single,9,0,1.0,2.0,8.0,166.08,1,2
55591,0,12.0,Female,4.0,3,Married,5,0,1.0,2.0,12.0,257.06,0,1
55592,0,6.0,Female,3.0,1,Married,3,0,1.0,6.0,3.0,229.22,0,1
55593,0,11.0,Female,3.0,1,Married,3,1,1.0,7.0,9.0,262.44,0,1
55594,0,1.0,Female,3.0,3,Married,2,1,1.0,2.0,5.0,174.07,0,1
55595,0,26.0,Male,3.0,1,Married,4,0,2.0,2.0,1.0,159.82,1,1
55596,0,18.0,Male,3.0,1,Single,8,1,2.0,2.0,3.0,149.36,1,2
55597,0,1.0,Male,3.0,5,Single,3,1,2.0,2.0,3.0,148.8,1,2
55598,0,13.0,Male,3.0,1,Single,4,0,2.0,2.0,4.0,319.31,1,2
55599,1,1.0,Male,3.0,5,Married,3,0,2.0,2.0,1.0,142.9,1,1
55600,0,10.0,Female,4.0,1,Married,2,0,1.0,4.0,5.0,201.44,0,1
55601,0,10.0,Female,4.0,4,Married,9,0,1.0,2.0,3.0,176.31,0,1
55602,0,30.0,Male,3.0,3,Married,3,0,1.0,2.0,10.0,188.06,1,1
55603,1,1.0,Male,3.0,1,Married,11,1,3.0,3.0,3.0,172.87,1,1
55604,0,16.0,Male,3.0,3,Married,7,0,1.0,5.0,15.0,313.8,1,1
55605,1,20.0,Male,4.0,3,Married,10,0,7.0,10.0,9.0,148.39,1,1
55606,0,15.0,Female,3.0,4,Married,2,0,2.0,2.0,11.0,260.7,0,1
55607,0,8.0,Female,4.0,3,Married,3,0,2.0,2.0,8.0,192.12,0,1
55608,0,10.0,Male,3.0,1,Married,3,0,6.0,12.0,12.0,179.06,1,1
55609,0,15.0,Male,3.0,4,Married,4,0,2.0,2.0,3.0,214.38,1,1
55610,0,6.0,Male,4.0,5,Single,3,0,1.0,2.0,3.0,149.39,1,2
55611,0,9.0,Female,3.0,1,Single,3,1,2.0,2.0,3.0,213.37,0,2
55612,0,12.0,Female,4.0,1,Married,3,0,1.0,2.0,10.0,178.43,0,1
55613,1,14.0,Male,4.0,3,Married,9,0,2.0,2.0,2.0,192.28,1,1
55614,0,10.0,Female,4.0,1,Married,6,0,2.0,2.0,1.0,191.52,0,1
55615,0,19.0,Female,3.0,3,Single,10,0,1.0,2.0,2.0,173.5,0,2
55616,0,14.0,Male,1.0,3,Single,4,0,1.0,3.0,3.0,153.09,1,2
55617,0,9.0,Male,4.0,3,Married,3,1,1.0,2.0,3.0,181.89,1,1
55618,0,14.0,Female,4.0,3,Married,4,0,1.0,2.0,3.0,145.01,0,1
55619,0,9.0,Female,4.0,1,Married,3,0,2.0,2.0,2.0,154.77,0,1
55620,0,3.0,Male,3.0,4,Married,6,1,1.0,2.0,4.0,165.25,1,1
55621,0,3.0,Female,4.0,5,Single,3,0,1.0,2.0,5.0,162.85,0,2
55622,1,14.0,Male,3.0,5,Married,6,1,3.0,2.0,1.0,233.54,1,1
55623,0,13.0,Female,3.0,1,Married,2,0,4.0,2.0,7.0,245.31,0,1
55624,0,5.0,Male,4.0,5,Single,2,0,2.0,2.0,3.0,224.36,1,2
55625,0,1.0,Female,2.0,3,Single,2,0,2.0,2.0,1.0,154.66,0,2
55626,0,10.0,Male,3.0,1,Married,6,0,1.0,2.0,4.0,150.71,1,1
55627,0,13.0,Male,3.0,5,Married,6,0,1.0,2.0,3.0,224.91,1,1
55628,0,1.0,Male,3.0,4,Married,3,1,1.0,2.0,4.0,186.42,1,1
55629,0,23.0,Male,4.0,4,Married,4,0,2.0,2.0,9.0,178.9,1,1
55630,0,8.0,Male,3.0,3,Married,4,0,2.0,2.0,3.0,169.04,1,1
